playerID,win_rate,average_max_points_in_a_row,average_service_points_lost,average_biggest_lead,average_receiver_points_won,average_service_points_won,average_service_error,average_comeback_loss,average_comeback_to_win,average_receiver_points_lost,average_points
292111,0.5427995971802618,1.4612286002014099,4.482376636455187,1.2910372608257805,4.599194360523666,4.900302114803625,0.07854984894259819,2.3735632183908044,2.446700507614213,4.745216515609265,9.499496475327291
292112,0.49502982107355864,1.2113982770046388,4.331345261762757,1.066931742876077,4.296222664015905,4.58051689860835,0.06626905235255136,2.353846153846154,2.4318181818181817,4.652087475149106,8.876739562624255
292113,0.5524193548387096,1.346774193548387,4.346774193548387,1.2379032258064515,4.588709677419355,4.943548387096774,0.004032258064516129,2.5652173913043477,2.204081632653061,4.729838709677419,9.53225806451613
292476,0.5613079019073569,0.7166212534059946,2.2970027247956404,0.6267029972752044,2.326975476839237,2.670299727520436,0.008174386920980926,2.59375,2.5128205128205128,2.561307901907357,4.997275204359673
343410,0.500561797752809,1.4151685393258426,4.356741573033708,1.2713483146067415,4.457865168539326,4.893258426966292,0.03539325842696629,2.4221556886227544,2.3636363636363638,4.7915730337078655,9.351123595505618
343419,0.6197183098591549,1.0140845070422535,2.7464788732394365,0.8732394366197183,3.0140845070422535,3.295774647887324,0.028169014084507043,2.3333333333333335,2.75,3.028169014084507,6.309859154929577
343421,0.46588235294117647,1.3158823529411765,4.424117647058823,1.1488235294117648,4.288823529411765,4.731764705882353,0.06352941176470588,2.4589665653495443,2.3411371237458196,4.942352941176471,9.020588235294118
343445,0.4508838017965807,1.3584468270066647,4.38800347725297,1.1831353230947552,4.184004636337294,4.8493190379600115,0.016227180527383367,2.5164670658682633,2.354621848739496,5.056215589684149,9.03593161402492
343448,0.42592592592592593,1.2592592592592593,4.518518518518518,0.9259259259259259,3.9074074074074074,4.7592592592592595,0.07407407407407407,2.1,2.5,5.462962962962963,8.666666666666666
343449,0.4942450914014895,1.3886255924170616,4.314827352742045,1.2417061611374407,4.381178063642519,4.806364251861882,0.021665538253215978,2.4906367041198503,2.4264150943396228,4.792146242383209,9.1875423155044
343452,0.44786729857819907,1.3068720379146919,4.561611374407583,1.1291469194312795,4.239336492890995,4.8246445497630335,0.013033175355450236,2.5304878048780486,2.496732026143791,5.154028436018957,9.063981042654028
343453,0.5,0.0,0.0,0.0,0.0,0.0,0.0,0,0,0.0,0.0
343455,0.2916666666666667,1.125,4.854166666666667,0.8958333333333334,3.5,4.041666666666667,0.0,2.2,1.4,5.395833333333333,7.541666666666667
343461,0.7808219178082192,1.5342465753424657,3.808219178082192,1.3835616438356164,4.890410958904109,5.589041095890411,0.0273972602739726,2.4444444444444446,2.7222222222222223,4.493150684931507,10.479452054794521
343473,0.4423897581792319,1.2816500711237553,4.51778093883357,1.0995732574679944,4.213371266002845,4.678520625889047,0.03982930298719772,2.514705882352941,2.354330708661417,4.998577524893315,8.891891891891891
343476,0.5532994923857868,1.4416243654822336,4.365482233502538,1.1878172588832487,4.49746192893401,5.2030456852791875,0.01015228426395939,2.342857142857143,2.72972972972973,5.035532994923858,9.700507614213198
343481,0.5408163265306123,1.2551020408163265,4.23469387755102,1.1020408163265305,4.418367346938775,5.377551020408164,0.02040816326530612,2.2941176470588234,2.65,5.1938775510204085,9.795918367346939
343482,0.5127860026917901,1.3903095558546434,4.387617765814267,1.2220726783310902,4.376850605652759,4.90578734858681,0.009421265141318977,2.576642335766423,2.331081081081081,4.835800807537012,9.282637954239569
343483,0.41818181818181815,1.309090909090909,4.8,0.8363636363636363,4.181818181818182,5.1454545454545455,0.01818181818181818,2.3076923076923075,4.111111111111111,5.6,9.327272727272728
343484,0.5269320843091335,1.3817330210772834,4.447014051522248,1.2488290398126465,4.58635831381733,4.969555035128805,0.03425058548009368,2.4539579967689824,2.460122699386503,4.8006440281030445,9.555913348946136
343485,0.47847378086104875,1.3609467455621302,4.5200979391960825,1.1944501122219955,4.422566823097327,4.844521526219139,0.023056519077739236,2.464818763326226,2.3968784838350055,4.951234441950622,9.267088349316467
343505,0.504950495049505,1.3762376237623761,4.425742574257426,1.2178217821782178,4.188118811881188,4.97029702970297,0.0594059405940594,3.0588235294117645,2.111111111111111,5.198019801980198,9.158415841584159
343508,0.4509283819628647,1.3183023872679045,4.350132625994695,1.143236074270557,4.106100795755968,5.018567639257294,0.03713527851458886,2.311688311688312,2.3870967741935485,5.209549071618037,9.124668435013263
343512,0.5384615384615384,1.3846153846153846,4.3076923076923075,1.3461538461538463,4.673076923076923,5.153846153846154,0.0,2.727272727272727,2.6,4.75,9.826923076923077
343516,0.5650438946528332,1.4509177972865124,4.0877893056664005,1.3144453312051076,4.437350359138069,4.979249800478851,0.02713487629688747,2.3175355450236967,2.3524590163934427,4.5666400638467675,9.41660015961692
343517,0.5,1.3958333333333333,4.645833333333333,1.1666666666666667,4.395833333333333,4.895833333333333,0.10416666666666667,2.2222222222222223,3.25,5.104166666666667,9.291666666666666
343518,0.4482758620689655,1.206896551724138,4.655172413793103,0.9655172413793104,4.172413793103448,4.517241379310345,0.06896551724137931,1.5,2.3333333333333335,4.931034482758621,8.689655172413794
343521,0.50199203187251,1.254980079681275,4.318725099601593,1.1713147410358566,4.243027888446215,5.211155378486056,0.02390438247011952,2.276595744680851,2.488888888888889,5.187250996015936,9.45418326693227
343523,0.45734265734265733,1.2853146853146853,4.486713286713287,1.0377622377622377,4.20979020979021,4.862937062937063,0.04055944055944056,2.2937062937062938,2.515151515151515,5.20979020979021,9.072727272727272
343525,0.46745562130177515,1.301775147928994,4.2485207100591715,1.2071005917159763,4.1390532544378695,4.991124260355029,0.0,2.4696969696969697,2.3846153846153846,5.062130177514793,9.1301775147929
343526,0.561014263074485,1.4706814580031695,4.068145800316957,1.4009508716323296,4.4659270998415215,5.066561014263074,0.017432646592709985,2.3545454545454545,2.203252032520325,4.709984152139461,9.532488114104597
343527,0.56,1.54,4.56,1.26,4.88,4.98,0.02,2.0,3.375,4.6,9.86
343579,0.3076923076923077,1.0769230769230769,4.076923076923077,1.0384615384615385,3.0384615384615383,3.9615384615384617,0.0,2.0,2.5,4.653846153846154,7.0
343599,0.5022143489813995,1.2940655447298495,4.349867139061116,1.200177147918512,4.3197519929140835,4.720106288751107,0.10983170947741364,2.3891625615763545,2.2318840579710146,4.787422497785651,9.03985828166519
343600,0.5051698670605613,1.371175353450095,4.392698881620595,1.2196665963283393,4.449461911795738,4.947246254484068,0.023211648027009917,2.47514450867052,2.3669623059866964,4.866638531335725,9.396708166279806
343601,0.47533632286995514,1.251121076233184,4.479820627802691,1.1704035874439462,4.358744394618834,4.914798206278027,0.008968609865470852,2.4651162790697674,2.186046511627907,4.986547085201794,9.27354260089686
343604,0.508,1.392,4.24,1.22,4.252,4.956,0.036,2.4634146341463414,2.6136363636363638,4.832,9.208
343605,0.7777777777777778,2.111111111111111,3.4722222222222223,1.7222222222222223,4.777777777777778,5.611111111111111,0.0,1.6666666666666667,3.2,4.416666666666667,10.38888888888889
343606,0.49411764705882355,1.3260504201680672,4.040336134453781,1.1831932773109244,4.036974789915966,4.904201680672269,0.06218487394957983,2.4423076923076925,2.201923076923077,4.833613445378151,8.941176470588236
343608,0.4823839315113599,1.2940401712216003,4.430358906815937,1.168258149489628,4.330260125123477,4.8735594336516295,0.038524860059269014,2.44331641285956,2.358878504672897,4.943694435297991,9.203819558775107
343609,0.5487804878048781,1.3658536585365855,4.2073170731707314,1.4268292682926829,4.646341463414634,4.817073170731708,0.0,2.0714285714285716,2.4375,4.5,9.463414634146341
343642,0.5825242718446602,1.3592233009708738,4.29126213592233,1.2621359223300972,4.669902912621359,5.135922330097087,0.02912621359223301,2.1176470588235294,2.4545454545454546,4.766990291262136,9.805825242718447
343643,0.4881516587677725,1.3080568720379147,4.388625592417061,1.066350710900474,4.289099526066351,4.682464454976303,0.023696682464454975,2.5,2.638888888888889,4.777251184834123,8.971563981042655
343644,0.4117647058823529,1.2794117647058822,4.485294117647059,1.1176470588235294,4.029411764705882,5.0,0.029411764705882353,2.357142857142857,2.0,5.367647058823529,9.029411764705882
343648,0.5625,1.125,4.5625,1.0625,4.8125,4.625,0.0625,2.3333333333333335,2.75,4.625,9.4375
343653,0.49964639321074966,1.4384724186704385,4.307637906647807,1.247878359264498,4.303748231966054,4.818246110325318,0.047736916548797734,2.4161849710982657,2.431861804222649,4.770509193776521,9.121994342291371
343692,0.5753424657534246,1.461187214611872,3.91324200913242,1.3835616438356164,4.337899543378995,5.146118721461187,0.0867579908675799,2.3714285714285714,2.3255813953488373,4.808219178082192,9.484018264840183
343693,0.5367088607594936,1.4025316455696202,4.060759493670886,1.2227848101265824,4.3063291139240505,4.89620253164557,0.020253164556962026,2.4411764705882355,2.527027027027027,4.739240506329114,9.20253164556962
343746,0.6296296296296297,1.6296296296296295,4.074074074074074,1.3888888888888888,4.37037037037037,5.462962962962963,0.0,2.111111111111111,1.8,4.888888888888889,9.833333333333334
343791,0.5588235294117647,1.2647058823529411,3.9705882352941178,1.3308823529411764,4.3161764705882355,4.764705882352941,0.007352941176470588,2.35,2.2083333333333335,4.426470588235294,9.080882352941176
343797,0.47056349873843567,1.3036164844407065,4.485281749369218,1.1799831791421362,4.322119428090833,4.832632464255677,0.02691337258200168,2.398286937901499,2.417452830188679,5.005466778805719,9.15475189234651
343802,0.4982709839673059,1.3401446086136435,4.346117573090223,1.1854762653253694,4.331027978623075,4.862621817038667,0.05878654511160013,2.5,2.4261168384879723,4.853505187048098,9.193649795661742
343803,0.5802469135802469,1.3209876543209877,3.6213991769547325,1.1810699588477367,4.020576131687243,4.411522633744856,0.037037037037037035,2.193548387096774,2.617021276595745,4.082304526748971,8.432098765432098
343821,0.4358974358974359,1.2307692307692308,4.641025641025641,1.0769230769230769,4.102564102564102,4.794871794871795,0.0,3.0,3.6666666666666665,5.230769230769231,8.897435897435898
343823,0.5134123518402994,1.373674360573924,4.187772925764192,1.2358078602620088,4.294447910168434,4.939488459139114,0.021834061135371178,2.63265306122449,2.414383561643836,4.8184653774173425,9.233936369307548
343828,0.5058737151248165,1.3832599118942732,4.455212922173275,1.2518355359765052,4.459618208516887,4.856828193832599,0.016886930983847283,2.332,2.370967741935484,4.8928046989721,9.316446402349486
343836,0.5046224961479199,1.38135593220339,4.269645608628659,1.231124807395994,4.304314329738059,5.088597842835131,0.08859784283513097,2.5062240663900415,2.4836065573770494,5.044684129429892,9.39291217257319
343838,0.5517241379310345,1.3793103448275863,4.206896551724138,1.3448275862068966,4.344827586206897,5.689655172413793,0.0,2.5,2.6666666666666665,5.551724137931035,10.03448275862069
343840,0.35294117647058826,1.2941176470588236,4.411764705882353,1.0,3.7058823529411766,5.176470588235294,0.0,3.0,4.0,5.9411764705882355,8.882352941176471
343841,0.49665551839464883,1.3355629877369009,4.205128205128205,1.1772575250836121,4.18561872909699,4.88015607580825,0.008361204013377926,2.473846153846154,2.412121212121212,4.903567447045708,9.06577480490524
343871,0.5077574047954866,1.2524682651622003,4.4005641748942175,1.1748942172073342,4.342736248236953,5.0028208744710865,0.04936530324400564,2.4962962962962965,2.511278195488722,5.0211565585331455,9.345557122708039
343918,0.5699300699300699,1.4038461538461537,4.0227272727272725,1.2919580419580419,4.288461538461538,4.669580419580419,0.02097902097902098,2.5591397849462365,2.4272727272727272,4.363636363636363,8.917832167832168
343930,0.4904214559386973,1.3544061302681993,4.365900383141763,1.2011494252873562,4.272030651340996,4.915708812260537,0.034482758620689655,2.6262626262626263,2.3877551020408165,4.986590038314176,9.187739463601533
343931,0.44155844155844154,1.3506493506493507,4.571428571428571,1.2207792207792207,4.3896103896103895,4.753246753246753,0.025974025974025976,2.2222222222222223,2.7142857142857144,5.12987012987013,9.142857142857142
343943,0.5598455598455598,1.3436293436293436,4.0,1.16988416988417,4.108108108108108,4.957528957528957,0.05019305019305019,2.75,2.82,4.725868725868726,9.065637065637066
343944,0.44704931285367827,1.2578819725141472,4.368633791430881,1.074373484236055,4.054163298302345,4.49232012934519,0.0646725949878739,2.398268398268398,2.558252427184466,4.852061438965238,8.546483427647534
343946,0.5033557046979866,1.3221476510067114,4.3624161073825505,1.0838926174496644,4.25503355704698,4.959731543624161,0.050335570469798654,2.25,2.711864406779661,5.060402684563758,9.21476510067114
343948,0.5308641975308642,1.435116598079561,4.322085048010974,1.3050754458161866,4.5053497942386835,4.979698216735254,0.02030178326474623,2.5161290322580645,2.3371104815864023,4.740466392318244,9.485048010973937
343949,0.45108695652173914,1.2753623188405796,4.215579710144928,1.0543478260869565,3.9800724637681157,4.615942028985507,0.02355072463768116,2.480769230769231,2.402173913043478,4.851449275362318,8.596014492753623
344094,0.47058823529411764,0.6862745098039216,1.9215686274509804,0.7254901960784313,2.196078431372549,2.764705882352941,0.0,2.25,2.2,2.5098039215686274,4.96078431372549
344095,0.5150115473441108,1.2598152424942264,4.450346420323326,1.1674364896073903,4.459584295612009,5.046189376443418,0.015011547344110854,2.546583850931677,2.591194968553459,5.02540415704388,9.505773672055428
344096,0.43565525383707204,1.2136953955135774,4.348288075560803,1.1062573789846517,4.074380165289257,4.538370720188902,0.08264462809917356,2.5304878048780486,2.218978102189781,4.8417945690672965,8.612750885478158
344102,0.5032375032375033,1.3543123543123543,4.3657083657083655,1.228179228179228,4.471121471121471,4.86972286972287,0.015799015799015798,2.40398293029872,2.3518005540166205,4.799015799015799,9.34084434084434
344103,0.39705882352941174,1.3529411764705883,4.671568627450981,1.0784313725490196,4.171568627450981,4.681372549019608,0.0,2.282608695652174,2.310344827586207,5.205882352941177,8.852941176470589
344104,0.5079872204472844,1.346822861199858,4.156904508342208,1.217607383741569,4.250266240681576,4.91302804401846,0.03301384451544196,2.4435643564356435,2.404382470119522,4.796947106851261,9.163294284700035
344105,0.49395973154362416,1.316778523489933,4.324832214765101,1.1825503355704698,4.2241610738255035,4.9080536912751676,0.024832214765100672,2.5202952029520294,2.457692307692308,4.9550335570469795,9.132214765100672
344107,0.5081967213114754,1.20327868852459,3.9868852459016395,1.1442622950819672,4.114754098360656,4.419672131147541,0.036065573770491806,2.6226415094339623,2.269230769230769,4.354098360655738,8.534426229508197
344108,0.518853919239905,1.317102137767221,4.331947743467934,1.1872030878859858,4.394447743467934,4.8769299287410925,0.03414489311163896,2.368072787427626,2.4296998420221168,4.848574821852732,9.271377672209026
344109,0.5313324538258575,1.3618073878627968,4.254617414248021,1.2081134564643798,4.41589709762533,5.100593667546174,0.06662269129287599,2.31021897810219,2.454081632653061,4.979221635883905,9.516490765171504
344110,0.5234173957797221,1.3908903757076685,4.393206381883685,1.2635100360267628,4.537056098816263,4.913793103448276,0.014668039114770973,2.47953216374269,2.3694779116465865,4.722336592897581,9.45084920226454
344113,0.4414195430238211,1.3028682547399124,4.597228974234322,1.11934856587263,4.274428779776374,4.687408847836656,0.06635877491492465,2.364520048602673,2.5403458213256482,4.99416626154594,8.96183762761303
344114,0.5102040816326531,1.3877551020408163,4.495798319327731,1.21968787515006,4.516206482593037,4.929171668667467,0.040216086434573826,2.3164983164983166,2.3607594936708862,4.84453781512605,9.445378151260504
344126,0.4339622641509434,1.320754716981132,4.443396226415095,1.0188679245283019,4.132075471698113,4.839622641509434,0.04716981132075472,2.090909090909091,2.210526315789474,5.19811320754717,8.971698113207546
344160,0.40302267002518893,1.279596977329975,4.818639798488665,1.0201511335012594,4.408060453400504,4.801007556675063,0.010075566750629723,2.5301204819277108,2.485294117647059,5.267002518891688,9.209068010075567
344161,0.5298245614035088,0.9368421052631579,3.0596491228070177,0.7736842105263158,3.136842105263158,3.219298245614035,0.012280701754385965,2.5942028985507246,2.2666666666666666,3.1842105263157894,6.356140350877193
344179,0.5401929260450161,1.5819935691318328,4.344051446945338,1.3118971061093248,4.488745980707395,5.273311897106109,0.01607717041800643,2.5555555555555554,2.6129032258064515,5.12540192926045,9.762057877813504
344197,0.47530864197530864,1.3950617283950617,4.018518518518518,1.2098765432098766,4.049382716049383,4.654320987654321,0.012345679012345678,2.888888888888889,2.1153846153846154,4.654320987654321,8.703703703703704
344198,0.4658181818181818,1.3541818181818182,4.401090909090909,1.213818181818182,4.2112727272727275,4.816363636363636,0.013818181818181818,2.359925788497217,2.3625254582484727,4.959636363636363,9.027636363636363
344199,0.4735915492957746,1.2394366197183098,4.186619718309859,1.0933098591549295,3.9973591549295775,4.546654929577465,0.032570422535211266,2.449275362318841,2.3694581280788176,4.726232394366197,8.544014084507042
344202,0.5120274914089347,1.38602520045819,4.18213058419244,1.2474226804123711,4.3321878579610535,4.550973654066437,0.027491408934707903,2.5256410256410255,2.24025974025974,4.360824742268041,8.883161512027492
344206,0.5186721991701245,1.4771784232365146,4.141078838174274,1.2655601659751037,4.261410788381743,5.1120331950207465,0.03319502074688797,2.1956521739130435,2.3333333333333335,4.842323651452282,9.37344398340249
344209,0.4024896265560166,1.2199170124481329,4.410788381742739,1.045643153526971,3.925311203319502,4.535269709543568,0.05394190871369295,2.5813953488372094,2.275,5.053941908713693,8.46058091286307
344240,0.5271542360608255,1.3613323678493845,4.418537291817524,1.2273714699493121,4.581462708182476,5.038377986965966,0.013034033309196235,2.2895752895752897,2.40234375,4.904417089065895,9.619840695148444
344242,0.46792088760250844,1.351181862035697,4.481427882296189,1.1813796430294259,4.344910757356488,4.763627592860589,0.03473227206946455,2.404580152671756,2.4388297872340425,4.92040520984081,9.104679208876025
344243,0.44232209737827716,1.2850187265917603,4.508988764044944,1.1441947565543071,4.240074906367041,4.752434456928839,0.02696629213483146,2.4915254237288136,2.5296703296703296,4.984269662921348,8.99250936329588
344254,0.4555256064690027,1.3544474393530996,4.361185983827493,1.192722371967655,4.149595687331536,4.878706199460916,0.0431266846361186,2.328767123287671,2.3134328358208953,5.064690026954178,9.028301886792454
344258,0.4569672131147541,1.2008196721311475,4.366803278688525,1.0512295081967213,4.088114754098361,4.663934426229508,0.014344262295081968,2.1443298969072164,2.6511627906976742,4.965163934426229,8.75204918032787
344287,0.5275807722616234,1.3750985027580773,4.224980299448385,1.2206461780929867,4.332545311268715,4.871946414499606,0.05161544523246651,2.458904109589041,2.453362255965293,4.73719464144996,9.204491725768321
344426,0.5398037077426391,1.341330425299891,4.323882224645583,1.1919302071973827,4.420937840785169,4.9280261723009815,0.062159214830970554,2.4240506329113924,2.4157303370786516,4.799345692475463,9.348964013086151
344427,0.4923033865099356,1.2916316820598936,4.488664987405541,1.1421774419255528,4.445843828715366,4.802686817800168,0.02742793171004758,2.4077961019490255,2.4595808383233533,4.832633641197873,9.248530646515533
playerID,win_rate,average_max_points_in_a_row,average_service_points_lost,average_biggest_lead,average_receiver_points_won,average_service_points_won,average_service_error,average_comeback_loss,average_comeback_to_win,average_receiver_points_lost,average_points
344428,0.42857142857142855,1.25,4.678571428571429,1.2857142857142858,4.642857142857143,4.5,0.03571428571428571,3.0,2.8,4.857142857142857,9.142857142857142
344433,0.4742547425474255,1.3848238482384825,4.43360433604336,1.2493224932249323,4.289972899728998,4.8075880758807585,0.013550135501355014,2.63768115942029,2.264705882352941,4.867208672086721,9.097560975609756
344435,0.5087281795511222,1.3067331670822944,4.2817955112219455,1.1296758104738154,4.2269326683291775,4.778054862842893,0.06733167082294264,2.232876712328767,2.4155844155844157,4.793017456359102,9.00498753117207
344436,0.4523809523809524,1.2321428571428572,4.214285714285714,1.1904761904761905,4.142857142857143,4.357142857142857,0.1130952380952381,2.5454545454545454,2.44,4.565476190476191,8.5
344480,0.28,1.16,4.8,1.12,3.64,4.16,0.0,2.4,2.6,5.36,7.8
344504,0.40540540540540543,1.2162162162162162,4.837837837837838,1.2297297297297298,4.5,4.891891891891892,0.0,3.4285714285714284,2.1666666666666665,5.243243243243243,9.391891891891891
344505,0.7846153846153846,1.6615384615384616,3.3692307692307693,1.646153846153846,4.7846153846153845,4.369230769230769,0.06153846153846154,2.25,2.076923076923077,3.0153846153846153,9.153846153846153
344532,0.512045347189419,1.285781766650921,4.32262635805385,1.1606046291922532,4.370335380255078,4.717052432687765,0.05526688710439301,2.461139896373057,2.3727959697733,4.75484175720359,9.087387812942843
344575,0.47540983606557374,1.366120218579235,4.409836065573771,1.1639344262295082,4.2076502732240435,4.770491803278689,0.1366120218579235,2.393939393939394,2.0,5.021857923497268,8.978142076502733
344627,0.48905109489051096,1.4525547445255473,4.489051094890511,1.3065693430656935,4.686131386861314,4.868613138686132,0.014598540145985401,3.0434782608695654,2.375,4.686131386861314,9.554744525547445
344682,0.530031612223393,1.3967334035827186,4.289778714436249,1.26159114857745,4.486301369863014,4.982349841938883,0.012908324552160169,2.466867469879518,2.435862068965517,4.842729188619599,9.468651211801896
344713,0.5369318181818182,1.4943181818181819,3.991477272727273,1.2926136363636365,4.204545454545454,4.6875,0.05965909090909091,2.3703703703703702,2.2419354838709675,4.502840909090909,8.892045454545455
344714,0.5142857142857142,1.3714285714285714,4.257142857142857,1.2457142857142858,4.274285714285714,4.88,0.005714285714285714,2.34375,2.272727272727273,4.805714285714286,9.154285714285715
344870,0.34684684684684686,1.1711711711711712,4.306306306306307,0.9819819819819819,3.6396396396396398,3.954954954954955,0.009009009009009009,2.1739130434782608,2.4838709677419355,4.747747747747748,7.594594594594595
344874,0.375,1.2222222222222223,4.263888888888889,1.0694444444444444,3.736111111111111,5.013888888888889,0.0,2.4375,2.6363636363636362,5.638888888888889,8.75
344912,0.4803921568627451,1.303921568627451,3.9387254901960786,1.161764705882353,4.007352941176471,4.735294117647059,0.007352941176470588,2.485294117647059,2.5428571428571427,4.696078431372549,8.742647058823529
344926,0.4668850072780204,1.3209606986899562,4.40684133915575,1.2114264919941775,4.292940320232897,4.632096069868996,0.03056768558951965,2.4815533980582525,2.403361344537815,4.7561863173216885,8.925036390101893
345158,0.5161290322580645,1.4516129032258065,3.903225806451613,1.3548387096774193,3.903225806451613,4.870967741935484,0.0,2.2,2.4,4.709677419354839,8.774193548387096
345159,0.5387160820648577,1.4066843150231634,4.302779616148246,1.2911978821972203,4.554930509596294,4.970218398411648,0.0066181336863004635,2.3676470588235294,2.2797927461139897,4.675380542686963,9.525148908007942
345225,0.5118421052631579,1.3289473684210527,4.185526315789474,1.15,4.223684210526316,4.471052631578948,0.03684210526315789,2.5037593984962405,2.5193798449612403,4.385526315789473,8.694736842105263
345226,0.4965205288796103,1.2366040361864996,4.535490605427975,1.0675017397355602,4.445024356297843,5.078288100208768,0.05636743215031315,2.3030852994555353,2.6421845574387945,5.166318719554628,9.523312456506611
345227,0.4796620161131853,1.34525447042641,4.453134211043427,1.2147769699351543,4.421693849479269,4.75221065042248,0.07093731577913145,2.497376705141658,2.3861607142857144,4.782668500687758,9.17292198860287
345228,0.5051765330501725,1.3320945049110697,4.449960180514998,1.2014865941067163,4.451022033448368,4.724714627024158,0.02123705866737457,2.4067547723935387,2.3686440677966103,4.694717281656491,9.175736660472525
345229,0.5559276624246483,1.333556597454789,4.166778298727395,1.2083054253181513,4.421969189551239,4.5304755525787,0.05023442732752847,2.317269076305221,2.2903225806451615,4.312123241795043,8.95244474212994
345230,0.5491124260355029,1.4224852071005918,4.0828402366863905,1.2674556213017751,4.260355029585799,5.287573964497041,0.0378698224852071,2.401315789473684,2.536144578313253,5.197633136094675,9.54792899408284
345231,0.44844269730873904,1.2739643181130935,4.623828243120653,1.1273057151496826,4.309041427275476,4.616268521318416,0.03749622013909888,2.438650306748466,2.3410301953818826,4.905352283035985,8.925309948593892
345232,0.4391121775644871,1.2639472105578884,4.299340131973605,1.1229754049190162,4.053989202159568,4.368926214757049,0.03839232153569286,2.31629392971246,2.400749063670412,4.64127174565087,8.422915416916616
345234,0.4553701015965167,1.3105950653120464,4.557148040638607,1.1389695210449928,4.292271407837446,4.748004354136429,0.023403483309143686,2.4281767955801103,2.4643584521384927,5.038461538461538,9.040275761973875
345235,0.4929368029739777,1.3197026022304832,4.255762081784386,1.1390334572490706,4.147211895910781,4.675836431226766,0.12713754646840147,2.3891213389121337,2.4526748971193415,4.764312267657993,8.823048327137547
345239,0.5227950575202386,1.3651469961653173,4.193438432040903,1.233915636983383,4.282914358755859,4.983809118023008,0.03834682573498083,2.3810679611650487,2.347926267281106,4.888794205368556,9.266723476778866
345240,0.5469535175879398,1.3417085427135678,4.402010050251256,1.2016331658291457,4.472989949748744,4.8671482412060305,0.07412060301507538,2.3694029850746268,2.545958795562599,4.764133165829146,9.340138190954773
345241,0.48514851485148514,1.4158415841584158,4.376237623762377,1.2376237623762376,4.465346534653466,5.108910891089109,0.0,2.65,2.45,5.079207920792079,9.574257425742575
345242,0.5135460565924143,1.2793497892835641,4.223961468994582,1.1468994581577363,4.2546658639373875,4.98314268512944,0.014449127031908489,2.2635135135135136,2.515923566878981,4.954244431065623,9.237808549066827
345243,0.5070676691729323,1.4078195488721805,4.262556390977443,1.2685714285714285,4.324210526315789,4.8264661654135335,0.13654135338345866,2.410774410774411,2.367986798679868,4.745864661654135,9.150676691729323
345244,0.5492412011624153,1.3461414271876009,4.32224733613174,1.2240878269292863,4.525347110106555,5.152082660639328,0.03939296092993219,2.410839160839161,2.382059800664452,4.945108169195996,9.677429770745883
345245,0.5342465753424658,1.339334637964775,4.21252446183953,1.1800391389432485,4.3733855185909984,4.736203522504892,0.0990215264187867,2.3972602739726026,2.4390243902439024,4.612915851272016,9.10958904109589
345337,0.3695652173913043,1.1335403726708075,4.198757763975156,0.9751552795031055,3.549689440993789,3.8540372670807455,0.018633540372670808,2.2758620689655173,2.8,4.509316770186335,7.403726708074534
345338,0.4858757062146893,1.1224105461393596,3.583804143126177,0.967984934086629,3.493408662900188,4.107344632768362,0.02071563088512241,2.4157303370786516,2.4146341463414633,4.12241054613936,7.60075329566855
345339,0.5268366958507804,1.3517320137038447,4.278264179672631,1.2185001903311763,4.447278264179673,4.75485344499429,0.10087552341073468,2.4534632034632033,2.4010309278350515,4.588694328130948,9.247811191473163
345340,0.4591078066914498,1.161710037174721,4.015799256505576,1.0511152416356877,3.837360594795539,4.368029739776952,0.022304832713754646,2.5153061224489797,2.3011363636363638,4.550185873605948,8.20539033457249
345341,0.4944495837187789,1.364477335800185,4.403792784458834,1.2266419981498613,4.380666049953747,4.9329324699352455,0.01572617946345976,2.4373401534526855,2.3795620437956204,4.944958371877891,9.313598519888991
345342,0.4473383596070368,1.3212245830477496,4.475211331962531,1.1747772446881426,4.302718757139593,4.657071053232808,0.018962759881197166,2.6072261072261074,2.3203753351206435,4.799634452821567,8.959789810372401
345343,0.5054048091771454,1.342157511581734,4.3756893889256565,1.2183984116479152,4.400838296933598,4.954776086476947,0.06949040370615486,2.4607961399276235,2.4565727699530515,4.939554378998456,9.355614383410545
345344,0.5050933786078099,1.3726655348047538,4.035653650254669,1.2224108658743633,4.067911714770798,5.126485568760611,0.03310696095076401,2.446078431372549,2.4801762114537445,5.058573853989813,9.194397283531409
345345,0.6369710467706013,1.5412026726057906,3.683741648106904,1.4498886414253898,4.403118040089087,5.106904231625835,0.011135857461024499,2.373134328358209,2.223404255319149,4.44543429844098,9.510022271714922
345346,0.5820224719101124,1.451685393258427,3.9258426966292137,1.3595505617977528,4.384269662921349,4.939325842696629,0.020224719101123594,2.5492957746478875,2.409090909090909,4.442696629213483,9.323595505617977
345347,0.5330620549338759,1.2472024415055951,3.9867751780264498,1.0946083418107833,4.069175991861648,4.599186164801628,0.07222787385554426,2.264516129032258,2.5028248587570623,4.4872838250254325,8.668362156663276
345348,0.514546965918537,1.2668329177057356,4.162094763092269,1.0748129675810474,4.102244389027431,4.679966749792186,0.10723192019950124,2.3877551020408165,2.668181818181818,4.798004987531172,8.782211138819617
345349,0.5033460803059273,1.3855959209687698,4.299713193116634,1.241395793499044,4.412045889101338,4.79302103250478,0.02087316762268961,2.4298169136878816,2.480211081794195,4.7420331421287445,9.203951561504143
345350,0.490423598490144,1.2983363623654411,4.417866629386271,1.1687403886481196,4.376904795190829,4.80162169718999,0.022228435621417585,2.3668683812405447,2.4323899371069184,4.8469173773242,9.178526492380819
345351,0.5455388897479512,1.4261635998144426,4.184011133446729,1.2947270759239216,4.383021493737436,4.909540745322406,0.018091850935518787,2.375,2.437194127243067,4.707901654553889,9.292562239059842
345352,0.44968879668049794,1.301002766251729,4.517807745504841,1.1459197786998616,4.2437759336099585,4.747579529737206,0.06639004149377593,2.4019607843137254,2.4629258517034067,4.979426002766251,8.991355463347164
345418,0.5341970473034047,1.354926182585116,4.093401626996084,1.2316962940644773,4.262428442301898,4.851461283519132,0.020186803253992167,2.454867256637168,2.444267515923567,4.666465802952697,9.11388972582103
345419,0.25,0.75,3.0833333333333335,0.5416666666666666,2.2083333333333335,3.0833333333333335,0.0,2.25,2.0,3.875,5.291666666666667
345420,0.45429362880886426,1.3434903047091413,4.240443213296399,1.1922437673130193,4.026038781163435,4.660941828254848,0.042105263157894736,2.4652567975830815,2.2815533980582523,4.916897506925208,8.686980609418283
345421,0.5094836670179136,1.333508956796628,4.115911485774499,1.208640674394099,4.17017913593256,4.874077976817703,0.020021074815595362,2.401812688821752,2.3314285714285714,4.8261327713382505,9.044257112750264
345422,0.506926952141058,1.3035264483627205,4.025188916876575,1.172544080604534,4.077455919395466,4.934508816120907,0.04093198992443325,2.4113475177304964,2.587188612099644,4.873425692695214,9.011964735516372
345423,0.49016641452344933,1.254160363086233,4.018154311649017,1.1285930408472011,3.9228441754916794,4.813918305597579,0.0226928895612708,2.4260869565217393,2.625,4.907715582450832,8.736762481089258
345424,0.4676470588235294,1.2323529411764707,3.9647058823529413,1.088235294117647,3.7970588235294116,4.170588235294118,0.0,2.403225806451613,2.107142857142857,4.3088235294117645,7.9676470588235295
345425,0.48659003831417624,1.339080459770115,4.517241379310345,1.2279693486590038,4.498084291187739,4.7988505747126435,0.0038314176245210726,2.5686274509803924,2.3440860215053765,4.737547892720307,9.296934865900383
345426,0.5171102661596958,1.4106463878326996,4.3726235741444865,1.2452471482889733,4.498098859315589,4.885931558935361,0.0019011406844106464,2.4285714285714284,2.4574468085106385,4.8726235741444865,9.384030418250951
345496,0.5136363636363637,1.393181818181818,3.9886363636363638,1.2545454545454546,4.1022727272727275,4.959090909090909,0.006818181818181818,2.44,2.3424657534246576,4.886363636363637,9.061363636363636
345497,0.5612745098039216,1.3860294117647058,3.8590686274509802,1.2683823529411764,4.142156862745098,4.958333333333333,0.02696078431372549,2.6222222222222222,2.5231788079470197,4.654411764705882,9.10049019607843
345498,0.5467020805666224,1.371403275785746,4.098716246126605,1.2563081009296149,4.293050022133688,4.684373616644533,0.025675077467906152,2.305084745762712,2.4408352668213458,4.474988933156264,8.978308986277113
345499,0.49344641480339246,1.3535080956052428,4.245181187355436,1.1958365458750964,4.216268311488049,4.914417887432537,0.03315343099460293,2.473684210526316,2.3451882845188283,4.925212027756361,9.130686198920586
345500,0.475104821802935,1.3469601677148848,4.276205450733753,1.1892033542976939,4.205974842767295,4.762054507337526,0.013626834381551363,2.445983379501385,2.395864106351551,4.8427672955974845,8.968029350104821
345501,0.5285161290322581,1.408,4.218838709677419,1.2841290322580645,4.353806451612903,4.838967741935484,0.018838709677419355,2.512481644640235,2.4266117969821672,4.677935483870968,9.193290322580646
345502,0.5433255269320844,1.3775175644028104,4.148946135831382,1.2903981264637003,4.392974238875878,4.814519906323185,0.017330210772833723,2.504109589041096,2.4512820512820515,4.527400468384075,9.207494145199064
345503,0.4829106945975744,1.3401323042998898,4.325248070562293,1.177508269018743,4.1984564498346195,4.8202866593164275,0.044652701212789414,2.2953216374269005,2.473846153846154,4.915656008820287,9.018743109151048
345504,0.5088408644400786,1.3765553372626065,4.336389434621262,1.2329185767299715,4.358655315433311,4.8709888670595936,0.03885614494651823,2.366384522370012,2.391459074733096,4.838681510587208,9.229644182492905
345505,0.5451343020695729,1.4244826067811536,4.250550418317921,1.2624394539850285,4.485248789079701,4.929106120651695,0.009687362395420519,2.3974683544303796,2.528735632183908,4.6574196389255835,9.442095992954645
345506,0.4397163120567376,1.3865248226950355,4.340425531914893,1.24822695035461,4.120567375886525,4.783687943262412,0.05319148936170213,2.3620689655172415,2.3260869565217392,5.092198581560283,8.904255319148936
345538,0.5734126984126984,1.4583333333333333,4.162698412698413,1.2956349206349207,4.505952380952381,4.839285714285714,0.01984126984126984,2.371794871794872,2.17,4.466269841269841,9.345238095238095
345539,0.4528718703976436,1.2525773195876289,4.316642120765832,1.08100147275405,4.061119293078056,4.576583210603829,0.053019145802650956,2.299610894941634,2.339366515837104,4.881443298969073,8.637702503681885
345540,0.2751677852348993,1.1073825503355705,4.402684563758389,0.8523489932885906,3.5167785234899327,3.9261744966442955,0.09395973154362416,2.4615384615384617,2.8333333333333335,4.87248322147651,7.442953020134228
345541,0.46043926964805504,1.338184704948399,4.379465467054777,1.180206403810532,4.229425774014289,4.836464673193967,0.05609949722148717,2.4364864864864866,2.481818181818182,4.9677163270706535,9.065890447208256
345542,0.42668776371308015,1.339662447257384,4.578059071729958,1.1645569620253164,4.257911392405063,4.622362869198312,0.06434599156118144,2.5322997416020674,2.426751592356688,4.940928270042194,8.887658227848101
345543,0.47502859321387725,1.3446435379336636,4.328250095310713,1.207014868471216,4.207396111322913,4.8162409454822726,0.07739229889439574,2.4362139917695473,2.3542116630669545,4.900876858558902,9.023637056805185
345544,0.5263157894736842,1.381578947368421,4.348684210526316,1.2105263157894737,4.578947368421052,5.131578947368421,0.039473684210526314,2.9,2.533333333333333,4.875,9.710526315789474
345545,0.3919694072657744,1.2237093690248566,4.837476099426386,1.107074569789675,4.2906309751434035,4.642447418738049,0.030592734225621414,2.5135135135135136,2.4675324675324677,5.162523900573614,8.933078393881454
345546,0.4538904899135447,1.2747358309317964,4.324207492795389,1.1287223823246877,4.0350624399615755,4.803073967339097,0.04899135446685879,2.4339152119700747,2.4322033898305087,5.079250720461095,8.838136407300672
345547,0.5255233198677929,1.5218508997429305,4.286081527726772,1.3378626514873302,4.521116415717958,4.651854572163056,0.006243114212265883,2.4049586776859506,2.363265306122449,4.525156077855307,9.177010650018362
345548,0.4597574421168688,0.9746416758544653,3.2436604189636165,0.8114663726571113,3.125689084895259,3.3572216097023153,0.037486218302094816,2.2868852459016393,2.2972972972972974,3.529217199558986,6.4829106945975745
345549,0.6225490196078431,1.4656862745098038,3.9215686274509802,1.357843137254902,4.563725490196078,4.990196078431373,0.00980392156862745,2.5625,2.292682926829268,4.446078431372549,9.553921568627452
345550,0.47100712105798576,1.3665649372668702,4.4699898270600205,1.2166836215666328,4.342488979315022,4.641573414716853,0.03831807392336385,2.487364620938628,2.44921875,4.7707697524584605,8.984062394031875
345551,0.4979020979020979,1.3254745254745255,4.335464535464536,1.196803196803197,4.368631368631369,4.8,0.014185814185814187,2.426978818283166,2.382838283828383,4.775024975024975,9.168631368631369
345552,0.5527985074626866,1.4173507462686568,4.178544776119403,1.292723880597015,4.4889925373134325,4.923880597014925,0.01828358208955224,2.3701298701298703,2.400390625,4.693283582089553,9.412873134328358
345553,0.48651564185544766,1.290183387270766,4.230852211434736,1.132686084142395,4.121898597626753,4.487594390507012,0.02481121898597627,2.3209876543209877,2.4444444444444446,4.524271844660194,8.609492988133765
345568,0.45041322314049587,1.3677685950413223,4.475206611570248,1.1322314049586777,4.107438016528926,4.68595041322314,0.04132231404958678,2.088888888888889,2.302325581395349,5.028925619834711,8.793388429752065
345625,0.4884526558891455,1.3648960739030023,4.422632794457275,1.1812933025404158,4.322170900692841,5.02540415704388,0.04503464203233257,2.4060606060606062,2.35,5.0796766743648964,9.347575057736721
345626,0.491876523151909,1.2948822095857027,4.257514216084484,1.1758732737611697,4.23395613322502,4.825345247766044,0.05402112103980504,2.4555555555555557,2.459954233409611,4.8285946385052805,9.059301380991064
345627,0.47536617842876167,1.193075898801598,3.958721704394141,1.0652463382157125,3.8495339547270304,4.499334221038615,0.03195739014647137,2.3587786259541983,2.347457627118644,4.611185086551265,8.348868175765645
345701,0.49656188605108054,1.3163064833005893,4.240667976424361,1.1773084479371316,4.217583497053045,4.9204322200392925,0.04567779960707269,2.368279569892473,2.4097035040431267,4.9160117878192535,9.138015717092339
345702,0.4608294930875576,1.2986175115207372,4.323502304147466,1.1797235023041475,4.144700460829493,4.499539170506912,0.03778801843317972,2.5445544554455446,2.248587570621469,4.658064516129032,8.644239631336406
345703,0.48080438756855576,1.287020109689214,4.272394881170018,1.1782449725776964,4.145338208409506,4.792504570383913,0.043875685557586835,2.3217821782178216,2.322751322751323,4.912248628884826,8.937842778793419
345704,0.5237113402061856,1.3662371134020619,4.210567010309278,1.206701030927835,4.305412371134021,4.919845360824742,0.03788659793814433,2.4541484716157207,2.4820441988950277,4.836855670103093,9.225257731958763
345705,0.4382326420198377,1.208896904117824,4.582506762849414,1.0189359783588818,4.162007814848212,4.751127141568981,0.1710249474000601,2.2271341463414633,2.5524475524475525,5.196573489630298,8.913134956417192
345706,0.49345763820739286,1.3500163559044815,4.480372914622179,1.1889106967615308,4.4893686620870135,4.791135099771017,0.02666012430487406,2.414374445430346,2.484472049689441,4.789826627412496,9.28050376185803
345734,0.4609571788413098,1.2997481108312343,4.2544080604534,1.1687657430730478,4.161209068010075,4.6221662468513856,0.0,2.329113924050633,2.3285714285714287,4.768261964735516,8.78337531486146
345780,0.4036363636363636,1.250909090909091,4.167272727272727,1.0581818181818181,4.072727272727272,4.32,0.0036363636363636364,2.18,1.9736842105263157,4.567272727272727,8.392727272727273
playerID,win_rate,average_max_points_in_a_row,average_service_points_lost,average_biggest_lead,average_receiver_points_won,average_service_points_won,average_service_error,average_comeback_loss,average_comeback_to_win,average_receiver_points_lost,average_points
345782,0.4632352941176471,1.3088235294117647,4.095588235294118,1.1029411764705883,4.007352941176471,4.727941176470588,0.029411764705882353,2.28,2.9523809523809526,4.8088235294117645,8.735294117647058
345813,0.512303664921466,1.293455497382199,4.316753926701571,1.16282722513089,4.403141361256544,4.827748691099476,0.15340314136125655,2.4376854599406528,2.396914446002805,4.717015706806283,9.23089005235602
345814,0.42990654205607476,1.2242990654205608,4.186915887850467,0.9579439252336449,3.7429906542056073,4.485981308411215,0.03271028037383177,2.230769230769231,2.473684210526316,4.9766355140186915,8.228971962616823
345842,0.5271193250301326,1.3740458015267176,4.124146243471274,1.25431900361591,4.3563680192848535,4.887505022097228,0.01124949779027722,2.423076923076923,2.2733188720173536,4.685415829650462,9.24387304138208
345844,0.5049345880192794,1.3247647463851273,4.364929997704842,1.187973376176268,4.405324764746386,4.6573330273123705,0.03029607528115676,2.44015444015444,2.419230769230769,4.638742253844389,9.062198760615102
346024,0.5526315789473685,1.4647129186602872,4.2458133971291865,1.3014354066985645,4.486244019138756,4.998205741626794,0.011363636363636364,2.280701754385965,2.4345238095238093,4.694976076555024,9.48444976076555
346025,0.5115001716443529,1.3127360109852386,4.370408513559904,1.15653964984552,4.426707861311363,4.683831101956746,0.02814967387572949,2.3461538461538463,2.3646616541353382,4.680741503604532,9.110538963268109
346026,0.5229034531360113,1.4101479915433404,4.348132487667371,1.2396053558844256,4.540521494009866,4.710359408033827,0.028893587033121917,2.2913385826771653,2.5,4.558844256518675,9.250880902043694
346027,0.45112781954887216,1.3120300751879699,4.612781954887218,1.105263157894737,4.2669172932330826,4.548872180451128,0.018796992481203006,2.3877551020408165,2.409090909090909,4.857142857142857,8.81578947368421
346044,0.16129032258064516,1.3548387096774193,5.161290322580645,1.1612903225806452,3.774193548387097,4.612903225806452,0.0,3.2222222222222223,1.3333333333333333,5.741935483870968,8.387096774193548
346150,0.4664739884393064,1.3803468208092486,4.426589595375723,1.1913294797687861,4.373410404624278,4.638728323699422,0.013872832369942197,2.504424778761062,2.31438127090301,4.702890173410404,9.0121387283237
346151,0.5161423841059603,1.2880794701986755,4.155629139072848,1.1601821192052981,4.180877483443709,4.668046357615894,0.059602649006622516,2.317191283292978,2.536036036036036,4.656043046357616,8.843956953642385
346248,0.47408026755852845,1.2617056856187292,4.379598662207358,1.1387959866220736,4.25,4.815217391304348,0.024247491638795988,2.3217391304347825,2.3864734299516908,4.986622073578595,9.065217391304348
346249,0.5454545454545454,1.4231974921630095,4.263322884012539,1.2591431556948798,4.454545454545454,4.963427377220481,0.050156739811912224,2.4319526627218937,2.5157894736842104,4.861024033437826,9.417972831765935
346250,0.7307692307692307,1.6153846153846154,3.769230769230769,1.4230769230769231,4.269230769230769,6.0,0.11538461538461539,2.0,2.7142857142857144,5.423076923076923,10.26923076923077
346298,0.4532208588957055,1.2829754601226995,4.405674846625767,1.1579754601226995,4.212423312883436,4.82361963190184,0.0736196319018405,2.5770750988142295,2.412556053811659,5.069018404907975,9.036042944785276
346462,0.3259668508287293,1.1104972375690607,3.972375690607735,1.0,3.425414364640884,4.298342541436464,0.022099447513812154,2.6,2.5217391304347827,4.834254143646409,7.723756906077348
346463,0.42757009345794394,1.1939252336448598,3.9485981308411215,1.016355140186916,3.5981308411214954,4.427570093457944,0.03271028037383177,2.0963855421686746,2.3934426229508197,4.766355140186916,8.02570093457944
346464,0.4882758620689655,1.3158620689655172,4.261724137931035,1.1755172413793102,4.194137931034483,4.773103448275862,0.022758620689655173,2.403345724907063,2.382978723404255,4.85551724137931,8.967241379310344
346465,0.2994350282485876,1.2090395480225988,4.6892655367231635,1.0112994350282485,3.6045197740112993,4.435028248587571,0.01694915254237288,2.3157894736842106,2.423076923076923,5.446327683615819,8.03954802259887
346466,0.5106382978723404,1.446808510638298,4.085106382978723,1.202127659574468,4.01063829787234,5.3936170212765955,0.35106382978723405,2.764705882352941,3.0526315789473686,5.4787234042553195,9.404255319148936
346467,0.4600274097761535,1.3435358611238009,4.447236180904523,1.1343079031521242,4.263590680676108,4.583828232069438,0.03837368661489265,2.395238095238095,2.538666666666667,4.799908634079489,8.847418912745546
346497,0.391025641025641,1.2211538461538463,4.4423076923076925,1.0384615384615385,3.91025641025641,4.435897435897436,0.003205128205128205,2.3225806451612905,2.477272727272727,5.003205128205129,8.346153846153847
346608,0.5208333333333334,1.3958333333333333,4.625,1.2291666666666667,4.697916666666667,5.0,0.010416666666666666,2.5294117647058822,2.3333333333333335,4.8125,9.697916666666666
346609,0.4166666666666667,1.2083333333333333,4.263888888888889,0.9722222222222222,3.6666666666666665,4.833333333333333,0.2361111111111111,2.0,2.0,5.541666666666667,8.5
346616,0.49129172714078373,1.283744557329463,4.394049346879536,1.1821480406386067,4.296806966618288,5.026124818577649,0.07619738751814223,2.311787072243346,2.1865079365079363,5.0921625544267055,9.322931785195935
346617,0.5328760643330179,1.3644749290444655,4.161778618732261,1.2346263008514664,4.3240302743614,4.9552980132450335,0.024834437086092714,2.3763736263736264,2.407911001236094,4.81480605487228,9.279328287606432
346721,0.48565872630043755,1.3665532328633934,4.396694214876033,1.2066115702479339,4.36558094312105,4.634905201750121,0.023821098687408847,2.454081632653061,2.4005602240896358,4.671366067087992,9.001944579484686
346751,0.44074074074074077,1.137037037037037,3.725925925925926,0.9629629629629629,3.5703703703703704,4.111111111111111,0.007407407407407408,2.422222222222222,2.1025641025641026,4.314814814814815,7.681481481481481
346813,0.4634146341463415,1.3414634146341464,4.365853658536586,1.146341463414634,3.926829268292683,4.048780487804878,0.0,2.375,1.8571428571428572,4.2926829268292686,7.975609756097561
346814,0.44649306215548373,1.2191598555407717,4.710321231704999,1.054932522334157,4.389279604637902,4.488500285116898,0.02090857251473104,2.4122287968441816,2.539325842696629,4.779319521003612,8.8777798897548
346848,0.5714285714285714,1.25,4.071428571428571,1.1428571428571428,4.214285714285714,5.071428571428571,0.32142857142857145,2.4,3.0,5.107142857142857,9.285714285714286
346876,0.5446559297218155,1.3133235724743777,3.8814055636896048,1.2005856515373352,4.101024890190336,4.732064421669107,0.02342606149341142,2.4741379310344827,2.443548387096774,4.42606149341142,8.833089311859444
346919,0.4816709292412617,1.3120204603580563,4.594202898550725,1.1406649616368287,4.410059676044331,4.686274509803922,0.045183290707587385,2.3451327433628317,2.4976303317535544,4.884910485933504,9.096334185848253
346921,0.5040650406504065,1.2601626016260163,3.9796747967479673,1.1341463414634145,4.0,4.365853658536586,0.032520325203252036,2.1794871794871793,2.525,4.280487804878049,8.365853658536585
346922,0.5026974006866111,1.2658165767533105,4.12506130456106,1.1324178518881804,4.162824914173615,5.027464443354585,0.026483570377636097,2.3464788732394366,2.3463541666666665,4.967140755272192,9.1902893575282
346939,0.3544973544973545,1.1693121693121693,4.476190476190476,0.9735449735449735,3.82010582010582,4.1534391534391535,0.005291005291005291,2.6486486486486487,2.423076923076923,4.783068783068783,7.973544973544974
346955,0.46054453161052145,1.3327180433779418,4.481310567604984,1.163820950622981,4.300415320719889,4.718966312874942,0.005999077065066913,2.4952380952380953,2.5,4.904476234425473,9.019381633594831
346961,0.5130391173520562,1.3520561685055166,4.329488465396189,1.2502507522567703,4.412738214643932,4.893179538615848,0.0687061183550652,2.4049586776859506,2.4053333333333335,4.736710130391174,9.305917753259779
347053,0.4818181818181818,1.3545454545454545,4.681818181818182,1.1090909090909091,4.4363636363636365,4.709090909090909,0.02727272727272727,2.5,2.238095238095238,5.072727272727272,9.145454545454545
347131,0.5829383886255924,1.4028436018957346,4.075829383886256,1.2559241706161137,4.419431279620853,4.895734597156398,0.04739336492890995,2.1710526315789473,2.6666666666666665,4.568720379146919,9.315165876777252
347205,0.5145454545454545,1.4672727272727273,4.149090909090909,1.329090909090909,4.381818181818182,4.958181818181818,0.0,2.526315789473684,2.272727272727273,4.716363636363637,9.34
347210,0.46296296296296297,1.2222222222222223,4.481481481481482,1.1296296296296295,4.148148148148148,4.592592592592593,0.037037037037037035,2.272727272727273,2.4444444444444446,4.7407407407407405,8.74074074074074
347253,0.6231884057971014,1.3043478260869565,4.442028985507246,1.2753623188405796,4.956521739130435,5.036231884057971,0.0,2.1666666666666665,2.111111111111111,4.586956521739131,9.992753623188406
347254,0.5301085883514314,1.2537018756169793,4.029615004935835,1.2053307008884502,4.178677196446199,4.708785784797631,0.03652517275419546,2.5224719101123596,2.359550561797753,4.578479763079961,8.88746298124383
347255,0.4937148970312918,1.3423375234019792,4.317732013907462,1.20754212356245,4.294196309173576,4.83738967638406,0.03022198448783097,2.4036418816388467,2.377906976744186,4.876972452527414,9.131585985557635
347472,0.4818003913894325,1.3444227005870841,4.336203522504892,1.1992172211350294,4.228571428571429,4.634442270058709,0.015264187866927592,2.4123711340206184,2.416856492027335,4.713502935420744,8.893933463796477
347473,0.5217391304347826,1.5797101449275361,3.9855072463768115,1.434782608695652,4.217391304347826,5.333333333333333,0.014492753623188406,2.4545454545454546,2.8666666666666667,5.0,9.55072463768116
347474,0.5138023152270703,1.3998219056099732,3.9879786286731966,1.2390917186108639,4.145592163846839,4.553428317008014,0.02626892252894034,2.4146981627296586,2.309226932668329,4.406945681211042,8.852626892252895
347496,0.46923076923076923,1.3076923076923077,4.315384615384615,1.1384615384615384,4.046153846153846,4.638461538461539,0.007692307692307693,2.125,2.3157894736842106,4.961538461538462,8.684615384615384
347569,0.5249795249795249,1.3843161343161343,4.264537264537265,1.246928746928747,4.417690417690418,4.999385749385749,0.05303030303030303,2.488162344983089,2.422737306843267,4.830466830466831,9.417076167076168
347570,0.45862412761714855,1.3359920239282153,4.19740777666999,1.2043868394815553,4.0269192422731805,4.920239282153539,0.0518444666001994,2.4060913705583755,2.2988505747126435,5.0508474576271185,8.94715852442672
347571,0.5229173636667782,1.3840749414519906,4.298093007694881,1.272666443626631,4.4192037470726,4.859484777517564,0.036132485781197723,2.5592592592592593,2.3790035587188614,4.706925393108063,9.278688524590164
347669,0.5584415584415584,1.3246753246753247,4.324675324675325,1.1948051948051948,4.454545454545454,4.935064935064935,0.10822510822510822,2.2564102564102564,2.7708333333333335,4.848484848484849,9.38961038961039
347672,0.46986301369863015,1.33013698630137,4.4150684931506845,1.1849315068493151,4.2835616438356166,4.863013698630137,0.023287671232876714,2.3851851851851853,2.292307692307692,5.052054794520548,9.146575342465754
347691,0.5258620689655172,1.2557471264367817,4.14367816091954,1.0316091954022988,4.155172413793103,4.735632183908046,0.04310344827586207,2.23728813559322,2.764705882352941,4.755747126436781,8.89080459770115
347692,0.5648060548722801,1.4049195837275308,4.058656575212867,1.294228949858089,4.379375591296121,4.853358561967833,0.00946073793755913,2.255813953488372,2.3737864077669903,4.489120151371807,9.315042573320719
347693,0.45454545454545453,1.2564935064935066,4.308441558441558,1.1331168831168832,4.048701298701299,4.4480519480519485,0.03571428571428571,2.107142857142857,2.6,4.694805194805195,8.496753246753247
347694,0.44002695417789756,1.2243935309973046,4.654312668463612,1.1132075471698113,4.299865229110512,4.662398921832884,0.03908355795148248,2.391891891891892,2.3818897637795278,5.050539083557951,8.962264150943396
347703,0.475,1.5,4.6,1.125,4.4,4.8,0.15,2.111111111111111,2.375,5.175,9.2
347739,0.6666666666666666,1.6666666666666667,4.041666666666667,1.7083333333333333,5.166666666666667,5.166666666666667,0.041666666666666664,2.75,1.6,3.9166666666666665,10.333333333333334
347781,0.5319391634980989,1.3482889733840304,4.3904942965779465,1.1718631178707224,4.511787072243346,4.909125475285171,0.06197718631178707,2.3433476394849784,2.595190380761523,4.811406844106464,9.420912547528516
347816,0.46798029556650245,1.2118226600985222,3.935960591133005,1.083743842364532,3.605911330049261,4.379310344827586,0.12807881773399016,2.7567567567567566,2.2941176470588234,4.724137931034483,7.985221674876847
347819,0.5825825825825826,1.3183183183183182,3.714714714714715,1.2192192192192193,4.096096096096096,4.51951951951952,0.015015015015015015,2.2708333333333335,2.5084745762711864,4.177177177177177,8.615615615615615
347822,0.4805194805194805,1.1948051948051948,4.376623376623376,1.0909090909090908,4.1688311688311686,4.935064935064935,0.025974025974025976,2.5,2.230769230769231,5.103896103896104,9.103896103896103
347823,0.5369897959183674,1.3233418367346939,4.369260204081633,1.1862244897959184,4.544005102040816,4.933035714285714,0.009566326530612245,2.4555555555555557,2.55700325732899,4.8188775510204085,9.47704081632653
347851,0.5217391304347826,1.1014492753623188,3.681159420289855,1.144927536231884,3.9420289855072466,3.971014492753623,0.028985507246376812,3.272727272727273,2.0,3.608695652173913,7.913043478260869
347855,0.4709562109025916,1.3404825737265416,4.310991957104558,1.1447721179624666,4.167113494191242,5.050938337801608,0.11528150134048257,2.3302325581395347,2.557213930348259,5.194816800714924,9.21805183199285
347856,0.5112359550561798,1.3408239700374531,4.1835205992509366,1.2172284644194757,4.211610486891386,4.977528089887641,0.020599250936329586,2.323232323232323,2.3979591836734695,4.913857677902621,9.189138576779026
347918,0.6326530612244898,1.2551020408163265,4.346938775510204,1.2551020408163265,4.73469387755102,5.214285714285714,0.04081632653061224,1.9333333333333333,2.1363636363636362,4.663265306122449,9.948979591836734
347930,0.451393609789259,1.2365737593473827,4.416043507817811,1.0673011556764107,4.201223657375935,4.684568320870157,0.038069340584636305,2.3898916967509027,2.3784860557768925,4.948334466349422,8.885791978246091
348022,0.5308953341740227,1.3379571248423707,4.306431273644389,1.1828499369482977,4.379571248423708,5.131147540983607,0.04918032786885246,2.197080291970803,2.493333333333333,5.0529634300126105,9.510718789407314
348031,0.47368421052631576,1.4210526315789473,4.37719298245614,1.219298245614035,4.149122807017544,4.842105263157895,0.05263157894736842,3.0454545454545454,2.619047619047619,5.035087719298246,8.991228070175438
348032,0.49473684210526314,1.431578947368421,4.315789473684211,1.105263157894737,4.147368421052631,5.231578947368421,0.11578947368421053,2.2222222222222223,2.5789473684210527,5.442105263157894,9.378947368421052
348038,0.5104697226938314,1.3322014714204866,4.3169213355970575,1.1810979060554612,4.389926428975665,4.7798528579513295,0.02320316921335597,2.4064516129032256,2.4054054054054053,4.701188455008489,9.169779286926994
348108,0.5431985294117647,1.3874080882352942,4.380514705882353,1.2090992647058822,4.550091911764706,4.8947610294117645,0.03400735294117647,2.316326530612245,2.6164705882352943,4.7734375,9.444852941176471
348109,0.3,1.2129032258064516,4.783870967741936,0.9709677419354839,3.8161290322580643,4.435483870967742,0.04838709677419355,2.3698630136986303,2.409090909090909,5.448387096774193,8.251612903225807
348140,0.4524847428073234,1.3339145597210114,4.394071490845684,1.1700087183958152,4.218831734960768,4.801220575414124,0.013077593722755012,2.481818181818182,2.3333333333333335,5.063644289450741,9.020052310374892
348147,0.4511784511784512,1.2210998877665544,4.168350168350169,1.085297418630752,3.9337822671156006,4.8338945005611675,0.08978675645342311,2.4444444444444446,2.1910828025477707,5.038159371492704,8.767676767676768
348152,0.5294117647058824,1.2647058823529411,4.5,1.0,4.676470588235294,4.882352941176471,0.0,2.0,3.0,4.852941176470588,9.558823529411764
348185,0.4842240824211204,1.309079201545396,4.3052157115260785,1.1345782356728913,4.210560206052801,4.92466194462331,0.02446877012234385,2.4347826086956523,2.4535714285714287,5.010302640051513,9.13522215067611
348191,0.5,0.0,0.0,0.0,0.0,0.0,0.0,0,0,0.0,0.0
348260,0.5382941688424717,1.3328981723237598,4.2676240208877285,1.174934725848564,4.3877284595300265,5.108790252393385,0.026979982593559618,2.3525,2.4954337899543377,5.000435161009573,9.496518711923411
348268,0.5722222222222222,1.4055555555555554,4.211111111111111,1.3111111111111111,4.416666666666667,5.105555555555555,0.005555555555555556,2.1379310344827585,3.027027027027027,4.855555555555555,9.522222222222222
348272,0.5211521152115212,1.3123312331233123,4.1998199819982,1.2484248424842483,4.278127812781278,5.053105310531053,0.011701170117011701,2.391304347826087,2.4236453201970445,4.936093609360936,9.331233123312332
348304,0.5499231950844854,1.4546850998463903,4.304147465437788,1.2995391705069124,4.465437788018433,5.019969278033794,0.029185867895545316,2.5535714285714284,2.476923076923077,4.8556067588325655,9.485407066052227
348305,0.46153846153846156,1.25,4.961538461538462,1.1346153846153846,4.769230769230769,4.75,0.0,2.0,2.5555555555555554,4.903846153846154,9.51923076923077
348348,0.45962732919254656,1.3131165509682134,4.541468761417611,1.1395688710266716,4.293752283522105,4.691633175009134,0.05480453050785532,2.3529411764705883,2.4460580912863072,4.915601023017903,8.985385458531239
348349,0.49743589743589745,1.3318681318681318,4.225641025641026,1.1487179487179486,4.205128205128205,4.82051282051282,0.07032967032967033,2.4208333333333334,2.461847389558233,4.861538461538461,9.025641025641026
348498,0.5127334465195246,1.4206281833616299,4.211799660441426,1.3026315789473684,4.3446519524618,4.9647707979626485,0.022495755517826826,2.567441860465116,2.323394495412844,4.834889643463497,9.309422750424448
348535,0.50130958617077,1.3284442116291253,4.20062860136197,1.1932949188056574,4.217391304347826,4.693556836039812,0.019381875327396544,2.355300859598854,2.4011976047904193,4.735987427972761,8.910948140387637
348536,0.5527225583405359,1.3063958513396716,4.108902333621435,1.1512532411408816,4.290406222990493,4.63828867761452,0.07303370786516854,2.391549295774648,2.495305164319249,4.426534140017286,8.928694900605013
348537,0.44751381215469616,1.3000690607734806,4.296616022099448,1.1574585635359116,4.077693370165746,5.054903314917127,0.017955801104972375,2.4965277777777777,2.349301397205589,5.252762430939226,9.132596685082873
348541,0.5177777777777778,1.4177777777777778,4.3533333333333335,1.2444444444444445,4.42,4.842222222222222,0.12222222222222222,2.4069767441860463,2.404494382022472,4.768888888888889,9.262222222222222
348551,0.4624277456647399,1.30635838150289,4.355491329479769,1.134393063583815,4.17485549132948,5.053468208092486,0.02601156069364162,2.356060606060606,2.453125,5.264450867052023,9.228323699421965
348574,0.5063291139240507,1.3987341772151898,4.401898734177215,1.2436708860759493,4.458860759493671,4.882911392405063,0.012658227848101266,2.389830508474576,2.4035087719298245,4.9335443037974684,9.341772151898734
348580,0.4935064935064935,1.3896103896103895,4.181818181818182,1.3246753246753247,4.220779220779221,4.87012987012987,0.07792207792207792,2.6666666666666665,2.0714285714285716,4.792207792207792,9.090909090909092
348581,0.5539233249731279,1.449659620207811,4.319598710139735,1.299175922608384,4.61519168756718,4.964170548190613,0.01361519168756718,2.497950819672131,2.4972776769509983,4.684342529559298,9.579362235757793
348631,0.4618962432915921,1.289087656529517,4.44830053667263,1.1631484794275493,4.217173524150268,4.8089445438282645,0.026118067978533093,2.444652908067542,2.4368530020703933,5.015742397137746,9.026118067978533
348646,0.32,1.2,4.32,1.16,3.68,5.12,0.4,2.0,1.6,6.0,8.8
playerID,win_rate,average_max_points_in_a_row,average_service_points_lost,average_biggest_lead,average_receiver_points_won,average_service_points_won,average_service_error,average_comeback_loss,average_comeback_to_win,average_receiver_points_lost,average_points
348669,0.42649434571890144,1.3117932148626819,4.55735056542811,1.137318255250404,4.224555735056543,4.733441033925686,0.014539579967689823,2.4488188976377954,2.386138613861386,5.033925686591276,8.957996768982229
348691,0.5267379679144385,1.3360071301247771,4.32620320855615,1.2103386809269163,4.354723707664884,5.040106951871658,0.027629233511586453,2.4038461538461537,2.426605504587156,5.016934046345811,9.394830659536542
348783,0.5451476793248945,1.4210970464135022,4.232067510548523,1.2666666666666666,4.40168776371308,5.108016877637131,0.04219409282700422,2.4218009478672986,2.5172413793103448,4.978059071729958,9.509704641350211
348797,0.4383561643835616,1.2054794520547945,4.410958904109589,1.1095890410958904,3.9452054794520546,4.780821917808219,0.0821917808219178,2.2142857142857144,2.4166666666666665,5.342465753424658,8.726027397260275
348798,0.476038338658147,1.31629392971246,4.5111821086261985,1.1693290734824282,4.4281150159744405,4.73482428115016,0.003194888178913738,2.459016393442623,2.5357142857142856,4.936102236421725,9.1629392971246
348898,0.5140845070422535,1.3732394366197183,4.035211267605634,1.1267605633802817,4.211267605633803,5.338028169014085,0.04225352112676056,2.8846153846153846,2.4642857142857144,5.147887323943662,9.549295774647888
348985,0.3076923076923077,1.1794871794871795,4.923076923076923,1.0512820512820513,4.333333333333333,4.487179487179487,0.0,2.4444444444444446,1.6,5.076923076923077,8.820512820512821
349021,0.5017142857142857,1.3257142857142856,4.3,1.192,4.378857142857143,4.924,0.02,2.3746223564954683,2.4294670846394983,4.865714285714286,9.302857142857142
349022,0.4387755102040816,1.3432282003710576,4.461502782931355,1.1725417439703154,4.146567717996289,4.608070500927644,0.021799628942486084,2.4299287410926365,2.3813333333333335,4.904916512059369,8.754638218923933
349064,0.4149184149184149,1.31002331002331,4.533799533799534,1.167832167832168,4.24941724941725,4.853146853146853,0.009324009324009324,2.3666666666666667,2.452054794520548,5.151515151515151,9.102564102564102
349130,0.5177304964539007,1.372340425531915,4.3546099290780145,1.322695035460993,4.48581560283688,4.8546099290780145,0.010638297872340425,2.5208333333333335,2.48,4.773049645390071,9.340425531914894
349212,0.5449863677673432,1.4316873674644048,4.372311420781581,1.2890033323235384,4.561042108451984,4.7670402908209635,0.014843986670705847,2.4378283712784588,2.4139534883720932,4.569827325053014,9.33141472281127
349213,0.5004608294930876,1.347004608294931,4.351612903225806,1.1894009216589863,4.283410138248848,4.73594470046083,0.06175115207373272,2.4601542416452444,2.467171717171717,4.781566820276498,9.019354838709678
349669,0.4576271186440678,1.3615819209039548,4.322033898305085,1.2259887005649717,4.175141242937853,4.875706214689266,0.0,2.4444444444444446,2.3125,5.0508474576271185,9.05084745762712
349676,0.48725212464589235,1.4589235127478755,4.277620396600566,1.2634560906515582,4.203966005665722,4.781869688385269,0.0169971671388102,2.5555555555555554,2.467741935483871,4.858356940509915,8.98583569405099
349815,0.6578947368421053,1.513157894736842,4.171052631578948,1.1973684210526316,4.618421052631579,5.342105263157895,0.17105263157894737,2.8333333333333335,2.7058823529411766,4.842105263157895,9.960526315789474
349817,0.46322067594433397,1.3300198807157058,4.349900596421471,1.1888667992047715,4.2286282306163026,5.01192842942346,0.02982107355864811,2.5416666666666665,2.5168539325842696,5.143141153081511,9.240556660039761
349818,0.5295983086680761,1.4799154334038056,4.216701902748414,1.3202959830866807,4.347780126849894,4.9334038054968286,0.019027484143763214,2.409090909090909,2.5681818181818183,4.848837209302325,9.281183932346723
349873,0.47659334461364916,1.404117315284828,4.380146644106035,1.236604624929498,4.280879864636209,4.730118443316413,0.03468697123519458,2.4212962962962963,2.331297709923664,4.812746756909194,9.010998307952622
349959,0.5123456790123457,1.3796296296296295,4.347736625514403,1.23559670781893,4.417695473251029,4.97119341563786,0.05555555555555555,2.3846153846153846,2.3480662983425415,4.978395061728395,9.38888888888889
349991,0.5234375,1.31953125,4.26640625,1.19765625,4.35859375,4.95234375,0.00859375,2.367713004484305,2.4918032786885247,4.86640625,9.3109375
350044,0.5177304964539007,1.3971631205673758,4.310420076377524,1.2831423895253682,4.393889798145118,4.805237315875614,0.012002182214948172,2.5096153846153846,2.424698795180723,4.677032187670486,9.199127114020731
350187,0.5151515151515151,1.3636363636363635,4.151515151515151,1.1818181818181819,4.03030303030303,4.9393939393939394,0.09090909090909091,2.0,2.6666666666666665,5.0606060606060606,8.969696969696969
350239,0.4435695538057743,1.2965879265091864,4.178477690288714,1.0971128608923884,4.010498687664042,5.05249343832021,0.08136482939632546,2.25,2.378787878787879,5.354330708661418,9.062992125984252
350273,0.3615819209039548,1.231638418079096,4.581920903954802,1.0282485875706215,3.864406779661017,4.4858757062146895,0.0847457627118644,1.9411764705882353,2.4615384615384617,5.141242937853107,8.350282485875706
350314,0.5538461538461539,1.3641025641025641,4.2444444444444445,1.1914529914529914,4.394871794871795,4.931623931623932,0.02564102564102564,2.126315789473684,2.5892857142857144,4.81025641025641,9.326495726495727
350321,0.4469357249626308,1.3288490284005978,4.3796711509716,1.1509715994020926,4.1375186846038865,4.762331838565022,0.005979073243647235,2.476923076923077,2.247863247863248,4.99103139013453,8.899850523168908
350328,0.5051124744376279,1.378323108384458,4.385480572597137,1.1932515337423313,4.393660531697342,4.96319018404908,0.0408997955010225,2.4175824175824174,2.4095744680851063,4.934560327198364,9.356850715746422
350329,0.4822546972860125,1.303757828810021,4.406054279749478,1.1597077244258873,4.313152400835073,4.8058455114822545,0.017745302713987474,2.386740331491713,2.4195402298850577,4.883089770354906,9.118997912317328
350383,0.41836734693877553,1.2346938775510203,4.438775510204081,1.1224489795918366,3.826530612244898,4.969387755102041,0.16326530612244897,2.9473684210526314,2.5555555555555554,5.428571428571429,8.795918367346939
350557,0.52352,1.36736,4.5536,1.25728,4.70144,4.8496,0.02464,2.466321243523316,2.3102866779089375,4.72768,9.55104
350648,0.1,0.9,4.5,0.9,2.65,4.8,0.1,3.0,3.0,6.8,7.45
350678,0.75,1.5,3.9166666666666665,1.3333333333333333,4.875,5.583333333333333,0.041666666666666664,2.0,2.8,4.458333333333333,10.458333333333334
350798,0.5594512195121951,1.3079268292682926,3.975609756097561,1.1859756097560976,4.2073170731707314,4.762195121951219,0.028963414634146343,2.2777777777777777,2.4227642276422765,4.509146341463414,8.96951219512195
350935,0.45925925925925926,1.3,4.607407407407408,1.1407407407407408,4.355555555555555,4.825925925925926,0.007407407407407408,2.3392857142857144,2.702127659574468,5.0814814814814815,9.181481481481482
351087,0.46153846153846156,1.2307692307692308,4.115384615384615,1.4230769230769231,3.9615384615384617,4.8076923076923075,0.0,2.2,2.3333333333333335,4.8076923076923075,8.76923076923077
351121,0.55,1.55,4.22,1.32,4.68,4.95,0.01,3.0,2.55,4.6,9.63
351182,0.45436268596702856,1.2798552472858866,4.542822677925211,1.1081624447125051,4.291113791716928,4.7374346602332125,0.06192199437072778,2.3762993762993765,2.404157043879908,4.9871330920788095,9.02854845195014
353279,0.520618556701031,1.411340206185567,4.22680412371134,1.2463917525773196,4.435051546391753,4.795876288659794,0.012371134020618556,2.217142857142857,2.425414364640884,4.704123711340206,9.230927835051546
353292,0.4561586638830898,1.3538622129436326,4.350730688935282,1.1774530271398747,4.213987473903966,4.680584551148225,0.08350730688935282,2.6263736263736264,2.413793103448276,4.891440501043841,8.894572025052192
353302,0.4166666666666667,1.3333333333333333,4.229166666666667,0.9166666666666666,3.6666666666666665,4.875,0.0625,2.2,2.5555555555555554,5.458333333333333,8.541666666666666
353354,0.375,1.2708333333333333,4.645833333333333,1.1875,3.8958333333333335,4.541666666666667,0.0,2.625,2.2857142857142856,5.0625,8.4375
353400,0.5272727272727272,1.3909090909090909,3.8,1.190909090909091,3.9909090909090907,4.945454545454545,0.06363636363636363,2.3,2.4761904761904763,4.845454545454546,8.936363636363636
353443,0.48180379746835444,1.3595727848101267,4.30498417721519,1.1993670886075949,4.206487341772152,4.909414556962025,0.048259493670886076,2.417558886509636,2.3929359823399556,4.97626582278481,9.115901898734178
353522,0.5700598802395209,1.4035928143712575,4.253892215568862,1.263872255489022,4.548502994011976,4.95249500998004,0.023952095808383235,2.2707838479809976,2.4217821782178217,4.70938123752495,9.500998003992017
353563,0.5453857791225416,1.3751891074130105,4.189863842662632,1.2435703479576399,4.40695915279879,5.047655068078669,0.018910741301059002,2.316666666666667,2.34251968503937,4.8245083207261725,9.454614220877458
353814,0.6486486486486487,1.7297297297297298,3.945945945945946,1.4324324324324325,4.702702702702703,5.054054054054054,0.0,2.0,2.7777777777777777,4.486486486486487,9.756756756756756
353853,0.5312,1.4165333333333334,4.076266666666666,1.2869333333333333,4.312,5.147733333333333,0.024,2.254601226993865,2.3513513513513513,4.9888,9.459733333333334
353873,0.5952380952380952,1.4761904761904763,4.190476190476191,1.4444444444444444,4.666666666666667,5.253968253968254,0.18253968253968253,2.409090909090909,1.7307692307692308,4.571428571428571,9.920634920634921
354133,0.4990202482037884,1.069888961463096,3.822338340953625,0.9340300457217505,3.7393860222077073,4.075767472240366,0.06531678641410843,2.3248945147679323,2.5245901639344264,4.1482691051600264,7.815153494448073
354452,0.45416666666666666,1.4041666666666666,4.541666666666667,1.1541666666666666,4.429166666666666,5.0,0.03333333333333333,2.489795918367347,2.6744186046511627,5.141666666666667,9.429166666666667
354453,0.4767932489451477,1.3206751054852321,4.434599156118144,1.1160337552742616,4.1761603375527425,4.7784810126582276,0.020042194092827006,2.2625698324022347,2.49438202247191,5.0042194092827,8.95464135021097
354494,0.6115107913669064,1.1784172661870504,3.6172661870503595,1.1179856115107913,3.998561151079137,4.418705035971223,0.031654676258992806,2.204081632653061,2.515873015873016,4.037410071942446,8.417266187050359
354557,0.5554520037278659,1.4585274930102516,4.280521901211556,1.3010251630941285,4.608574091332712,4.79403541472507,0.045666356011183594,2.348189415041783,2.4262672811059907,4.513979496738117,9.402609506057782
354821,0.4920100925147183,1.3375946173254836,4.4107653490328005,1.2023549201009252,4.387552565180824,4.869806560134567,0.028259041211101767,2.471274685816876,2.376155268022181,4.887132043734231,9.257359125315391
354864,0.4215686274509804,1.3246187363834423,4.537037037037037,1.136165577342048,4.155773420479303,4.518518518518518,0.046840958605664486,2.5082872928176796,2.3221476510067114,4.910675381263617,8.674291938997822
354865,0.15,1.05,5.1,0.85,3.5,4.05,0.0,2.6,3.0,5.55,7.55
354866,0.5160915083365646,1.3187281892206282,4.48041876696394,1.2070569988367585,4.4974796432725865,4.831717720046529,0.05661108956960062,2.332618025751073,2.360323886639676,4.812330360604886,9.329197363319116
354903,0.5137614678899083,1.3944954128440368,3.9541284403669725,1.2110091743119267,3.8623853211009176,5.385321100917431,0.01834862385321101,2.238095238095238,2.6315789473684212,5.412844036697248,9.247706422018348
354904,0.4987951807228916,1.4385542168674699,4.344578313253012,1.2240963855421687,4.31566265060241,5.024096385542169,0.0,2.6455696202531644,2.3164556962025316,4.990361445783132,9.339759036144578
354919,0.5735735735735735,1.3993993993993994,3.918918918918919,1.3063063063063063,4.354354354354355,5.069069069069069,0.012012012012012012,2.5,2.65625,4.636636636636637,9.423423423423424
354981,0.5170278637770898,1.3746130030959753,4.527863777089784,1.208204334365325,4.58204334365325,4.865325077399381,0.05108359133126935,2.4607218683651806,2.4757085020242915,4.807275541795666,9.447368421052632
355020,0.4063745019920319,1.2729083665338645,4.4760956175298805,1.099601593625498,4.02191235059761,4.749003984063745,0.043824701195219126,2.443396226415094,2.4352941176470586,5.320717131474104,8.770916334661354
355052,0.5002630194634403,1.371383482377696,4.267227774855339,1.2298790110468174,4.364544976328248,4.953708574434508,0.009994739610731194,2.3448275862068964,2.2916666666666665,4.881115202524986,9.318253550762757
355053,0.5054495912806539,1.1280653950953679,4.08991825613079,0.9659400544959128,4.128065395095367,4.336512261580381,0.06267029972752043,2.45,2.5,4.381471389645776,8.464577656675749
355054,0.48945147679324896,1.3811533052039382,4.481012658227848,1.19971870604782,4.457102672292546,4.926863572433192,0.015471167369901548,2.5441176470588234,2.4318181818181817,4.915611814345992,9.38396624472574
355323,0.5486725663716814,1.4115044247787611,4.2765486725663715,1.2345132743362832,4.54424778761062,5.278761061946903,0.046460176991150445,2.4683544303797467,2.5376344086021505,4.995575221238938,9.823008849557523
355457,0.45863309352517984,1.356115107913669,4.515287769784172,1.189748201438849,4.388489208633094,4.813848920863309,0.007194244604316547,2.598086124401914,2.3743589743589744,4.928057553956834,9.202338129496402
355648,0.4292866082603254,1.360450563204005,4.571964956195244,1.1927409261576971,4.324155193992491,4.657071339173967,0.04380475594493116,2.4716981132075473,2.1791044776119404,4.901126408010012,8.981226533166458
355830,0.5410714285714285,1.3696428571428572,4.2214285714285715,1.261607142857143,4.350892857142857,5.109821428571428,0.06339285714285714,2.3636363636363638,2.374407582938389,4.963392857142857,9.460714285714285
361897,0.5625,1.3541666666666667,4.208333333333333,1.3333333333333333,4.520833333333333,5.208333333333333,0.020833333333333332,2.5714285714285716,2.6666666666666665,4.8125,9.729166666666666
362322,0.4873444873444873,1.3663663663663663,4.357357357357357,1.2329472329472329,4.327327327327327,4.906477906477907,0.015444015444015444,2.5245535714285716,2.45933014354067,4.91033891033891,9.233805233805233
362323,0.5655172413793104,1.4827586206896552,4.13103448275862,1.4137931034482758,4.337931034482758,4.862068965517241,0.11724137931034483,2.3333333333333335,2.0344827586206895,4.627586206896551,9.2
362324,0.4463373083475298,1.395229982964225,4.477001703577513,1.2146507666098807,4.228279386712096,4.833049403747871,0.018739352640545145,2.4,2.495049504950495,5.07495741056218,9.061328790459966
362727,0.42462845010615713,1.3227176220806793,4.447983014861996,1.1740976645435244,4.118895966029724,4.779193205944798,0.044585987261146494,2.484848484848485,2.5526315789473686,5.118895966029724,8.898089171974522
362855,0.4305555555555556,1.2430555555555556,4.326388888888889,1.0208333333333333,3.9444444444444446,4.708333333333333,0.0,2.5925925925925926,2.48,5.034722222222222,8.652777777777779
362925,0.4676674364896074,1.3302540415704387,4.5577367205542725,1.1466512702078522,4.341801385681293,4.88568129330254,0.013856812933025405,2.625766871165644,2.5163398692810457,5.066974595842956,9.227482678983833
362964,0.37735849056603776,1.2169811320754718,4.60377358490566,1.009433962264151,3.9716981132075473,4.943396226415095,0.10377358490566038,2.3181818181818183,2.4444444444444446,5.613207547169812,8.915094339622641
362965,0.521539206195547,1.4474830590513068,4.319941916747338,1.3010648596321395,4.4731364956437565,4.94917715392062,0.03702807357212004,2.3448275862068964,2.350502512562814,4.801064859632139,9.422313649564376
363260,0.5024092515258592,1.3392226148409894,4.423707035014456,1.2059106970767748,4.350144555091552,4.8650819145518795,0.019274012206874396,2.434412265758092,2.4300884955752213,4.907163507870222,9.215226469643431
363261,0.5196950444726811,1.432020330368488,4.256670902160102,1.2846251588310038,4.4002541296060995,5.119440914866582,0.0241423125794155,2.4413793103448276,2.4932432432432434,4.936467598475223,9.51969504447268
363262,0.4465195246179966,1.1536502546689305,4.282682512733446,1.0067911714770799,3.9770797962648556,4.49151103565365,0.022920203735144314,2.2600896860986546,2.4293478260869565,4.743633276740238,8.468590831918506
363737,0.5283595113438045,1.4306282722513088,4.162303664921466,1.2674520069808028,4.377399650959861,5.0,0.03228621291448516,2.422391857506361,2.459954233409611,4.786649214659686,9.37739965095986
368029,0.5053763440860215,1.3397849462365592,4.440860215053763,1.2623655913978495,4.526881720430108,4.832258064516129,0.008602150537634409,2.6097560975609757,2.409090909090909,4.838709677419355,9.359139784946237
368716,0.4441747572815534,1.2655339805825243,4.710194174757282,1.108252427184466,4.4,4.691747572815534,0.1262135922330097,2.5047846889952154,2.4502762430939224,5.018446601941748,9.091747572815533
369311,0.45454545454545453,1.5454545454545454,4.681818181818182,1.4545454545454546,4.636363636363637,5.7727272727272725,0.0,2.6,3.5,6.045454545454546,10.409090909090908
369559,0.5698924731182796,1.435483870967742,4.134408602150538,1.2634408602150538,4.451612903225806,4.967741935483871,0.021505376344086023,2.15625,2.1714285714285713,4.553763440860215,9.419354838709678
369694,0.5200501253132832,1.362155388471178,4.409147869674185,1.1929824561403508,4.3959899749373434,4.916040100250626,0.06265664160401002,2.43205574912892,2.3377049180327867,4.865914786967418,9.31203007518797
370210,0.45714285714285713,1.2666666666666666,4.20952380952381,1.1142857142857143,3.961904761904762,4.685714285714286,0.08571428571428572,2.5238095238095237,2.625,4.933333333333334,8.647619047619047
370211,0.5706874189364461,1.2114137483787288,3.9610894941634243,1.093385214007782,4.285343709468223,4.784695201037613,0.029831387808041506,2.2063492063492065,2.462068965517241,4.437094682230869,9.070038910505836
370676,0.46794871794871795,1.336080586080586,4.445054945054945,1.2023809523809523,4.242673992673993,4.867216117216117,0.009157509157509158,2.553921568627451,2.467005076142132,5.0576923076923075,9.10989010989011
370876,0.2765957446808511,1.2340425531914894,5.0,0.8723404255319149,3.851063829787234,3.9148936170212765,0.0,2.2,2.5714285714285716,5.127659574468085,7.76595744680851
371356,0.75,1.75,4.5,1.75,6.0,5.75,0.0,3.0,3.0,4.75,11.75
371497,0.5354330708661418,1.4251968503937007,4.315566323440339,1.2598425196850394,4.439127801332526,4.913385826771654,0.009085402786190187,2.370242214532872,2.4585987261146496,4.780738946093277,9.352513628104179
371655,0.42105263157894735,1.1578947368421053,4.842105263157895,1.263157894736842,4.578947368421052,4.473684210526316,0.0,3.2,2.0,5.0,9.052631578947368
372969,0.5164835164835165,1.370879120879121,4.387362637362638,1.2197802197802199,4.521978021978022,4.989010989010989,0.03021978021978022,2.442622950819672,2.535211267605634,4.884615384615385,9.510989010989011
373088,0.5488565488565489,1.501039501039501,4.037422037422037,1.2765072765072765,4.17047817047817,5.17047817047817,0.035343035343035345,2.25,2.231578947368421,4.925155925155925,9.34095634095634
373111,0.5438066465256798,1.3776435045317221,4.072507552870091,1.2326283987915407,4.20845921450151,5.311178247734139,0.045317220543806644,2.25,2.5692307692307694,5.256797583081571,9.51963746223565
373159,0.47586206896551725,1.3264367816091953,4.418390804597701,1.2045977011494253,4.255172413793104,4.841379310344828,0.011494252873563218,2.4939759036144578,2.2857142857142856,4.919540229885057,9.096551724137932
373830,0.0,1.0555555555555556,5.444444444444445,0.8333333333333334,2.8333333333333335,3.1666666666666665,0.0,2.5,0,5.611111111111111,6.0
playerID,win_rate,average_max_points_in_a_row,average_service_points_lost,average_biggest_lead,average_receiver_points_won,average_service_points_won,average_service_error,average_comeback_loss,average_comeback_to_win,average_receiver_points_lost,average_points
373930,0.5468227424749164,1.4910813823857303,4.043478260869565,1.3439241917502787,4.283723522853958,5.127090301003345,0.013377926421404682,2.4854368932038833,2.254335260115607,4.840022296544036,9.410813823857302
374009,0.5164473684210527,1.3848684210526316,4.4243421052631575,1.230263157894737,4.421052631578948,4.815789473684211,0.009868421052631578,2.375,2.189655172413793,4.792763157894737,9.236842105263158
374841,0.5218340611353712,1.3286026200873362,4.489082969432315,1.1506550218340612,4.473799126637554,4.927947598253275,0.02292576419213974,2.3719512195121952,2.5714285714285716,4.945414847161572,9.40174672489083
375363,0.5306334371754933,1.367601246105919,4.341121495327103,1.2263759086188992,4.477154724818276,4.970924195223261,0.028556593977154723,2.446376811594203,2.321525885558583,4.839044652128765,9.448078920041537
376188,0.5178571428571429,1.1339285714285714,3.6785714285714284,1.1160714285714286,3.8660714285714284,4.392857142857143,0.0625,2.5,2.5,4.267857142857143,8.258928571428571
377210,0.5350500715307582,1.4120171673819744,4.24964234620887,1.293991416309013,4.40271816881259,4.898426323319027,0.022889842632331903,2.419753086419753,2.2393822393822393,4.741058655221745,9.301144492131616
378574,0.4246575342465753,1.3835616438356164,4.554794520547945,1.1917808219178083,4.294520547945205,4.86986301369863,0.0273972602739726,2.6333333333333333,2.68,5.205479452054795,9.164383561643836
379879,0.5329949238578681,1.4695431472081217,4.152284263959391,1.2791878172588833,4.238578680203045,5.317258883248731,0.027918781725888325,2.4864864864864864,2.4358974358974357,5.16497461928934,9.555837563451776
379996,0.5206611570247934,1.3305785123966942,4.285123966942149,1.2396694214876034,4.355371900826446,5.0041322314049586,0.02066115702479339,2.1463414634146343,2.282608695652174,4.971074380165289,9.359504132231406
380113,0.38666666666666666,1.2666666666666666,4.533333333333333,1.0266666666666666,4.053333333333334,4.6,0.006666666666666667,2.586206896551724,2.526315789473684,5.126666666666667,8.653333333333334
380350,0.6112759643916914,1.6023738872403561,3.8100890207715135,1.5014836795252227,4.5222551928783385,5.353115727002967,0.0830860534124629,2.5357142857142856,2.3835616438356166,4.605341246290801,9.875370919881306
380834,0.6197183098591549,1.3380281690140845,4.140845070422535,1.2394366197183098,4.507042253521127,5.098591549295775,0.056338028169014086,2.3823529411764706,2.466666666666667,4.727699530516432,9.605633802816902
381358,0.6113744075829384,1.3507109004739337,4.080568720379147,1.1990521327014219,4.492890995260663,5.345971563981043,0.04739336492890995,2.303030303030303,2.8260869565217392,4.895734597156398,9.838862559241706
382593,0.5111111111111111,1.4190476190476191,4.511111111111111,1.2603174603174603,4.561904761904762,4.911111111111111,0.0380952380952381,2.360655737704918,2.6724137931034484,4.806349206349206,9.473015873015873
382728,0.38461538461538464,1.1153846153846154,4.5,1.1538461538461537,3.9615384615384617,4.884615384615385,0.0,2.6666666666666665,3.25,5.346153846153846,8.846153846153847
383261,0.44,1.22,4.38,1.34,4.28,4.5,0.12,2.2222222222222223,2.0,4.78,8.78
384637,0.5281007751937985,1.375968992248062,4.285852713178294,1.249031007751938,4.380813953488372,5.028100775193798,0.013565891472868217,2.2972972972972974,2.4079601990049753,4.875968992248062,9.40891472868217
385224,0.5684931506849316,1.7465753424657535,4.260273972602739,1.4863013698630136,4.801369863013699,5.0,0.0273972602739726,2.730769230769231,2.193548387096774,4.4520547945205475,9.801369863013699
386163,0.46524064171123,1.3689839572192513,4.197860962566845,1.2566844919786095,4.117647058823529,5.13903743315508,0.0,2.4634146341463414,2.103448275862069,5.1550802139037435,9.256684491978609
386750,0.6896551724137931,1.4137931034482758,3.8620689655172415,1.3103448275862069,4.517241379310345,5.689655172413793,0.0,2.25,2.8333333333333335,4.862068965517241,10.206896551724139
386815,0.4017094017094017,1.3076923076923077,4.316239316239316,1.1282051282051282,3.965811965811966,5.0256410256410255,0.008547008547008548,2.6923076923076925,2.3125,5.401709401709402,8.991452991452991
386816,0.5487528344671202,1.4625850340136055,4.2811791383219955,1.280045351473923,4.454648526077097,4.996598639455782,0.013605442176870748,2.3698630136986303,2.4395604395604398,4.81859410430839,9.45124716553288
387059,0.5,1.0869565217391304,4.239130434782608,1.0434782608695652,4.217391304347826,5.086956521739131,0.043478260869565216,2.3,2.111111111111111,5.260869565217392,9.304347826086957
387705,0.47815533980582525,1.2936893203883495,4.526699029126213,1.1286407766990292,4.41747572815534,4.866504854368932,0.012135922330097087,2.3875,2.3766233766233764,5.058252427184466,9.283980582524272
387706,0.41832669322709165,1.3187250996015936,4.51792828685259,1.0637450199203187,4.075697211155378,4.856573705179283,0.06772908366533864,2.36734693877551,2.6097560975609757,5.247011952191235,8.93227091633466
387955,0.5296442687747036,1.3280632411067195,4.169960474308301,1.2055335968379446,4.292490118577075,5.296442687747035,0.023715415019762844,2.5416666666666665,2.3529411764705883,5.134387351778656,9.588932806324111
388521,0.5118110236220472,1.3779527559055118,4.47244094488189,1.3123359580052494,4.543307086614173,4.7795275590551185,0.0026246719160104987,2.5492957746478875,2.3142857142857145,4.690288713910761,9.32283464566929
388783,0.425414364640884,1.367403314917127,4.248618784530387,1.1961325966850829,3.9751381215469612,5.104972375690608,0.027624309392265192,2.547945205479452,2.25,5.301104972375691,9.08011049723757
389159,0.6923076923076923,0.0,0.0,0.0,0.0,0.0,0.0,0,0,0.0,0.0
389355,0.4117647058823529,1.5098039215686274,4.333333333333333,1.3529411764705883,4.176470588235294,4.784313725490196,0.0,3.25,2.2222222222222223,4.96078431372549,8.96078431372549
389884,0.2608695652173913,1.391304347826087,4.434782608695652,1.2173913043478262,3.869565217391304,4.739130434782608,0.17391304347826086,2.3333333333333335,3.5,5.3478260869565215,8.478260869565217
390285,0.4375,1.3229166666666667,4.65625,1.0208333333333333,4.270833333333333,4.979166666666667,0.010416666666666666,3.0,2.45,5.416666666666667,9.25
390782,0.4975728155339806,1.4429611650485437,4.475728155339806,1.296116504854369,4.548543689320389,4.821601941747573,0.009708737864077669,2.49375,2.4054054054054053,4.726941747572815,9.370145631067961
391405,0.5252293577981652,1.4059633027522935,3.967889908256881,1.3577981651376148,4.201834862385321,5.26605504587156,0.013761467889908258,2.6052631578947367,2.4054054054054053,5.004587155963303,9.46788990825688
391617,0.6122082585278277,1.4901256732495511,4.068222621184919,1.3734290843806105,4.581687612208259,5.215439856373429,0.03052064631956912,2.3655913978494625,2.3879310344827585,4.710951526032316,9.797127468581687
392158,0.4344660194174757,1.2888349514563107,4.497572815533981,1.1213592233009708,4.087378640776699,4.740291262135922,0.019417475728155338,2.2531645569620253,2.5135135135135136,5.138349514563107,8.827669902912621
392302,0.36764705882352944,1.2279411764705883,4.580882352941177,1.0441176470588236,3.7941176470588234,4.544117647058823,0.007352941176470588,2.142857142857143,2.5,5.367647058823529,8.338235294117647
392601,0.44264943457189015,1.332794830371567,4.531502423263328,1.1615508885298869,4.21486268174475,4.846526655896607,0.03231017770597738,2.403225806451613,2.4761904761904763,5.143780290791599,9.061389337641357
392751,0.4,1.4,3.8,1.4,4.4,4.6,0.0,1.0,2.0,4.4,9.0
392883,0.4891304347826087,1.3804347826086956,4.456521739130435,1.2608695652173914,4.445652173913044,4.880434782608695,0.021739130434782608,2.0555555555555554,2.235294117647059,5.021739130434782,9.326086956521738
393347,0.46153846153846156,1.5,3.8653846153846154,1.1346153846153846,3.6538461538461537,5.423076923076923,0.0,2.0,2.5454545454545454,5.596153846153846,9.076923076923077
393957,0.2804878048780488,1.3658536585365855,4.7682926829268295,1.1341463414634145,3.8902439024390243,4.463414634146342,0.0,2.75,3.1666666666666665,5.451219512195122,8.353658536585366
394429,0.5405405405405406,1.4594594594594594,4.07027027027027,1.345945945945946,4.345945945945946,5.178378378378379,0.005405405405405406,2.5,2.2285714285714286,4.92972972972973,9.524324324324324
394837,0.4768211920529801,1.3377483443708609,4.225165562913907,1.2781456953642385,4.039735099337748,4.9801324503311255,0.019867549668874173,2.3448275862068964,2.3846153846153846,5.026490066225166,9.019867549668874
395987,0.5537190082644629,1.4545454545454546,4.140495867768595,1.2148760330578512,4.43801652892562,5.239669421487603,0.10743801652892562,2.3333333333333335,2.3333333333333335,5.016528925619835,9.677685950413224
396087,0.6078431372549019,1.3529411764705883,4.0588235294117645,1.196078431372549,4.333333333333333,5.254901960784314,0.0,2.0,2.5833333333333335,5.0,9.588235294117647
396292,0.19230769230769232,1.0769230769230769,4.961538461538462,0.7692307692307693,3.1538461538461537,3.5384615384615383,0.0,2.0,1.6666666666666667,5.461538461538462,6.6923076923076925
playerID,win_rate,average_max_points_in_a_row,average_service_points_lost,average_biggest_lead,average_receiver_points_won,average_service_points_won,average_service_error,average_comeback_loss,average_comeback_to_win,average_receiver_points_lost,average_points
