{"events": [{"tournament": {"name": "Liga Pro", "slug": "liga-pro", "category": {"name": "Other", "slug": "other", "sport": {"name": "Tennis", "slug": "tennis", "id": 5}, "id": 1555, "flag": "other"}, "uniqueTournament": {"name": "Liga Pro", "slug": "liga-pro", "category": {"name": "Other", "slug": "other", "sport": {"name": "Tennis", "slug": "tennis", "id": 5}, "id": 1555, "flag": "other"}, "userCount": 98, "id": 14770, "hasEventPlayerStatistics": false}, "id": 79016}, "customId": "KIMcsvfed", "status": {"code": 100, "description": "Ended", "type": "finished"}, "winnerCode": 1, "homeTeam": {"name": "Oganov Z.", "slug": "oganov-zoriy", "shortName": "Oganov Z.", "userCount": 7, "nameCode": "OZO", "national": false, "type": 1, "id": 385270, "subTeams": [], "teamColors": {"primary": "#52b030", "secondary": "#52b030", "text": "#ffffff"}}, "awayTeam": {"name": "Fokin V.", "slug": "fokin-vsevolod", "shortName": "Fokin V.", "userCount": 9, "nameCode": "FVS", "national": false, "type": 1, "id": 344185, "subTeams": [], "teamColors": {"primary": "#52b030", "secondary": "#52b030", "text": "#ffffff"}}, "homeScore": {"current": 2, "display": 2, "period1": 6, "period2": 6, "period3": 10, "normaltime": 2}, "awayScore": {"current": 1, "display": 1, "period1": 4, "period2": 7, "period3": 7, "normaltime": 1}, "time": {"current": 7390, "period1": 2386, "period2": 4022, "period3": 982, "currentPeriodStartTimestamp": 1630351721}, "changes": {"changes": ["status.code", "status.description", "status.type", "homeScore.current", "homeScore.display", "homeScore.period3", "homeScore.normaltime", "awayScore.period3", "awayScore.normaltime", "time.current", "time.period3"], "changeTimestamp": 1630351897}, "hasGlobalHighlights": false, "id": 9761042, "startTimestamp": 1630342800, "slug": "oganov-fokin", "periods": {"point": "Game", "current": "Match", "period1": "1st set", "period2": "2nd set", "period3": "3rd set", "period4": "4th set", "period5": "5th set"}, "finalResultOnly": false}, {"tournament": {"name": "Liga Pro", "slug": "liga-pro", "category": {"name": "Other", "slug": "other", "sport": {"name": "Tennis", "slug": "tennis", "id": 5}, "id": 1555, "flag": "other"}, "uniqueTournament": {"name": "Liga Pro", "slug": "liga-pro", "category": {"name": "Other", "slug": "other", "sport": {"name": "Tennis", "slug": "tennis", "id": 5}, "id": 1555, "flag": "other"}, "userCount": 98, "id": 14770, "hasEventPlayerStatistics": false}, "id": 79016}, "customId": "KIMcsvfed", "status": {"code": 100, "description": "Ended", "type": "finished"}, "winnerCode": 1, "homeTeam": {"name": "Fokin V.", "slug": "fokin-vsevolod", "shortName": "Fokin V.", "userCount": 9, "nameCode": "FVS", "national": false, "type": 1, "id": 344185, "subTeams": [], "teamColors": {"primary": "#52b030", "secondary": "#52b030", "text": "#ffffff"}}, "awayTeam": {"name": "Oganov Z.", "slug": "oganov-zoriy", "shortName": "Oganov Z.", "userCount": 7, "nameCode": "OZO", "national": false, "type": 1, "id": 385270, "subTeams": [], "teamColors": {"primary": "#52b030", "secondary": "#52b030", "text": "#ffffff"}}, "homeScore": {"current": 2, "display": 2, "period1": 4, "period2": 6, "period3": 10, "normaltime": 2}, "awayScore": {"current": 1, "display": 1, "period1": 6, "period2": 2, "period3": 2, "normaltime": 1}, "time": {"current": 5976, "period1": 2958, "period2": 2394, "period3": 624, "currentPeriodStartTimestamp": 1630358661}, "changes": {"changes": ["status.code", "status.description", "status.type", "homeScore.current", "homeScore.display", "homeScore.period3", "homeScore.normaltime", "awayScore.period3", "awayScore.normaltime", "time.current", "time.period3"], "changeTimestamp": 1630358736}, "hasGlobalHighlights": false, "id": 9761043, "startTimestamp": 1630348200, "slug": "oganov-fokin", "periods": {"point": "Game", "current": "Match", "period1": "1st set", "period2": "2nd set", "period3": "3rd set", "period4": "4th set", "period5": "5th set"}, "finalResultOnly": false}, {"tournament": {"name": "Liga Pro", "slug": "liga-pro", "category": {"name": "Other", "slug": "other", "sport": {"name": "Tennis", "slug": "tennis", "id": 5}, "id": 1555, "flag": "other"}, "uniqueTournament": {"name": "Liga Pro", "slug": "liga-pro", "category": {"name": "Other", "slug": "other", "sport": {"name": "Tennis", "slug": "tennis", "id": 5}, "id": 1555, "flag": "other"}, "userCount": 98, "id": 14770, "hasEventPlayerStatistics": false}, "id": 79016}, "customId": "cjedspned", "status": {"code": 100, "description": "Ended", "type": "finished"}, "winnerCode": 1, "homeTeam": {"name": "Volkov D.", "slug": "volkov-dmitriy", "shortName": "Volkov D.", "userCount": 18, "nameCode": "VDM", "national": false, "type": 1, "id": 385452, "subTeams": [], "teamColors": {"primary": "#52b030", "secondary": "#52b030", "text": "#ffffff"}}, "awayTeam": {"name": "Berezhnov S.", "slug": "berezhnov-sergey", "shortName": "Berezhnov S.", "userCount": 9, "nameCode": "BSE", "national": false, "type": 1, "id": 385665, "subTeams": [], "teamColors": {"primary": "#52b030", "secondary": "#52b030", "text": "#ffffff"}}, "homeScore": {"current": 2, "display": 2, "period1": 7, "period2": 1, "period3": 10, "normaltime": 2}, "awayScore": {"current": 1, "display": 1, "period1": 6, "period2": 6, "period3": 6, "normaltime": 1}, "time": {"current": 7668, "period1": 4597, "period2": 2111, "period3": 960, "currentPeriodStartTimestamp": 1630392750}, "changes": {"changes": ["status.code", "status.description", "status.type", "homeScore.current", "homeScore.display", "homeScore.period3", "homeScore.normaltime", "awayScore.period3", "awayScore.normaltime", "time.current", "time.period3"], "changeTimestamp": 1630392755}, "hasGlobalHighlights": false, "id": 9763388, "startTimestamp": 1630384200, "slug": "berezhnov-volkov", "periods": {"point": "Game", "current": "Match", "period1": "1st set", "period2": "2nd set", "period3": "3rd set", "period4": "4th set", "period5": "5th set"}, "finalResultOnly": false}, {"tournament": {"name": "Liga Pro", "slug": "liga-pro", "category": {"name": "Other", "slug": "other", "sport": {"name": "Tennis", "slug": "tennis", "id": 5}, "id": 1555, "flag": "other"}, "uniqueTournament": {"name": "Liga Pro", "slug": "liga-pro", "category": {"name": "Other", "slug": "other", "sport": {"name": "Tennis", "slug": "tennis", "id": 5}, "id": 1555, "flag": "other"}, "userCount": 98, "id": 14770, "hasEventPlayerStatistics": false}, "id": 79016}, "customId": "cjedspned", "status": {"code": 100, "description": "Ended", "type": "finished"}, "winnerCode": 1, "homeTeam": {"name": "Berezhnov S.", "slug": "berezhnov-sergey", "shortName": "Berezhnov S.", "userCount": 9, "nameCode": "BSE", "national": false, "type": 1, "id": 385665, "subTeams": [], "teamColors": {"primary": "#52b030", "secondary": "#52b030", "text": "#ffffff"}}, "awayTeam": {"name": "Volkov D.", "slug": "volkov-dmitriy", "shortName": "Volkov D.", "userCount": 18, "nameCode": "VDM", "national": false, "type": 1, "id": 385452, "subTeams": [], "teamColors": {"primary": "#52b030", "secondary": "#52b030", "text": "#ffffff"}}, "homeScore": {"current": 2, "display": 2, "period1": 6, "period2": 6, "normaltime": 2}, "awayScore": {"current": 0, "display": 0, "period1": 3, "period2": 3, "normaltime": 0}, "time": {"current": 6248, "period1": 3433, "period2": 2815, "currentPeriodStartTimestamp": 1630400145}, "changes": {"changes": ["status.code", "status.description", "status.type", "homeScore.current", "homeScore.display", "homeScore.period2", "homeScore.normaltime", "awayScore.normaltime", "time.current", "time.period2"], "changeTimestamp": 1630400321}, "hasGlobalHighlights": false, "id": 9763389, "startTimestamp": 1630389600, "slug": "berezhnov-volkov", "periods": {"point": "Game", "current": "Match", "period1": "1st set", "period2": "2nd set", "period3": "3rd set", "period4": "4th set", "period5": "5th set"}, "finalResultOnly": false}, {"tournament": {"name": "Liga Pro", "slug": "liga-pro", "category": {"name": "Other", "slug": "other", "sport": {"name": "Tennis", "slug": "tennis", "id": 5}, "id": 1555, "flag": "other"}, "uniqueTournament": {"name": "Liga Pro", "slug": "liga-pro", "category": {"name": "Other", "slug": "other", "sport": {"name": "Tennis", "slug": "tennis", "id": 5}, "id": 1555, "flag": "other"}, "userCount": 98, "id": 14770, "hasEventPlayerStatistics": false}, "id": 79016}, "customId": "CzPcsWtfd", "status": {"code": 100, "description": "Ended", "type": "finished"}, "winnerCode": 2, "homeTeam": {"name": "Satvaldyev S.", "slug": "satvaldyev-sherali", "shortName": "Satvaldyev S.", "gender": "M", "userCount": 3, "nameCode": "SSH", "national": false, "type": 1, "id": 351227, "subTeams": [], "teamColors": {"primary": "#52b030", "secondary": "#52b030", "text": "#ffffff"}}, "awayTeam": {"name": "Zhupan Y.", "slug": "zhupan-yury", "shortName": "Zhupan Y.", "userCount": 1, "nameCode": "ZYU", "national": false, "type": 1, "id": 388446, "subTeams": [], "teamColors": {"primary": "#52b030", "secondary": "#52b030", "text": "#ffffff"}}, "homeScore": {"current": 0, "display": 0, "period1": 4, "period2": 2, "normaltime": 0}, "awayScore": {"current": 2, "display": 2, "period1": 6, "period2": 6, "normaltime": 2}, "time": {"current": 5362, "period1": 2927, "period2": 2435, "currentPeriodStartTimestamp": 1630434894}, "changes": {"changes": ["status.code", "status.description", "status.type", "homeScore.normaltime", "awayScore.current", "awayScore.display", "awayScore.period2", "awayScore.normaltime", "time.current", "time.period2"], "changeTimestamp": 1630435055}, "hasGlobalHighlights": false, "id": 9763390, "startTimestamp": 1630429200, "slug": "zhupan-satvaldyev", "periods": {"point": "Game", "current": "Match", "period1": "1st set", "period2": "2nd set", "period3": "3rd set", "period4": "4th set", "period5": "5th set"}, "finalResultOnly": false}, {"tournament": {"name": "Liga Pro", "slug": "liga-pro", "category": {"name": "Other", "slug": "other", "sport": {"name": "Tennis", "slug": "tennis", "id": 5}, "id": 1555, "flag": "other"}, "uniqueTournament": {"name": "Liga Pro", "slug": "liga-pro", "category": {"name": "Other", "slug": "other", "sport": {"name": "Tennis", "slug": "tennis", "id": 5}, "id": 1555, "flag": "other"}, "userCount": 98, "id": 14770, "hasEventPlayerStatistics": false}, "id": 79016}, "customId": "CzPcsWtfd", "status": {"code": 100, "description": "Ended", "type": "finished"}, "winnerCode": 1, "homeTeam": {"name": "Zhupan Y.", "slug": "zhupan-yury", "shortName": "Zhupan Y.", "userCount": 1, "nameCode": "ZYU", "national": false, "type": 1, "id": 388446, "subTeams": [], "teamColors": {"primary": "#52b030", "secondary": "#52b030", "text": "#ffffff"}}, "awayTeam": {"name": "Satvaldyev S.", "slug": "satvaldyev-sherali", "shortName": "Satvaldyev S.", "gender": "M", "userCount": 3, "nameCode": "SSH", "national": false, "type": 1, "id": 351227, "subTeams": [], "teamColors": {"primary": "#52b030", "secondary": "#52b030", "text": "#ffffff"}}, "homeScore": {"current": 2, "display": 2, "period1": 0, "period2": 7, "period3": 10, "normaltime": 2}, "awayScore": {"current": 1, "display": 1, "period1": 6, "period2": 5, "period3": 4, "normaltime": 1}, "time": {"current": 5445, "period1": 1163, "period2": 3790, "period3": 492, "currentPeriodStartTimestamp": 1630441009}, "changes": {"changes": ["status.code", "status.description", "status.type", "homeScore.current", "homeScore.display", "homeScore.period3", "homeScore.normaltime", "awayScore.period3", "awayScore.normaltime", "time.current", "time.period3"], "changeTimestamp": 1630441173}, "hasGlobalHighlights": false, "id": 9763391, "startTimestamp": 1630434600, "slug": "zhupan-satvaldyev", "periods": {"point": "Game", "current": "Match", "period1": "1st set", "period2": "2nd set", "period3": "3rd set", "period4": "4th set", "period5": "5th set"}, "finalResultOnly": false}, {"tournament": {"name": "Liga Pro", "slug": "liga-pro", "category": {"name": "Other", "slug": "other", "sport": {"name": "Tennis", "slug": "tennis", "id": 5}, "id": 1555, "flag": "other"}, "uniqueTournament": {"name": "Liga Pro", "slug": "liga-pro", "category": {"name": "Other", "slug": "other", "sport": {"name": "Tennis", "slug": "tennis", "id": 5}, "id": 1555, "flag": "other"}, "userCount": 98, "id": 14770, "hasEventPlayerStatistics": false}, "id": 79016}, "customId": "ELTbsYpgd", "status": {"code": 100, "description": "Ended", "type": "finished"}, "winnerCode": 2, "homeTeam": {"name": "Kulikov V.", "slug": "kulikov-vladimir", "shortName": "Kulikov V.", "userCount": 12, "nameCode": "KUL", "national": false, "type": 1, "id": 234329, "subTeams": [], "teamColors": {"primary": "#52b030", "secondary": "#52b030", "text": "#ffffff"}}, "awayTeam": {"name": "Erastov I.", "slug": "erastov-ivan", "shortName": "Erastov I.", "userCount": 9, "nameCode": "EIV", "national": false, "type": 1, "id": 390798, "subTeams": [], "teamColors": {"primary": "#52b030", "secondary": "#52b030", "text": "#ffffff"}}, "homeScore": {"current": 1, "display": 1, "period1": 3, "period2": 6, "period3": 6, "normaltime": 1}, "awayScore": {"current": 2, "display": 2, "period1": 6, "period2": 2, "period3": 10, "normaltime": 2}, "time": {"current": 5219, "period1": 2027, "period2": 2340, "period3": 852, "currentPeriodStartTimestamp": 1630476612}, "changes": {"changes": ["status.code", "status.description", "status.type", "homeScore.period3", "homeScore.normaltime", "awayScore.current", "awayScore.display", "awayScore.period3", "awayScore.normaltime", "time.current", "time.period3"], "changeTimestamp": 1630476638}, "hasGlobalHighlights": false, "id": 9765332, "startTimestamp": 1630470600, "slug": "erastov-kulikov", "periods": {"point": "Game", "current": "Match", "period1": "1st set", "period2": "2nd set", "period3": "3rd set", "period4": "4th set", "period5": "5th set"}, "finalResultOnly": false}, {"tournament": {"name": "Liga Pro", "slug": "liga-pro", "category": {"name": "Other", "slug": "other", "sport": {"name": "Tennis", "slug": "tennis", "id": 5}, "id": 1555, "flag": "other"}, "uniqueTournament": {"name": "Liga Pro", "slug": "liga-pro", "category": {"name": "Other", "slug": "other", "sport": {"name": "Tennis", "slug": "tennis", "id": 5}, "id": 1555, "flag": "other"}, "userCount": 98, "id": 14770, "hasEventPlayerStatistics": false}, "id": 79016}, "customId": "ELTbsYpgd", "status": {"code": 100, "description": "Ended", "type": "finished"}, "winnerCode": 1, "homeTeam": {"name": "Erastov I.", "slug": "erastov-ivan", "shortName": "Erastov I.", "userCount": 9, "nameCode": "EIV", "national": false, "type": 1, "id": 390798, "subTeams": [], "teamColors": {"primary": "#52b030", "secondary": "#52b030", "text": "#ffffff"}}, "awayTeam": {"name": "Kulikov V.", "slug": "kulikov-vladimir", "shortName": "Kulikov V.", "userCount": 12, "nameCode": "KUL", "national": false, "type": 1, "id": 234329, "subTeams": [], "teamColors": {"primary": "#52b030", "secondary": "#52b030", "text": "#ffffff"}}, "homeScore": {"current": 2, "display": 2, "period1": 6, "period2": 6, "normaltime": 2}, "awayScore": {"current": 0, "display": 0, "period1": 4, "period2": 3, "normaltime": 0}, "time": {"current": 5171, "period1": 2894, "period2": 2277, "currentPeriodStartTimestamp": 1630482482}, "changes": {"changes": ["status.code", "status.description", "status.type", "homeScore.current", "homeScore.display", "homeScore.period2", "homeScore.normaltime", "awayScore.normaltime", "time.current", "time.period2"], "changeTimestamp": 1630482579}, "hasGlobalHighlights": false, "id": 9765333, "startTimestamp": 1630476000, "slug": "erastov-kulikov", "periods": {"point": "Game", "current": "Match", "period1": "1st set", "period2": "2nd set", "period3": "3rd set", "period4": "4th set", "period5": "5th set"}, "finalResultOnly": false}, {"tournament": {"name": "Liga Pro", "slug": "liga-pro", "category": {"name": "Other", "slug": "other", "sport": {"name": "Tennis", "slug": "tennis", "id": 5}, "id": 1555, "flag": "other"}, "uniqueTournament": {"name": "Liga Pro", "slug": "liga-pro", "category": {"name": "Other", "slug": "other", "sport": {"name": "Tennis", "slug": "tennis", "id": 5}, "id": 1555, "flag": "other"}, "userCount": 98, "id": 14770, "hasEventPlayerStatistics": false}, "id": 79016}, "customId": "RUedsxDgd", "status": {"code": 100, "description": "Ended", "type": "finished"}, "winnerCode": 1, "homeTeam": {"name": "Morgovsky D.", "slug": "morgovsky-dmitry", "shortName": "Morgovsky D.", "userCount": 2, "nameCode": "MDM", "national": false, "type": 1, "id": 387242, "subTeams": [], "teamColors": {"primary": "#52b030", "secondary": "#52b030", "text": "#ffffff"}}, "awayTeam": {"name": "Terekhov A.", "slug": "terekhov-artem", "shortName": "Terekhov A.", "userCount": 1, "nameCode": "TAR", "national": false, "type": 1, "id": 391422, "subTeams": [], "teamColors": {"primary": "#52b030", "secondary": "#52b030", "text": "#ffffff"}}, "homeScore": {"current": 2, "display": 2, "period1": 7, "period2": 6, "normaltime": 2}, "awayScore": {"current": 0, "display": 0, "period1": 6, "period2": 2, "normaltime": 0}, "time": {"current": 5178, "period1": 3365, "period2": 1813, "currentPeriodStartTimestamp": 1630521225}, "changes": {"changes": ["status.code", "status.description", "status.type", "homeScore.current", "homeScore.display", "homeScore.period2", "homeScore.normaltime", "awayScore.normaltime", "time.current", "time.period2"], "changeTimestamp": 1630521284}, "hasGlobalHighlights": false, "id": 9765334, "startTimestamp": 1630515600, "slug": "terekhov-morgovsky", "periods": {"point": "Game", "current": "Match", "period1": "1st set", "period2": "2nd set", "period3": "3rd set", "period4": "4th set", "period5": "5th set"}, "finalResultOnly": false}, {"tournament": {"name": "Liga Pro", "slug": "liga-pro", "category": {"name": "Other", "slug": "other", "sport": {"name": "Tennis", "slug": "tennis", "id": 5}, "id": 1555, "flag": "other"}, "uniqueTournament": {"name": "Liga Pro", "slug": "liga-pro", "category": {"name": "Other", "slug": "other", "sport": {"name": "Tennis", "slug": "tennis", "id": 5}, "id": 1555, "flag": "other"}, "userCount": 98, "id": 14770, "hasEventPlayerStatistics": false}, "id": 79016}, "customId": "RUedsxDgd", "status": {"code": 100, "description": "Ended", "type": "finished"}, "winnerCode": 2, "homeTeam": {"name": "Terekhov A.", "slug": "terekhov-artem", "shortName": "Terekhov A.", "userCount": 1, "nameCode": "TAR", "national": false, "type": 1, "id": 391422, "subTeams": [], "teamColors": {"primary": "#52b030", "secondary": "#52b030", "text": "#ffffff"}}, "awayTeam": {"name": "Morgovsky D.", "slug": "morgovsky-dmitry", "shortName": "Morgovsky D.", "userCount": 2, "nameCode": "MDM", "national": false, "type": 1, "id": 387242, "subTeams": [], "teamColors": {"primary": "#52b030", "secondary": "#52b030", "text": "#ffffff"}}, "homeScore": {"current": 1, "display": 1, "period1": 5, "period2": 7, "period3": 5, "normaltime": 1}, "awayScore": {"current": 2, "display": 2, "period1": 7, "period2": 6, "period3": 10, "normaltime": 2}, "time": {"current": 6758, "period1": 2630, "period2": 3491, "period3": 637, "currentPeriodStartTimestamp": 1630528556}, "changes": {"changes": ["status.code", "status.description", "status.type", "homeScore.period3", "homeScore.normaltime", "awayScore.current", "awayScore.display", "awayScore.period3", "awayScore.normaltime", "time.current", "time.period3"], "changeTimestamp": 1630528657}, "hasGlobalHighlights": false, "id": 9765335, "startTimestamp": 1630521000, "slug": "terekhov-morgovsky", "periods": {"point": "Game", "current": "Match", "period1": "1st set", "period2": "2nd set", "period3": "3rd set", "period4": "4th set", "period5": "5th set"}, "finalResultOnly": false}, {"tournament": {"name": "Liga Pro", "slug": "liga-pro", "category": {"name": "Other", "slug": "other", "sport": {"name": "Tennis", "slug": "tennis", "id": 5}, "id": 1555, "flag": "other"}, "uniqueTournament": {"name": "Liga Pro", "slug": "liga-pro", "category": {"name": "Other", "slug": "other", "sport": {"name": "Tennis", "slug": "tennis", "id": 5}, "id": 1555, "flag": "other"}, "userCount": 98, "id": 14770, "hasEventPlayerStatistics": false}, "id": 79016}, "customId": "VHMcsoued", "status": {"code": 100, "description": "Ended", "type": "finished"}, "winnerCode": 1, "homeTeam": {"name": "Yastrebov M.", "slug": "yastrebov-mikhail", "shortName": "Yastrebov M.", "userCount": 13, "nameCode": "YMI", "national": false, "type": 1, "id": 344145, "subTeams": [], "teamColors": {"primary": "#52b030", "secondary": "#52b030", "text": "#ffffff"}}, "awayTeam": {"name": "Krylov I.", "slug": "krylov-igor", "shortName": "Krylov I.", "userCount": 10, "nameCode": "KIG", "national": false, "type": 1, "id": 385964, "subTeams": [], "teamColors": {"primary": "#52b030", "secondary": "#52b030", "text": "#ffffff"}}, "homeScore": {"current": 2, "display": 2, "period1": 6, "period2": 7, "normaltime": 2}, "awayScore": {"current": 0, "display": 0, "period1": 2, "period2": 5, "normaltime": 0}, "time": {"current": 4638, "period1": 1902, "period2": 2736, "currentPeriodStartTimestamp": 1630562220}, "changes": {"changes": ["status.code", "status.description", "status.type", "homeScore.current", "homeScore.display", "homeScore.period2", "homeScore.normaltime", "awayScore.normaltime", "time.current", "time.period2"], "changeTimestamp": 1630562315}, "hasGlobalHighlights": false, "id": 9767933, "startTimestamp": 1630557000, "slug": "krylov-yastrebov", "periods": {"point": "Game", "current": "Match", "period1": "1st set", "period2": "2nd set", "period3": "3rd set", "period4": "4th set", "period5": "5th set"}, "finalResultOnly": false}, {"tournament": {"name": "Liga Pro", "slug": "liga-pro", "category": {"name": "Other", "slug": "other", "sport": {"name": "Tennis", "slug": "tennis", "id": 5}, "id": 1555, "flag": "other"}, "uniqueTournament": {"name": "Liga Pro", "slug": "liga-pro", "category": {"name": "Other", "slug": "other", "sport": {"name": "Tennis", "slug": "tennis", "id": 5}, "id": 1555, "flag": "other"}, "userCount": 98, "id": 14770, "hasEventPlayerStatistics": false}, "id": 79016}, "customId": "VHMcsoued", "status": {"code": 100, "description": "Ended", "type": "finished"}, "winnerCode": 2, "homeTeam": {"name": "Krylov I.", "slug": "krylov-igor", "shortName": "Krylov I.", "userCount": 10, "nameCode": "KIG", "national": false, "type": 1, "id": 385964, "subTeams": [], "teamColors": {"primary": "#52b030", "secondary": "#52b030", "text": "#ffffff"}}, "awayTeam": {"name": "Yastrebov M.", "slug": "yastrebov-mikhail", "shortName": "Yastrebov M.", "userCount": 13, "nameCode": "YMI", "national": false, "type": 1, "id": 344145, "subTeams": [], "teamColors": {"primary": "#52b030", "secondary": "#52b030", "text": "#ffffff"}}, "homeScore": {"current": 1, "display": 1, "period1": 6, "period2": 3, "period3": 6, "normaltime": 1}, "awayScore": {"current": 2, "display": 2, "period1": 3, "period2": 6, "period3": 10, "normaltime": 2}, "time": {"current": 5519, "period1": 2116, "period2": 2689, "period3": 714, "currentPeriodStartTimestamp": 1630568547}, "changes": {"changes": ["status.code", "status.description", "status.type", "homeScore.period3", "homeScore.normaltime", "awayScore.current", "awayScore.display", "awayScore.period3", "awayScore.normaltime", "time.current", "time.period3"], "changeTimestamp": 1630568617}, "hasGlobalHighlights": false, "id": 9767934, "startTimestamp": 1630562400, "slug": "krylov-yastrebov", "periods": {"point": "Game", "current": "Match", "period1": "1st set", "period2": "2nd set", "period3": "3rd set", "period4": "4th set", "period5": "5th set"}, "finalResultOnly": false}, {"tournament": {"name": "Liga Pro", "slug": "liga-pro", "category": {"name": "Other", "slug": "other", "sport": {"name": "Tennis", "slug": "tennis", "id": 5}, "id": 1555, "flag": "other"}, "uniqueTournament": {"name": "Liga Pro", "slug": "liga-pro", "category": {"name": "Other", "slug": "other", "sport": {"name": "Tennis", "slug": "tennis", "id": 5}, "id": 1555, "flag": "other"}, "userCount": 98, "id": 14770, "hasEventPlayerStatistics": false}, "id": 79016}, "customId": "kHedsGpfd", "status": {"code": 100, "description": "Ended", "type": "finished"}, "winnerCode": 2, "homeTeam": {"name": "Kromin K.", "slug": "kromin-konstantin", "shortName": "Kromin K.", "userCount": 5, "nameCode": "KKO", "national": false, "type": 1, "id": 386610, "subTeams": [], "teamColors": {"primary": "#52b030", "secondary": "#52b030", "text": "#ffffff"}}, "awayTeam": {"name": "Khodor R.", "slug": "khodor-rodion", "shortName": "Khodor R.", "userCount": 5, "nameCode": "KRO", "national": false, "type": 1, "id": 388281, "subTeams": [], "teamColors": {"primary": "#52b030", "secondary": "#52b030", "text": "#ffffff"}}, "homeScore": {"current": 1, "display": 1, "period1": 1, "period2": 6, "period3": 6, "normaltime": 1}, "awayScore": {"current": 2, "display": 2, "period1": 6, "period2": 3, "period3": 10, "normaltime": 2}, "time": {"current": 5423, "period1": 2134, "period2": 2473, "period3": 816, "currentPeriodStartTimestamp": 1630608234}, "changes": {"changes": ["status.code", "status.description", "status.type", "homeScore.period3", "homeScore.normaltime", "awayScore.current", "awayScore.display", "awayScore.period3", "awayScore.normaltime", "time.current", "time.period3"], "changeTimestamp": 1630608406}, "hasGlobalHighlights": false, "id": 9767935, "startTimestamp": 1630602000, "slug": "khodor-kromin", "periods": {"point": "Game", "current": "Match", "period1": "1st set", "period2": "2nd set", "period3": "3rd set", "period4": "4th set", "period5": "5th set"}, "finalResultOnly": false}, {"tournament": {"name": "Liga Pro", "slug": "liga-pro", "category": {"name": "Other", "slug": "other", "sport": {"name": "Tennis", "slug": "tennis", "id": 5}, "id": 1555, "flag": "other"}, "uniqueTournament": {"name": "Liga Pro", "slug": "liga-pro", "category": {"name": "Other", "slug": "other", "sport": {"name": "Tennis", "slug": "tennis", "id": 5}, "id": 1555, "flag": "other"}, "userCount": 98, "id": 14770, "hasEventPlayerStatistics": false}, "id": 79016}, "customId": "kHedsGpfd", "status": {"code": 100, "description": "Ended", "type": "finished"}, "winnerCode": 1, "homeTeam": {"name": "Khodor R.", "slug": "khodor-rodion", "shortName": "Khodor R.", "userCount": 5, "nameCode": "KRO", "national": false, "type": 1, "id": 388281, "subTeams": [], "teamColors": {"primary": "#52b030", "secondary": "#52b030", "text": "#ffffff"}}, "awayTeam": {"name": "Kromin K.", "slug": "kromin-konstantin", "shortName": "Kromin K.", "userCount": 5, "nameCode": "KKO", "national": false, "type": 1, "id": 386610, "subTeams": [], "teamColors": {"primary": "#52b030", "secondary": "#52b030", "text": "#ffffff"}}, "homeScore": {"current": 2, "display": 2, "period1": 6, "period2": 6, "normaltime": 2}, "awayScore": {"current": 0, "display": 0, "period1": 2, "period2": 1, "normaltime": 0}, "time": {"current": 3636, "period1": 1837, "period2": 1799, "currentPeriodStartTimestamp": 1630612691}, "changes": {"changes": ["status.code", "status.description", "status.type", "homeScore.current", "homeScore.display", "homeScore.period2", "homeScore.normaltime", "awayScore.normaltime", "time.current", "time.period2"], "changeTimestamp": 1630612723}, "hasGlobalHighlights": false, "id": 9767936, "startTimestamp": 1630607400, "slug": "khodor-kromin", "periods": {"point": "Game", "current": "Match", "period1": "1st set", "period2": "2nd set", "period3": "3rd set", "period4": "4th set", "period5": "5th set"}, "finalResultOnly": false}, {"tournament": {"name": "Liga Pro", "slug": "liga-pro", "category": {"name": "Other", "slug": "other", "sport": {"name": "Tennis", "slug": "tennis", "id": 5}, "id": 1555, "flag": "other"}, "uniqueTournament": {"name": "Liga Pro", "slug": "liga-pro", "category": {"name": "Other", "slug": "other", "sport": {"name": "Tennis", "slug": "tennis", "id": 5}, "id": 1555, "flag": "other"}, "userCount": 98, "id": 14770, "hasEventPlayerStatistics": false}, "id": 79016}, "customId": "hGedsYpgd", "status": {"code": 100, "description": "Ended", "type": "finished"}, "winnerCode": 2, "homeTeam": {"name": "Kapustin A.", "slug": "kapustin-andrey", "shortName": "Kapustin A.", "userCount": 11, "nameCode": "KAN", "national": false, "type": 1, "id": 386557, "subTeams": [], "teamColors": {"primary": "#52b030", "secondary": "#52b030", "text": "#ffffff"}}, "awayTeam": {"name": "Erastov I.", "slug": "erastov-ivan", "shortName": "Erastov I.", "userCount": 9, "nameCode": "EIV", "national": false, "type": 1, "id": 390798, "subTeams": [], "teamColors": {"primary": "#52b030", "secondary": "#52b030", "text": "#ffffff"}}, "homeScore": {"current": 0, "display": 0, "period1": 4, "period2": 4, "normaltime": 0}, "awayScore": {"current": 2, "display": 2, "period1": 6, "period2": 6, "normaltime": 2}, "time": {"current": 7715, "period1": 4201, "period2": 3514, "currentPeriodStartTimestamp": 1630651143}, "changes": {"changes": ["status.code", "status.description", "status.type", "homeScore.normaltime", "awayScore.current", "awayScore.display", "awayScore.period2", "awayScore.normaltime", "time.current", "time.period2"], "changeTimestamp": 1630651241}, "hasGlobalHighlights": false, "id": 9768039, "startTimestamp": 1630643400, "slug": "erastov-kapustin", "periods": {"point": "Game", "current": "Match", "period1": "1st set", "period2": "2nd set", "period3": "3rd set", "period4": "4th set", "period5": "5th set"}, "finalResultOnly": false}, {"tournament": {"name": "Liga Pro", "slug": "liga-pro", "category": {"name": "Other", "slug": "other", "sport": {"name": "Tennis", "slug": "tennis", "id": 5}, "id": 1555, "flag": "other"}, "uniqueTournament": {"name": "Liga Pro", "slug": "liga-pro", "category": {"name": "Other", "slug": "other", "sport": {"name": "Tennis", "slug": "tennis", "id": 5}, "id": 1555, "flag": "other"}, "userCount": 98, "id": 14770, "hasEventPlayerStatistics": false}, "id": 79016}, "customId": "hGedsYpgd", "status": {"code": 100, "description": "Ended", "type": "finished"}, "winnerCode": 1, "homeTeam": {"name": "Erastov I.", "slug": "erastov-ivan", "shortName": "Erastov I.", "userCount": 9, "nameCode": "EIV", "national": false, "type": 1, "id": 390798, "subTeams": [], "teamColors": {"primary": "#52b030", "secondary": "#52b030", "text": "#ffffff"}}, "awayTeam": {"name": "Kapustin A.", "slug": "kapustin-andrey", "shortName": "Kapustin A.", "userCount": 11, "nameCode": "KAN", "national": false, "type": 1, "id": 386557, "subTeams": [], "teamColors": {"primary": "#52b030", "secondary": "#52b030", "text": "#ffffff"}}, "homeScore": {"current": 2, "display": 2, "period1": 6, "period2": 6, "normaltime": 2}, "awayScore": {"current": 0, "display": 0, "period1": 3, "period2": 4, "normaltime": 0}, "time": {"current": 6163, "period1": 3142, "period2": 3021, "currentPeriodStartTimestamp": 1630658009}, "changes": {"changes": ["status.code", "status.description", "status.type", "homeScore.current", "homeScore.display", "homeScore.period2", "homeScore.normaltime", "awayScore.normaltime", "time.current", "time.period2"], "changeTimestamp": 1630658079}, "hasGlobalHighlights": false, "id": 9768040, "startTimestamp": 1630648800, "slug": "erastov-kapustin", "periods": {"point": "Game", "current": "Match", "period1": "1st set", "period2": "2nd set", "period3": "3rd set", "period4": "4th set", "period5": "5th set"}, "finalResultOnly": false}, {"tournament": {"name": "Liga Pro", "slug": "liga-pro", "category": {"name": "Other", "slug": "other", "sport": {"name": "Tennis", "slug": "tennis", "id": 5}, "id": 1555, "flag": "other"}, "uniqueTournament": {"name": "Liga Pro", "slug": "liga-pro", "category": {"name": "Other", "slug": "other", "sport": {"name": "Tennis", "slug": "tennis", "id": 5}, "id": 1555, "flag": "other"}, "userCount": 98, "id": 14770, "hasEventPlayerStatistics": false}, "id": 79016}, "customId": "xDgdslIgd", "status": {"code": 100, "description": "Ended", "type": "finished"}, "winnerCode": 1, "homeTeam": {"name": "Averin A.", "slug": "averin-alexey", "shortName": "Averin A.", "userCount": 1, "nameCode": "AAL", "national": false, "type": 1, "id": 391661, "subTeams": [], "teamColors": {"primary": "#52b030", "secondary": "#52b030", "text": "#ffffff"}}, "awayTeam": {"name": "Terekhov A.", "slug": "terekhov-artem", "shortName": "Terekhov A.", "userCount": 1, "nameCode": "TAR", "national": false, "type": 1, "id": 391422, "subTeams": [], "teamColors": {"primary": "#52b030", "secondary": "#52b030", "text": "#ffffff"}}, "homeScore": {"current": 2, "display": 2, "period1": 2, "period2": 6, "period3": 10, "normaltime": 2}, "awayScore": {"current": 1, "display": 1, "period1": 6, "period2": 3, "period3": 4, "normaltime": 1}, "time": {"current": 4258, "period1": 1668, "period2": 2010, "period3": 580, "currentPeriodStartTimestamp": 1630693023}, "changes": {"changes": ["status.code", "status.description", "status.type", "homeScore.current", "homeScore.display", "homeScore.period3", "homeScore.normaltime", "awayScore.period3", "awayScore.normaltime", "time.current", "time.period3"], "changeTimestamp": 1630693186}, "hasGlobalHighlights": false, "id": 9772242, "startTimestamp": 1630688400, "slug": "averin-terekhov", "periods": {"point": "Game", "current": "Match", "period1": "1st set", "period2": "2nd set", "period3": "3rd set", "period4": "4th set", "period5": "5th set"}, "finalResultOnly": false}, {"tournament": {"name": "Liga Pro", "slug": "liga-pro", "category": {"name": "Other", "slug": "other", "sport": {"name": "Tennis", "slug": "tennis", "id": 5}, "id": 1555, "flag": "other"}, "uniqueTournament": {"name": "Liga Pro", "slug": "liga-pro", "category": {"name": "Other", "slug": "other", "sport": {"name": "Tennis", "slug": "tennis", "id": 5}, "id": 1555, "flag": "other"}, "userCount": 98, "id": 14770, "hasEventPlayerStatistics": false}, "id": 79016}, "customId": "xDgdslIgd", "status": {"code": 100, "description": "Ended", "type": "finished"}, "winnerCode": 1, "homeTeam": {"name": "Terekhov A.", "slug": "terekhov-artem", "shortName": "Terekhov A.", "userCount": 1, "nameCode": "TAR", "national": false, "type": 1, "id": 391422, "subTeams": [], "teamColors": {"primary": "#52b030", "secondary": "#52b030", "text": "#ffffff"}}, "awayTeam": {"name": "Averin A.", "slug": "averin-alexey", "shortName": "Averin A.", "userCount": 1, "nameCode": "AAL", "national": false, "type": 1, "id": 391661, "subTeams": [], "teamColors": {"primary": "#52b030", "secondary": "#52b030", "text": "#ffffff"}}, "homeScore": {"current": 2, "display": 2, "period1": 6, "period2": 6, "normaltime": 2}, "awayScore": {"current": 0, "display": 0, "period1": 2, "period2": 3, "normaltime": 0}, "time": {"current": 4729, "period1": 1972, "period2": 2757, "currentPeriodStartTimestamp": 1630698583}, "changes": {"changes": ["status.code", "status.description", "status.type", "homeScore.current", "homeScore.display", "homeScore.period2", "homeScore.normaltime", "awayScore.normaltime", "time.current", "time.period2"], "changeTimestamp": 1630698767}, "hasGlobalHighlights": false, "id": 9772243, "startTimestamp": 1630693800, "slug": "averin-terekhov", "periods": {"point": "Game", "current": "Match", "period1": "1st set", "period2": "2nd set", "period3": "3rd set", "period4": "4th set", "period5": "5th set"}, "finalResultOnly": false}, {"tournament": {"name": "Liga Pro", "slug": "liga-pro", "category": {"name": "Other", "slug": "other", "sport": {"name": "Tennis", "slug": "tennis", "id": 5}, "id": 1555, "flag": "other"}, "uniqueTournament": {"name": "Liga Pro", "slug": "liga-pro", "category": {"name": "Other", "slug": "other", "sport": {"name": "Tennis", "slug": "tennis", "id": 5}, "id": 1555, "flag": "other"}, "userCount": 98, "id": 14770, "hasEventPlayerStatistics": false}, "id": 79016}, "customId": "glPcsoued", "status": {"code": 100, "description": "Ended", "type": "finished"}, "winnerCode": 2, "homeTeam": {"name": "Chuvilgin L.", "slug": "chuvilgin-leonid", "shortName": "Chuvilgin L.", "userCount": 7, "nameCode": "CLE", "national": false, "type": 1, "id": 350556, "subTeams": [], "teamColors": {"primary": "#52b030", "secondary": "#52b030", "text": "#ffffff"}}, "awayTeam": {"name": "Krylov I.", "slug": "krylov-igor", "shortName": "Krylov I.", "userCount": 10, "nameCode": "KIG", "national": false, "type": 1, "id": 385964, "subTeams": [], "teamColors": {"primary": "#52b030", "secondary": "#52b030", "text": "#ffffff"}}, "homeScore": {"current": 0, "display": 0, "period1": 0, "period2": 3, "normaltime": 0}, "awayScore": {"current": 2, "display": 2, "period1": 6, "period2": 6, "normaltime": 2}, "time": {"current": 3958, "period1": 1593, "period2": 2365, "currentPeriodStartTimestamp": 1630733212}, "changes": {"changes": ["status.code", "status.description", "status.type", "homeScore.normaltime", "awayScore.current", "awayScore.display", "awayScore.period2", "awayScore.normaltime", "time.current", "time.period2"], "changeTimestamp": 1630733319}, "hasGlobalHighlights": false, "id": 9775793, "startTimestamp": 1630728000, "slug": "krylov-chuvilgin", "periods": {"point": "Game", "current": "Match", "period1": "1st set", "period2": "2nd set", "period3": "3rd set", "period4": "4th set", "period5": "5th set"}, "finalResultOnly": false}, {"tournament": {"name": "Liga Pro", "slug": "liga-pro", "category": {"name": "Other", "slug": "other", "sport": {"name": "Tennis", "slug": "tennis", "id": 5}, "id": 1555, "flag": "other"}, "uniqueTournament": {"name": "Liga Pro", "slug": "liga-pro", "category": {"name": "Other", "slug": "other", "sport": {"name": "Tennis", "slug": "tennis", "id": 5}, "id": 1555, "flag": "other"}, "userCount": 98, "id": 14770, "hasEventPlayerStatistics": false}, "id": 79016}, "customId": "glPcsoued", "status": {"code": 100, "description": "Ended", "type": "finished"}, "winnerCode": 1, "homeTeam": {"name": "Krylov I.", "slug": "krylov-igor", "shortName": "Krylov I.", "userCount": 10, "nameCode": "KIG", "national": false, "type": 1, "id": 385964, "subTeams": [], "teamColors": {"primary": "#52b030", "secondary": "#52b030", "text": "#ffffff"}}, "awayTeam": {"name": "Chuvilgin L.", "slug": "chuvilgin-leonid", "shortName": "Chuvilgin L.", "userCount": 7, "nameCode": "CLE", "national": false, "type": 1, "id": 350556, "subTeams": [], "teamColors": {"primary": "#52b030", "secondary": "#52b030", "text": "#ffffff"}}, "homeScore": {"current": 2, "display": 2, "period1": 6, "period2": 4, "period3": 10, "normaltime": 2}, "awayScore": {"current": 1, "display": 1, "period1": 3, "period2": 6, "period3": 6, "normaltime": 1}, "time": {"current": 4635, "period1": 1515, "period2": 2515, "period3": 605, "currentPeriodStartTimestamp": 1630738585}, "changes": {"changes": ["status.code", "status.description", "status.type", "homeScore.current", "homeScore.display", "homeScore.period3", "homeScore.normaltime", "awayScore.period3", "awayScore.normaltime", "time.current", "time.period3"], "changeTimestamp": 1630738724}, "hasGlobalHighlights": false, "id": 9775794, "startTimestamp": 1630733400, "slug": "krylov-chuvilgin", "periods": {"point": "Game", "current": "Match", "period1": "1st set", "period2": "2nd set", "period3": "3rd set", "period4": "4th set", "period5": "5th set"}, "finalResultOnly": false}, {"tournament": {"name": "Liga Pro", "slug": "liga-pro", "category": {"name": "Other", "slug": "other", "sport": {"name": "Tennis", "slug": "tennis", "id": 5}, "id": 1555, "flag": "other"}, "uniqueTournament": {"name": "Liga Pro", "slug": "liga-pro", "category": {"name": "Other", "slug": "other", "sport": {"name": "Tennis", "slug": "tennis", "id": 5}, "id": 1555, "flag": "other"}, "userCount": 98, "id": 14770, "hasEventPlayerStatistics": false}, "id": 79016}, "customId": "EfedsGpfd", "status": {"code": 100, "description": "Ended", "type": "finished"}, "winnerCode": 2, "homeTeam": {"name": "Gorbachyov A.", "slug": "gorbachyov-aleksandr", "shortName": "Gorbachyov A.", "userCount": 5, "nameCode": "GAL", "national": false, "type": 1, "id": 385279, "subTeams": [], "teamColors": {"primary": "#52b030", "secondary": "#52b030", "text": "#ffffff"}}, "awayTeam": {"name": "Khodor R.", "slug": "khodor-rodion", "shortName": "Khodor R.", "userCount": 5, "nameCode": "KRO", "national": false, "type": 1, "id": 388281, "subTeams": [], "teamColors": {"primary": "#52b030", "secondary": "#52b030", "text": "#ffffff"}}, "homeScore": {"current": 0, "display": 0, "period1": 2, "period2": 6, "normaltime": 0}, "awayScore": {"current": 2, "display": 2, "period1": 6, "period2": 7, "normaltime": 2}, "time": {"current": 6087, "period1": 1983, "period2": 4104, "currentPeriodStartTimestamp": 1630781339}, "changes": {"changes": ["status.code", "status.description", "status.type", "homeScore.normaltime", "awayScore.current", "awayScore.display", "awayScore.period2", "awayScore.normaltime", "time.current", "time.period2"], "changeTimestamp": 1630781388}, "hasGlobalHighlights": false, "id": 9775795, "startTimestamp": 1630774800, "slug": "khodor-gorbachyov", "periods": {"point": "Game", "current": "Match", "period1": "1st set", "period2": "2nd set", "period3": "3rd set", "period4": "4th set", "period5": "5th set"}, "finalResultOnly": false}, {"tournament": {"name": "Liga Pro", "slug": "liga-pro", "category": {"name": "Other", "slug": "other", "sport": {"name": "Tennis", "slug": "tennis", "id": 5}, "id": 1555, "flag": "other"}, "uniqueTournament": {"name": "Liga Pro", "slug": "liga-pro", "category": {"name": "Other", "slug": "other", "sport": {"name": "Tennis", "slug": "tennis", "id": 5}, "id": 1555, "flag": "other"}, "userCount": 98, "id": 14770, "hasEventPlayerStatistics": false}, "id": 79016}, "customId": "EfedsGpfd", "status": {"code": 100, "description": "Ended", "type": "finished"}, "winnerCode": 1, "homeTeam": {"name": "Khodor R.", "slug": "khodor-rodion", "shortName": "Khodor R.", "userCount": 5, "nameCode": "KRO", "national": false, "type": 1, "id": 388281, "subTeams": [], "teamColors": {"primary": "#52b030", "secondary": "#52b030", "text": "#ffffff"}}, "awayTeam": {"name": "Gorbachyov A.", "slug": "gorbachyov-aleksandr", "shortName": "Gorbachyov A.", "userCount": 5, "nameCode": "GAL", "national": false, "type": 1, "id": 385279, "subTeams": [], "teamColors": {"primary": "#52b030", "secondary": "#52b030", "text": "#ffffff"}}, "homeScore": {"current": 2, "display": 2, "period1": 6, "period2": 6, "period3": 10, "normaltime": 2}, "awayScore": {"current": 1, "display": 1, "period1": 3, "period2": 7, "period3": 7, "normaltime": 1}, "time": {"current": 8391, "period1": 2592, "period2": 4793, "period3": 1006, "currentPeriodStartTimestamp": 1630790730}, "changes": {"changes": ["status.code", "status.description", "status.type", "homeScore.current", "homeScore.display", "homeScore.period3", "homeScore.normaltime", "awayScore.period3", "awayScore.normaltime", "time.current", "time.period3"], "changeTimestamp": 1630790744}, "hasGlobalHighlights": false, "id": 9775796, "startTimestamp": 1630780200, "slug": "khodor-gorbachyov", "periods": {"point": "Game", "current": "Match", "period1": "1st set", "period2": "2nd set", "period3": "3rd set", "period4": "4th set", "period5": "5th set"}, "finalResultOnly": false}, {"tournament": {"name": "Liga Pro", "slug": "liga-pro", "category": {"name": "Other", "slug": "other", "sport": {"name": "Tennis", "slug": "tennis", "id": 5}, "id": 1555, "flag": "other"}, "uniqueTournament": {"name": "Liga Pro", "slug": "liga-pro", "category": {"name": "Other", "slug": "other", "sport": {"name": "Tennis", "slug": "tennis", "id": 5}, "id": 1555, "flag": "other"}, "userCount": 98, "id": 14770, "hasEventPlayerStatistics": false}, "id": 79016}, "customId": "RxfbslAMc", "status": {"code": 100, "description": "Ended", "type": "finished"}, "winnerCode": 2, "homeTeam": {"name": "Pryakhin V.", "slug": "pryakhin-vladislav", "shortName": "Pryakhin V.", "gender": "M", "userCount": 7, "nameCode": "PRY", "national": false, "type": 1, "id": 138642, "subTeams": [], "teamColors": {"primary": "#52b030", "secondary": "#52b030", "text": "#ffffff"}}, "awayTeam": {"name": "Kuznetsov N.", "slug": "kuznetsov-nikita", "shortName": "Kuznetsov N.", "userCount": 7, "nameCode": "KNI", "national": false, "type": 1, "id": 343761, "subTeams": [], "teamColors": {"primary": "#52b030", "secondary": "#52b030", "text": "#ffffff"}}, "homeScore": {"current": 1, "display": 1, "period1": 6, "period2": 3, "period3": 8, "normaltime": 1}, "awayScore": {"current": 2, "display": 2, "period1": 4, "period2": 6, "period3": 10, "normaltime": 2}, "time": {"current": 5144, "period1": 2182, "period2": 2175, "period3": 787, "currentPeriodStartTimestamp": 1630822327}, "changes": {"changes": ["status.code", "status.description", "status.type", "homeScore.period3", "homeScore.normaltime", "awayScore.current", "awayScore.display", "awayScore.period3", "awayScore.normaltime", "time.current", "time.period3"], "changeTimestamp": 1630822416}, "hasGlobalHighlights": false, "id": 9776123, "startTimestamp": 1630816200, "slug": "kuznetsov-pryakhin", "periods": {"point": "Game", "current": "Match", "period1": "1st set", "period2": "2nd set", "period3": "3rd set", "period4": "4th set", "period5": "5th set"}, "finalResultOnly": false}, {"tournament": {"name": "Liga Pro", "slug": "liga-pro", "category": {"name": "Other", "slug": "other", "sport": {"name": "Tennis", "slug": "tennis", "id": 5}, "id": 1555, "flag": "other"}, "uniqueTournament": {"name": "Liga Pro", "slug": "liga-pro", "category": {"name": "Other", "slug": "other", "sport": {"name": "Tennis", "slug": "tennis", "id": 5}, "id": 1555, "flag": "other"}, "userCount": 98, "id": 14770, "hasEventPlayerStatistics": false}, "id": 79016}, "customId": "lAMcszkNc", "status": {"code": 0, "description": "Not started", "type": "notstarted"}, "winnerCode": 0, "homeTeam": {"name": "Prisyazhnyi M.", "slug": "prisyazhnyi-maksim", "shortName": "Prisyazhnyi M.", "userCount": 4, "nameCode": "PMA", "national": false, "type": 1, "id": 345524, "subTeams": [], "teamColors": {"primary": "#52b030", "secondary": "#52b030", "text": "#ffffff"}}, "awayTeam": {"name": "Kuznetsov N.", "slug": "kuznetsov-nikita", "shortName": "Kuznetsov N.", "userCount": 7, "nameCode": "KNI", "national": false, "type": 1, "id": 343761, "subTeams": [], "teamColors": {"primary": "#52b030", "secondary": "#52b030", "text": "#ffffff"}}, "homeScore": {}, "awayScore": {}, "time": {}, "changes": {"changeTimestamp": 0}, "hasGlobalHighlights": false, "id": 9776122, "startTimestamp": 1630816200, "slug": "prisyazhnyi-kuznetsov", "periods": {"point": "Game", "current": "Match", "period1": "1st set", "period2": "2nd set", "period3": "3rd set", "period4": "4th set", "period5": "5th set"}, "finalResultOnly": false}, {"tournament": {"name": "Liga Pro", "slug": "liga-pro", "category": {"name": "Other", "slug": "other", "sport": {"name": "Tennis", "slug": "tennis", "id": 5}, "id": 1555, "flag": "other"}, "uniqueTournament": {"name": "Liga Pro", "slug": "liga-pro", "category": {"name": "Other", "slug": "other", "sport": {"name": "Tennis", "slug": "tennis", "id": 5}, "id": 1555, "flag": "other"}, "userCount": 98, "id": 14770, "hasEventPlayerStatistics": false}, "id": 79016}, "customId": "RxfbslAMc", "status": {"code": 100, "description": "Ended", "type": "finished"}, "winnerCode": 2, "homeTeam": {"name": "Kuznetsov N.", "slug": "kuznetsov-nikita", "shortName": "Kuznetsov N.", "userCount": 7, "nameCode": "KNI", "national": false, "type": 1, "id": 343761, "subTeams": [], "teamColors": {"primary": "#52b030", "secondary": "#52b030", "text": "#ffffff"}}, "awayTeam": {"name": "Pryakhin V.", "slug": "pryakhin-vladislav", "shortName": "Pryakhin V.", "gender": "M", "userCount": 7, "nameCode": "PRY", "national": false, "type": 1, "id": 138642, "subTeams": [], "teamColors": {"primary": "#52b030", "secondary": "#52b030", "text": "#ffffff"}}, "homeScore": {"current": 0, "display": 0, "period1": 3, "period2": 4, "normaltime": 0}, "awayScore": {"current": 2, "display": 2, "period1": 6, "period2": 6, "normaltime": 2}, "time": {"current": 5065, "period1": 2526, "period2": 2539, "currentPeriodStartTimestamp": 1630828243}, "changes": {"changes": ["status.code", "status.description", "status.type", "homeScore.normaltime", "awayScore.current", "awayScore.display", "awayScore.period2", "awayScore.normaltime", "time.current", "time.period2"], "changeTimestamp": 1630828358}, "hasGlobalHighlights": false, "id": 9776124, "startTimestamp": 1630821600, "slug": "kuznetsov-pryakhin", "periods": {"point": "Game", "current": "Match", "period1": "1st set", "period2": "2nd set", "period3": "3rd set", "period4": "4th set", "period5": "5th set"}, "finalResultOnly": false}, {"tournament": {"name": "Liga Pro", "slug": "liga-pro", "category": {"name": "Other", "slug": "other", "sport": {"name": "Tennis", "slug": "tennis", "id": 5}, "id": 1555, "flag": "other"}, "uniqueTournament": {"name": "Liga Pro", "slug": "liga-pro", "category": {"name": "Other", "slug": "other", "sport": {"name": "Tennis", "slug": "tennis", "id": 5}, "id": 1555, "flag": "other"}, "userCount": 98, "id": 14770, "hasEventPlayerStatistics": false}, "id": 79016}, "customId": "RUedslIgd", "status": {"code": 100, "description": "Ended", "type": "finished"}, "winnerCode": 2, "homeTeam": {"name": "Morgovsky D.", "slug": "morgovsky-dmitry", "shortName": "Morgovsky D.", "userCount": 2, "nameCode": "MDM", "national": false, "type": 1, "id": 387242, "subTeams": [], "teamColors": {"primary": "#52b030", "secondary": "#52b030", "text": "#ffffff"}}, "awayTeam": {"name": "Averin A.", "slug": "averin-alexey", "shortName": "Averin A.", "userCount": 1, "nameCode": "AAL", "national": false, "type": 1, "id": 391661, "subTeams": [], "teamColors": {"primary": "#52b030", "secondary": "#52b030", "text": "#ffffff"}}, "homeScore": {"current": 1, "display": 1, "period1": 6, "period2": 5, "period3": 10, "normaltime": 1}, "awayScore": {"current": 2, "display": 2, "period1": 4, "period2": 7, "period3": 12, "normaltime": 2}, "time": {"current": 7454, "period1": 3034, "period2": 3420, "period3": 1000, "currentPeriodStartTimestamp": 1630869219}, "changes": {"changes": ["status.code", "status.description", "status.type", "homeScore.period3", "homeScore.normaltime", "awayScore.current", "awayScore.display", "awayScore.period3", "awayScore.normaltime", "time.current", "time.period3"], "changeTimestamp": 1630869404}, "hasGlobalHighlights": false, "id": 9776125, "startTimestamp": 1630861200, "slug": "averin-morgovsky", "periods": {"point": "Game", "current": "Match", "period1": "1st set", "period2": "2nd set", "period3": "3rd set", "period4": "4th set", "period5": "5th set"}, "finalResultOnly": false}, {"tournament": {"name": "Liga Pro", "slug": "liga-pro", "category": {"name": "Other", "slug": "other", "sport": {"name": "Tennis", "slug": "tennis", "id": 5}, "id": 1555, "flag": "other"}, "uniqueTournament": {"name": "Liga Pro", "slug": "liga-pro", "category": {"name": "Other", "slug": "other", "sport": {"name": "Tennis", "slug": "tennis", "id": 5}, "id": 1555, "flag": "other"}, "userCount": 98, "id": 14770, "hasEventPlayerStatistics": false}, "id": 79016}, "customId": "RUedslIgd", "status": {"code": 100, "description": "Ended", "type": "finished"}, "winnerCode": 2, "homeTeam": {"name": "Averin A.", "slug": "averin-alexey", "shortName": "Averin A.", "userCount": 1, "nameCode": "AAL", "national": false, "type": 1, "id": 391661, "subTeams": [], "teamColors": {"primary": "#52b030", "secondary": "#52b030", "text": "#ffffff"}}, "awayTeam": {"name": "Morgovsky D.", "slug": "morgovsky-dmitry", "shortName": "Morgovsky D.", "userCount": 2, "nameCode": "MDM", "national": false, "type": 1, "id": 387242, "subTeams": [], "teamColors": {"primary": "#52b030", "secondary": "#52b030", "text": "#ffffff"}}, "homeScore": {"current": 0, "display": 0, "period1": 0, "period2": 0, "normaltime": 0}, "awayScore": {"current": 2, "display": 2, "period1": 6, "period2": 6, "normaltime": 2}, "time": {"current": 2979, "period1": 1150, "period2": 1829, "currentPeriodStartTimestamp": 1630872950}, "changes": {"changes": ["status.code", "status.description", "status.type", "homeScore.normaltime", "awayScore.current", "awayScore.display", "awayScore.period2", "awayScore.normaltime", "time.current", "time.period2"], "changeTimestamp": 1630873004}, "hasGlobalHighlights": false, "id": 9776126, "startTimestamp": 1630866600, "slug": "averin-morgovsky", "periods": {"point": "Game", "current": "Match", "period1": "1st set", "period2": "2nd set", "period3": "3rd set", "period4": "4th set", "period5": "5th set"}, "finalResultOnly": false}, {"tournament": {"name": "Liga Pro", "slug": "liga-pro", "category": {"name": "Other", "slug": "other", "sport": {"name": "Tennis", "slug": "tennis", "id": 5}, "id": 1555, "flag": "other"}, "uniqueTournament": {"name": "Liga Pro", "slug": "liga-pro", "category": {"name": "Other", "slug": "other", "sport": {"name": "Tennis", "slug": "tennis", "id": 5}, "id": 1555, "flag": "other"}, "userCount": 98, "id": 14770, "hasEventPlayerStatistics": false}, "id": 79016}, "customId": "VHMcsglPc", "status": {"code": 100, "description": "Ended", "type": "finished"}, "winnerCode": 1, "homeTeam": {"name": "Yastrebov M.", "slug": "yastrebov-mikhail", "shortName": "Yastrebov M.", "userCount": 13, "nameCode": "YMI", "national": false, "type": 1, "id": 344145, "subTeams": [], "teamColors": {"primary": "#52b030", "secondary": "#52b030", "text": "#ffffff"}}, "awayTeam": {"name": "Chuvilgin L.", "slug": "chuvilgin-leonid", "shortName": "Chuvilgin L.", "userCount": 7, "nameCode": "CLE", "national": false, "type": 1, "id": 350556, "subTeams": [], "teamColors": {"primary": "#52b030", "secondary": "#52b030", "text": "#ffffff"}}, "homeScore": {"current": 2, "display": 2, "period1": 6, "period2": 6, "normaltime": 2}, "awayScore": {"current": 0, "display": 0, "period1": 3, "period2": 2, "normaltime": 0}, "time": {"current": 5069, "period1": 2395, "period2": 2674, "currentPeriodStartTimestamp": 1630908530}, "changes": {"changes": ["status.code", "status.description", "status.type", "homeScore.current", "homeScore.display", "homeScore.period2", "homeScore.normaltime", "awayScore.normaltime", "time.current", "time.period2"], "changeTimestamp": 1630908634}, "hasGlobalHighlights": false, "id": 9776127, "startTimestamp": 1630902600, "slug": "chuvilgin-yastrebov", "periods": {"point": "Game", "current": "Match", "period1": "1st set", "period2": "2nd set", "period3": "3rd set", "period4": "4th set", "period5": "5th set"}, "finalResultOnly": false}, {"tournament": {"name": "Liga Pro", "slug": "liga-pro", "category": {"name": "Other", "slug": "other", "sport": {"name": "Tennis", "slug": "tennis", "id": 5}, "id": 1555, "flag": "other"}, "uniqueTournament": {"name": "Liga Pro", "slug": "liga-pro", "category": {"name": "Other", "slug": "other", "sport": {"name": "Tennis", "slug": "tennis", "id": 5}, "id": 1555, "flag": "other"}, "userCount": 98, "id": 14770, "hasEventPlayerStatistics": false}, "id": 79016}, "customId": "VHMcsglPc", "status": {"code": 100, "description": "Ended", "type": "finished"}, "winnerCode": 2, "homeTeam": {"name": "Chuvilgin L.", "slug": "chuvilgin-leonid", "shortName": "Chuvilgin L.", "userCount": 7, "nameCode": "CLE", "national": false, "type": 1, "id": 350556, "subTeams": [], "teamColors": {"primary": "#52b030", "secondary": "#52b030", "text": "#ffffff"}}, "awayTeam": {"name": "Yastrebov M.", "slug": "yastrebov-mikhail", "shortName": "Yastrebov M.", "userCount": 13, "nameCode": "YMI", "national": false, "type": 1, "id": 344145, "subTeams": [], "teamColors": {"primary": "#52b030", "secondary": "#52b030", "text": "#ffffff"}}, "homeScore": {"current": 0, "display": 0, "period1": 2, "period2": 3, "normaltime": 0}, "awayScore": {"current": 2, "display": 2, "period1": 6, "period2": 6, "normaltime": 2}, "time": {"current": 5156, "period1": 2536, "period2": 2620, "currentPeriodStartTimestamp": 1630914310}, "changes": {"changes": ["status.code", "status.description", "status.type", "homeScore.normaltime", "awayScore.current", "awayScore.display", "awayScore.period2", "awayScore.normaltime", "time.current", "time.period2"], "changeTimestamp": 1630914402}, "hasGlobalHighlights": false, "id": 9776128, "startTimestamp": 1630908000, "slug": "chuvilgin-yastrebov", "periods": {"point": "Game", "current": "Match", "period1": "1st set", "period2": "2nd set", "period3": "3rd set", "period4": "4th set", "period5": "5th set"}, "finalResultOnly": false}, {"tournament": {"name": "Liga Pro", "slug": "liga-pro", "category": {"name": "Other", "slug": "other", "sport": {"name": "Tennis", "slug": "tennis", "id": 5}, "id": 1555, "flag": "other"}, "uniqueTournament": {"name": "Liga Pro", "slug": "liga-pro", "category": {"name": "Other", "slug": "other", "sport": {"name": "Tennis", "slug": "tennis", "id": 5}, "id": 1555, "flag": "other"}, "userCount": 98, "id": 14770, "hasEventPlayerStatistics": false}, "id": 79016}, "customId": "EfedskHed", "status": {"code": 8, "description": "1st set", "type": "inprogress"}, "winnerCode": 0, "homeTeam": {"name": "Gorbachyov A.", "slug": "gorbachyov-aleksandr", "shortName": "Gorbachyov A.", "userCount": 5, "nameCode": "GAL", "national": false, "type": 1, "id": 385279, "subTeams": [], "teamColors": {"primary": "#52b030", "secondary": "#52b030", "text": "#ffffff"}}, "awayTeam": {"name": "Kromin K.", "slug": "kromin-konstantin", "shortName": "Kromin K.", "userCount": 5, "nameCode": "KKO", "national": false, "type": 1, "id": 386610, "subTeams": [], "teamColors": {"primary": "#52b030", "secondary": "#52b030", "text": "#ffffff"}}, "homeScore": {"current": 0, "display": 0, "period1": 6}, "awayScore": {"current": 0, "display": 0, "period1": 5}, "time": {"currentPeriodStartTimestamp": 1630948347}, "changes": {"changes": ["homeScore.period1"], "changeTimestamp": 1630951656}, "hasGlobalHighlights": false, "id": 9776129, "startTimestamp": 1630947600, "slug": "kromin-gorbachyov", "periods": {"point": "Game", "current": "Match", "period1": "1st set", "period2": "2nd set", "period3": "3rd set", "period4": "4th set", "period5": "5th set"}, "lastPeriod": "period1", "finalResultOnly": false}, {"tournament": {"name": "Liga Pro", "slug": "liga-pro", "category": {"name": "Other", "slug": "other", "sport": {"name": "Tennis", "slug": "tennis", "id": 5}, "id": 1555, "flag": "other"}, "uniqueTournament": {"name": "Liga Pro", "slug": "liga-pro", "category": {"name": "Other", "slug": "other", "sport": {"name": "Tennis", "slug": "tennis", "id": 5}, "id": 1555, "flag": "other"}, "userCount": 98, "id": 14770, "hasEventPlayerStatistics": false}, "id": 79016}, "customId": "EfedskHed", "status": {"code": 0, "description": "Not started", "type": "notstarted"}, "winnerCode": 0, "homeTeam": {"name": "Kromin K.", "slug": "kromin-konstantin", "shortName": "Kromin K.", "userCount": 5, "nameCode": "KKO", "national": false, "type": 1, "id": 386610, "subTeams": [], "teamColors": {"primary": "#52b030", "secondary": "#52b030", "text": "#ffffff"}}, "awayTeam": {"name": "Gorbachyov A.", "slug": "gorbachyov-aleksandr", "shortName": "Gorbachyov A.", "userCount": 5, "nameCode": "GAL", "national": false, "type": 1, "id": 385279, "subTeams": [], "teamColors": {"primary": "#52b030", "secondary": "#52b030", "text": "#ffffff"}}, "homeScore": {}, "awayScore": {}, "time": {}, "changes": {"changeTimestamp": 0}, "hasGlobalHighlights": false, "id": 9776130, "startTimestamp": 1630953000, "slug": "kromin-gorbachyov", "periods": {"point": "Game", "current": "Match", "period1": "1st set", "period2": "2nd set", "period3": "3rd set", "period4": "4th set", "period5": "5th set"}, "finalResultOnly": false}], "hasNextPage": true}