{"events": [{"tournament": {"name": "Liga Pro", "slug": "liga-pro", "category": {"name": "Other", "slug": "other", "sport": {"name": "Tennis", "slug": "tennis", "id": 5}, "id": 1555, "flag": "other"}, "uniqueTournament": {"name": "Liga Pro", "slug": "liga-pro", "category": {"name": "Other", "slug": "other", "sport": {"name": "Tennis", "slug": "tennis", "id": 5}, "id": 1555, "flag": "other"}, "userCount": 98, "id": 14770, "hasEventPlayerStatistics": false}, "id": 79016}, "customId": "BkOcsXEOc", "status": {"code": 100, "description": "Ended", "type": "finished"}, "winnerCode": 1, "homeTeam": {"name": "Tanev B.", "slug": "tanev-boncho", "shortName": "Tanev B.", "userCount": 10, "nameCode": "TBO", "national": false, "type": 1, "id": 348026, "subTeams": [], "teamColors": {"primary": "#52b030", "secondary": "#52b030", "text": "#ffffff"}}, "awayTeam": {"name": "Frendov E.", "slug": "frendov-emil", "shortName": "Frendov E.", "userCount": 3, "nameCode": "FEM", "national": false, "type": 1, "id": 348997, "subTeams": [], "teamColors": {"primary": "#52b030", "secondary": "#52b030", "text": "#ffffff"}}, "homeScore": {"current": 2, "display": 2, "period1": 7, "period2": 5, "period3": 10, "normaltime": 2}, "awayScore": {"current": 1, "display": 1, "period1": 5, "period2": 7, "period3": 3, "normaltime": 1}, "time": {"current": 8103, "period1": 4072, "period2": 3196, "period3": 835, "currentPeriodStartTimestamp": 1592731104}, "changes": {"changes": ["status.code", "status.description", "status.type", "homeScore.current", "homeScore.display", "homeScore.period3", "homeScore.normaltime", "awayScore.period3", "awayScore.normaltime"], "changeTimestamp": 1592731206}, "hasGlobalHighlights": false, "id": 8708770, "startTimestamp": 1592722800, "slug": "frendov-tanev", "periods": {"point": "Game", "current": "Match", "period1": "1st set", "period2": "2nd set", "period3": "3rd set", "period4": "4th set", "period5": "5th set"}, "finalResultOnly": false}, {"tournament": {"name": "Liga Pro", "slug": "liga-pro", "category": {"name": "Other", "slug": "other", "sport": {"name": "Tennis", "slug": "tennis", "id": 5}, "id": 1555, "flag": "other"}, "uniqueTournament": {"name": "Liga Pro", "slug": "liga-pro", "category": {"name": "Other", "slug": "other", "sport": {"name": "Tennis", "slug": "tennis", "id": 5}, "id": 1555, "flag": "other"}, "userCount": 98, "id": 14770, "hasEventPlayerStatistics": false}, "id": 79016}, "customId": "fkOcsgkOc", "status": {"code": 100, "description": "Ended", "type": "finished"}, "winnerCode": 1, "homeTeam": {"name": "Mitev K.", "slug": "mitev-kristian", "shortName": "Mitev K.", "userCount": 22, "nameCode": "MKR", "national": false, "type": 1, "id": 348006, "subTeams": [], "teamColors": {"primary": "#52b030", "secondary": "#52b030", "text": "#ffffff"}}, "awayTeam": {"name": "Slavov Gergi", "slug": "slavov-gergi", "shortName": "Slavov Gergi", "userCount": 8, "nameCode": "SGE", "national": false, "type": 1, "id": 348005, "subTeams": [], "teamColors": {"primary": "#52b030", "secondary": "#52b030", "text": "#ffffff"}}, "homeScore": {"current": 2, "display": 2, "period1": 6, "period2": 7, "normaltime": 2}, "awayScore": {"current": 0, "display": 0, "period1": 3, "period2": 5, "normaltime": 0}, "time": {"current": 3966, "period1": 1576, "period2": 2390, "currentPeriodStartTimestamp": 1592735914}, "changes": {"changes": ["status.code", "status.description", "status.type", "homeScore.current", "homeScore.display", "homeScore.period2", "homeScore.normaltime", "awayScore.normaltime"], "changeTimestamp": 1592736068}, "hasGlobalHighlights": false, "id": 8708763, "startTimestamp": 1592728200, "slug": "mitev-slavov-gergi", "periods": {"point": "Game", "current": "Match", "period1": "1st set", "period2": "2nd set", "period3": "3rd set", "period4": "4th set", "period5": "5th set"}, "finalResultOnly": false}, {"tournament": {"name": "Liga Pro", "slug": "liga-pro", "category": {"name": "Other", "slug": "other", "sport": {"name": "Tennis", "slug": "tennis", "id": 5}, "id": 1555, "flag": "other"}, "uniqueTournament": {"name": "Liga Pro", "slug": "liga-pro", "category": {"name": "Other", "slug": "other", "sport": {"name": "Tennis", "slug": "tennis", "id": 5}, "id": 1555, "flag": "other"}, "userCount": 98, "id": 14770, "hasEventPlayerStatistics": false}, "id": 79016}, "customId": "wVacsopOc", "status": {"code": 100, "description": "Ended", "type": "finished"}, "winnerCode": 2, "homeTeam": {"name": "Todorov D.", "slug": "todorov-dimitr", "shortName": "Todorov D.", "userCount": 4, "nameCode": "TDI", "national": false, "type": 1, "id": 348264, "subTeams": [], "teamColors": {"primary": "#52b030", "secondary": "#52b030", "text": "#ffffff"}}, "awayTeam": {"name": "Yordanov Y.", "slug": "yordanov-yordan", "shortName": "Yordanov Y.", "userCount": 11, "nameCode": "YOR", "national": false, "type": 1, "id": 252271, "subTeams": [], "teamColors": {"primary": "#52b030", "secondary": "#52b030", "text": "#ffffff"}}, "homeScore": {"current": 0, "display": 0, "period1": 1, "period2": 3, "normaltime": 0}, "awayScore": {"current": 2, "display": 2, "period1": 6, "period2": 6, "normaltime": 2}, "time": {"current": 3001, "period1": 1348, "period2": 1653, "currentPeriodStartTimestamp": 1592740526}, "changes": {"changes": ["status.code", "status.description", "status.type", "homeScore.normaltime", "awayScore.current", "awayScore.display", "awayScore.period2", "awayScore.normaltime"], "changeTimestamp": 1592740573}, "hasGlobalHighlights": false, "id": 8708764, "startTimestamp": 1592733600, "slug": "todorov-yordanov", "periods": {"point": "Game", "current": "Match", "period1": "1st set", "period2": "2nd set", "period3": "3rd set", "period4": "4th set", "period5": "5th set"}, "finalResultOnly": false}, {"tournament": {"name": "Liga Pro", "slug": "liga-pro", "category": {"name": "Other", "slug": "other", "sport": {"name": "Tennis", "slug": "tennis", "id": 5}, "id": 1555, "flag": "other"}, "uniqueTournament": {"name": "Liga Pro", "slug": "liga-pro", "category": {"name": "Other", "slug": "other", "sport": {"name": "Tennis", "slug": "tennis", "id": 5}, "id": 1555, "flag": "other"}, "userCount": 98, "id": 14770, "hasEventPlayerStatistics": false}, "id": 79016}, "customId": "CkOcsbpOc", "status": {"code": 100, "description": "Ended", "type": "finished"}, "winnerCode": 1, "homeTeam": {"name": "Gavrilov P.", "slug": "gavrilov-peter", "shortName": "Gavrilov P.", "userCount": 3, "nameCode": "GPE", "national": false, "type": 1, "id": 348251, "subTeams": [], "teamColors": {"primary": "#52b030", "secondary": "#52b030", "text": "#ffffff"}}, "awayTeam": {"name": "Apostolov V.", "slug": "apostolov-veselin", "shortName": "Apostolov V.", "userCount": 12, "nameCode": "AVE", "national": false, "type": 1, "id": 348027, "subTeams": [], "teamColors": {"primary": "#52b030", "secondary": "#52b030", "text": "#ffffff"}}, "homeScore": {"current": 2, "display": 2, "period1": 2, "period2": 6, "period3": 10, "normaltime": 2}, "awayScore": {"current": 1, "display": 1, "period1": 6, "period2": 2, "period3": 0, "normaltime": 1}, "time": {"current": 4092, "period1": 1790, "period2": 1751, "period3": 551, "currentPeriodStartTimestamp": 1592745647}, "changes": {"changes": ["status.code", "status.description", "status.type", "homeScore.current", "homeScore.display", "homeScore.period3", "homeScore.normaltime", "awayScore.normaltime"], "changeTimestamp": 1592745796}, "hasGlobalHighlights": false, "id": 8708765, "startTimestamp": 1592739000, "slug": "gavrilov-apostolov", "periods": {"point": "Game", "current": "Match", "period1": "1st set", "period2": "2nd set", "period3": "3rd set", "period4": "4th set", "period5": "5th set"}, "finalResultOnly": false}, {"tournament": {"name": "Liga Pro", "slug": "liga-pro", "category": {"name": "Other", "slug": "other", "sport": {"name": "Tennis", "slug": "tennis", "id": 5}, "id": 1555, "flag": "other"}, "uniqueTournament": {"name": "Liga Pro", "slug": "liga-pro", "category": {"name": "Other", "slug": "other", "sport": {"name": "Tennis", "slug": "tennis", "id": 5}, "id": 1555, "flag": "other"}, "userCount": 98, "id": 14770, "hasEventPlayerStatistics": false}, "id": 79016}, "customId": "xuOcsIMOc", "status": {"code": 100, "description": "Ended", "type": "finished"}, "winnerCode": 1, "homeTeam": {"name": "Avzhiev D.", "slug": "avzhiev-dimitr", "shortName": "Avzhiev D.", "userCount": 9, "nameCode": "ADI", "national": false, "type": 1, "id": 348472, "subTeams": [], "teamColors": {"primary": "#52b030", "secondary": "#52b030", "text": "#ffffff"}}, "awayTeam": {"name": "Valchanov N.", "slug": "valchanov-nikola", "shortName": "Valchanov N.", "userCount": 6, "nameCode": "VNI", "national": false, "type": 1, "id": 349383, "subTeams": [], "teamColors": {"primary": "#52b030", "secondary": "#52b030", "text": "#ffffff"}}, "homeScore": {"current": 2, "display": 2, "period1": 6, "period2": 6, "normaltime": 2}, "awayScore": {"current": 0, "display": 0, "period1": 3, "period2": 3, "normaltime": 0}, "time": {"current": 4106, "period1": 1896, "period2": 2210, "currentPeriodStartTimestamp": 1592750620}, "changes": {"changes": ["status.code", "status.description", "status.type", "homeScore.current", "homeScore.display", "homeScore.period2", "homeScore.normaltime", "awayScore.normaltime"], "changeTimestamp": 1592750653}, "hasGlobalHighlights": false, "id": 8708780, "startTimestamp": 1592744400, "slug": "valchanov-avzhiev", "periods": {"point": "Game", "current": "Match", "period1": "1st set", "period2": "2nd set", "period3": "3rd set", "period4": "4th set", "period5": "5th set"}, "finalResultOnly": false}, {"tournament": {"name": "Liga Pro", "slug": "liga-pro", "category": {"name": "Other", "slug": "other", "sport": {"name": "Tennis", "slug": "tennis", "id": 5}, "id": 1555, "flag": "other"}, "uniqueTournament": {"name": "Liga Pro", "slug": "liga-pro", "category": {"name": "Other", "slug": "other", "sport": {"name": "Tennis", "slug": "tennis", "id": 5}, "id": 1555, "flag": "other"}, "userCount": 98, "id": 14770, "hasEventPlayerStatistics": false}, "id": 79016}, "customId": "PlOcsvYOc", "status": {"code": 100, "description": "Ended", "type": "finished"}, "winnerCode": 1, "homeTeam": {"name": "Panev I.", "slug": "panev-ivan", "shortName": "Panev I.", "userCount": 5, "nameCode": "PIV", "national": false, "type": 1, "id": 349920, "subTeams": [], "teamColors": {"primary": "#52b030", "secondary": "#52b030", "text": "#ffffff"}}, "awayTeam": {"name": "Georgiev I.", "slug": "georgiev-ivalyo", "shortName": "Georgiev I.", "userCount": 6, "nameCode": "GIV", "national": false, "type": 1, "id": 348090, "subTeams": [], "teamColors": {"primary": "#52b030", "secondary": "#52b030", "text": "#ffffff"}}, "homeScore": {"current": 2, "display": 2, "period1": 1, "period2": 6, "period3": 10, "normaltime": 2}, "awayScore": {"current": 1, "display": 1, "period1": 6, "period2": 4, "period3": 7, "normaltime": 1}, "time": {"current": 5355, "period1": 1507, "period2": 2985, "period3": 863, "currentPeriodStartTimestamp": 1592756633}, "changes": {"changes": ["status.code", "status.description", "status.type", "homeScore.current", "homeScore.display", "homeScore.period3", "homeScore.normaltime", "awayScore.period3", "awayScore.normaltime"], "changeTimestamp": 1592756765}, "hasGlobalHighlights": false, "id": 8708781, "startTimestamp": 1592749800, "slug": "panev-georgiev", "periods": {"point": "Game", "current": "Match", "period1": "1st set", "period2": "2nd set", "period3": "3rd set", "period4": "4th set", "period5": "5th set"}, "finalResultOnly": false}, {"tournament": {"name": "Liga Pro", "slug": "liga-pro", "category": {"name": "Other", "slug": "other", "sport": {"name": "Tennis", "slug": "tennis", "id": 5}, "id": 1555, "flag": "other"}, "uniqueTournament": {"name": "Liga Pro", "slug": "liga-pro", "category": {"name": "Other", "slug": "other", "sport": {"name": "Tennis", "slug": "tennis", "id": 5}, "id": 1555, "flag": "other"}, "userCount": 98, "id": 14770, "hasEventPlayerStatistics": false}, "id": 79016}, "customId": "rjOcsopOc", "status": {"code": 100, "description": "Ended", "type": "finished"}, "winnerCode": 1, "homeTeam": {"name": "Kanev G.", "slug": "kanev-georgi", "shortName": "Kanev G.", "userCount": 11, "nameCode": "KGE", "national": false, "type": 1, "id": 347967, "subTeams": [], "teamColors": {"primary": "#52b030", "secondary": "#52b030", "text": "#ffffff"}}, "awayTeam": {"name": "Todorov D.", "slug": "todorov-dimitr", "shortName": "Todorov D.", "userCount": 4, "nameCode": "TDI", "national": false, "type": 1, "id": 348264, "subTeams": [], "teamColors": {"primary": "#52b030", "secondary": "#52b030", "text": "#ffffff"}}, "homeScore": {"current": 2, "display": 2, "period1": 6, "period2": 6, "normaltime": 2}, "awayScore": {"current": 0, "display": 0, "period1": 2, "period2": 4, "normaltime": 0}, "time": {"current": 3202, "period1": 1235, "period2": 1967, "currentPeriodStartTimestamp": 1592812356}, "changes": {"changes": ["status.code", "status.description", "status.type", "homeScore.current", "homeScore.display", "homeScore.period2", "homeScore.normaltime", "awayScore.normaltime"], "changeTimestamp": 1592812386}, "hasGlobalHighlights": false, "id": 8710208, "startTimestamp": 1592809200, "slug": "todorov-kanev", "periods": {"point": "Game", "current": "Match", "period1": "1st set", "period2": "2nd set", "period3": "3rd set", "period4": "4th set", "period5": "5th set"}, "finalResultOnly": false}, {"tournament": {"name": "Liga Pro", "slug": "liga-pro", "category": {"name": "Other", "slug": "other", "sport": {"name": "Tennis", "slug": "tennis", "id": 5}, "id": 1555, "flag": "other"}, "uniqueTournament": {"name": "Liga Pro", "slug": "liga-pro", "category": {"name": "Other", "slug": "other", "sport": {"name": "Tennis", "slug": "tennis", "id": 5}, "id": 1555, "flag": "other"}, "userCount": 98, "id": 14770, "hasEventPlayerStatistics": false}, "id": 79016}, "customId": "bpOcskZOc", "status": {"code": 100, "description": "Ended", "type": "finished"}, "winnerCode": 2, "homeTeam": {"name": "Gavrilov P.", "slug": "gavrilov-peter", "shortName": "Gavrilov P.", "userCount": 3, "nameCode": "GPE", "national": false, "type": 1, "id": 348251, "subTeams": [], "teamColors": {"primary": "#52b030", "secondary": "#52b030", "text": "#ffffff"}}, "awayTeam": {"name": "Gospodinov D.", "slug": "gospodinov-daniel", "shortName": "Gospodinov D.", "userCount": 3, "nameCode": "GDA", "national": false, "type": 1, "id": 349960, "subTeams": [], "teamColors": {"primary": "#52b030", "secondary": "#52b030", "text": "#ffffff"}}, "homeScore": {"current": 1, "display": 1, "period1": 5, "period2": 7, "period3": 8, "normaltime": 1}, "awayScore": {"current": 2, "display": 2, "period1": 7, "period2": 6, "period3": 10, "normaltime": 2}, "time": {"current": 7972, "period1": 3685, "period2": 3402, "period3": 885, "currentPeriodStartTimestamp": 1592822450}, "changes": {"changes": ["status.code", "status.description", "status.type", "homeScore.period3", "homeScore.normaltime", "awayScore.current", "awayScore.display", "awayScore.period3", "awayScore.normaltime"], "changeTimestamp": 1592822464}, "hasGlobalHighlights": false, "id": 8710309, "startTimestamp": 1592814600, "slug": "gospodinov-gavrilov", "periods": {"point": "Game", "current": "Match", "period1": "1st set", "period2": "2nd set", "period3": "3rd set", "period4": "4th set", "period5": "5th set"}, "finalResultOnly": false}, {"tournament": {"name": "Liga Pro", "slug": "liga-pro", "category": {"name": "Other", "slug": "other", "sport": {"name": "Tennis", "slug": "tennis", "id": 5}, "id": 1555, "flag": "other"}, "uniqueTournament": {"name": "Liga Pro", "slug": "liga-pro", "category": {"name": "Other", "slug": "other", "sport": {"name": "Tennis", "slug": "tennis", "id": 5}, "id": 1555, "flag": "other"}, "userCount": 98, "id": 14770, "hasEventPlayerStatistics": false}, "id": 79016}, "customId": "CkOcstaPc", "status": {"code": 100, "description": "Ended", "type": "finished"}, "winnerCode": 1, "homeTeam": {"name": "Apostolov V.", "slug": "apostolov-veselin", "shortName": "Apostolov V.", "userCount": 12, "nameCode": "AVE", "national": false, "type": 1, "id": 348027, "subTeams": [], "teamColors": {"primary": "#52b030", "secondary": "#52b030", "text": "#ffffff"}}, "awayTeam": {"name": "Zhivko M.", "slug": "zhivko-mitev", "shortName": "Zhivko M.", "userCount": 3, "nameCode": "ZMI", "national": false, "type": 1, "id": 350018, "subTeams": [], "teamColors": {"primary": "#52b030", "secondary": "#52b030", "text": "#ffffff"}}, "homeScore": {"current": 2, "display": 2, "period1": 6, "period2": 6, "normaltime": 2}, "awayScore": {"current": 0, "display": 0, "period1": 4, "period2": 4, "normaltime": 0}, "time": {"current": 3874, "period1": 1172, "period2": 2702, "currentPeriodStartTimestamp": 1592828912}, "changes": {"changes": ["status.code", "status.description", "status.type", "homeScore.current", "homeScore.display", "homeScore.period2", "homeScore.normaltime", "awayScore.normaltime"], "changeTimestamp": 1592828947}, "hasGlobalHighlights": false, "id": 8711516, "startTimestamp": 1592820000, "slug": "zhivko-apostolov", "periods": {"point": "Game", "current": "Match", "period1": "1st set", "period2": "2nd set", "period3": "3rd set", "period4": "4th set", "period5": "5th set"}, "finalResultOnly": false}, {"tournament": {"name": "Liga Pro", "slug": "liga-pro", "category": {"name": "Other", "slug": "other", "sport": {"name": "Tennis", "slug": "tennis", "id": 5}, "id": 1555, "flag": "other"}, "uniqueTournament": {"name": "Liga Pro", "slug": "liga-pro", "category": {"name": "Other", "slug": "other", "sport": {"name": "Tennis", "slug": "tennis", "id": 5}, "id": 1555, "flag": "other"}, "userCount": 98, "id": 14770, "hasEventPlayerStatistics": false}, "id": 79016}, "customId": "PlOcslZOc", "status": {"code": 100, "description": "Ended", "type": "finished"}, "winnerCode": 2, "homeTeam": {"name": "Georgiev I.", "slug": "georgiev-ivalyo", "shortName": "Georgiev I.", "userCount": 6, "nameCode": "GIV", "national": false, "type": 1, "id": 348090, "subTeams": [], "teamColors": {"primary": "#52b030", "secondary": "#52b030", "text": "#ffffff"}}, "awayTeam": {"name": "Dafinov A.", "slug": "dafinov-aleksandr", "shortName": "Dafinov A.", "userCount": 8, "nameCode": "DAL", "national": false, "type": 1, "id": 349961, "subTeams": [], "teamColors": {"primary": "#52b030", "secondary": "#52b030", "text": "#ffffff"}}, "homeScore": {"current": 1, "display": 1, "period1": 6, "period2": 3, "period3": 8, "normaltime": 1}, "awayScore": {"current": 2, "display": 2, "period1": 3, "period2": 6, "period3": 10, "normaltime": 2}, "time": {"current": 5424, "period1": 2389, "period2": 2166, "period3": 869, "currentPeriodStartTimestamp": 1592835276}, "changes": {"changes": ["status.code", "status.description", "status.type", "homeScore.period3", "homeScore.normaltime", "awayScore.current", "awayScore.display", "awayScore.period3", "awayScore.normaltime"], "changeTimestamp": 1592835428}, "hasGlobalHighlights": false, "id": 8710312, "startTimestamp": 1592825400, "slug": "dafinov-georgiev", "periods": {"point": "Game", "current": "Match", "period1": "1st set", "period2": "2nd set", "period3": "3rd set", "period4": "4th set", "period5": "5th set"}, "finalResultOnly": false}, {"tournament": {"name": "Liga Pro", "slug": "liga-pro", "category": {"name": "Other", "slug": "other", "sport": {"name": "Tennis", "slug": "tennis", "id": 5}, "id": 1555, "flag": "other"}, "uniqueTournament": {"name": "Liga Pro", "slug": "liga-pro", "category": {"name": "Other", "slug": "other", "sport": {"name": "Tennis", "slug": "tennis", "id": 5}, "id": 1555, "flag": "other"}, "userCount": 98, "id": 14770, "hasEventPlayerStatistics": false}, "id": 79016}, "customId": "ekOcsJIOc", "status": {"code": 100, "description": "Ended", "type": "finished"}, "winnerCode": 2, "homeTeam": {"name": "Mirchev Rumen", "slug": "mirchev-rumen", "shortName": "Mirchev Rumen", "userCount": 10, "nameCode": "MRU", "national": false, "type": 1, "id": 348004, "subTeams": [], "teamColors": {"primary": "#52b030", "secondary": "#52b030", "text": "#ffffff"}}, "awayTeam": {"name": "Angelov G.", "slug": "angelov-georgi", "shortName": "Angelov G.", "userCount": 2, "nameCode": "AGE", "national": false, "type": 1, "id": 349184, "subTeams": [], "teamColors": {"primary": "#52b030", "secondary": "#52b030", "text": "#ffffff"}}, "homeScore": {"current": 0, "display": 0, "period1": 3, "period2": 4, "normaltime": 0}, "awayScore": {"current": 2, "display": 2, "period1": 6, "period2": 6, "normaltime": 2}, "time": {"current": 3766, "period1": 1644, "period2": 2122, "currentPeriodStartTimestamp": 1592840058}, "changes": {"changes": ["status.code", "status.description", "status.type", "homeScore.normaltime", "awayScore.current", "awayScore.display", "awayScore.period2", "awayScore.normaltime"], "changeTimestamp": 1592840108}, "hasGlobalHighlights": false, "id": 8710299, "startTimestamp": 1592830800, "slug": "angelov-mirchev-rumen", "periods": {"point": "Game", "current": "Match", "period1": "1st set", "period2": "2nd set", "period3": "3rd set", "period4": "4th set", "period5": "5th set"}, "finalResultOnly": false}, {"tournament": {"name": "Liga Pro", "slug": "liga-pro", "category": {"name": "Other", "slug": "other", "sport": {"name": "Tennis", "slug": "tennis", "id": 5}, "id": 1555, "flag": "other"}, "uniqueTournament": {"name": "Liga Pro", "slug": "liga-pro", "category": {"name": "Other", "slug": "other", "sport": {"name": "Tennis", "slug": "tennis", "id": 5}, "id": 1555, "flag": "other"}, "userCount": 98, "id": 14770, "hasEventPlayerStatistics": false}, "id": 79016}, "customId": "cvEbsvYOc", "status": {"code": 100, "description": "Ended", "type": "finished"}, "winnerCode": 1, "homeTeam": {"name": "Georgiev A.", "slug": "georgiev-anton", "shortName": "Georgiev A.", "userCount": 4, "nameCode": "GEO", "national": false, "type": 1, "id": 198502, "subTeams": [], "teamColors": {"primary": "#52b030", "secondary": "#52b030", "text": "#ffffff"}}, "awayTeam": {"name": "Panev I.", "slug": "panev-ivan", "shortName": "Panev I.", "userCount": 5, "nameCode": "PIV", "national": false, "type": 1, "id": 349920, "subTeams": [], "teamColors": {"primary": "#52b030", "secondary": "#52b030", "text": "#ffffff"}}, "homeScore": {"current": 2, "display": 2, "period1": 6, "period2": 6, "normaltime": 2}, "awayScore": {"current": 0, "display": 0, "period1": 3, "period2": 4, "normaltime": 0}, "time": {"current": 5208, "period1": 1766, "period2": 3442, "currentPeriodStartTimestamp": 1592846093}, "changes": {"changes": ["status.code", "status.description", "status.type", "homeScore.current", "homeScore.display", "homeScore.period2", "homeScore.normaltime", "awayScore.normaltime"], "changeTimestamp": 1592846231}, "hasGlobalHighlights": false, "id": 8710300, "startTimestamp": 1592836200, "slug": "panev-georgiev", "periods": {"point": "Game", "current": "Match", "period1": "1st set", "period2": "2nd set", "period3": "3rd set", "period4": "4th set", "period5": "5th set"}, "finalResultOnly": false}, {"tournament": {"name": "Liga Pro", "slug": "liga-pro", "category": {"name": "Other", "slug": "other", "sport": {"name": "Tennis", "slug": "tennis", "id": 5}, "id": 1555, "flag": "other"}, "uniqueTournament": {"name": "Liga Pro", "slug": "liga-pro", "category": {"name": "Other", "slug": "other", "sport": {"name": "Tennis", "slug": "tennis", "id": 5}, "id": 1555, "flag": "other"}, "userCount": 98, "id": 14770, "hasEventPlayerStatistics": false}, "id": 79016}, "customId": "JIOcsyMOc", "status": {"code": 100, "description": "Ended", "type": "finished"}, "winnerCode": 1, "homeTeam": {"name": "Mirchev N.", "slug": "mirchev-nikolai", "shortName": "Mirchev N.", "userCount": 1, "nameCode": "MNI", "national": false, "type": 1, "id": 349373, "subTeams": [], "teamColors": {"primary": "#52b030", "secondary": "#52b030", "text": "#ffffff"}}, "awayTeam": {"name": "Angelov G.", "slug": "angelov-georgi", "shortName": "Angelov G.", "userCount": 2, "nameCode": "AGE", "national": false, "type": 1, "id": 349184, "subTeams": [], "teamColors": {"primary": "#52b030", "secondary": "#52b030", "text": "#ffffff"}}, "homeScore": {"current": 2, "display": 2, "period1": 6, "period2": 6, "normaltime": 2}, "awayScore": {"current": 0, "display": 0, "period1": 1, "period2": 1, "normaltime": 0}, "time": {"current": 2717, "period1": 1393, "period2": 1324, "currentPeriodStartTimestamp": 1592898425}, "changes": {"changes": ["status.code", "status.description", "status.type", "homeScore.current", "homeScore.display", "homeScore.period2", "homeScore.normaltime", "awayScore.normaltime"], "changeTimestamp": 1592898433}, "hasGlobalHighlights": false, "id": 8711767, "startTimestamp": 1592895600, "slug": "mirchev-angelov", "periods": {"point": "Game", "current": "Match", "period1": "1st set", "period2": "2nd set", "period3": "3rd set", "period4": "4th set", "period5": "5th set"}, "finalResultOnly": false}, {"tournament": {"name": "Liga Pro", "slug": "liga-pro", "category": {"name": "Other", "slug": "other", "sport": {"name": "Tennis", "slug": "tennis", "id": 5}, "id": 1555, "flag": "other"}, "uniqueTournament": {"name": "Liga Pro", "slug": "liga-pro", "category": {"name": "Other", "slug": "other", "sport": {"name": "Tennis", "slug": "tennis", "id": 5}, "id": 1555, "flag": "other"}, "userCount": 98, "id": 14770, "hasEventPlayerStatistics": false}, "id": 79016}, "customId": "XEOcslZOc", "status": {"code": 100, "description": "Ended", "type": "finished"}, "winnerCode": 1, "homeTeam": {"name": "Dafinov A.", "slug": "dafinov-aleksandr", "shortName": "Dafinov A.", "userCount": 8, "nameCode": "DAL", "national": false, "type": 1, "id": 349961, "subTeams": [], "teamColors": {"primary": "#52b030", "secondary": "#52b030", "text": "#ffffff"}}, "awayTeam": {"name": "Frendov E.", "slug": "frendov-emil", "shortName": "Frendov E.", "userCount": 3, "nameCode": "FEM", "national": false, "type": 1, "id": 348997, "subTeams": [], "teamColors": {"primary": "#52b030", "secondary": "#52b030", "text": "#ffffff"}}, "homeScore": {"current": 2, "display": 2, "period1": 6, "period2": 4, "period3": 10, "normaltime": 2}, "awayScore": {"current": 1, "display": 1, "period1": 3, "period2": 6, "period3": 5, "normaltime": 1}, "time": {"current": 5016, "period1": 1875, "period2": 2376, "period3": 765, "currentPeriodStartTimestamp": 1592905848}, "changes": {"changes": ["status.code", "status.description", "status.type", "homeScore.current", "homeScore.display", "homeScore.period3", "homeScore.normaltime", "awayScore.period3", "awayScore.normaltime"], "changeTimestamp": 1592905988}, "hasGlobalHighlights": false, "id": 8711768, "startTimestamp": 1592901000, "slug": "dafinov-frendov", "periods": {"point": "Game", "current": "Match", "period1": "1st set", "period2": "2nd set", "period3": "3rd set", "period4": "4th set", "period5": "5th set"}, "finalResultOnly": false}, {"tournament": {"name": "Liga Pro", "slug": "liga-pro", "category": {"name": "Other", "slug": "other", "sport": {"name": "Tennis", "slug": "tennis", "id": 5}, "id": 1555, "flag": "other"}, "uniqueTournament": {"name": "Liga Pro", "slug": "liga-pro", "category": {"name": "Other", "slug": "other", "sport": {"name": "Tennis", "slug": "tennis", "id": 5}, "id": 1555, "flag": "other"}, "userCount": 98, "id": 14770, "hasEventPlayerStatistics": false}, "id": 79016}, "customId": "rjOcsKIOc", "status": {"code": 100, "description": "Ended", "type": "finished"}, "winnerCode": 2, "homeTeam": {"name": "Myumyun A.", "slug": "myumyun-alper", "shortName": "Myumyun A.", "userCount": 3, "nameCode": "MAL", "national": false, "type": 1, "id": 349185, "subTeams": [], "teamColors": {"primary": "#52b030", "secondary": "#52b030", "text": "#ffffff"}}, "awayTeam": {"name": "Kanev G.", "slug": "kanev-georgi", "shortName": "Kanev G.", "userCount": 11, "nameCode": "KGE", "national": false, "type": 1, "id": 347967, "subTeams": [], "teamColors": {"primary": "#52b030", "secondary": "#52b030", "text": "#ffffff"}}, "homeScore": {"current": 0, "display": 0, "period1": 1, "period2": 5, "normaltime": 0}, "awayScore": {"current": 2, "display": 2, "period1": 6, "period2": 7, "normaltime": 2}, "time": {"current": 3869, "period1": 1327, "period2": 2542, "currentPeriodStartTimestamp": 1592910808}, "changes": {"changes": ["status.code", "status.description", "status.type", "homeScore.normaltime", "awayScore.current", "awayScore.display", "awayScore.period2", "awayScore.normaltime"], "changeTimestamp": 1592910847}, "hasGlobalHighlights": false, "id": 8711769, "startTimestamp": 1592906400, "slug": "myumyun-kanev", "periods": {"point": "Game", "current": "Match", "period1": "1st set", "period2": "2nd set", "period3": "3rd set", "period4": "4th set", "period5": "5th set"}, "finalResultOnly": false}, {"tournament": {"name": "Liga Pro", "slug": "liga-pro", "category": {"name": "Other", "slug": "other", "sport": {"name": "Tennis", "slug": "tennis", "id": 5}, "id": 1555, "flag": "other"}, "uniqueTournament": {"name": "Liga Pro", "slug": "liga-pro", "category": {"name": "Other", "slug": "other", "sport": {"name": "Tennis", "slug": "tennis", "id": 5}, "id": 1555, "flag": "other"}, "userCount": 98, "id": 14770, "hasEventPlayerStatistics": false}, "id": 79016}, "customId": "ojOcsbkOc", "status": {"code": 100, "description": "Ended", "type": "finished"}, "winnerCode": 1, "homeTeam": {"name": "Lyubomir S.", "slug": "lyubomir-shketrov", "shortName": "Lyubomir S.", "userCount": 18, "nameCode": "LSH", "national": false, "type": 1, "id": 348001, "subTeams": [], "teamColors": {"primary": "#52b030", "secondary": "#52b030", "text": "#ffffff"}}, "awayTeam": {"name": "Kolev M.", "slug": "kolev-martin", "shortName": "Kolev M.", "userCount": 2, "nameCode": "KMA", "national": false, "type": 1, "id": 347964, "subTeams": [], "teamColors": {"primary": "#52b030", "secondary": "#52b030", "text": "#ffffff"}}, "homeScore": {"current": 2, "display": 2, "period1": 4, "period2": 6, "period3": 10, "normaltime": 2}, "awayScore": {"current": 1, "display": 1, "period1": 6, "period2": 3, "period3": 3, "normaltime": 1}, "time": {"current": 6043, "period1": 2206, "period2": 3139, "period3": 698, "currentPeriodStartTimestamp": 1592917863}, "changes": {"changes": ["status.code", "status.description", "status.type", "homeScore.current", "homeScore.display", "homeScore.period3", "homeScore.normaltime", "awayScore.period3", "awayScore.normaltime"], "changeTimestamp": 1592917874}, "hasGlobalHighlights": false, "id": 8711770, "startTimestamp": 1592911800, "slug": "lyubomir-kolev", "periods": {"point": "Game", "current": "Match", "period1": "1st set", "period2": "2nd set", "period3": "3rd set", "period4": "4th set", "period5": "5th set"}, "finalResultOnly": false}, {"tournament": {"name": "Liga Pro", "slug": "liga-pro", "category": {"name": "Other", "slug": "other", "sport": {"name": "Tennis", "slug": "tennis", "id": 5}, "id": 1555, "flag": "other"}, "uniqueTournament": {"name": "Liga Pro", "slug": "liga-pro", "category": {"name": "Other", "slug": "other", "sport": {"name": "Tennis", "slug": "tennis", "id": 5}, "id": 1555, "flag": "other"}, "userCount": 98, "id": 14770, "hasEventPlayerStatistics": false}, "id": 79016}, "customId": "YjOcsekOc", "status": {"code": 100, "description": "Ended", "type": "finished"}, "winnerCode": 1, "homeTeam": {"name": "Sevov Rumen", "slug": "sevov-rumen", "shortName": "Sevov Rumen", "userCount": 14, "nameCode": "SRU", "national": false, "type": 1, "id": 347998, "subTeams": [], "teamColors": {"primary": "#52b030", "secondary": "#52b030", "text": "#ffffff"}}, "awayTeam": {"name": "Mirchev Rumen", "slug": "mirchev-rumen", "shortName": "Mirchev Rumen", "userCount": 10, "nameCode": "MRU", "national": false, "type": 1, "id": 348004, "subTeams": [], "teamColors": {"primary": "#52b030", "secondary": "#52b030", "text": "#ffffff"}}, "homeScore": {"current": 2, "display": 2, "period1": 6, "period2": 6, "normaltime": 2}, "awayScore": {"current": 0, "display": 0, "period1": 3, "period2": 2, "normaltime": 0}, "time": {"current": 3454, "period1": 1746, "period2": 1708, "currentPeriodStartTimestamp": 1592922505}, "changes": {"changes": ["status.code", "status.description", "status.type", "homeScore.current", "homeScore.display", "homeScore.period2", "homeScore.normaltime", "awayScore.normaltime"], "changeTimestamp": 1592922553}, "hasGlobalHighlights": false, "id": 8711771, "startTimestamp": 1592917200, "slug": "mirchev-rumen-sevov-rumen", "periods": {"point": "Game", "current": "Match", "period1": "1st set", "period2": "2nd set", "period3": "3rd set", "period4": "4th set", "period5": "5th set"}, "finalResultOnly": false}, {"tournament": {"name": "Liga Pro", "slug": "liga-pro", "category": {"name": "Other", "slug": "other", "sport": {"name": "Tennis", "slug": "tennis", "id": 5}, "id": 1555, "flag": "other"}, "uniqueTournament": {"name": "Liga Pro", "slug": "liga-pro", "category": {"name": "Other", "slug": "other", "sport": {"name": "Tennis", "slug": "tennis", "id": 5}, "id": 1555, "flag": "other"}, "userCount": 98, "id": 14770, "hasEventPlayerStatistics": false}, "id": 79016}, "customId": "gkOcsxuOc", "status": {"code": 100, "description": "Ended", "type": "finished"}, "winnerCode": 2, "homeTeam": {"name": "Avzhiev D.", "slug": "avzhiev-dimitr", "shortName": "Avzhiev D.", "userCount": 9, "nameCode": "ADI", "national": false, "type": 1, "id": 348472, "subTeams": [], "teamColors": {"primary": "#52b030", "secondary": "#52b030", "text": "#ffffff"}}, "awayTeam": {"name": "Mitev K.", "slug": "mitev-kristian", "shortName": "Mitev K.", "userCount": 22, "nameCode": "MKR", "national": false, "type": 1, "id": 348006, "subTeams": [], "teamColors": {"primary": "#52b030", "secondary": "#52b030", "text": "#ffffff"}}, "homeScore": {"current": 0, "display": 0, "period1": 0, "period2": 1, "normaltime": 0}, "awayScore": {"current": 2, "display": 2, "period1": 6, "period2": 6, "normaltime": 2}, "time": {"current": 2996, "period1": 1182, "period2": 1814, "currentPeriodStartTimestamp": 1592926232}, "changes": {"changes": ["status.code", "status.description", "status.type", "homeScore.normaltime", "awayScore.current", "awayScore.display", "awayScore.period2", "awayScore.normaltime"], "changeTimestamp": 1592926333}, "hasGlobalHighlights": false, "id": 8711772, "startTimestamp": 1592922600, "slug": "avzhiev-mitev", "periods": {"point": "Game", "current": "Match", "period1": "1st set", "period2": "2nd set", "period3": "3rd set", "period4": "4th set", "period5": "5th set"}, "finalResultOnly": false}, {"tournament": {"name": "Liga Pro", "slug": "liga-pro", "category": {"name": "Other", "slug": "other", "sport": {"name": "Tennis", "slug": "tennis", "id": 5}, "id": 1555, "flag": "other"}, "uniqueTournament": {"name": "Liga Pro", "slug": "liga-pro", "category": {"name": "Other", "slug": "other", "sport": {"name": "Tennis", "slug": "tennis", "id": 5}, "id": 1555, "flag": "other"}, "userCount": 98, "id": 14770, "hasEventPlayerStatistics": false}, "id": 79016}, "customId": "ekOcspkOc", "status": {"code": 100, "description": "Ended", "type": "finished"}, "winnerCode": 2, "homeTeam": {"name": "Mirchev Rumen", "slug": "mirchev-rumen", "shortName": "Mirchev Rumen", "userCount": 10, "nameCode": "MRU", "national": false, "type": 1, "id": 348004, "subTeams": [], "teamColors": {"primary": "#52b030", "secondary": "#52b030", "text": "#ffffff"}}, "awayTeam": {"name": "Mladenov A.", "slug": "mladenov-adrian", "shortName": "Mladenov A.", "gender": "M", "userCount": 5, "nameCode": "MAD", "national": false, "type": 1, "id": 348015, "subTeams": [], "teamColors": {"primary": "#52b030", "secondary": "#52b030", "text": "#ffffff"}}, "homeScore": {"current": 0, "display": 0, "period1": 4, "period2": 3, "normaltime": 0}, "awayScore": {"current": 2, "display": 2, "period1": 6, "period2": 6, "normaltime": 2}, "time": {"current": 4006, "period1": 2544, "period2": 1462, "currentPeriodStartTimestamp": 1592986539}, "changes": {"changes": ["status.code", "status.description", "status.type", "homeScore.normaltime", "awayScore.current", "awayScore.display", "awayScore.period2", "awayScore.normaltime"], "changeTimestamp": 1592986626}, "hasGlobalHighlights": false, "id": 8713471, "startTimestamp": 1592982000, "slug": "mladenov-mirchev-rumen", "periods": {"point": "Game", "current": "Match", "period1": "1st set", "period2": "2nd set", "period3": "3rd set", "period4": "4th set", "period5": "5th set"}, "finalResultOnly": false}, {"tournament": {"name": "Liga Pro", "slug": "liga-pro", "category": {"name": "Other", "slug": "other", "sport": {"name": "Tennis", "slug": "tennis", "id": 5}, "id": 1555, "flag": "other"}, "uniqueTournament": {"name": "Liga Pro", "slug": "liga-pro", "category": {"name": "Other", "slug": "other", "sport": {"name": "Tennis", "slug": "tennis", "id": 5}, "id": 1555, "flag": "other"}, "userCount": 98, "id": 14770, "hasEventPlayerStatistics": false}, "id": 79016}, "customId": "opOcslZOc", "status": {"code": 100, "description": "Ended", "type": "finished"}, "winnerCode": 2, "homeTeam": {"name": "Dafinov A.", "slug": "dafinov-aleksandr", "shortName": "Dafinov A.", "userCount": 8, "nameCode": "DAL", "national": false, "type": 1, "id": 349961, "subTeams": [], "teamColors": {"primary": "#52b030", "secondary": "#52b030", "text": "#ffffff"}}, "awayTeam": {"name": "Todorov D.", "slug": "todorov-dimitr", "shortName": "Todorov D.", "userCount": 4, "nameCode": "TDI", "national": false, "type": 1, "id": 348264, "subTeams": [], "teamColors": {"primary": "#52b030", "secondary": "#52b030", "text": "#ffffff"}}, "homeScore": {"current": 0, "display": 0, "period1": 3, "period2": 5, "normaltime": 0}, "awayScore": {"current": 2, "display": 2, "period1": 6, "period2": 7, "normaltime": 2}, "time": {"current": 4850, "period1": 1760, "period2": 3090, "currentPeriodStartTimestamp": 1592992276}, "changes": {"changes": ["status.code", "status.description", "status.type", "homeScore.normaltime", "awayScore.current", "awayScore.display", "awayScore.period2", "awayScore.normaltime"], "changeTimestamp": 1592992389}, "hasGlobalHighlights": false, "id": 8713472, "startTimestamp": 1592987400, "slug": "dafinov-todorov", "periods": {"point": "Game", "current": "Match", "period1": "1st set", "period2": "2nd set", "period3": "3rd set", "period4": "4th set", "period5": "5th set"}, "finalResultOnly": false}, {"tournament": {"name": "Liga Pro", "slug": "liga-pro", "category": {"name": "Other", "slug": "other", "sport": {"name": "Tennis", "slug": "tennis", "id": 5}, "id": 1555, "flag": "other"}, "uniqueTournament": {"name": "Liga Pro", "slug": "liga-pro", "category": {"name": "Other", "slug": "other", "sport": {"name": "Tennis", "slug": "tennis", "id": 5}, "id": 1555, "flag": "other"}, "userCount": 98, "id": 14770, "hasEventPlayerStatistics": false}, "id": 79016}, "customId": "ojOcsfkOc", "status": {"code": 100, "description": "Ended", "type": "finished"}, "winnerCode": 1, "homeTeam": {"name": "Kolev M.", "slug": "kolev-martin", "shortName": "Kolev M.", "userCount": 2, "nameCode": "KMA", "national": false, "type": 1, "id": 347964, "subTeams": [], "teamColors": {"primary": "#52b030", "secondary": "#52b030", "text": "#ffffff"}}, "awayTeam": {"name": "Slavov Gergi", "slug": "slavov-gergi", "shortName": "Slavov Gergi", "userCount": 8, "nameCode": "SGE", "national": false, "type": 1, "id": 348005, "subTeams": [], "teamColors": {"primary": "#52b030", "secondary": "#52b030", "text": "#ffffff"}}, "homeScore": {"current": 2, "display": 2, "period1": 7, "period2": 6, "normaltime": 2}, "awayScore": {"current": 0, "display": 0, "period1": 6, "period2": 3, "normaltime": 0}, "time": {"current": 5363, "period1": 3020, "period2": 2343, "currentPeriodStartTimestamp": 1592999100}, "changes": {"changes": ["status.code", "status.description", "status.type", "homeScore.current", "homeScore.display", "homeScore.period2", "homeScore.normaltime", "awayScore.normaltime"], "changeTimestamp": 1592999234}, "hasGlobalHighlights": false, "id": 8713473, "startTimestamp": 1592992800, "slug": "slavov-gergi-kolev", "periods": {"point": "Game", "current": "Match", "period1": "1st set", "period2": "2nd set", "period3": "3rd set", "period4": "4th set", "period5": "5th set"}, "finalResultOnly": false}, {"tournament": {"name": "Liga Pro", "slug": "liga-pro", "category": {"name": "Other", "slug": "other", "sport": {"name": "Tennis", "slug": "tennis", "id": 5}, "id": 1555, "flag": "other"}, "uniqueTournament": {"name": "Liga Pro", "slug": "liga-pro", "category": {"name": "Other", "slug": "other", "sport": {"name": "Tennis", "slug": "tennis", "id": 5}, "id": 1555, "flag": "other"}, "userCount": 98, "id": 14770, "hasEventPlayerStatistics": false}, "id": 79016}, "customId": "bkOcsxuOc", "status": {"code": 100, "description": "Ended", "type": "finished"}, "winnerCode": 2, "homeTeam": {"name": "Avzhiev D.", "slug": "avzhiev-dimitr", "shortName": "Avzhiev D.", "userCount": 9, "nameCode": "ADI", "national": false, "type": 1, "id": 348472, "subTeams": [], "teamColors": {"primary": "#52b030", "secondary": "#52b030", "text": "#ffffff"}}, "awayTeam": {"name": "Lyubomir S.", "slug": "lyubomir-shketrov", "shortName": "Lyubomir S.", "userCount": 18, "nameCode": "LSH", "national": false, "type": 1, "id": 348001, "subTeams": [], "teamColors": {"primary": "#52b030", "secondary": "#52b030", "text": "#ffffff"}}, "homeScore": {"current": 0, "display": 0, "period1": 3, "period2": 1, "normaltime": 0}, "awayScore": {"current": 2, "display": 2, "period1": 6, "period2": 6, "normaltime": 2}, "time": {"current": 4064, "period1": 1942, "period2": 2122, "currentPeriodStartTimestamp": 1593004288}, "changes": {"changes": ["status.code", "status.description", "status.type", "homeScore.normaltime", "awayScore.current", "awayScore.display", "awayScore.period2", "awayScore.normaltime"], "changeTimestamp": 1593004446}, "hasGlobalHighlights": false, "id": 8713474, "startTimestamp": 1592998200, "slug": "avzhiev-lyubomir", "periods": {"point": "Game", "current": "Match", "period1": "1st set", "period2": "2nd set", "period3": "3rd set", "period4": "4th set", "period5": "5th set"}, "finalResultOnly": false}, {"tournament": {"name": "Liga Pro", "slug": "liga-pro", "category": {"name": "Other", "slug": "other", "sport": {"name": "Tennis", "slug": "tennis", "id": 5}, "id": 1555, "flag": "other"}, "uniqueTournament": {"name": "Liga Pro", "slug": "liga-pro", "category": {"name": "Other", "slug": "other", "sport": {"name": "Tennis", "slug": "tennis", "id": 5}, "id": 1555, "flag": "other"}, "userCount": 98, "id": 14770, "hasEventPlayerStatistics": false}, "id": 79016}, "customId": "apOcsKIOc", "status": {"code": 100, "description": "Ended", "type": "finished"}, "winnerCode": 2, "homeTeam": {"name": "Baichev B.", "slug": "baichev-boyko", "shortName": "Baichev B.", "userCount": 1, "nameCode": "BBO", "national": false, "type": 1, "id": 348250, "subTeams": [], "teamColors": {"primary": "#52b030", "secondary": "#52b030", "text": "#ffffff"}}, "awayTeam": {"name": "Myumyun A.", "slug": "myumyun-alper", "shortName": "Myumyun A.", "userCount": 3, "nameCode": "MAL", "national": false, "type": 1, "id": 349185, "subTeams": [], "teamColors": {"primary": "#52b030", "secondary": "#52b030", "text": "#ffffff"}}, "homeScore": {"current": 0, "display": 0, "period1": 3, "period2": 6, "normaltime": 0}, "awayScore": {"current": 2, "display": 2, "period1": 6, "period2": 7, "normaltime": 2}, "time": {"current": 6770, "period1": 2732, "period2": 4038, "currentPeriodStartTimestamp": 1593012005}, "changes": {"changes": ["status.code", "status.description", "status.type", "homeScore.normaltime", "awayScore.current", "awayScore.display", "awayScore.period2", "awayScore.normaltime"], "changeTimestamp": 1593012013}, "hasGlobalHighlights": false, "id": 8713475, "startTimestamp": 1593003600, "slug": "myumyun-baichev", "periods": {"point": "Game", "current": "Match", "period1": "1st set", "period2": "2nd set", "period3": "3rd set", "period4": "4th set", "period5": "5th set"}, "finalResultOnly": false}, {"tournament": {"name": "Liga Pro", "slug": "liga-pro", "category": {"name": "Other", "slug": "other", "sport": {"name": "Tennis", "slug": "tennis", "id": 5}, "id": 1555, "flag": "other"}, "uniqueTournament": {"name": "Liga Pro", "slug": "liga-pro", "category": {"name": "Other", "slug": "other", "sport": {"name": "Tennis", "slug": "tennis", "id": 5}, "id": 1555, "flag": "other"}, "userCount": 98, "id": 14770, "hasEventPlayerStatistics": false}, "id": 79016}, "customId": "gkOcsyMOc", "status": {"code": 100, "description": "Ended", "type": "finished"}, "winnerCode": 2, "homeTeam": {"name": "Mirchev N.", "slug": "mirchev-nikolai", "shortName": "Mirchev N.", "userCount": 1, "nameCode": "MNI", "national": false, "type": 1, "id": 349373, "subTeams": [], "teamColors": {"primary": "#52b030", "secondary": "#52b030", "text": "#ffffff"}}, "awayTeam": {"name": "Mitev K.", "slug": "mitev-kristian", "shortName": "Mitev K.", "userCount": 22, "nameCode": "MKR", "national": false, "type": 1, "id": 348006, "subTeams": [], "teamColors": {"primary": "#52b030", "secondary": "#52b030", "text": "#ffffff"}}, "homeScore": {"current": 0, "display": 0, "period1": 2, "period2": 3, "normaltime": 0}, "awayScore": {"current": 2, "display": 2, "period1": 6, "period2": 6, "normaltime": 2}, "time": {"current": 3016, "period1": 1451, "period2": 1565, "currentPeriodStartTimestamp": 1593015810}, "changes": {"changes": ["status.code", "status.description", "status.type", "homeScore.normaltime", "awayScore.current", "awayScore.display", "awayScore.period2", "awayScore.normaltime"], "changeTimestamp": 1593015975}, "hasGlobalHighlights": false, "id": 8713476, "startTimestamp": 1593009000, "slug": "mirchev-mitev", "periods": {"point": "Game", "current": "Match", "period1": "1st set", "period2": "2nd set", "period3": "3rd set", "period4": "4th set", "period5": "5th set"}, "finalResultOnly": false}, {"tournament": {"name": "Liga Pro", "slug": "liga-pro", "category": {"name": "Other", "slug": "other", "sport": {"name": "Tennis", "slug": "tennis", "id": 5}, "id": 1555, "flag": "other"}, "uniqueTournament": {"name": "Liga Pro", "slug": "liga-pro", "category": {"name": "Other", "slug": "other", "sport": {"name": "Tennis", "slug": "tennis", "id": 5}, "id": 1555, "flag": "other"}, "userCount": 98, "id": 14770, "hasEventPlayerStatistics": false}, "id": 79016}, "customId": "pkOcsJIOc", "status": {"code": 100, "description": "Ended", "type": "finished"}, "winnerCode": 1, "homeTeam": {"name": "Mladenov A.", "slug": "mladenov-adrian", "shortName": "Mladenov A.", "gender": "M", "userCount": 5, "nameCode": "MAD", "national": false, "type": 1, "id": 348015, "subTeams": [], "teamColors": {"primary": "#52b030", "secondary": "#52b030", "text": "#ffffff"}}, "awayTeam": {"name": "Angelov G.", "slug": "angelov-georgi", "shortName": "Angelov G.", "userCount": 2, "nameCode": "AGE", "national": false, "type": 1, "id": 349184, "subTeams": [], "teamColors": {"primary": "#52b030", "secondary": "#52b030", "text": "#ffffff"}}, "homeScore": {"current": 2, "display": 2, "period1": 6, "period2": 6, "normaltime": 2}, "awayScore": {"current": 0, "display": 0, "period1": 4, "period2": 2, "normaltime": 0}, "time": {"current": 4370, "period1": 2330, "period2": 2040, "currentPeriodStartTimestamp": 1593073294}, "changes": {"changes": ["status.code", "status.description", "status.type", "homeScore.current", "homeScore.display", "homeScore.period2", "homeScore.normaltime", "awayScore.normaltime"], "changeTimestamp": 1593073387}, "hasGlobalHighlights": false, "id": 8714992, "startTimestamp": 1593068400, "slug": "angelov-mladenov", "periods": {"point": "Game", "current": "Match", "period1": "1st set", "period2": "2nd set", "period3": "3rd set", "period4": "4th set", "period5": "5th set"}, "finalResultOnly": false}, {"tournament": {"name": "Liga Pro", "slug": "liga-pro", "category": {"name": "Other", "slug": "other", "sport": {"name": "Tennis", "slug": "tennis", "id": 5}, "id": 1555, "flag": "other"}, "uniqueTournament": {"name": "Liga Pro", "slug": "liga-pro", "category": {"name": "Other", "slug": "other", "sport": {"name": "Tennis", "slug": "tennis", "id": 5}, "id": 1555, "flag": "other"}, "userCount": 98, "id": 14770, "hasEventPlayerStatistics": false}, "id": 79016}, "customId": "CkOcskZOc", "status": {"code": 100, "description": "Ended", "type": "finished"}, "winnerCode": 2, "homeTeam": {"name": "Gospodinov D.", "slug": "gospodinov-daniel", "shortName": "Gospodinov D.", "userCount": 3, "nameCode": "GDA", "national": false, "type": 1, "id": 349960, "subTeams": [], "teamColors": {"primary": "#52b030", "secondary": "#52b030", "text": "#ffffff"}}, "awayTeam": {"name": "Apostolov V.", "slug": "apostolov-veselin", "shortName": "Apostolov V.", "userCount": 12, "nameCode": "AVE", "national": false, "type": 1, "id": 348027, "subTeams": [], "teamColors": {"primary": "#52b030", "secondary": "#52b030", "text": "#ffffff"}}, "homeScore": {"current": 0, "display": 0, "period1": 2, "period2": 0, "normaltime": 0}, "awayScore": {"current": 2, "display": 2, "period1": 6, "period2": 6, "normaltime": 2}, "time": {"current": 3451, "period1": 1652, "period2": 1799, "currentPeriodStartTimestamp": 1593077345}, "changes": {"changes": ["status.code", "status.description", "status.type", "homeScore.normaltime", "awayScore.current", "awayScore.display", "awayScore.period2", "awayScore.normaltime"], "changeTimestamp": 1593077526}, "hasGlobalHighlights": false, "id": 8714993, "startTimestamp": 1593073800, "slug": "gospodinov-apostolov", "periods": {"point": "Game", "current": "Match", "period1": "1st set", "period2": "2nd set", "period3": "3rd set", "period4": "4th set", "period5": "5th set"}, "finalResultOnly": false}, {"tournament": {"name": "Liga Pro", "slug": "liga-pro", "category": {"name": "Other", "slug": "other", "sport": {"name": "Tennis", "slug": "tennis", "id": 5}, "id": 1555, "flag": "other"}, "uniqueTournament": {"name": "Liga Pro", "slug": "liga-pro", "category": {"name": "Other", "slug": "other", "sport": {"name": "Tennis", "slug": "tennis", "id": 5}, "id": 1555, "flag": "other"}, "userCount": 98, "id": 14770, "hasEventPlayerStatistics": false}, "id": 79016}, "customId": "apOcsopOc", "status": {"code": 100, "description": "Ended", "type": "finished"}, "winnerCode": 1, "homeTeam": {"name": "Todorov D.", "slug": "todorov-dimitr", "shortName": "Todorov D.", "userCount": 4, "nameCode": "TDI", "national": false, "type": 1, "id": 348264, "subTeams": [], "teamColors": {"primary": "#52b030", "secondary": "#52b030", "text": "#ffffff"}}, "awayTeam": {"name": "Baichev B.", "slug": "baichev-boyko", "shortName": "Baichev B.", "userCount": 1, "nameCode": "BBO", "national": false, "type": 1, "id": 348250, "subTeams": [], "teamColors": {"primary": "#52b030", "secondary": "#52b030", "text": "#ffffff"}}, "homeScore": {"current": 2, "display": 2, "period1": 7, "period2": 6, "normaltime": 2}, "awayScore": {"current": 0, "display": 0, "period1": 6, "period2": 4, "normaltime": 0}, "time": {"current": 6112, "period1": 3666, "period2": 2446, "currentPeriodStartTimestamp": 1593085911}, "changes": {"changes": ["status.code", "status.description", "status.type", "homeScore.current", "homeScore.display", "homeScore.period2", "homeScore.normaltime", "awayScore.normaltime"], "changeTimestamp": 1593085995}, "hasGlobalHighlights": false, "id": 8714994, "startTimestamp": 1593079200, "slug": "todorov-baichev", "periods": {"point": "Game", "current": "Match", "period1": "1st set", "period2": "2nd set", "period3": "3rd set", "period4": "4th set", "period5": "5th set"}, "finalResultOnly": false}, {"tournament": {"name": "Liga Pro", "slug": "liga-pro", "category": {"name": "Other", "slug": "other", "sport": {"name": "Tennis", "slug": "tennis", "id": 5}, "id": 1555, "flag": "other"}, "uniqueTournament": {"name": "Liga Pro", "slug": "liga-pro", "category": {"name": "Other", "slug": "other", "sport": {"name": "Tennis", "slug": "tennis", "id": 5}, "id": 1555, "flag": "other"}, "userCount": 98, "id": 14770, "hasEventPlayerStatistics": false}, "id": 79016}, "customId": "BkOcsbpOc", "status": {"code": 100, "description": "Ended", "type": "finished"}, "winnerCode": 1, "homeTeam": {"name": "Tanev B.", "slug": "tanev-boncho", "shortName": "Tanev B.", "userCount": 10, "nameCode": "TBO", "national": false, "type": 1, "id": 348026, "subTeams": [], "teamColors": {"primary": "#52b030", "secondary": "#52b030", "text": "#ffffff"}}, "awayTeam": {"name": "Gavrilov P.", "slug": "gavrilov-peter", "shortName": "Gavrilov P.", "userCount": 3, "nameCode": "GPE", "national": false, "type": 1, "id": 348251, "subTeams": [], "teamColors": {"primary": "#52b030", "secondary": "#52b030", "text": "#ffffff"}}, "homeScore": {"current": 2, "display": 2, "period1": 6, "period2": 7, "normaltime": 2}, "awayScore": {"current": 0, "display": 0, "period1": 1, "period2": 5, "normaltime": 0}, "time": {"current": 4266, "period1": 1249, "period2": 3017, "currentPeriodStartTimestamp": 1593090956}, "changes": {"changes": ["status.code", "status.description", "status.type", "homeScore.current", "homeScore.display", "homeScore.period2", "homeScore.normaltime", "awayScore.normaltime"], "changeTimestamp": 1593091026}, "hasGlobalHighlights": false, "id": 8714995, "startTimestamp": 1593084600, "slug": "gavrilov-tanev", "periods": {"point": "Game", "current": "Match", "period1": "1st set", "period2": "2nd set", "period3": "3rd set", "period4": "4th set", "period5": "5th set"}, "finalResultOnly": false}, {"tournament": {"name": "Liga Pro", "slug": "liga-pro", "category": {"name": "Other", "slug": "other", "sport": {"name": "Tennis", "slug": "tennis", "id": 5}, "id": 1555, "flag": "other"}, "uniqueTournament": {"name": "Liga Pro", "slug": "liga-pro", "category": {"name": "Other", "slug": "other", "sport": {"name": "Tennis", "slug": "tennis", "id": 5}, "id": 1555, "flag": "other"}, "userCount": 98, "id": 14770, "hasEventPlayerStatistics": false}, "id": 79016}, "customId": "cvEbsYjOc", "status": {"code": 100, "description": "Ended", "type": "finished"}, "winnerCode": 2, "homeTeam": {"name": "Georgiev A.", "slug": "georgiev-anton", "shortName": "Georgiev A.", "userCount": 4, "nameCode": "GEO", "national": false, "type": 1, "id": 198502, "subTeams": [], "teamColors": {"primary": "#52b030", "secondary": "#52b030", "text": "#ffffff"}}, "awayTeam": {"name": "Sevov Rumen", "slug": "sevov-rumen", "shortName": "Sevov Rumen", "userCount": 14, "nameCode": "SRU", "national": false, "type": 1, "id": 347998, "subTeams": [], "teamColors": {"primary": "#52b030", "secondary": "#52b030", "text": "#ffffff"}}, "homeScore": {"current": 0, "display": 0, "period1": 2, "period2": 1, "normaltime": 0}, "awayScore": {"current": 2, "display": 2, "period1": 6, "period2": 6, "normaltime": 2}, "time": {"current": 3787, "period1": 1838, "period2": 1949, "currentPeriodStartTimestamp": 1593095848}, "changes": {"changes": ["status.code", "status.description", "status.type", "homeScore.normaltime", "awayScore.current", "awayScore.display", "awayScore.period2", "awayScore.normaltime"], "changeTimestamp": 1593095887}, "hasGlobalHighlights": false, "id": 8714996, "startTimestamp": 1593090000, "slug": "sevov-rumen-georgiev", "periods": {"point": "Game", "current": "Match", "period1": "1st set", "period2": "2nd set", "period3": "3rd set", "period4": "4th set", "period5": "5th set"}, "finalResultOnly": false}, {"tournament": {"name": "Liga Pro", "slug": "liga-pro", "category": {"name": "Other", "slug": "other", "sport": {"name": "Tennis", "slug": "tennis", "id": 5}, "id": 1555, "flag": "other"}, "uniqueTournament": {"name": "Liga Pro", "slug": "liga-pro", "category": {"name": "Other", "slug": "other", "sport": {"name": "Tennis", "slug": "tennis", "id": 5}, "id": 1555, "flag": "other"}, "userCount": 98, "id": 14770, "hasEventPlayerStatistics": false}, "id": 79016}, "customId": "bkOcsgkOc", "status": {"code": 100, "description": "Ended", "type": "finished"}, "winnerCode": 1, "homeTeam": {"name": "Mitev K.", "slug": "mitev-kristian", "shortName": "Mitev K.", "userCount": 22, "nameCode": "MKR", "national": false, "type": 1, "id": 348006, "subTeams": [], "teamColors": {"primary": "#52b030", "secondary": "#52b030", "text": "#ffffff"}}, "awayTeam": {"name": "Lyubomir S.", "slug": "lyubomir-shketrov", "shortName": "Lyubomir S.", "userCount": 18, "nameCode": "LSH", "national": false, "type": 1, "id": 348001, "subTeams": [], "teamColors": {"primary": "#52b030", "secondary": "#52b030", "text": "#ffffff"}}, "homeScore": {"current": 2, "display": 2, "period1": 6, "period2": 2, "period3": 10, "normaltime": 2}, "awayScore": {"current": 1, "display": 1, "period1": 4, "period2": 6, "period3": 7, "normaltime": 1}, "time": {"current": 5554, "period1": 2217, "period2": 2273, "period3": 1064, "currentPeriodStartTimestamp": 1593102390}, "changes": {"changes": ["status.code", "status.description", "status.type", "homeScore.current", "homeScore.display", "homeScore.period3", "homeScore.normaltime", "awayScore.period3", "awayScore.normaltime"], "changeTimestamp": 1593102552}, "hasGlobalHighlights": false, "id": 8714997, "startTimestamp": 1593095400, "slug": "mitev-lyubomir", "periods": {"point": "Game", "current": "Match", "period1": "1st set", "period2": "2nd set", "period3": "3rd set", "period4": "4th set", "period5": "5th set"}, "finalResultOnly": false}], "hasNextPage": true}