{"events": [{"tournament": {"name": "Liga Pro", "slug": "liga-pro", "category": {"name": "Other", "slug": "other", "sport": {"name": "Tennis", "slug": "tennis", "id": 5}, "id": 1555, "flag": "other"}, "uniqueTournament": {"name": "Liga Pro", "slug": "liga-pro", "category": {"name": "Other", "slug": "other", "sport": {"name": "Tennis", "slug": "tennis", "id": 5}, "id": 1555, "flag": "other"}, "userCount": 98, "id": 14770, "hasEventPlayerStatistics": false}, "id": 79016}, "customId": "cpOcsJIOc", "status": {"code": 100, "description": "Ended", "type": "finished"}, "winnerCode": 1, "homeTeam": {"name": "Angelov G.", "slug": "angelov-georgi", "shortName": "Angelov G.", "userCount": 2, "nameCode": "AGE", "national": false, "type": 1, "id": 349184, "subTeams": [], "teamColors": {"primary": "#52b030", "secondary": "#52b030", "text": "#ffffff"}}, "awayTeam": {"name": "Zhelev P.", "slug": "zhelev-plamen", "shortName": "Zhelev P.", "userCount": 7, "nameCode": "ZPL", "national": false, "type": 1, "id": 348252, "subTeams": [], "teamColors": {"primary": "#52b030", "secondary": "#52b030", "text": "#ffffff"}}, "homeScore": {"current": 2, "display": 2, "period1": 7, "period2": 6, "normaltime": 2}, "awayScore": {"current": 0, "display": 0, "period1": 6, "period2": 0, "normaltime": 0}, "time": {"current": 4778, "period1": 3259, "period2": 1519, "currentPeriodStartTimestamp": 1592301293}, "changes": {"changes": ["status.code", "status.description", "status.type", "homeScore.current", "homeScore.display", "homeScore.period2", "homeScore.normaltime", "awayScore.normaltime"], "changeTimestamp": 1592301370}, "hasGlobalHighlights": false, "id": 8699383, "startTimestamp": 1592296200, "slug": "angelov-zhelev", "periods": {"point": "Game", "current": "Match", "period1": "1st set", "period2": "2nd set", "period3": "3rd set", "period4": "4th set", "period5": "5th set"}, "finalResultOnly": false}, {"tournament": {"name": "Liga Pro", "slug": "liga-pro", "category": {"name": "Other", "slug": "other", "sport": {"name": "Tennis", "slug": "tennis", "id": 5}, "id": 1555, "flag": "other"}, "uniqueTournament": {"name": "Liga Pro", "slug": "liga-pro", "category": {"name": "Other", "slug": "other", "sport": {"name": "Tennis", "slug": "tennis", "id": 5}, "id": 1555, "flag": "other"}, "userCount": 98, "id": 14770, "hasEventPlayerStatistics": false}, "id": 79016}, "customId": "YjOcsKIOc", "status": {"code": 100, "description": "Ended", "type": "finished"}, "winnerCode": 1, "homeTeam": {"name": "Sevov Rumen", "slug": "sevov-rumen", "shortName": "Sevov Rumen", "userCount": 14, "nameCode": "SRU", "national": false, "type": 1, "id": 347998, "subTeams": [], "teamColors": {"primary": "#52b030", "secondary": "#52b030", "text": "#ffffff"}}, "awayTeam": {"name": "Myumyun A.", "slug": "myumyun-alper", "shortName": "Myumyun A.", "userCount": 3, "nameCode": "MAL", "national": false, "type": 1, "id": 349185, "subTeams": [], "teamColors": {"primary": "#52b030", "secondary": "#52b030", "text": "#ffffff"}}, "homeScore": {"current": 2, "display": 2, "period1": 6, "period2": 6, "normaltime": 2}, "awayScore": {"current": 0, "display": 0, "period1": 3, "period2": 3, "normaltime": 0}, "time": {"current": 4713, "period1": 2485, "period2": 2228, "currentPeriodStartTimestamp": 1592306879}, "changes": {"changes": ["status.code", "status.description", "status.type", "homeScore.current", "homeScore.display", "homeScore.period2", "homeScore.normaltime", "awayScore.normaltime"], "changeTimestamp": 1592306951}, "hasGlobalHighlights": false, "id": 8699384, "startTimestamp": 1592301600, "slug": "myumyun-sevov-rumen", "periods": {"point": "Game", "current": "Match", "period1": "1st set", "period2": "2nd set", "period3": "3rd set", "period4": "4th set", "period5": "5th set"}, "finalResultOnly": false}, {"tournament": {"name": "Liga Pro", "slug": "liga-pro", "category": {"name": "Other", "slug": "other", "sport": {"name": "Tennis", "slug": "tennis", "id": 5}, "id": 1555, "flag": "other"}, "uniqueTournament": {"name": "Liga Pro", "slug": "liga-pro", "category": {"name": "Other", "slug": "other", "sport": {"name": "Tennis", "slug": "tennis", "id": 5}, "id": 1555, "flag": "other"}, "userCount": 98, "id": 14770, "hasEventPlayerStatistics": false}, "id": 79016}, "customId": "bkOcsatOc", "status": {"code": 100, "description": "Ended", "type": "finished"}, "winnerCode": 2, "homeTeam": {"name": "Mikhailov M.", "slug": "mikhailov-manol", "shortName": "Mikhailov M.", "userCount": 9, "nameCode": "MMA", "national": false, "type": 1, "id": 348400, "subTeams": [], "teamColors": {"primary": "#52b030", "secondary": "#52b030", "text": "#ffffff"}}, "awayTeam": {"name": "Lyubomir S.", "slug": "lyubomir-shketrov", "shortName": "Lyubomir S.", "userCount": 18, "nameCode": "LSH", "national": false, "type": 1, "id": 348001, "subTeams": [], "teamColors": {"primary": "#52b030", "secondary": "#52b030", "text": "#ffffff"}}, "homeScore": {"current": 0, "display": 0, "period1": 4, "period2": 3, "normaltime": 0}, "awayScore": {"current": 2, "display": 2, "period1": 6, "period2": 6, "normaltime": 2}, "time": {"current": 4121, "period1": 2290, "period2": 1831, "currentPeriodStartTimestamp": 1592311963}, "changes": {"changes": ["status.code", "status.description", "status.type", "homeScore.normaltime", "awayScore.current", "awayScore.display", "awayScore.period2", "awayScore.normaltime"], "changeTimestamp": 1592311992}, "hasGlobalHighlights": false, "id": 8699317, "startTimestamp": 1592307000, "slug": "mikhailov-lyubomir", "periods": {"point": "Game", "current": "Match", "period1": "1st set", "period2": "2nd set", "period3": "3rd set", "period4": "4th set", "period5": "5th set"}, "finalResultOnly": false}, {"tournament": {"name": "Liga Pro", "slug": "liga-pro", "category": {"name": "Other", "slug": "other", "sport": {"name": "Tennis", "slug": "tennis", "id": 5}, "id": 1555, "flag": "other"}, "uniqueTournament": {"name": "Liga Pro", "slug": "liga-pro", "category": {"name": "Other", "slug": "other", "sport": {"name": "Tennis", "slug": "tennis", "id": 5}, "id": 1555, "flag": "other"}, "userCount": 98, "id": 14770, "hasEventPlayerStatistics": false}, "id": 79016}, "customId": "GVQsyMOc", "status": {"code": 100, "description": "Ended", "type": "finished"}, "winnerCode": 1, "homeTeam": {"name": "Simov T.", "slug": "simov-tihomir", "shortName": "Simov T.", "gender": "M", "userCount": 8, "nameCode": "SIM", "national": false, "type": 1, "id": 104781, "subTeams": [], "teamColors": {"primary": "#52b030", "secondary": "#52b030", "text": "#ffffff"}}, "awayTeam": {"name": "Mirchev N.", "slug": "mirchev-nikolai", "shortName": "Mirchev N.", "userCount": 1, "nameCode": "MNI", "national": false, "type": 1, "id": 349373, "subTeams": [], "teamColors": {"primary": "#52b030", "secondary": "#52b030", "text": "#ffffff"}}, "homeScore": {"current": 2, "display": 2, "period1": 6, "period2": 6, "normaltime": 2}, "awayScore": {"current": 0, "display": 0, "period1": 0, "period2": 4, "normaltime": 0}, "time": {"current": 2263, "period1": 238, "period2": 2025, "currentPeriodStartTimestamp": 1592315906}, "changes": {"changes": ["status.code", "status.description", "status.type", "homeScore.current", "homeScore.display", "homeScore.period2", "homeScore.normaltime", "awayScore.normaltime"], "changeTimestamp": 1592315949}, "hasGlobalHighlights": false, "id": 8700756, "startTimestamp": 1592312400, "slug": "mirchev-simov", "periods": {"point": "Game", "current": "Match", "period1": "1st set", "period2": "2nd set", "period3": "3rd set", "period4": "4th set", "period5": "5th set"}, "finalResultOnly": false}, {"tournament": {"name": "Liga Pro", "slug": "liga-pro", "category": {"name": "Other", "slug": "other", "sport": {"name": "Tennis", "slug": "tennis", "id": 5}, "id": 1555, "flag": "other"}, "uniqueTournament": {"name": "Liga Pro", "slug": "liga-pro", "category": {"name": "Other", "slug": "other", "sport": {"name": "Tennis", "slug": "tennis", "id": 5}, "id": 1555, "flag": "other"}, "userCount": 98, "id": 14770, "hasEventPlayerStatistics": false}, "id": 79016}, "customId": "GVQsekOc", "status": {"code": 70, "description": "Canceled", "type": "canceled"}, "winnerCode": 0, "homeTeam": {"name": "Simov T.", "slug": "simov-tihomir", "shortName": "Simov T.", "gender": "M", "userCount": 8, "nameCode": "SIM", "national": false, "type": 1, "id": 104781, "subTeams": [], "teamColors": {"primary": "#52b030", "secondary": "#52b030", "text": "#ffffff"}}, "awayTeam": {"name": "Mirchev Rumen", "slug": "mirchev-rumen", "shortName": "Mirchev Rumen", "userCount": 10, "nameCode": "MRU", "national": false, "type": 1, "id": 348004, "subTeams": [], "teamColors": {"primary": "#52b030", "secondary": "#52b030", "text": "#ffffff"}}, "homeScore": {}, "awayScore": {}, "time": {}, "changes": {"changeTimestamp": 0}, "hasGlobalHighlights": false, "id": 8699318, "startTimestamp": 1592312400, "slug": "mirchev-rumen-simov", "periods": {"point": "Game", "current": "Match", "period1": "1st set", "period2": "2nd set", "period3": "3rd set", "period4": "4th set", "period5": "5th set"}, "finalResultOnly": false}, {"tournament": {"name": "Liga Pro", "slug": "liga-pro", "category": {"name": "Other", "slug": "other", "sport": {"name": "Tennis", "slug": "tennis", "id": 5}, "id": 1555, "flag": "other"}, "uniqueTournament": {"name": "Liga Pro", "slug": "liga-pro", "category": {"name": "Other", "slug": "other", "sport": {"name": "Tennis", "slug": "tennis", "id": 5}, "id": 1555, "flag": "other"}, "userCount": 98, "id": 14770, "hasEventPlayerStatistics": false}, "id": 79016}, "customId": "pjOcsxuOc", "status": {"code": 100, "description": "Ended", "type": "finished"}, "winnerCode": 2, "homeTeam": {"name": "Tanev I.", "slug": "tanev-ivan", "shortName": "Tanev I.", "userCount": 7, "nameCode": "TIV", "national": false, "type": 1, "id": 347965, "subTeams": [], "teamColors": {"primary": "#52b030", "secondary": "#52b030", "text": "#ffffff"}}, "awayTeam": {"name": "Avzhiev D.", "slug": "avzhiev-dimitr", "shortName": "Avzhiev D.", "userCount": 9, "nameCode": "ADI", "national": false, "type": 1, "id": 348472, "subTeams": [], "teamColors": {"primary": "#52b030", "secondary": "#52b030", "text": "#ffffff"}}, "homeScore": {"current": 0, "display": 0, "period1": 2, "period2": 5, "normaltime": 0}, "awayScore": {"current": 2, "display": 2, "period1": 6, "period2": 7, "normaltime": 2}, "time": {"current": 4511, "period1": 1650, "period2": 2861, "currentPeriodStartTimestamp": 1592322229}, "changes": {"changes": ["status.code", "status.description", "status.type", "homeScore.normaltime", "awayScore.current", "awayScore.display", "awayScore.period2", "awayScore.normaltime"], "changeTimestamp": 1592322253}, "hasGlobalHighlights": false, "id": 8699319, "startTimestamp": 1592317800, "slug": "avzhiev-tanev", "periods": {"point": "Game", "current": "Match", "period1": "1st set", "period2": "2nd set", "period3": "3rd set", "period4": "4th set", "period5": "5th set"}, "finalResultOnly": false}, {"tournament": {"name": "Liga Pro", "slug": "liga-pro", "category": {"name": "Other", "slug": "other", "sport": {"name": "Tennis", "slug": "tennis", "id": 5}, "id": 1555, "flag": "other"}, "uniqueTournament": {"name": "Liga Pro", "slug": "liga-pro", "category": {"name": "Other", "slug": "other", "sport": {"name": "Tennis", "slug": "tennis", "id": 5}, "id": 1555, "flag": "other"}, "userCount": 98, "id": 14770, "hasEventPlayerStatistics": false}, "id": 79016}, "customId": "pjOcsekOc", "status": {"code": 100, "description": "Ended", "type": "finished"}, "winnerCode": 1, "homeTeam": {"name": "Mirchev Rumen", "slug": "mirchev-rumen", "shortName": "Mirchev Rumen", "userCount": 10, "nameCode": "MRU", "national": false, "type": 1, "id": 348004, "subTeams": [], "teamColors": {"primary": "#52b030", "secondary": "#52b030", "text": "#ffffff"}}, "awayTeam": {"name": "Tanev I.", "slug": "tanev-ivan", "shortName": "Tanev I.", "userCount": 7, "nameCode": "TIV", "national": false, "type": 1, "id": 347965, "subTeams": [], "teamColors": {"primary": "#52b030", "secondary": "#52b030", "text": "#ffffff"}}, "homeScore": {"current": 2, "display": 2, "period1": 7, "period2": 0, "period3": 10, "normaltime": 2}, "awayScore": {"current": 1, "display": 1, "period1": 5, "period2": 6, "period3": 5, "normaltime": 1}, "time": {"current": 4405, "period1": 2284, "period2": 1496, "period3": 625, "currentPeriodStartTimestamp": 1592381859}, "changes": {"changes": ["status.code", "status.description", "status.type", "homeScore.current", "homeScore.display", "homeScore.period3", "homeScore.normaltime", "awayScore.period3", "awayScore.normaltime"], "changeTimestamp": 1592382012}, "hasGlobalHighlights": false, "id": 8700802, "startTimestamp": 1592377200, "slug": "mirchev-rumen-tanev", "periods": {"point": "Game", "current": "Match", "period1": "1st set", "period2": "2nd set", "period3": "3rd set", "period4": "4th set", "period5": "5th set"}, "finalResultOnly": false}, {"tournament": {"name": "Liga Pro", "slug": "liga-pro", "category": {"name": "Other", "slug": "other", "sport": {"name": "Tennis", "slug": "tennis", "id": 5}, "id": 1555, "flag": "other"}, "uniqueTournament": {"name": "Liga Pro", "slug": "liga-pro", "category": {"name": "Other", "slug": "other", "sport": {"name": "Tennis", "slug": "tennis", "id": 5}, "id": 1555, "flag": "other"}, "userCount": 98, "id": 14770, "hasEventPlayerStatistics": false}, "id": 79016}, "customId": "rjOcsokOc", "status": {"code": 100, "description": "Ended", "type": "finished"}, "winnerCode": 1, "homeTeam": {"name": "Ganchev I.", "slug": "ganchev-ivko", "shortName": "Ganchev I.", "gender": "M", "userCount": 9, "nameCode": "GIV", "national": false, "type": 1, "id": 348014, "subTeams": [], "teamColors": {"primary": "#52b030", "secondary": "#52b030", "text": "#ffffff"}}, "awayTeam": {"name": "Kanev G.", "slug": "kanev-georgi", "shortName": "Kanev G.", "userCount": 11, "nameCode": "KGE", "national": false, "type": 1, "id": 347967, "subTeams": [], "teamColors": {"primary": "#52b030", "secondary": "#52b030", "text": "#ffffff"}}, "homeScore": {"current": 2, "display": 2, "period1": 6, "period2": 7, "normaltime": 2}, "awayScore": {"current": 0, "display": 0, "period1": 3, "period2": 6, "normaltime": 0}, "time": {"current": 5409, "period1": 1880, "period2": 3529, "currentPeriodStartTimestamp": 1592388318}, "changes": {"changes": ["status.code", "status.description", "status.type", "homeScore.current", "homeScore.display", "homeScore.period2", "homeScore.normaltime", "awayScore.normaltime"], "changeTimestamp": 1592388484}, "hasGlobalHighlights": false, "id": 8700803, "startTimestamp": 1592382600, "slug": "ganchev-kanev", "periods": {"point": "Game", "current": "Match", "period1": "1st set", "period2": "2nd set", "period3": "3rd set", "period4": "4th set", "period5": "5th set"}, "finalResultOnly": false}, {"tournament": {"name": "Liga Pro", "slug": "liga-pro", "category": {"name": "Other", "slug": "other", "sport": {"name": "Tennis", "slug": "tennis", "id": 5}, "id": 1555, "flag": "other"}, "uniqueTournament": {"name": "Liga Pro", "slug": "liga-pro", "category": {"name": "Other", "slug": "other", "sport": {"name": "Tennis", "slug": "tennis", "id": 5}, "id": 1555, "flag": "other"}, "userCount": 98, "id": 14770, "hasEventPlayerStatistics": false}, "id": 79016}, "customId": "wVacsIMOc", "status": {"code": 100, "description": "Ended", "type": "finished"}, "winnerCode": 2, "homeTeam": {"name": "Yordanov Y.", "slug": "yordanov-yordan", "shortName": "Yordanov Y.", "userCount": 11, "nameCode": "YOR", "national": false, "type": 1, "id": 252271, "subTeams": [], "teamColors": {"primary": "#52b030", "secondary": "#52b030", "text": "#ffffff"}}, "awayTeam": {"name": "Valchanov N.", "slug": "valchanov-nikola", "shortName": "Valchanov N.", "userCount": 6, "nameCode": "VNI", "national": false, "type": 1, "id": 349383, "subTeams": [], "teamColors": {"primary": "#52b030", "secondary": "#52b030", "text": "#ffffff"}}, "homeScore": {"current": 1, "display": 1, "period1": 6, "period2": 0, "period3": 8, "normaltime": 1}, "awayScore": {"current": 2, "display": 2, "period1": 2, "period2": 6, "period3": 10, "normaltime": 2}, "time": {"current": 6398, "period1": 2500, "period2": 2264, "period3": 1634, "currentPeriodStartTimestamp": 1592395704}, "changes": {"changes": ["status.code", "status.description", "status.type", "homeScore.period3", "homeScore.normaltime", "awayScore.current", "awayScore.display", "awayScore.period3", "awayScore.normaltime"], "changeTimestamp": 1592395871}, "hasGlobalHighlights": false, "id": 8700813, "startTimestamp": 1592388000, "slug": "valchanov-yordanov", "periods": {"point": "Game", "current": "Match", "period1": "1st set", "period2": "2nd set", "period3": "3rd set", "period4": "4th set", "period5": "5th set"}, "finalResultOnly": false}, {"tournament": {"name": "Liga Pro", "slug": "liga-pro", "category": {"name": "Other", "slug": "other", "sport": {"name": "Tennis", "slug": "tennis", "id": 5}, "id": 1555, "flag": "other"}, "uniqueTournament": {"name": "Liga Pro", "slug": "liga-pro", "category": {"name": "Other", "slug": "other", "sport": {"name": "Tennis", "slug": "tennis", "id": 5}, "id": 1555, "flag": "other"}, "userCount": 98, "id": 14770, "hasEventPlayerStatistics": false}, "id": 79016}, "customId": "GVQsbkOc", "status": {"code": 100, "description": "Ended", "type": "finished"}, "winnerCode": 1, "homeTeam": {"name": "Simov T.", "slug": "simov-tihomir", "shortName": "Simov T.", "gender": "M", "userCount": 8, "nameCode": "SIM", "national": false, "type": 1, "id": 104781, "subTeams": [], "teamColors": {"primary": "#52b030", "secondary": "#52b030", "text": "#ffffff"}}, "awayTeam": {"name": "Lyubomir S.", "slug": "lyubomir-shketrov", "shortName": "Lyubomir S.", "userCount": 18, "nameCode": "LSH", "national": false, "type": 1, "id": 348001, "subTeams": [], "teamColors": {"primary": "#52b030", "secondary": "#52b030", "text": "#ffffff"}}, "homeScore": {"current": 2, "display": 2, "period1": 6, "period2": 6, "normaltime": 2}, "awayScore": {"current": 0, "display": 0, "period1": 4, "period2": 4, "normaltime": 0}, "time": {"current": 4968, "period1": 2337, "period2": 2631, "currentPeriodStartTimestamp": 1592401789}, "changes": {"changes": ["status.code", "status.description", "status.type", "homeScore.current", "homeScore.display", "homeScore.period2", "homeScore.normaltime", "awayScore.normaltime"], "changeTimestamp": 1592401804}, "hasGlobalHighlights": false, "id": 8700804, "startTimestamp": 1592393400, "slug": "lyubomir-simov", "periods": {"point": "Game", "current": "Match", "period1": "1st set", "period2": "2nd set", "period3": "3rd set", "period4": "4th set", "period5": "5th set"}, "finalResultOnly": false}, {"tournament": {"name": "Liga Pro", "slug": "liga-pro", "category": {"name": "Other", "slug": "other", "sport": {"name": "Tennis", "slug": "tennis", "id": 5}, "id": 1555, "flag": "other"}, "uniqueTournament": {"name": "Liga Pro", "slug": "liga-pro", "category": {"name": "Other", "slug": "other", "sport": {"name": "Tennis", "slug": "tennis", "id": 5}, "id": 1555, "flag": "other"}, "userCount": 98, "id": 14770, "hasEventPlayerStatistics": false}, "id": 79016}, "customId": "cvEbspkOc", "status": {"code": 100, "description": "Ended", "type": "finished"}, "winnerCode": 2, "homeTeam": {"name": "Georgiev A.", "slug": "georgiev-anton", "shortName": "Georgiev A.", "userCount": 4, "nameCode": "GEO", "national": false, "type": 1, "id": 198502, "subTeams": [], "teamColors": {"primary": "#52b030", "secondary": "#52b030", "text": "#ffffff"}}, "awayTeam": {"name": "Mladenov A.", "slug": "mladenov-adrian", "shortName": "Mladenov A.", "gender": "M", "userCount": 5, "nameCode": "MAD", "national": false, "type": 1, "id": 348015, "subTeams": [], "teamColors": {"primary": "#52b030", "secondary": "#52b030", "text": "#ffffff"}}, "homeScore": {"current": 0, "display": 0, "period1": 6, "period2": 6, "normaltime": 0}, "awayScore": {"current": 2, "display": 2, "period1": 7, "period2": 7, "normaltime": 2}, "time": {"current": 6603, "period1": 2686, "period2": 3917, "currentPeriodStartTimestamp": 1592409534}, "changes": {"changes": ["status.code", "status.description", "status.type", "homeScore.normaltime", "awayScore.current", "awayScore.display", "awayScore.period2", "awayScore.normaltime"], "changeTimestamp": 1592409552}, "hasGlobalHighlights": false, "id": 8700805, "startTimestamp": 1592398800, "slug": "mladenov-georgiev", "periods": {"point": "Game", "current": "Match", "period1": "1st set", "period2": "2nd set", "period3": "3rd set", "period4": "4th set", "period5": "5th set"}, "finalResultOnly": false}, {"tournament": {"name": "Liga Pro", "slug": "liga-pro", "category": {"name": "Other", "slug": "other", "sport": {"name": "Tennis", "slug": "tennis", "id": 5}, "id": 1555, "flag": "other"}, "uniqueTournament": {"name": "Liga Pro", "slug": "liga-pro", "category": {"name": "Other", "slug": "other", "sport": {"name": "Tennis", "slug": "tennis", "id": 5}, "id": 1555, "flag": "other"}, "userCount": 98, "id": 14770, "hasEventPlayerStatistics": false}, "id": 79016}, "customId": "YjOcsyMOc", "status": {"code": 100, "description": "Ended", "type": "finished"}, "winnerCode": 2, "homeTeam": {"name": "Sevov Rumen", "slug": "sevov-rumen", "shortName": "Sevov Rumen", "userCount": 14, "nameCode": "SRU", "national": false, "type": 1, "id": 347998, "subTeams": [], "teamColors": {"primary": "#52b030", "secondary": "#52b030", "text": "#ffffff"}}, "awayTeam": {"name": "Mirchev N.", "slug": "mirchev-nikolai", "shortName": "Mirchev N.", "userCount": 1, "nameCode": "MNI", "national": false, "type": 1, "id": 349373, "subTeams": [], "teamColors": {"primary": "#52b030", "secondary": "#52b030", "text": "#ffffff"}}, "homeScore": {"current": 1, "display": 1, "period1": 7, "period2": 5, "period3": 4, "normaltime": 1}, "awayScore": {"current": 2, "display": 2, "period1": 6, "period2": 7, "period3": 10, "normaltime": 2}, "time": {"current": 6176, "period1": 2878, "period2": 2638, "period3": 660, "currentPeriodStartTimestamp": 1592416556}, "changes": {"changes": ["status.code", "status.description", "status.type", "homeScore.period3", "homeScore.normaltime", "awayScore.current", "awayScore.display", "awayScore.period3", "awayScore.normaltime"], "changeTimestamp": 1592416566}, "hasGlobalHighlights": false, "id": 8700806, "startTimestamp": 1592404200, "slug": "mirchev-sevov-rumen", "periods": {"point": "Game", "current": "Match", "period1": "1st set", "period2": "2nd set", "period3": "3rd set", "period4": "4th set", "period5": "5th set"}, "finalResultOnly": false}, {"tournament": {"name": "Liga Pro", "slug": "liga-pro", "category": {"name": "Other", "slug": "other", "sport": {"name": "Tennis", "slug": "tennis", "id": 5}, "id": 1555, "flag": "other"}, "uniqueTournament": {"name": "Liga Pro", "slug": "liga-pro", "category": {"name": "Other", "slug": "other", "sport": {"name": "Tennis", "slug": "tennis", "id": 5}, "id": 1555, "flag": "other"}, "userCount": 98, "id": 14770, "hasEventPlayerStatistics": false}, "id": 79016}, "customId": "GVQsgkOc", "status": {"code": 100, "description": "Ended", "type": "finished"}, "winnerCode": 2, "homeTeam": {"name": "Simov T.", "slug": "simov-tihomir", "shortName": "Simov T.", "gender": "M", "userCount": 8, "nameCode": "SIM", "national": false, "type": 1, "id": 104781, "subTeams": [], "teamColors": {"primary": "#52b030", "secondary": "#52b030", "text": "#ffffff"}}, "awayTeam": {"name": "Mitev K.", "slug": "mitev-kristian", "shortName": "Mitev K.", "userCount": 22, "nameCode": "MKR", "national": false, "type": 1, "id": 348006, "subTeams": [], "teamColors": {"primary": "#52b030", "secondary": "#52b030", "text": "#ffffff"}}, "homeScore": {"current": 0, "display": 0, "period1": 4, "period2": 2, "normaltime": 0}, "awayScore": {"current": 2, "display": 2, "period1": 6, "period2": 6, "normaltime": 2}, "time": {"current": 3765, "period1": 1976, "period2": 1789, "currentPeriodStartTimestamp": 1592467401}, "changes": {"changes": ["status.code", "status.description", "status.type", "homeScore.normaltime", "awayScore.current", "awayScore.display", "awayScore.period2", "awayScore.normaltime"], "changeTimestamp": 1592467509}, "hasGlobalHighlights": false, "id": 8703073, "startTimestamp": 1592463600, "slug": "mitev-simov", "periods": {"point": "Game", "current": "Match", "period1": "1st set", "period2": "2nd set", "period3": "3rd set", "period4": "4th set", "period5": "5th set"}, "finalResultOnly": false}, {"tournament": {"name": "Liga Pro", "slug": "liga-pro", "category": {"name": "Other", "slug": "other", "sport": {"name": "Tennis", "slug": "tennis", "id": 5}, "id": 1555, "flag": "other"}, "uniqueTournament": {"name": "Liga Pro", "slug": "liga-pro", "category": {"name": "Other", "slug": "other", "sport": {"name": "Tennis", "slug": "tennis", "id": 5}, "id": 1555, "flag": "other"}, "userCount": 98, "id": 14770, "hasEventPlayerStatistics": false}, "id": 79016}, "customId": "wVacsKIOc", "status": {"code": 100, "description": "Ended", "type": "finished"}, "winnerCode": 2, "homeTeam": {"name": "Myumyun A.", "slug": "myumyun-alper", "shortName": "Myumyun A.", "userCount": 3, "nameCode": "MAL", "national": false, "type": 1, "id": 349185, "subTeams": [], "teamColors": {"primary": "#52b030", "secondary": "#52b030", "text": "#ffffff"}}, "awayTeam": {"name": "Yordanov Y.", "slug": "yordanov-yordan", "shortName": "Yordanov Y.", "userCount": 11, "nameCode": "YOR", "national": false, "type": 1, "id": 252271, "subTeams": [], "teamColors": {"primary": "#52b030", "secondary": "#52b030", "text": "#ffffff"}}, "homeScore": {"current": 0, "display": 0, "period1": 5, "period2": 4, "normaltime": 0}, "awayScore": {"current": 2, "display": 2, "period1": 7, "period2": 6, "normaltime": 2}, "time": {"current": 4885, "period1": 2732, "period2": 2153, "currentPeriodStartTimestamp": 1592474008}, "changes": {"changes": ["status.code", "status.description", "status.type", "homeScore.normaltime", "awayScore.current", "awayScore.display", "awayScore.period2", "awayScore.normaltime"], "changeTimestamp": 1592474170}, "hasGlobalHighlights": false, "id": 8703074, "startTimestamp": 1592469000, "slug": "myumyun-yordanov", "periods": {"point": "Game", "current": "Match", "period1": "1st set", "period2": "2nd set", "period3": "3rd set", "period4": "4th set", "period5": "5th set"}, "finalResultOnly": false}, {"tournament": {"name": "Liga Pro", "slug": "liga-pro", "category": {"name": "Other", "slug": "other", "sport": {"name": "Tennis", "slug": "tennis", "id": 5}, "id": 1555, "flag": "other"}, "uniqueTournament": {"name": "Liga Pro", "slug": "liga-pro", "category": {"name": "Other", "slug": "other", "sport": {"name": "Tennis", "slug": "tennis", "id": 5}, "id": 1555, "flag": "other"}, "userCount": 98, "id": 14770, "hasEventPlayerStatistics": false}, "id": 79016}, "customId": "cvEbsrjOc", "status": {"code": 100, "description": "Ended", "type": "finished"}, "winnerCode": 1, "homeTeam": {"name": "Kanev G.", "slug": "kanev-georgi", "shortName": "Kanev G.", "userCount": 11, "nameCode": "KGE", "national": false, "type": 1, "id": 347967, "subTeams": [], "teamColors": {"primary": "#52b030", "secondary": "#52b030", "text": "#ffffff"}}, "awayTeam": {"name": "Georgiev A.", "slug": "georgiev-anton", "shortName": "Georgiev A.", "userCount": 4, "nameCode": "GEO", "national": false, "type": 1, "id": 198502, "subTeams": [], "teamColors": {"primary": "#52b030", "secondary": "#52b030", "text": "#ffffff"}}, "homeScore": {"current": 2, "display": 2, "period1": 3, "period2": 6, "period3": 11, "normaltime": 2}, "awayScore": {"current": 1, "display": 1, "period1": 6, "period2": 4, "period3": 9, "normaltime": 1}, "time": {"current": 6980, "period1": 2321, "period2": 3623, "period3": 1036, "currentPeriodStartTimestamp": 1592482278}, "changes": {"changes": ["status.code", "status.description", "status.type", "homeScore.current", "homeScore.display", "homeScore.period3", "homeScore.normaltime", "awayScore.period3", "awayScore.normaltime"], "changeTimestamp": 1592482446}, "hasGlobalHighlights": false, "id": 8703075, "startTimestamp": 1592474400, "slug": "kanev-georgiev", "periods": {"point": "Game", "current": "Match", "period1": "1st set", "period2": "2nd set", "period3": "3rd set", "period4": "4th set", "period5": "5th set"}, "finalResultOnly": false}, {"tournament": {"name": "Liga Pro", "slug": "liga-pro", "category": {"name": "Other", "slug": "other", "sport": {"name": "Tennis", "slug": "tennis", "id": 5}, "id": 1555, "flag": "other"}, "uniqueTournament": {"name": "Liga Pro", "slug": "liga-pro", "category": {"name": "Other", "slug": "other", "sport": {"name": "Tennis", "slug": "tennis", "id": 5}, "id": 1555, "flag": "other"}, "userCount": 98, "id": 14770, "hasEventPlayerStatistics": false}, "id": 79016}, "customId": "fkOcsyMOc", "status": {"code": 100, "description": "Ended", "type": "finished"}, "winnerCode": 1, "homeTeam": {"name": "Slavov Gergi", "slug": "slavov-gergi", "shortName": "Slavov Gergi", "userCount": 8, "nameCode": "SGE", "national": false, "type": 1, "id": 348005, "subTeams": [], "teamColors": {"primary": "#52b030", "secondary": "#52b030", "text": "#ffffff"}}, "awayTeam": {"name": "Mirchev N.", "slug": "mirchev-nikolai", "shortName": "Mirchev N.", "userCount": 1, "nameCode": "MNI", "national": false, "type": 1, "id": 349373, "subTeams": [], "teamColors": {"primary": "#52b030", "secondary": "#52b030", "text": "#ffffff"}}, "homeScore": {"current": 2, "display": 2, "period1": 6, "period2": 2, "period3": 10, "normaltime": 2}, "awayScore": {"current": 1, "display": 1, "period1": 2, "period2": 6, "period3": 7, "normaltime": 1}, "time": {"current": 3763, "period1": 1395, "period2": 1693, "period3": 675, "currentPeriodStartTimestamp": 1592487049}, "changes": {"changes": ["status.code", "status.description", "status.type", "homeScore.current", "homeScore.display", "homeScore.period3", "homeScore.normaltime", "awayScore.period3", "awayScore.normaltime"], "changeTimestamp": 1592487126}, "hasGlobalHighlights": false, "id": 8703076, "startTimestamp": 1592479800, "slug": "mirchev-slavov-gergi", "periods": {"point": "Game", "current": "Match", "period1": "1st set", "period2": "2nd set", "period3": "3rd set", "period4": "4th set", "period5": "5th set"}, "finalResultOnly": false}, {"tournament": {"name": "Liga Pro", "slug": "liga-pro", "category": {"name": "Other", "slug": "other", "sport": {"name": "Tennis", "slug": "tennis", "id": 5}, "id": 1555, "flag": "other"}, "uniqueTournament": {"name": "Liga Pro", "slug": "liga-pro", "category": {"name": "Other", "slug": "other", "sport": {"name": "Tennis", "slug": "tennis", "id": 5}, "id": 1555, "flag": "other"}, "userCount": 98, "id": 14770, "hasEventPlayerStatistics": false}, "id": 79016}, "customId": "ekOcsIMOc", "status": {"code": 100, "description": "Ended", "type": "finished"}, "winnerCode": 1, "homeTeam": {"name": "Valchanov N.", "slug": "valchanov-nikola", "shortName": "Valchanov N.", "userCount": 6, "nameCode": "VNI", "national": false, "type": 1, "id": 349383, "subTeams": [], "teamColors": {"primary": "#52b030", "secondary": "#52b030", "text": "#ffffff"}}, "awayTeam": {"name": "Mirchev Rumen", "slug": "mirchev-rumen", "shortName": "Mirchev Rumen", "userCount": 10, "nameCode": "MRU", "national": false, "type": 1, "id": 348004, "subTeams": [], "teamColors": {"primary": "#52b030", "secondary": "#52b030", "text": "#ffffff"}}, "homeScore": {"current": 2, "display": 2, "period1": 6, "period2": 6, "normaltime": 2}, "awayScore": {"current": 0, "display": 0, "period1": 2, "period2": 1, "normaltime": 0}, "time": {"current": 3209, "period1": 1688, "period2": 1521, "currentPeriodStartTimestamp": 1592491415}, "changes": {"changes": ["status.code", "status.description", "status.type", "homeScore.current", "homeScore.display", "homeScore.period2", "homeScore.normaltime", "awayScore.normaltime"], "changeTimestamp": 1592491445}, "hasGlobalHighlights": false, "id": 8703077, "startTimestamp": 1592485200, "slug": "valchanov-mirchev-rumen", "periods": {"point": "Game", "current": "Match", "period1": "1st set", "period2": "2nd set", "period3": "3rd set", "period4": "4th set", "period5": "5th set"}, "finalResultOnly": false}, {"tournament": {"name": "Liga Pro", "slug": "liga-pro", "category": {"name": "Other", "slug": "other", "sport": {"name": "Tennis", "slug": "tennis", "id": 5}, "id": 1555, "flag": "other"}, "uniqueTournament": {"name": "Liga Pro", "slug": "liga-pro", "category": {"name": "Other", "slug": "other", "sport": {"name": "Tennis", "slug": "tennis", "id": 5}, "id": 1555, "flag": "other"}, "userCount": 98, "id": 14770, "hasEventPlayerStatistics": false}, "id": 79016}, "customId": "okOcspkOc", "status": {"code": 100, "description": "Ended", "type": "finished"}, "winnerCode": 2, "homeTeam": {"name": "Ganchev I.", "slug": "ganchev-ivko", "shortName": "Ganchev I.", "gender": "M", "userCount": 9, "nameCode": "GIV", "national": false, "type": 1, "id": 348014, "subTeams": [], "teamColors": {"primary": "#52b030", "secondary": "#52b030", "text": "#ffffff"}}, "awayTeam": {"name": "Mladenov A.", "slug": "mladenov-adrian", "shortName": "Mladenov A.", "gender": "M", "userCount": 5, "nameCode": "MAD", "national": false, "type": 1, "id": 348015, "subTeams": [], "teamColors": {"primary": "#52b030", "secondary": "#52b030", "text": "#ffffff"}}, "homeScore": {"current": 1, "display": 1, "period1": 6, "period2": 3, "period3": 5, "normaltime": 1}, "awayScore": {"current": 2, "display": 2, "period1": 3, "period2": 6, "period3": 10, "normaltime": 2}, "time": {"current": 4467, "period1": 2006, "period2": 1890, "period3": 571, "currentPeriodStartTimestamp": 1592496986}, "changes": {"changes": ["status.code", "status.description", "status.type", "homeScore.period3", "homeScore.normaltime", "awayScore.current", "awayScore.display", "awayScore.period3", "awayScore.normaltime"], "changeTimestamp": 1592497026}, "hasGlobalHighlights": false, "id": 8703078, "startTimestamp": 1592490600, "slug": "mladenov-ganchev", "periods": {"point": "Game", "current": "Match", "period1": "1st set", "period2": "2nd set", "period3": "3rd set", "period4": "4th set", "period5": "5th set"}, "finalResultOnly": false}, {"tournament": {"name": "Liga Pro", "slug": "liga-pro", "category": {"name": "Other", "slug": "other", "sport": {"name": "Tennis", "slug": "tennis", "id": 5}, "id": 1555, "flag": "other"}, "uniqueTournament": {"name": "Liga Pro", "slug": "liga-pro", "category": {"name": "Other", "slug": "other", "sport": {"name": "Tennis", "slug": "tennis", "id": 5}, "id": 1555, "flag": "other"}, "userCount": 98, "id": 14770, "hasEventPlayerStatistics": false}, "id": 79016}, "customId": "ekOcsyMOc", "status": {"code": 100, "description": "Ended", "type": "finished"}, "winnerCode": 1, "homeTeam": {"name": "Mirchev N.", "slug": "mirchev-nikolai", "shortName": "Mirchev N.", "userCount": 1, "nameCode": "MNI", "national": false, "type": 1, "id": 349373, "subTeams": [], "teamColors": {"primary": "#52b030", "secondary": "#52b030", "text": "#ffffff"}}, "awayTeam": {"name": "Mirchev Rumen", "slug": "mirchev-rumen", "shortName": "Mirchev Rumen", "userCount": 10, "nameCode": "MRU", "national": false, "type": 1, "id": 348004, "subTeams": [], "teamColors": {"primary": "#52b030", "secondary": "#52b030", "text": "#ffffff"}}, "homeScore": {"current": 2, "display": 2, "period1": 6, "period2": 6, "normaltime": 2}, "awayScore": {"current": 0, "display": 0, "period1": 1, "period2": 1, "normaltime": 0}, "time": {"current": 2581, "period1": 1023, "period2": 1558, "currentPeriodStartTimestamp": 1592552914}, "changes": {"changes": ["status.code", "status.description", "status.type", "homeScore.current", "homeScore.display", "homeScore.period2", "homeScore.normaltime", "awayScore.normaltime"], "changeTimestamp": 1592553008}, "hasGlobalHighlights": false, "id": 8704898, "startTimestamp": 1592550000, "slug": "mirchev-mirchev-rumen", "periods": {"point": "Game", "current": "Match", "period1": "1st set", "period2": "2nd set", "period3": "3rd set", "period4": "4th set", "period5": "5th set"}, "finalResultOnly": false}, {"tournament": {"name": "Liga Pro", "slug": "liga-pro", "category": {"name": "Other", "slug": "other", "sport": {"name": "Tennis", "slug": "tennis", "id": 5}, "id": 1555, "flag": "other"}, "uniqueTournament": {"name": "Liga Pro", "slug": "liga-pro", "category": {"name": "Other", "slug": "other", "sport": {"name": "Tennis", "slug": "tennis", "id": 5}, "id": 1555, "flag": "other"}, "userCount": 98, "id": 14770, "hasEventPlayerStatistics": false}, "id": 79016}, "customId": "YjOcsJIOc", "status": {"code": 100, "description": "Ended", "type": "finished"}, "winnerCode": 1, "homeTeam": {"name": "Angelov G.", "slug": "angelov-georgi", "shortName": "Angelov G.", "userCount": 2, "nameCode": "AGE", "national": false, "type": 1, "id": 349184, "subTeams": [], "teamColors": {"primary": "#52b030", "secondary": "#52b030", "text": "#ffffff"}}, "awayTeam": {"name": "Sevov Rumen", "slug": "sevov-rumen", "shortName": "Sevov Rumen", "userCount": 14, "nameCode": "SRU", "national": false, "type": 1, "id": 347998, "subTeams": [], "teamColors": {"primary": "#52b030", "secondary": "#52b030", "text": "#ffffff"}}, "homeScore": {"current": 2, "display": 2, "period1": 7, "period2": 3, "period3": 13, "normaltime": 2}, "awayScore": {"current": 1, "display": 1, "period1": 6, "period2": 6, "period3": 11, "normaltime": 1}, "time": {"current": 6945, "period1": 3516, "period2": 2306, "period3": 1123, "currentPeriodStartTimestamp": 1592562663}, "changes": {"changes": ["status.code", "status.description", "status.type", "homeScore.current", "homeScore.display", "homeScore.period3", "homeScore.normaltime", "awayScore.period3", "awayScore.normaltime"], "changeTimestamp": 1592562729}, "hasGlobalHighlights": false, "id": 8704899, "startTimestamp": 1592555400, "slug": "angelov-sevov-rumen", "periods": {"point": "Game", "current": "Match", "period1": "1st set", "period2": "2nd set", "period3": "3rd set", "period4": "4th set", "period5": "5th set"}, "finalResultOnly": false}, {"tournament": {"name": "Liga Pro", "slug": "liga-pro", "category": {"name": "Other", "slug": "other", "sport": {"name": "Tennis", "slug": "tennis", "id": 5}, "id": 1555, "flag": "other"}, "uniqueTournament": {"name": "Liga Pro", "slug": "liga-pro", "category": {"name": "Other", "slug": "other", "sport": {"name": "Tennis", "slug": "tennis", "id": 5}, "id": 1555, "flag": "other"}, "userCount": 98, "id": 14770, "hasEventPlayerStatistics": false}, "id": 79016}, "customId": "ojOcsxuOc", "status": {"code": 100, "description": "Ended", "type": "finished"}, "winnerCode": 1, "homeTeam": {"name": "Avzhiev D.", "slug": "avzhiev-dimitr", "shortName": "Avzhiev D.", "userCount": 9, "nameCode": "ADI", "national": false, "type": 1, "id": 348472, "subTeams": [], "teamColors": {"primary": "#52b030", "secondary": "#52b030", "text": "#ffffff"}}, "awayTeam": {"name": "Kolev M.", "slug": "kolev-martin", "shortName": "Kolev M.", "userCount": 2, "nameCode": "KMA", "national": false, "type": 1, "id": 347964, "subTeams": [], "teamColors": {"primary": "#52b030", "secondary": "#52b030", "text": "#ffffff"}}, "homeScore": {"current": 2, "display": 2, "period1": 6, "period2": 6, "normaltime": 2}, "awayScore": {"current": 0, "display": 0, "period1": 4, "period2": 3, "normaltime": 0}, "time": {"current": 4419, "period1": 2515, "period2": 1904, "currentPeriodStartTimestamp": 1592568188}, "changes": {"changes": ["status.code", "status.description", "status.type", "homeScore.current", "homeScore.display", "homeScore.period2", "homeScore.normaltime", "awayScore.normaltime"], "changeTimestamp": 1592568311}, "hasGlobalHighlights": false, "id": 8704900, "startTimestamp": 1592560800, "slug": "avzhiev-kolev", "periods": {"point": "Game", "current": "Match", "period1": "1st set", "period2": "2nd set", "period3": "3rd set", "period4": "4th set", "period5": "5th set"}, "finalResultOnly": false}, {"tournament": {"name": "Liga Pro", "slug": "liga-pro", "category": {"name": "Other", "slug": "other", "sport": {"name": "Tennis", "slug": "tennis", "id": 5}, "id": 1555, "flag": "other"}, "uniqueTournament": {"name": "Liga Pro", "slug": "liga-pro", "category": {"name": "Other", "slug": "other", "sport": {"name": "Tennis", "slug": "tennis", "id": 5}, "id": 1555, "flag": "other"}, "userCount": 98, "id": 14770, "hasEventPlayerStatistics": false}, "id": 79016}, "customId": "bkOcsgkOc", "status": {"code": 100, "description": "Ended", "type": "finished"}, "winnerCode": 1, "homeTeam": {"name": "Mitev K.", "slug": "mitev-kristian", "shortName": "Mitev K.", "userCount": 22, "nameCode": "MKR", "national": false, "type": 1, "id": 348006, "subTeams": [], "teamColors": {"primary": "#52b030", "secondary": "#52b030", "text": "#ffffff"}}, "awayTeam": {"name": "Lyubomir S.", "slug": "lyubomir-shketrov", "shortName": "Lyubomir S.", "userCount": 18, "nameCode": "LSH", "national": false, "type": 1, "id": 348001, "subTeams": [], "teamColors": {"primary": "#52b030", "secondary": "#52b030", "text": "#ffffff"}}, "homeScore": {"current": 2, "display": 2, "period1": 3, "period2": 6, "period3": 10, "normaltime": 2}, "awayScore": {"current": 1, "display": 1, "period1": 6, "period2": 4, "period3": 7, "normaltime": 1}, "time": {"current": 6099, "period1": 2543, "period2": 2703, "period3": 853, "currentPeriodStartTimestamp": 1592575222}, "changes": {"changes": ["status.code", "status.description", "status.type", "homeScore.current", "homeScore.display", "homeScore.period3", "homeScore.normaltime", "awayScore.period3", "awayScore.normaltime"], "changeTimestamp": 1592575329}, "hasGlobalHighlights": false, "id": 8704901, "startTimestamp": 1592566200, "slug": "mitev-lyubomir", "periods": {"point": "Game", "current": "Match", "period1": "1st set", "period2": "2nd set", "period3": "3rd set", "period4": "4th set", "period5": "5th set"}, "finalResultOnly": false}, {"tournament": {"name": "Liga Pro", "slug": "liga-pro", "category": {"name": "Other", "slug": "other", "sport": {"name": "Tennis", "slug": "tennis", "id": 5}, "id": 1555, "flag": "other"}, "uniqueTournament": {"name": "Liga Pro", "slug": "liga-pro", "category": {"name": "Other", "slug": "other", "sport": {"name": "Tennis", "slug": "tennis", "id": 5}, "id": 1555, "flag": "other"}, "userCount": 98, "id": 14770, "hasEventPlayerStatistics": false}, "id": 79016}, "customId": "fkOcsIMOc", "status": {"code": 100, "description": "Ended", "type": "finished"}, "winnerCode": 1, "homeTeam": {"name": "Slavov Gergi", "slug": "slavov-gergi", "shortName": "Slavov Gergi", "userCount": 8, "nameCode": "SGE", "national": false, "type": 1, "id": 348005, "subTeams": [], "teamColors": {"primary": "#52b030", "secondary": "#52b030", "text": "#ffffff"}}, "awayTeam": {"name": "Valchanov N.", "slug": "valchanov-nikola", "shortName": "Valchanov N.", "userCount": 6, "nameCode": "VNI", "national": false, "type": 1, "id": 349383, "subTeams": [], "teamColors": {"primary": "#52b030", "secondary": "#52b030", "text": "#ffffff"}}, "homeScore": {"current": 2, "display": 2, "period1": 6, "period2": 2, "period3": 10, "normaltime": 2}, "awayScore": {"current": 1, "display": 1, "period1": 3, "period2": 6, "period3": 6, "normaltime": 1}, "time": {"current": 4421, "period1": 1674, "period2": 1956, "period3": 791, "currentPeriodStartTimestamp": 1592580452}, "changes": {"changes": ["status.code", "status.description", "status.type", "homeScore.current", "homeScore.display", "homeScore.period3", "homeScore.normaltime", "awayScore.period3", "awayScore.normaltime"], "changeTimestamp": 1592580553}, "hasGlobalHighlights": false, "id": 8704902, "startTimestamp": 1592571600, "slug": "valchanov-slavov-gergi", "periods": {"point": "Game", "current": "Match", "period1": "1st set", "period2": "2nd set", "period3": "3rd set", "period4": "4th set", "period5": "5th set"}, "finalResultOnly": false}, {"tournament": {"name": "Liga Pro", "slug": "liga-pro", "category": {"name": "Other", "slug": "other", "sport": {"name": "Tennis", "slug": "tennis", "id": 5}, "id": 1555, "flag": "other"}, "uniqueTournament": {"name": "Liga Pro", "slug": "liga-pro", "category": {"name": "Other", "slug": "other", "sport": {"name": "Tennis", "slug": "tennis", "id": 5}, "id": 1555, "flag": "other"}, "userCount": 98, "id": 14770, "hasEventPlayerStatistics": false}, "id": 79016}, "customId": "pkOcsKIOc", "status": {"code": 100, "description": "Ended", "type": "finished"}, "winnerCode": 1, "homeTeam": {"name": "Mladenov A.", "slug": "mladenov-adrian", "shortName": "Mladenov A.", "gender": "M", "userCount": 5, "nameCode": "MAD", "national": false, "type": 1, "id": 348015, "subTeams": [], "teamColors": {"primary": "#52b030", "secondary": "#52b030", "text": "#ffffff"}}, "awayTeam": {"name": "Myumyun A.", "slug": "myumyun-alper", "shortName": "Myumyun A.", "userCount": 3, "nameCode": "MAL", "national": false, "type": 1, "id": 349185, "subTeams": [], "teamColors": {"primary": "#52b030", "secondary": "#52b030", "text": "#ffffff"}}, "homeScore": {"current": 2, "display": 2, "period1": 6, "period2": 7, "normaltime": 2}, "awayScore": {"current": 0, "display": 0, "period1": 2, "period2": 6, "normaltime": 0}, "time": {"current": 4898, "period1": 1361, "period2": 3537, "currentPeriodStartTimestamp": 1592586671}, "changes": {"changes": ["status.code", "status.description", "status.type", "homeScore.current", "homeScore.display", "homeScore.period2", "homeScore.normaltime", "awayScore.normaltime"], "changeTimestamp": 1592586854}, "hasGlobalHighlights": false, "id": 8704903, "startTimestamp": 1592577000, "slug": "myumyun-mladenov", "periods": {"point": "Game", "current": "Match", "period1": "1st set", "period2": "2nd set", "period3": "3rd set", "period4": "4th set", "period5": "5th set"}, "finalResultOnly": false}, {"tournament": {"name": "Liga Pro", "slug": "liga-pro", "category": {"name": "Other", "slug": "other", "sport": {"name": "Tennis", "slug": "tennis", "id": 5}, "id": 1555, "flag": "other"}, "uniqueTournament": {"name": "Liga Pro", "slug": "liga-pro", "category": {"name": "Other", "slug": "other", "sport": {"name": "Tennis", "slug": "tennis", "id": 5}, "id": 1555, "flag": "other"}, "userCount": 98, "id": 14770, "hasEventPlayerStatistics": false}, "id": 79016}, "customId": "bpOcsXEOc", "status": {"code": 100, "description": "Ended", "type": "finished"}, "winnerCode": 1, "homeTeam": {"name": "Frendov E.", "slug": "frendov-emil", "shortName": "Frendov E.", "userCount": 3, "nameCode": "FEM", "national": false, "type": 1, "id": 348997, "subTeams": [], "teamColors": {"primary": "#52b030", "secondary": "#52b030", "text": "#ffffff"}}, "awayTeam": {"name": "Gavrilov P.", "slug": "gavrilov-peter", "shortName": "Gavrilov P.", "userCount": 3, "nameCode": "GPE", "national": false, "type": 1, "id": 348251, "subTeams": [], "teamColors": {"primary": "#52b030", "secondary": "#52b030", "text": "#ffffff"}}, "homeScore": {"current": 2, "display": 2, "period1": 4, "period2": 6, "period3": 10, "normaltime": 2}, "awayScore": {"current": 1, "display": 1, "period1": 6, "period2": 4, "period3": 5, "normaltime": 1}, "time": {"current": 6134, "period1": 3067, "period2": 2311, "period3": 756, "currentPeriodStartTimestamp": 1592642405}, "changes": {"changes": ["status.code", "status.description", "status.type", "homeScore.current", "homeScore.display", "homeScore.period3", "homeScore.normaltime", "awayScore.period3", "awayScore.normaltime"], "changeTimestamp": 1592642471}, "hasGlobalHighlights": false, "id": 8706531, "startTimestamp": 1592636400, "slug": "frendov-gavrilov", "periods": {"point": "Game", "current": "Match", "period1": "1st set", "period2": "2nd set", "period3": "3rd set", "period4": "4th set", "period5": "5th set"}, "finalResultOnly": false}, {"tournament": {"name": "Liga Pro", "slug": "liga-pro", "category": {"name": "Other", "slug": "other", "sport": {"name": "Tennis", "slug": "tennis", "id": 5}, "id": 1555, "flag": "other"}, "uniqueTournament": {"name": "Liga Pro", "slug": "liga-pro", "category": {"name": "Other", "slug": "other", "sport": {"name": "Tennis", "slug": "tennis", "id": 5}, "id": 1555, "flag": "other"}, "userCount": 98, "id": 14770, "hasEventPlayerStatistics": false}, "id": 79016}, "customId": "wVacsokOc", "status": {"code": 100, "description": "Ended", "type": "finished"}, "winnerCode": 1, "homeTeam": {"name": "Yordanov Y.", "slug": "yordanov-yordan", "shortName": "Yordanov Y.", "userCount": 11, "nameCode": "YOR", "national": false, "type": 1, "id": 252271, "subTeams": [], "teamColors": {"primary": "#52b030", "secondary": "#52b030", "text": "#ffffff"}}, "awayTeam": {"name": "Ganchev I.", "slug": "ganchev-ivko", "shortName": "Ganchev I.", "gender": "M", "userCount": 9, "nameCode": "GIV", "national": false, "type": 1, "id": 348014, "subTeams": [], "teamColors": {"primary": "#52b030", "secondary": "#52b030", "text": "#ffffff"}}, "homeScore": {"current": 2, "display": 2, "period1": 6, "period2": 7, "normaltime": 2}, "awayScore": {"current": 0, "display": 0, "period1": 3, "period2": 6, "normaltime": 0}, "time": {"current": 6478, "period1": 1969, "period2": 4509, "currentPeriodStartTimestamp": 1592650088}, "changes": {"changes": ["status.code", "status.description", "status.type", "homeScore.current", "homeScore.display", "homeScore.period2", "homeScore.normaltime", "awayScore.normaltime"], "changeTimestamp": 1592650215}, "hasGlobalHighlights": false, "id": 8706532, "startTimestamp": 1592641800, "slug": "ganchev-yordanov", "periods": {"point": "Game", "current": "Match", "period1": "1st set", "period2": "2nd set", "period3": "3rd set", "period4": "4th set", "period5": "5th set"}, "finalResultOnly": false}, {"tournament": {"name": "Liga Pro", "slug": "liga-pro", "category": {"name": "Other", "slug": "other", "sport": {"name": "Tennis", "slug": "tennis", "id": 5}, "id": 1555, "flag": "other"}, "uniqueTournament": {"name": "Liga Pro", "slug": "liga-pro", "category": {"name": "Other", "slug": "other", "sport": {"name": "Tennis", "slug": "tennis", "id": 5}, "id": 1555, "flag": "other"}, "userCount": 98, "id": 14770, "hasEventPlayerStatistics": false}, "id": 79016}, "customId": "rjOcspkOc", "status": {"code": 100, "description": "Ended", "type": "finished"}, "winnerCode": 1, "homeTeam": {"name": "Mladenov A.", "slug": "mladenov-adrian", "shortName": "Mladenov A.", "gender": "M", "userCount": 5, "nameCode": "MAD", "national": false, "type": 1, "id": 348015, "subTeams": [], "teamColors": {"primary": "#52b030", "secondary": "#52b030", "text": "#ffffff"}}, "awayTeam": {"name": "Kanev G.", "slug": "kanev-georgi", "shortName": "Kanev G.", "userCount": 11, "nameCode": "KGE", "national": false, "type": 1, "id": 347967, "subTeams": [], "teamColors": {"primary": "#52b030", "secondary": "#52b030", "text": "#ffffff"}}, "homeScore": {"current": 2, "display": 2, "period1": 6, "period2": 6, "normaltime": 2}, "awayScore": {"current": 0, "display": 0, "period1": 3, "period2": 3, "normaltime": 0}, "time": {"current": 4116, "period1": 1784, "period2": 2332, "currentPeriodStartTimestamp": 1592655194}, "changes": {"changes": ["status.code", "status.description", "status.type", "homeScore.current", "homeScore.display", "homeScore.period2", "homeScore.normaltime", "awayScore.normaltime"], "changeTimestamp": 1592655253}, "hasGlobalHighlights": false, "id": 8706533, "startTimestamp": 1592647200, "slug": "mladenov-kanev", "periods": {"point": "Game", "current": "Match", "period1": "1st set", "period2": "2nd set", "period3": "3rd set", "period4": "4th set", "period5": "5th set"}, "finalResultOnly": false}, {"tournament": {"name": "Liga Pro", "slug": "liga-pro", "category": {"name": "Other", "slug": "other", "sport": {"name": "Tennis", "slug": "tennis", "id": 5}, "id": 1555, "flag": "other"}, "uniqueTournament": {"name": "Liga Pro", "slug": "liga-pro", "category": {"name": "Other", "slug": "other", "sport": {"name": "Tennis", "slug": "tennis", "id": 5}, "id": 1555, "flag": "other"}, "userCount": 98, "id": 14770, "hasEventPlayerStatistics": false}, "id": 79016}, "customId": "fkOcsxuOc", "status": {"code": 100, "description": "Ended", "type": "finished"}, "winnerCode": 2, "homeTeam": {"name": "Slavov Gergi", "slug": "slavov-gergi", "shortName": "Slavov Gergi", "userCount": 8, "nameCode": "SGE", "national": false, "type": 1, "id": 348005, "subTeams": [], "teamColors": {"primary": "#52b030", "secondary": "#52b030", "text": "#ffffff"}}, "awayTeam": {"name": "Avzhiev D.", "slug": "avzhiev-dimitr", "shortName": "Avzhiev D.", "userCount": 9, "nameCode": "ADI", "national": false, "type": 1, "id": 348472, "subTeams": [], "teamColors": {"primary": "#52b030", "secondary": "#52b030", "text": "#ffffff"}}, "homeScore": {"current": 0, "display": 0, "period1": 6, "period2": 1, "normaltime": 0}, "awayScore": {"current": 2, "display": 2, "period1": 7, "period2": 6, "normaltime": 2}, "time": {"current": 5743, "period1": 4384, "period2": 1359, "currentPeriodStartTimestamp": 1592661725}, "changes": {"changes": ["status.code", "status.description", "status.type", "homeScore.normaltime", "awayScore.current", "awayScore.display", "awayScore.period2", "awayScore.normaltime"], "changeTimestamp": 1592661911}, "hasGlobalHighlights": false, "id": 8706534, "startTimestamp": 1592652600, "slug": "avzhiev-slavov-gergi", "periods": {"point": "Game", "current": "Match", "period1": "1st set", "period2": "2nd set", "period3": "3rd set", "period4": "4th set", "period5": "5th set"}, "finalResultOnly": false}, {"tournament": {"name": "Liga Pro", "slug": "liga-pro", "category": {"name": "Other", "slug": "other", "sport": {"name": "Tennis", "slug": "tennis", "id": 5}, "id": 1555, "flag": "other"}, "uniqueTournament": {"name": "Liga Pro", "slug": "liga-pro", "category": {"name": "Other", "slug": "other", "sport": {"name": "Tennis", "slug": "tennis", "id": 5}, "id": 1555, "flag": "other"}, "userCount": 98, "id": 14770, "hasEventPlayerStatistics": false}, "id": 79016}, "customId": "pjOcsopOc", "status": {"code": 70, "description": "Canceled", "type": "canceled"}, "winnerCode": 0, "homeTeam": {"name": "Todorov D.", "slug": "todorov-dimitr", "shortName": "Todorov D.", "userCount": 4, "nameCode": "TDI", "national": false, "type": 1, "id": 348264, "subTeams": [], "teamColors": {"primary": "#52b030", "secondary": "#52b030", "text": "#ffffff"}}, "awayTeam": {"name": "Tanev I.", "slug": "tanev-ivan", "shortName": "Tanev I.", "userCount": 7, "nameCode": "TIV", "national": false, "type": 1, "id": 347965, "subTeams": [], "teamColors": {"primary": "#52b030", "secondary": "#52b030", "text": "#ffffff"}}, "homeScore": {}, "awayScore": {}, "time": {}, "changes": {"changeTimestamp": 0}, "hasGlobalHighlights": false, "id": 8706539, "startTimestamp": 1592658000, "slug": "todorov-tanev", "periods": {"point": "Game", "current": "Match", "period1": "1st set", "period2": "2nd set", "period3": "3rd set", "period4": "4th set", "period5": "5th set"}, "finalResultOnly": false}, {"tournament": {"name": "Liga Pro", "slug": "liga-pro", "category": {"name": "Other", "slug": "other", "sport": {"name": "Tennis", "slug": "tennis", "id": 5}, "id": 1555, "flag": "other"}, "uniqueTournament": {"name": "Liga Pro", "slug": "liga-pro", "category": {"name": "Other", "slug": "other", "sport": {"name": "Tennis", "slug": "tennis", "id": 5}, "id": 1555, "flag": "other"}, "userCount": 98, "id": 14770, "hasEventPlayerStatistics": false}, "id": 79016}, "customId": "CkOcsPlOc", "status": {"code": 100, "description": "Ended", "type": "finished"}, "winnerCode": 1, "homeTeam": {"name": "Apostolov V.", "slug": "apostolov-veselin", "shortName": "Apostolov V.", "userCount": 12, "nameCode": "AVE", "national": false, "type": 1, "id": 348027, "subTeams": [], "teamColors": {"primary": "#52b030", "secondary": "#52b030", "text": "#ffffff"}}, "awayTeam": {"name": "Georgiev I.", "slug": "georgiev-ivalyo", "shortName": "Georgiev I.", "userCount": 6, "nameCode": "GIV", "national": false, "type": 1, "id": 348090, "subTeams": [], "teamColors": {"primary": "#52b030", "secondary": "#52b030", "text": "#ffffff"}}, "homeScore": {"current": 2, "display": 2, "period1": 6, "period2": 2, "period3": 10, "normaltime": 2}, "awayScore": {"current": 1, "display": 1, "period1": 3, "period2": 6, "period3": 6, "normaltime": 1}, "time": {"current": 5103, "period1": 2206, "period2": 1851, "period3": 1046, "currentPeriodStartTimestamp": 1592675018}, "changes": {"changes": ["status.code", "status.description", "status.type", "homeScore.current", "homeScore.display", "homeScore.period3", "homeScore.normaltime", "awayScore.period3", "awayScore.normaltime"], "changeTimestamp": 1592675049}, "hasGlobalHighlights": false, "id": 8706540, "startTimestamp": 1592663400, "slug": "georgiev-apostolov", "periods": {"point": "Game", "current": "Match", "period1": "1st set", "period2": "2nd set", "period3": "3rd set", "period4": "4th set", "period5": "5th set"}, "finalResultOnly": false}], "hasNextPage": true}