{"events": [{"tournament": {"name": "Liga Pro", "slug": "liga-pro", "category": {"name": "Other", "slug": "other", "sport": {"name": "Tennis", "slug": "tennis", "id": 5}, "id": 1555, "flag": "other"}, "uniqueTournament": {"name": "Liga Pro", "slug": "liga-pro", "category": {"name": "Other", "slug": "other", "sport": {"name": "Tennis", "slug": "tennis", "id": 5}, "id": 1555, "flag": "other"}, "userCount": 98, "id": 14770, "hasEventPlayerStatistics": false}, "id": 79016}, "customId": "rjOcsYjOc", "status": {"code": 100, "description": "Ended", "type": "finished"}, "winnerCode": 1, "homeTeam": {"name": "Kanev G.", "slug": "kanev-georgi", "shortName": "Kanev G.", "userCount": 11, "nameCode": "KGE", "national": false, "type": 1, "id": 347967, "subTeams": [], "teamColors": {"primary": "#52b030", "secondary": "#52b030", "text": "#ffffff"}}, "awayTeam": {"name": "Sevov Rumen", "slug": "sevov-rumen", "shortName": "Sevov Rumen", "userCount": 14, "nameCode": "SRU", "national": false, "type": 1, "id": 347998, "subTeams": [], "teamColors": {"primary": "#52b030", "secondary": "#52b030", "text": "#ffffff"}}, "homeScore": {"current": 2, "display": 2, "period1": 6, "period2": 3, "period3": 10, "normaltime": 2}, "awayScore": {"current": 1, "display": 1, "period1": 4, "period2": 6, "period3": 8, "normaltime": 1}, "time": {"current": 5683, "period1": 2375, "period2": 2486, "period3": 822, "currentPeriodStartTimestamp": 1591444667}, "changes": {"changes": ["status.code", "status.description", "status.type", "homeScore.current", "homeScore.display", "homeScore.period3", "homeScore.normaltime", "awayScore.period3", "awayScore.normaltime"], "changeTimestamp": 1591444745}, "hasGlobalHighlights": false, "id": 8684244, "startTimestamp": 1591437600, "slug": "sevov-rumen-kanev", "periods": {"point": "Game", "current": "Match", "period1": "1st set", "period2": "2nd set", "period3": "3rd set", "period4": "4th set", "period5": "5th set"}, "finalResultOnly": false}, {"tournament": {"name": "Liga Pro", "slug": "liga-pro", "category": {"name": "Other", "slug": "other", "sport": {"name": "Tennis", "slug": "tennis", "id": 5}, "id": 1555, "flag": "other"}, "uniqueTournament": {"name": "Liga Pro", "slug": "liga-pro", "category": {"name": "Other", "slug": "other", "sport": {"name": "Tennis", "slug": "tennis", "id": 5}, "id": 1555, "flag": "other"}, "userCount": 98, "id": 14770, "hasEventPlayerStatistics": false}, "id": 79016}, "customId": "bkOcsgkOc", "status": {"code": 100, "description": "Ended", "type": "finished"}, "winnerCode": 2, "homeTeam": {"name": "Mitev K.", "slug": "mitev-kristian", "shortName": "Mitev K.", "userCount": 22, "nameCode": "MKR", "national": false, "type": 1, "id": 348006, "subTeams": [], "teamColors": {"primary": "#52b030", "secondary": "#52b030", "text": "#ffffff"}}, "awayTeam": {"name": "Lyubomir S.", "slug": "lyubomir-shketrov", "shortName": "Lyubomir S.", "userCount": 18, "nameCode": "LSH", "national": false, "type": 1, "id": 348001, "subTeams": [], "teamColors": {"primary": "#52b030", "secondary": "#52b030", "text": "#ffffff"}}, "homeScore": {"current": 0, "display": 0, "period1": 2, "period2": 4, "normaltime": 0}, "awayScore": {"current": 2, "display": 2, "period1": 6, "period2": 6, "normaltime": 2}, "time": {"current": 4382, "period1": 1804, "period2": 2578, "currentPeriodStartTimestamp": 1591450125}, "changes": {"changes": ["status.code", "status.description", "status.type", "homeScore.normaltime", "awayScore.current", "awayScore.display", "awayScore.period2", "awayScore.normaltime"], "changeTimestamp": 1591450153}, "hasGlobalHighlights": false, "id": 8684245, "startTimestamp": 1591443000, "slug": "mitev-lyubomir", "periods": {"point": "Game", "current": "Match", "period1": "1st set", "period2": "2nd set", "period3": "3rd set", "period4": "4th set", "period5": "5th set"}, "finalResultOnly": false}, {"tournament": {"name": "Liga Pro", "slug": "liga-pro", "category": {"name": "Other", "slug": "other", "sport": {"name": "Tennis", "slug": "tennis", "id": 5}, "id": 1555, "flag": "other"}, "uniqueTournament": {"name": "Liga Pro", "slug": "liga-pro", "category": {"name": "Other", "slug": "other", "sport": {"name": "Tennis", "slug": "tennis", "id": 5}, "id": 1555, "flag": "other"}, "userCount": 98, "id": 14770, "hasEventPlayerStatistics": false}, "id": 79016}, "customId": "GVQsojOc", "status": {"code": 100, "description": "Ended", "type": "finished"}, "winnerCode": 1, "homeTeam": {"name": "Simov T.", "slug": "simov-tihomir", "shortName": "Simov T.", "gender": "M", "userCount": 8, "nameCode": "SIM", "national": false, "type": 1, "id": 104781, "subTeams": [], "teamColors": {"primary": "#52b030", "secondary": "#52b030", "text": "#ffffff"}}, "awayTeam": {"name": "Kolev M.", "slug": "kolev-martin", "shortName": "Kolev M.", "userCount": 2, "nameCode": "KMA", "national": false, "type": 1, "id": 347964, "subTeams": [], "teamColors": {"primary": "#52b030", "secondary": "#52b030", "text": "#ffffff"}}, "homeScore": {"current": 2, "display": 2, "period1": 7, "period2": 6, "normaltime": 2}, "awayScore": {"current": 0, "display": 0, "period1": 5, "period2": 3, "normaltime": 0}, "time": {"current": 4641, "period1": 2750, "period2": 1891, "currentPeriodStartTimestamp": 1591455538}, "changes": {"changes": ["status.code", "status.description", "status.type", "homeScore.current", "homeScore.display", "homeScore.period2", "homeScore.normaltime", "awayScore.normaltime"], "changeTimestamp": 1591455550}, "hasGlobalHighlights": false, "id": 8684246, "startTimestamp": 1591448400, "slug": "kolev-simov", "periods": {"point": "Game", "current": "Match", "period1": "1st set", "period2": "2nd set", "period3": "3rd set", "period4": "4th set", "period5": "5th set"}, "finalResultOnly": false}, {"tournament": {"name": "Liga Pro", "slug": "liga-pro", "category": {"name": "Other", "slug": "other", "sport": {"name": "Tennis", "slug": "tennis", "id": 5}, "id": 1555, "flag": "other"}, "uniqueTournament": {"name": "Liga Pro", "slug": "liga-pro", "category": {"name": "Other", "slug": "other", "sport": {"name": "Tennis", "slug": "tennis", "id": 5}, "id": 1555, "flag": "other"}, "userCount": 98, "id": 14770, "hasEventPlayerStatistics": false}, "id": 79016}, "customId": "fkOcsxuOc", "status": {"code": 100, "description": "Ended", "type": "finished"}, "winnerCode": 1, "homeTeam": {"name": "Avzhiev D.", "slug": "avzhiev-dimitr", "shortName": "Avzhiev D.", "userCount": 9, "nameCode": "ADI", "national": false, "type": 1, "id": 348472, "subTeams": [], "teamColors": {"primary": "#52b030", "secondary": "#52b030", "text": "#ffffff"}}, "awayTeam": {"name": "Slavov Gergi", "slug": "slavov-gergi", "shortName": "Slavov Gergi", "userCount": 8, "nameCode": "SGE", "national": false, "type": 1, "id": 348005, "subTeams": [], "teamColors": {"primary": "#52b030", "secondary": "#52b030", "text": "#ffffff"}}, "homeScore": {"current": 2, "display": 2, "period1": 6, "period2": 6, "normaltime": 2}, "awayScore": {"current": 0, "display": 0, "period1": 2, "period2": 3, "normaltime": 0}, "time": {"current": 4304, "period1": 2381, "period2": 1923, "currentPeriodStartTimestamp": 1591460634}, "changes": {"changes": ["status.code", "status.description", "status.type", "homeScore.current", "homeScore.display", "homeScore.period2", "homeScore.normaltime", "awayScore.normaltime"], "changeTimestamp": 1591460769}, "hasGlobalHighlights": false, "id": 8684247, "startTimestamp": 1591453800, "slug": "avzhiev-slavov-gergi", "periods": {"point": "Game", "current": "Match", "period1": "1st set", "period2": "2nd set", "period3": "3rd set", "period4": "4th set", "period5": "5th set"}, "finalResultOnly": false}, {"tournament": {"name": "Liga Pro", "slug": "liga-pro", "category": {"name": "Other", "slug": "other", "sport": {"name": "Tennis", "slug": "tennis", "id": 5}, "id": 1555, "flag": "other"}, "uniqueTournament": {"name": "Liga Pro", "slug": "liga-pro", "category": {"name": "Other", "slug": "other", "sport": {"name": "Tennis", "slug": "tennis", "id": 5}, "id": 1555, "flag": "other"}, "userCount": 98, "id": 14770, "hasEventPlayerStatistics": false}, "id": 79016}, "customId": "BkOcsCkOc", "status": {"code": 100, "description": "Ended", "type": "finished"}, "winnerCode": 1, "homeTeam": {"name": "Apostolov V.", "slug": "apostolov-veselin", "shortName": "Apostolov V.", "userCount": 12, "nameCode": "AVE", "national": false, "type": 1, "id": 348027, "subTeams": [], "teamColors": {"primary": "#52b030", "secondary": "#52b030", "text": "#ffffff"}}, "awayTeam": {"name": "Tanev B.", "slug": "tanev-boncho", "shortName": "Tanev B.", "userCount": 10, "nameCode": "TBO", "national": false, "type": 1, "id": 348026, "subTeams": [], "teamColors": {"primary": "#52b030", "secondary": "#52b030", "text": "#ffffff"}}, "homeScore": {"current": 2, "display": 2, "period1": 6, "period2": 6, "normaltime": 2}, "awayScore": {"current": 0, "display": 0, "period1": 4, "period2": 4, "normaltime": 0}, "time": {"current": 4518, "period1": 1979, "period2": 2539, "currentPeriodStartTimestamp": 1591517734}, "changes": {"changes": ["status.code", "status.description", "status.type", "homeScore.current", "homeScore.display", "homeScore.period2", "homeScore.normaltime", "awayScore.normaltime"], "changeTimestamp": 1591517831}, "hasGlobalHighlights": false, "id": 8686883, "startTimestamp": 1591513200, "slug": "apostolov-tanev", "periods": {"point": "Game", "current": "Match", "period1": "1st set", "period2": "2nd set", "period3": "3rd set", "period4": "4th set", "period5": "5th set"}, "finalResultOnly": false}, {"tournament": {"name": "Liga Pro", "slug": "liga-pro", "category": {"name": "Other", "slug": "other", "sport": {"name": "Tennis", "slug": "tennis", "id": 5}, "id": 1555, "flag": "other"}, "uniqueTournament": {"name": "Liga Pro", "slug": "liga-pro", "category": {"name": "Other", "slug": "other", "sport": {"name": "Tennis", "slug": "tennis", "id": 5}, "id": 1555, "flag": "other"}, "userCount": 98, "id": 14770, "hasEventPlayerStatistics": false}, "id": 79016}, "customId": "PlOcsQlOc", "status": {"code": 100, "description": "Ended", "type": "finished"}, "winnerCode": 2, "homeTeam": {"name": "Dimov D.", "slug": "dimov-deyan", "shortName": "Dimov D.", "userCount": 2, "nameCode": "DDE", "national": false, "type": 1, "id": 348091, "subTeams": [], "teamColors": {"primary": "#52b030", "secondary": "#52b030", "text": "#ffffff"}}, "awayTeam": {"name": "Georgiev I.", "slug": "georgiev-ivalyo", "shortName": "Georgiev I.", "userCount": 6, "nameCode": "GIV", "national": false, "type": 1, "id": 348090, "subTeams": [], "teamColors": {"primary": "#52b030", "secondary": "#52b030", "text": "#ffffff"}}, "homeScore": {"current": 0, "display": 0, "period1": 2, "period2": 2, "normaltime": 0}, "awayScore": {"current": 2, "display": 2, "period1": 6, "period2": 6, "normaltime": 2}, "time": {"current": 3856, "period1": 1643, "period2": 2213, "currentPeriodStartTimestamp": 1591522387}, "changes": {"changes": ["status.code", "status.description", "status.type", "homeScore.normaltime", "awayScore.current", "awayScore.display", "awayScore.period2", "awayScore.normaltime"], "changeTimestamp": 1591522510}, "hasGlobalHighlights": false, "id": 8686884, "startTimestamp": 1591518600, "slug": "dimov-georgiev", "periods": {"point": "Game", "current": "Match", "period1": "1st set", "period2": "2nd set", "period3": "3rd set", "period4": "4th set", "period5": "5th set"}, "finalResultOnly": false}, {"tournament": {"name": "Liga Pro", "slug": "liga-pro", "category": {"name": "Other", "slug": "other", "sport": {"name": "Tennis", "slug": "tennis", "id": 5}, "id": 1555, "flag": "other"}, "uniqueTournament": {"name": "Liga Pro", "slug": "liga-pro", "category": {"name": "Other", "slug": "other", "sport": {"name": "Tennis", "slug": "tennis", "id": 5}, "id": 1555, "flag": "other"}, "userCount": 98, "id": 14770, "hasEventPlayerStatistics": false}, "id": 79016}, "customId": "wVacsyuOc", "status": {"code": 100, "description": "Ended", "type": "finished"}, "winnerCode": 1, "homeTeam": {"name": "Zapryanov I.", "slug": "zapryanov-ivan", "shortName": "Zapryanov I.", "userCount": 1, "nameCode": "ZIV", "national": false, "type": 1, "id": 348473, "subTeams": [], "teamColors": {"primary": "#52b030", "secondary": "#52b030", "text": "#ffffff"}}, "awayTeam": {"name": "Yordanov Y.", "slug": "yordanov-yordan", "shortName": "Yordanov Y.", "userCount": 11, "nameCode": "YOR", "national": false, "type": 1, "id": 252271, "subTeams": [], "teamColors": {"primary": "#52b030", "secondary": "#52b030", "text": "#ffffff"}}, "homeScore": {"current": 2, "display": 2, "period1": 5, "period2": 6, "period3": 10, "normaltime": 2}, "awayScore": {"current": 1, "display": 1, "period1": 7, "period2": 2, "period3": 6, "normaltime": 1}, "time": {"current": 7111, "period1": 3304, "period2": 2815, "period3": 992, "currentPeriodStartTimestamp": 1591530941}, "changes": {"changes": ["status.code", "status.description", "status.type", "homeScore.current", "homeScore.display", "homeScore.period3", "homeScore.normaltime", "awayScore.period3", "awayScore.normaltime"], "changeTimestamp": 1591530968}, "hasGlobalHighlights": false, "id": 8686885, "startTimestamp": 1591524000, "slug": "zapryanov-yordanov", "periods": {"point": "Game", "current": "Match", "period1": "1st set", "period2": "2nd set", "period3": "3rd set", "period4": "4th set", "period5": "5th set"}, "finalResultOnly": false}, {"tournament": {"name": "Liga Pro", "slug": "liga-pro", "category": {"name": "Other", "slug": "other", "sport": {"name": "Tennis", "slug": "tennis", "id": 5}, "id": 1555, "flag": "other"}, "uniqueTournament": {"name": "Liga Pro", "slug": "liga-pro", "category": {"name": "Other", "slug": "other", "sport": {"name": "Tennis", "slug": "tennis", "id": 5}, "id": 1555, "flag": "other"}, "userCount": 98, "id": 14770, "hasEventPlayerStatistics": false}, "id": 79016}, "customId": "YjOcsatOc", "status": {"code": 100, "description": "Ended", "type": "finished"}, "winnerCode": 2, "homeTeam": {"name": "Sevov Rumen", "slug": "sevov-rumen", "shortName": "Sevov Rumen", "userCount": 14, "nameCode": "SRU", "national": false, "type": 1, "id": 347998, "subTeams": [], "teamColors": {"primary": "#52b030", "secondary": "#52b030", "text": "#ffffff"}}, "awayTeam": {"name": "Mikhailov M.", "slug": "mikhailov-manol", "shortName": "Mikhailov M.", "userCount": 9, "nameCode": "MMA", "national": false, "type": 1, "id": 348400, "subTeams": [], "teamColors": {"primary": "#52b030", "secondary": "#52b030", "text": "#ffffff"}}, "homeScore": {"current": 0, "display": 0, "period1": 6, "period2": 3, "normaltime": 0}, "awayScore": {"current": 2, "display": 2, "period1": 7, "period2": 6, "normaltime": 2}, "time": {"current": 4730, "period1": 2718, "period2": 2012, "currentPeriodStartTimestamp": 1591536550}, "changes": {"changes": ["status.code", "status.description", "status.type", "homeScore.normaltime", "awayScore.current", "awayScore.display", "awayScore.period2", "awayScore.normaltime"], "changeTimestamp": 1591536725}, "hasGlobalHighlights": false, "id": 8686886, "startTimestamp": 1591529400, "slug": "mikhailov-sevov-rumen", "periods": {"point": "Game", "current": "Match", "period1": "1st set", "period2": "2nd set", "period3": "3rd set", "period4": "4th set", "period5": "5th set"}, "finalResultOnly": false}, {"tournament": {"name": "Liga Pro", "slug": "liga-pro", "category": {"name": "Other", "slug": "other", "sport": {"name": "Tennis", "slug": "tennis", "id": 5}, "id": 1555, "flag": "other"}, "uniqueTournament": {"name": "Liga Pro", "slug": "liga-pro", "category": {"name": "Other", "slug": "other", "sport": {"name": "Tennis", "slug": "tennis", "id": 5}, "id": 1555, "flag": "other"}, "userCount": 98, "id": 14770, "hasEventPlayerStatistics": false}, "id": 79016}, "customId": "GVQsbkOc", "status": {"code": 100, "description": "Ended", "type": "finished"}, "winnerCode": 2, "homeTeam": {"name": "Simov T.", "slug": "simov-tihomir", "shortName": "Simov T.", "gender": "M", "userCount": 8, "nameCode": "SIM", "national": false, "type": 1, "id": 104781, "subTeams": [], "teamColors": {"primary": "#52b030", "secondary": "#52b030", "text": "#ffffff"}}, "awayTeam": {"name": "Lyubomir S.", "slug": "lyubomir-shketrov", "shortName": "Lyubomir S.", "userCount": 18, "nameCode": "LSH", "national": false, "type": 1, "id": 348001, "subTeams": [], "teamColors": {"primary": "#52b030", "secondary": "#52b030", "text": "#ffffff"}}, "homeScore": {"current": 0, "display": 0, "period1": 2, "period2": 3, "normaltime": 0}, "awayScore": {"current": 2, "display": 2, "period1": 6, "period2": 6, "normaltime": 2}, "time": {"current": 4727, "period1": 1927, "period2": 2800, "currentPeriodStartTimestamp": 1591542248}, "changes": {"changes": ["status.code", "status.description", "status.type", "homeScore.normaltime", "awayScore.current", "awayScore.display", "awayScore.period2", "awayScore.normaltime"], "changeTimestamp": 1591542309}, "hasGlobalHighlights": false, "id": 8686889, "startTimestamp": 1591534800, "slug": "lyubomir-simov", "periods": {"point": "Game", "current": "Match", "period1": "1st set", "period2": "2nd set", "period3": "3rd set", "period4": "4th set", "period5": "5th set"}, "finalResultOnly": false}, {"tournament": {"name": "Liga Pro", "slug": "liga-pro", "category": {"name": "Other", "slug": "other", "sport": {"name": "Tennis", "slug": "tennis", "id": 5}, "id": 1555, "flag": "other"}, "uniqueTournament": {"name": "Liga Pro", "slug": "liga-pro", "category": {"name": "Other", "slug": "other", "sport": {"name": "Tennis", "slug": "tennis", "id": 5}, "id": 1555, "flag": "other"}, "userCount": 98, "id": 14770, "hasEventPlayerStatistics": false}, "id": 79016}, "customId": "cpOcsxuOc", "status": {"code": 100, "description": "Ended", "type": "finished"}, "winnerCode": 1, "homeTeam": {"name": "Avzhiev D.", "slug": "avzhiev-dimitr", "shortName": "Avzhiev D.", "userCount": 9, "nameCode": "ADI", "national": false, "type": 1, "id": 348472, "subTeams": [], "teamColors": {"primary": "#52b030", "secondary": "#52b030", "text": "#ffffff"}}, "awayTeam": {"name": "Zhelev P.", "slug": "zhelev-plamen", "shortName": "Zhelev P.", "userCount": 7, "nameCode": "ZPL", "national": false, "type": 1, "id": 348252, "subTeams": [], "teamColors": {"primary": "#52b030", "secondary": "#52b030", "text": "#ffffff"}}, "homeScore": {"current": 2, "display": 2, "period1": 6, "period2": 6, "normaltime": 2}, "awayScore": {"current": 0, "display": 0, "period1": 4, "period2": 3, "normaltime": 0}, "time": {"current": 2820, "period1": 1422, "period2": 1398, "currentPeriodStartTimestamp": 1591546718}, "changes": {"changes": ["status.code", "status.description", "status.type", "homeScore.current", "homeScore.display", "homeScore.period2", "homeScore.normaltime", "awayScore.normaltime"], "changeTimestamp": 1591546812}, "hasGlobalHighlights": false, "id": 8686890, "startTimestamp": 1591540200, "slug": "avzhiev-zhelev", "periods": {"point": "Game", "current": "Match", "period1": "1st set", "period2": "2nd set", "period3": "3rd set", "period4": "4th set", "period5": "5th set"}, "finalResultOnly": false}, {"tournament": {"name": "Liga Pro", "slug": "liga-pro", "category": {"name": "Other", "slug": "other", "sport": {"name": "Tennis", "slug": "tennis", "id": 5}, "id": 1555, "flag": "other"}, "uniqueTournament": {"name": "Liga Pro", "slug": "liga-pro", "category": {"name": "Other", "slug": "other", "sport": {"name": "Tennis", "slug": "tennis", "id": 5}, "id": 1555, "flag": "other"}, "userCount": 98, "id": 14770, "hasEventPlayerStatistics": false}, "id": 79016}, "customId": "rjOcsopOc", "status": {"code": 100, "description": "Ended", "type": "finished"}, "winnerCode": 1, "homeTeam": {"name": "Kanev G.", "slug": "kanev-georgi", "shortName": "Kanev G.", "userCount": 11, "nameCode": "KGE", "national": false, "type": 1, "id": 347967, "subTeams": [], "teamColors": {"primary": "#52b030", "secondary": "#52b030", "text": "#ffffff"}}, "awayTeam": {"name": "Todorov D.", "slug": "todorov-dimitr", "shortName": "Todorov D.", "userCount": 4, "nameCode": "TDI", "national": false, "type": 1, "id": 348264, "subTeams": [], "teamColors": {"primary": "#52b030", "secondary": "#52b030", "text": "#ffffff"}}, "homeScore": {"current": 2, "display": 2, "period1": 6, "period2": 6, "normaltime": 2}, "awayScore": {"current": 0, "display": 0, "period1": 3, "period2": 4, "normaltime": 0}, "time": {"current": 4631, "period1": 2021, "period2": 2610, "currentPeriodStartTimestamp": 1591604230}, "changes": {"changes": ["status.code", "status.description", "status.type", "homeScore.current", "homeScore.display", "homeScore.period2", "homeScore.normaltime", "awayScore.normaltime"], "changeTimestamp": 1591604407}, "hasGlobalHighlights": false, "id": 8688149, "startTimestamp": 1591599600, "slug": "todorov-kanev", "periods": {"point": "Game", "current": "Match", "period1": "1st set", "period2": "2nd set", "period3": "3rd set", "period4": "4th set", "period5": "5th set"}, "finalResultOnly": false}, {"tournament": {"name": "Liga Pro", "slug": "liga-pro", "category": {"name": "Other", "slug": "other", "sport": {"name": "Tennis", "slug": "tennis", "id": 5}, "id": 1555, "flag": "other"}, "uniqueTournament": {"name": "Liga Pro", "slug": "liga-pro", "category": {"name": "Other", "slug": "other", "sport": {"name": "Tennis", "slug": "tennis", "id": 5}, "id": 1555, "flag": "other"}, "userCount": 98, "id": 14770, "hasEventPlayerStatistics": false}, "id": 79016}, "customId": "RlOcsbpOc", "status": {"code": 100, "description": "Ended", "type": "finished"}, "winnerCode": 2, "homeTeam": {"name": "Gavrilov P.", "slug": "gavrilov-peter", "shortName": "Gavrilov P.", "userCount": 3, "nameCode": "GPE", "national": false, "type": 1, "id": 348251, "subTeams": [], "teamColors": {"primary": "#52b030", "secondary": "#52b030", "text": "#ffffff"}}, "awayTeam": {"name": "Todorov T.", "slug": "todorov-todor", "shortName": "Todorov T.", "userCount": 1, "nameCode": "TTO", "national": false, "type": 1, "id": 348092, "subTeams": [], "teamColors": {"primary": "#52b030", "secondary": "#52b030", "text": "#ffffff"}}, "homeScore": {"current": 1, "display": 1, "period1": 5, "period2": 7, "period3": 6, "normaltime": 1}, "awayScore": {"current": 2, "display": 2, "period1": 7, "period2": 6, "period3": 10, "normaltime": 2}, "time": {"current": 6124, "period1": 2003, "period2": 3522, "period3": 599, "currentPeriodStartTimestamp": 1591611066}, "changes": {"changes": ["status.code", "status.description", "status.type", "homeScore.period3", "homeScore.normaltime", "awayScore.current", "awayScore.display", "awayScore.period3", "awayScore.normaltime"], "changeTimestamp": 1591611248}, "hasGlobalHighlights": false, "id": 8688150, "startTimestamp": 1591605000, "slug": "gavrilov-todorov", "periods": {"point": "Game", "current": "Match", "period1": "1st set", "period2": "2nd set", "period3": "3rd set", "period4": "4th set", "period5": "5th set"}, "finalResultOnly": false}, {"tournament": {"name": "Liga Pro", "slug": "liga-pro", "category": {"name": "Other", "slug": "other", "sport": {"name": "Tennis", "slug": "tennis", "id": 5}, "id": 1555, "flag": "other"}, "uniqueTournament": {"name": "Liga Pro", "slug": "liga-pro", "category": {"name": "Other", "slug": "other", "sport": {"name": "Tennis", "slug": "tennis", "id": 5}, "id": 1555, "flag": "other"}, "userCount": 98, "id": 14770, "hasEventPlayerStatistics": false}, "id": 79016}, "customId": "ekOcsokOc", "status": {"code": 100, "description": "Ended", "type": "finished"}, "winnerCode": 1, "homeTeam": {"name": "Ganchev I.", "slug": "ganchev-ivko", "shortName": "Ganchev I.", "gender": "M", "userCount": 9, "nameCode": "GIV", "national": false, "type": 1, "id": 348014, "subTeams": [], "teamColors": {"primary": "#52b030", "secondary": "#52b030", "text": "#ffffff"}}, "awayTeam": {"name": "Mirchev Rumen", "slug": "mirchev-rumen", "shortName": "Mirchev Rumen", "userCount": 10, "nameCode": "MRU", "national": false, "type": 1, "id": 348004, "subTeams": [], "teamColors": {"primary": "#52b030", "secondary": "#52b030", "text": "#ffffff"}}, "homeScore": {"current": 2, "display": 2, "period1": 7, "period2": 4, "period3": 10, "normaltime": 2}, "awayScore": {"current": 1, "display": 1, "period1": 6, "period2": 6, "period3": 6, "normaltime": 1}, "time": {"current": 5708, "period1": 2848, "period2": 2220, "period3": 640, "currentPeriodStartTimestamp": 1591617486}, "changes": {"changes": ["status.code", "status.description", "status.type", "homeScore.current", "homeScore.display", "homeScore.period3", "homeScore.normaltime", "awayScore.period3", "awayScore.normaltime"], "changeTimestamp": 1591617548}, "hasGlobalHighlights": false, "id": 8688151, "startTimestamp": 1591610400, "slug": "ganchev-mirchev-rumen", "periods": {"point": "Game", "current": "Match", "period1": "1st set", "period2": "2nd set", "period3": "3rd set", "period4": "4th set", "period5": "5th set"}, "finalResultOnly": false}, {"tournament": {"name": "Liga Pro", "slug": "liga-pro", "category": {"name": "Other", "slug": "other", "sport": {"name": "Tennis", "slug": "tennis", "id": 5}, "id": 1555, "flag": "other"}, "uniqueTournament": {"name": "Liga Pro", "slug": "liga-pro", "category": {"name": "Other", "slug": "other", "sport": {"name": "Tennis", "slug": "tennis", "id": 5}, "id": 1555, "flag": "other"}, "userCount": 98, "id": 14770, "hasEventPlayerStatistics": false}, "id": 79016}, "customId": "QlOcsapOc", "status": {"code": 100, "description": "Ended", "type": "finished"}, "winnerCode": 1, "homeTeam": {"name": "Baichev B.", "slug": "baichev-boyko", "shortName": "Baichev B.", "userCount": 1, "nameCode": "BBO", "national": false, "type": 1, "id": 348250, "subTeams": [], "teamColors": {"primary": "#52b030", "secondary": "#52b030", "text": "#ffffff"}}, "awayTeam": {"name": "Dimov D.", "slug": "dimov-deyan", "shortName": "Dimov D.", "userCount": 2, "nameCode": "DDE", "national": false, "type": 1, "id": 348091, "subTeams": [], "teamColors": {"primary": "#52b030", "secondary": "#52b030", "text": "#ffffff"}}, "homeScore": {"current": 2, "display": 2, "period1": 6, "period2": 7, "normaltime": 2}, "awayScore": {"current": 0, "display": 0, "period1": 3, "period2": 5, "normaltime": 0}, "time": {"current": 4894, "period1": 1632, "period2": 3262, "currentPeriodStartTimestamp": 1591623507}, "changes": {"changes": ["status.code", "status.description", "status.type", "homeScore.current", "homeScore.display", "homeScore.period2", "homeScore.normaltime", "awayScore.normaltime"], "changeTimestamp": 1591623668}, "hasGlobalHighlights": false, "id": 8688152, "startTimestamp": 1591615800, "slug": "baichev-dimov", "periods": {"point": "Game", "current": "Match", "period1": "1st set", "period2": "2nd set", "period3": "3rd set", "period4": "4th set", "period5": "5th set"}, "finalResultOnly": false}, {"tournament": {"name": "Liga Pro", "slug": "liga-pro", "category": {"name": "Other", "slug": "other", "sport": {"name": "Tennis", "slug": "tennis", "id": 5}, "id": 1555, "flag": "other"}, "uniqueTournament": {"name": "Liga Pro", "slug": "liga-pro", "category": {"name": "Other", "slug": "other", "sport": {"name": "Tennis", "slug": "tennis", "id": 5}, "id": 1555, "flag": "other"}, "userCount": 98, "id": 14770, "hasEventPlayerStatistics": false}, "id": 79016}, "customId": "cpOcsatOc", "status": {"code": 100, "description": "Ended", "type": "finished"}, "winnerCode": 1, "homeTeam": {"name": "Mikhailov M.", "slug": "mikhailov-manol", "shortName": "Mikhailov M.", "userCount": 9, "nameCode": "MMA", "national": false, "type": 1, "id": 348400, "subTeams": [], "teamColors": {"primary": "#52b030", "secondary": "#52b030", "text": "#ffffff"}}, "awayTeam": {"name": "Zhelev P.", "slug": "zhelev-plamen", "shortName": "Zhelev P.", "userCount": 7, "nameCode": "ZPL", "national": false, "type": 1, "id": 348252, "subTeams": [], "teamColors": {"primary": "#52b030", "secondary": "#52b030", "text": "#ffffff"}}, "homeScore": {"current": 2, "display": 2, "period1": 6, "period2": 6, "normaltime": 2}, "awayScore": {"current": 0, "display": 0, "period1": 2, "period2": 3, "normaltime": 0}, "time": {"current": 3582, "period1": 1613, "period2": 1969, "currentPeriodStartTimestamp": 1591627737}, "changes": {"changes": ["status.code", "status.description", "status.type", "homeScore.current", "homeScore.display", "homeScore.period2", "homeScore.normaltime", "awayScore.normaltime"], "changeTimestamp": 1591627804}, "hasGlobalHighlights": false, "id": 8688153, "startTimestamp": 1591621200, "slug": "mikhailov-zhelev", "periods": {"point": "Game", "current": "Match", "period1": "1st set", "period2": "2nd set", "period3": "3rd set", "period4": "4th set", "period5": "5th set"}, "finalResultOnly": false}, {"tournament": {"name": "Liga Pro", "slug": "liga-pro", "category": {"name": "Other", "slug": "other", "sport": {"name": "Tennis", "slug": "tennis", "id": 5}, "id": 1555, "flag": "other"}, "uniqueTournament": {"name": "Liga Pro", "slug": "liga-pro", "category": {"name": "Other", "slug": "other", "sport": {"name": "Tennis", "slug": "tennis", "id": 5}, "id": 1555, "flag": "other"}, "userCount": 98, "id": 14770, "hasEventPlayerStatistics": false}, "id": 79016}, "customId": "GVQsgkOc", "status": {"code": 100, "description": "Ended", "type": "finished"}, "winnerCode": 2, "homeTeam": {"name": "Mitev K.", "slug": "mitev-kristian", "shortName": "Mitev K.", "userCount": 22, "nameCode": "MKR", "national": false, "type": 1, "id": 348006, "subTeams": [], "teamColors": {"primary": "#52b030", "secondary": "#52b030", "text": "#ffffff"}}, "awayTeam": {"name": "Simov T.", "slug": "simov-tihomir", "shortName": "Simov T.", "gender": "M", "userCount": 8, "nameCode": "SIM", "national": false, "type": 1, "id": 104781, "subTeams": [], "teamColors": {"primary": "#52b030", "secondary": "#52b030", "text": "#ffffff"}}, "homeScore": {"current": 1, "display": 1, "period1": 5, "period2": 6, "period3": 4, "normaltime": 1}, "awayScore": {"current": 2, "display": 2, "period1": 7, "period2": 3, "period3": 10, "normaltime": 2}, "time": {"current": 5966, "period1": 3018, "period2": 2310, "period3": 638, "currentPeriodStartTimestamp": 1591634359}, "changes": {"changes": ["status.code", "status.description", "status.type", "homeScore.period3", "homeScore.normaltime", "awayScore.current", "awayScore.display", "awayScore.period3", "awayScore.normaltime"], "changeTimestamp": 1591634465}, "hasGlobalHighlights": false, "id": 8688154, "startTimestamp": 1591626600, "slug": "mitev-simov", "periods": {"point": "Game", "current": "Match", "period1": "1st set", "period2": "2nd set", "period3": "3rd set", "period4": "4th set", "period5": "5th set"}, "finalResultOnly": false}, {"tournament": {"name": "Liga Pro", "slug": "liga-pro", "category": {"name": "Other", "slug": "other", "sport": {"name": "Tennis", "slug": "tennis", "id": 5}, "id": 1555, "flag": "other"}, "uniqueTournament": {"name": "Liga Pro", "slug": "liga-pro", "category": {"name": "Other", "slug": "other", "sport": {"name": "Tennis", "slug": "tennis", "id": 5}, "id": 1555, "flag": "other"}, "userCount": 98, "id": 14770, "hasEventPlayerStatistics": false}, "id": 79016}, "customId": "rjOcspkOc", "status": {"code": 100, "description": "Ended", "type": "finished"}, "winnerCode": 2, "homeTeam": {"name": "Mladenov A.", "slug": "mladenov-adrian", "shortName": "Mladenov A.", "gender": "M", "userCount": 5, "nameCode": "MAD", "national": false, "type": 1, "id": 348015, "subTeams": [], "teamColors": {"primary": "#52b030", "secondary": "#52b030", "text": "#ffffff"}}, "awayTeam": {"name": "Kanev G.", "slug": "kanev-georgi", "shortName": "Kanev G.", "userCount": 11, "nameCode": "KGE", "national": false, "type": 1, "id": 347967, "subTeams": [], "teamColors": {"primary": "#52b030", "secondary": "#52b030", "text": "#ffffff"}}, "homeScore": {"current": 0, "display": 0, "period1": 4, "period2": 3, "normaltime": 0}, "awayScore": {"current": 2, "display": 2, "period1": 6, "period2": 6, "normaltime": 2}, "time": {"current": 4049, "period1": 1960, "period2": 2089, "currentPeriodStartTimestamp": 1591690288}, "changes": {"changes": ["status.code", "status.description", "status.type", "homeScore.normaltime", "awayScore.current", "awayScore.display", "awayScore.period2", "awayScore.normaltime"], "changeTimestamp": 1591690445}, "hasGlobalHighlights": false, "id": 8689424, "startTimestamp": 1591686000, "slug": "mladenov-kanev", "periods": {"point": "Game", "current": "Match", "period1": "1st set", "period2": "2nd set", "period3": "3rd set", "period4": "4th set", "period5": "5th set"}, "finalResultOnly": false}, {"tournament": {"name": "Liga Pro", "slug": "liga-pro", "category": {"name": "Other", "slug": "other", "sport": {"name": "Tennis", "slug": "tennis", "id": 5}, "id": 1555, "flag": "other"}, "uniqueTournament": {"name": "Liga Pro", "slug": "liga-pro", "category": {"name": "Other", "slug": "other", "sport": {"name": "Tennis", "slug": "tennis", "id": 5}, "id": 1555, "flag": "other"}, "userCount": 98, "id": 14770, "hasEventPlayerStatistics": false}, "id": 79016}, "customId": "okOcsopOc", "status": {"code": 100, "description": "Ended", "type": "finished"}, "winnerCode": 2, "homeTeam": {"name": "Todorov D.", "slug": "todorov-dimitr", "shortName": "Todorov D.", "userCount": 4, "nameCode": "TDI", "national": false, "type": 1, "id": 348264, "subTeams": [], "teamColors": {"primary": "#52b030", "secondary": "#52b030", "text": "#ffffff"}}, "awayTeam": {"name": "Ganchev I.", "slug": "ganchev-ivko", "shortName": "Ganchev I.", "gender": "M", "userCount": 9, "nameCode": "GIV", "national": false, "type": 1, "id": 348014, "subTeams": [], "teamColors": {"primary": "#52b030", "secondary": "#52b030", "text": "#ffffff"}}, "homeScore": {"current": 0, "display": 0, "period1": 1, "period2": 6, "normaltime": 0}, "awayScore": {"current": 2, "display": 2, "period1": 6, "period2": 7, "normaltime": 2}, "time": {"current": 4579, "period1": 1357, "period2": 3222, "currentPeriodStartTimestamp": 1591696349}, "changes": {"changes": ["status.code", "status.description", "status.type", "homeScore.normaltime", "awayScore.current", "awayScore.display", "awayScore.period2", "awayScore.normaltime"], "changeTimestamp": 1591696383}, "hasGlobalHighlights": false, "id": 8689425, "startTimestamp": 1591691400, "slug": "todorov-ganchev", "periods": {"point": "Game", "current": "Match", "period1": "1st set", "period2": "2nd set", "period3": "3rd set", "period4": "4th set", "period5": "5th set"}, "finalResultOnly": false}, {"tournament": {"name": "Liga Pro", "slug": "liga-pro", "category": {"name": "Other", "slug": "other", "sport": {"name": "Tennis", "slug": "tennis", "id": 5}, "id": 1555, "flag": "other"}, "uniqueTournament": {"name": "Liga Pro", "slug": "liga-pro", "category": {"name": "Other", "slug": "other", "sport": {"name": "Tennis", "slug": "tennis", "id": 5}, "id": 1555, "flag": "other"}, "userCount": 98, "id": 14770, "hasEventPlayerStatistics": false}, "id": 79016}, "customId": "wVacsatOc", "status": {"code": 100, "description": "Ended", "type": "finished"}, "winnerCode": 2, "homeTeam": {"name": "Yordanov Y.", "slug": "yordanov-yordan", "shortName": "Yordanov Y.", "userCount": 11, "nameCode": "YOR", "national": false, "type": 1, "id": 252271, "subTeams": [], "teamColors": {"primary": "#52b030", "secondary": "#52b030", "text": "#ffffff"}}, "awayTeam": {"name": "Mikhailov M.", "slug": "mikhailov-manol", "shortName": "Mikhailov M.", "userCount": 9, "nameCode": "MMA", "national": false, "type": 1, "id": 348400, "subTeams": [], "teamColors": {"primary": "#52b030", "secondary": "#52b030", "text": "#ffffff"}}, "homeScore": {"current": 0, "display": 0, "period1": 1, "period2": 3, "normaltime": 0}, "awayScore": {"current": 2, "display": 2, "period1": 6, "period2": 6, "normaltime": 2}, "time": {"current": 3535, "period1": 1257, "period2": 2278, "currentPeriodStartTimestamp": 1591700869}, "changes": {"changes": ["status.code", "status.description", "status.type", "homeScore.normaltime", "awayScore.current", "awayScore.display", "awayScore.period2", "awayScore.normaltime"], "changeTimestamp": 1591700891}, "hasGlobalHighlights": false, "id": 8689426, "startTimestamp": 1591696800, "slug": "mikhailov-yordanov", "periods": {"point": "Game", "current": "Match", "period1": "1st set", "period2": "2nd set", "period3": "3rd set", "period4": "4th set", "period5": "5th set"}, "finalResultOnly": false}, {"tournament": {"name": "Liga Pro", "slug": "liga-pro", "category": {"name": "Other", "slug": "other", "sport": {"name": "Tennis", "slug": "tennis", "id": 5}, "id": 1555, "flag": "other"}, "uniqueTournament": {"name": "Liga Pro", "slug": "liga-pro", "category": {"name": "Other", "slug": "other", "sport": {"name": "Tennis", "slug": "tennis", "id": 5}, "id": 1555, "flag": "other"}, "userCount": 98, "id": 14770, "hasEventPlayerStatistics": false}, "id": 79016}, "customId": "bkOcsxuOc", "status": {"code": 100, "description": "Ended", "type": "finished"}, "winnerCode": 2, "homeTeam": {"name": "Avzhiev D.", "slug": "avzhiev-dimitr", "shortName": "Avzhiev D.", "userCount": 9, "nameCode": "ADI", "national": false, "type": 1, "id": 348472, "subTeams": [], "teamColors": {"primary": "#52b030", "secondary": "#52b030", "text": "#ffffff"}}, "awayTeam": {"name": "Lyubomir S.", "slug": "lyubomir-shketrov", "shortName": "Lyubomir S.", "userCount": 18, "nameCode": "LSH", "national": false, "type": 1, "id": 348001, "subTeams": [], "teamColors": {"primary": "#52b030", "secondary": "#52b030", "text": "#ffffff"}}, "homeScore": {"current": 0, "display": 0, "period1": 1, "period2": 1, "normaltime": 0}, "awayScore": {"current": 2, "display": 2, "period1": 6, "period2": 6, "normaltime": 2}, "time": {"current": 3522, "period1": 1620, "period2": 1902, "currentPeriodStartTimestamp": 1591705777}, "changes": {"changes": ["status.code", "status.description", "status.type", "homeScore.normaltime", "awayScore.current", "awayScore.display", "awayScore.period2", "awayScore.normaltime"], "changeTimestamp": 1591705928}, "hasGlobalHighlights": false, "id": 8689427, "startTimestamp": 1591702200, "slug": "avzhiev-lyubomir", "periods": {"point": "Game", "current": "Match", "period1": "1st set", "period2": "2nd set", "period3": "3rd set", "period4": "4th set", "period5": "5th set"}, "finalResultOnly": false}, {"tournament": {"name": "Liga Pro", "slug": "liga-pro", "category": {"name": "Other", "slug": "other", "sport": {"name": "Tennis", "slug": "tennis", "id": 5}, "id": 1555, "flag": "other"}, "uniqueTournament": {"name": "Liga Pro", "slug": "liga-pro", "category": {"name": "Other", "slug": "other", "sport": {"name": "Tennis", "slug": "tennis", "id": 5}, "id": 1555, "flag": "other"}, "userCount": 98, "id": 14770, "hasEventPlayerStatistics": false}, "id": 79016}, "customId": "YjOcsekOc", "status": {"code": 100, "description": "Ended", "type": "finished"}, "winnerCode": 1, "homeTeam": {"name": "Sevov Rumen", "slug": "sevov-rumen", "shortName": "Sevov Rumen", "userCount": 14, "nameCode": "SRU", "national": false, "type": 1, "id": 347998, "subTeams": [], "teamColors": {"primary": "#52b030", "secondary": "#52b030", "text": "#ffffff"}}, "awayTeam": {"name": "Mirchev Rumen", "slug": "mirchev-rumen", "shortName": "Mirchev Rumen", "userCount": 10, "nameCode": "MRU", "national": false, "type": 1, "id": 348004, "subTeams": [], "teamColors": {"primary": "#52b030", "secondary": "#52b030", "text": "#ffffff"}}, "homeScore": {"current": 2, "display": 2, "period1": 6, "period2": 6, "normaltime": 2}, "awayScore": {"current": 0, "display": 0, "period1": 3, "period2": 4, "normaltime": 0}, "time": {"current": 3814, "period1": 1633, "period2": 2181, "currentPeriodStartTimestamp": 1591711888}, "changes": {"changes": ["status.code", "status.description", "status.type", "homeScore.current", "homeScore.display", "homeScore.period2", "homeScore.normaltime", "awayScore.normaltime"], "changeTimestamp": 1591712049}, "hasGlobalHighlights": false, "id": 8689428, "startTimestamp": 1591707600, "slug": "mirchev-rumen-sevov-rumen", "periods": {"point": "Game", "current": "Match", "period1": "1st set", "period2": "2nd set", "period3": "3rd set", "period4": "4th set", "period5": "5th set"}, "finalResultOnly": false}, {"tournament": {"name": "Liga Pro", "slug": "liga-pro", "category": {"name": "Other", "slug": "other", "sport": {"name": "Tennis", "slug": "tennis", "id": 5}, "id": 1555, "flag": "other"}, "uniqueTournament": {"name": "Liga Pro", "slug": "liga-pro", "category": {"name": "Other", "slug": "other", "sport": {"name": "Tennis", "slug": "tennis", "id": 5}, "id": 1555, "flag": "other"}, "userCount": 98, "id": 14770, "hasEventPlayerStatistics": false}, "id": 79016}, "customId": "pjOcsfkOc", "status": {"code": 100, "description": "Ended", "type": "finished"}, "winnerCode": 2, "homeTeam": {"name": "Tanev I.", "slug": "tanev-ivan", "shortName": "Tanev I.", "userCount": 7, "nameCode": "TIV", "national": false, "type": 1, "id": 347965, "subTeams": [], "teamColors": {"primary": "#52b030", "secondary": "#52b030", "text": "#ffffff"}}, "awayTeam": {"name": "Slavov Gergi", "slug": "slavov-gergi", "shortName": "Slavov Gergi", "userCount": 8, "nameCode": "SGE", "national": false, "type": 1, "id": 348005, "subTeams": [], "teamColors": {"primary": "#52b030", "secondary": "#52b030", "text": "#ffffff"}}, "homeScore": {"current": 0, "display": 0, "period1": 3, "period2": 4, "normaltime": 0}, "awayScore": {"current": 2, "display": 2, "period1": 6, "period2": 6, "normaltime": 2}, "time": {"current": 5304, "period1": 2458, "period2": 2846, "currentPeriodStartTimestamp": 1591718666}, "changes": {"changes": ["status.code", "status.description", "status.type", "homeScore.normaltime", "awayScore.current", "awayScore.display", "awayScore.period2", "awayScore.normaltime"], "changeTimestamp": 1591718710}, "hasGlobalHighlights": false, "id": 8689429, "startTimestamp": 1591713000, "slug": "slavov-gergi-tanev", "periods": {"point": "Game", "current": "Match", "period1": "1st set", "period2": "2nd set", "period3": "3rd set", "period4": "4th set", "period5": "5th set"}, "finalResultOnly": false}, {"tournament": {"name": "Liga Pro", "slug": "liga-pro", "category": {"name": "Other", "slug": "other", "sport": {"name": "Tennis", "slug": "tennis", "id": 5}, "id": 1555, "flag": "other"}, "uniqueTournament": {"name": "Liga Pro", "slug": "liga-pro", "category": {"name": "Other", "slug": "other", "sport": {"name": "Tennis", "slug": "tennis", "id": 5}, "id": 1555, "flag": "other"}, "userCount": 98, "id": 14770, "hasEventPlayerStatistics": false}, "id": 79016}, "customId": "GVQsOlOc", "status": {"code": 100, "description": "Ended", "type": "finished"}, "winnerCode": 2, "homeTeam": {"name": "Zgurov P.", "slug": "zgurov-philip", "shortName": "Zgurov P.", "userCount": 9, "nameCode": "ZPH", "national": false, "type": 1, "id": 348089, "subTeams": [], "teamColors": {"primary": "#52b030", "secondary": "#52b030", "text": "#ffffff"}}, "awayTeam": {"name": "Simov T.", "slug": "simov-tihomir", "shortName": "Simov T.", "gender": "M", "userCount": 8, "nameCode": "SIM", "national": false, "type": 1, "id": 104781, "subTeams": [], "teamColors": {"primary": "#52b030", "secondary": "#52b030", "text": "#ffffff"}}, "homeScore": {"current": 0, "display": 0, "period1": 2, "period2": 2, "normaltime": 0}, "awayScore": {"current": 2, "display": 2, "period1": 6, "period2": 6, "normaltime": 2}, "time": {"current": 3721, "period1": 1958, "period2": 1763, "currentPeriodStartTimestamp": 1591776114}, "changes": {"changes": ["status.code", "status.description", "status.type", "homeScore.normaltime", "awayScore.current", "awayScore.display", "awayScore.period2", "awayScore.normaltime"], "changeTimestamp": 1591776131}, "hasGlobalHighlights": false, "id": 8690987, "startTimestamp": 1591772400, "slug": "zgurov-simov", "periods": {"point": "Game", "current": "Match", "period1": "1st set", "period2": "2nd set", "period3": "3rd set", "period4": "4th set", "period5": "5th set"}, "finalResultOnly": false}, {"tournament": {"name": "Liga Pro", "slug": "liga-pro", "category": {"name": "Other", "slug": "other", "sport": {"name": "Tennis", "slug": "tennis", "id": 5}, "id": 1555, "flag": "other"}, "uniqueTournament": {"name": "Liga Pro", "slug": "liga-pro", "category": {"name": "Other", "slug": "other", "sport": {"name": "Tennis", "slug": "tennis", "id": 5}, "id": 1555, "flag": "other"}, "userCount": 98, "id": 14770, "hasEventPlayerStatistics": false}, "id": 79016}, "customId": "YjOcsokOc", "status": {"code": 100, "description": "Ended", "type": "finished"}, "winnerCode": 2, "homeTeam": {"name": "Ganchev I.", "slug": "ganchev-ivko", "shortName": "Ganchev I.", "gender": "M", "userCount": 9, "nameCode": "GIV", "national": false, "type": 1, "id": 348014, "subTeams": [], "teamColors": {"primary": "#52b030", "secondary": "#52b030", "text": "#ffffff"}}, "awayTeam": {"name": "Sevov Rumen", "slug": "sevov-rumen", "shortName": "Sevov Rumen", "userCount": 14, "nameCode": "SRU", "national": false, "type": 1, "id": 347998, "subTeams": [], "teamColors": {"primary": "#52b030", "secondary": "#52b030", "text": "#ffffff"}}, "homeScore": {"current": 0, "display": 0, "period1": 3, "period2": 2, "normaltime": 0}, "awayScore": {"current": 2, "display": 2, "period1": 6, "period2": 6, "normaltime": 2}, "time": {"current": 3972, "period1": 1876, "period2": 2096, "currentPeriodStartTimestamp": 1591781654}, "changes": {"changes": ["status.code", "status.description", "status.type", "homeScore.normaltime", "awayScore.current", "awayScore.display", "awayScore.period2", "awayScore.normaltime"], "changeTimestamp": 1591781713}, "hasGlobalHighlights": false, "id": 8690988, "startTimestamp": 1591777800, "slug": "ganchev-sevov-rumen", "periods": {"point": "Game", "current": "Match", "period1": "1st set", "period2": "2nd set", "period3": "3rd set", "period4": "4th set", "period5": "5th set"}, "finalResultOnly": false}, {"tournament": {"name": "Liga Pro", "slug": "liga-pro", "category": {"name": "Other", "slug": "other", "sport": {"name": "Tennis", "slug": "tennis", "id": 5}, "id": 1555, "flag": "other"}, "uniqueTournament": {"name": "Liga Pro", "slug": "liga-pro", "category": {"name": "Other", "slug": "other", "sport": {"name": "Tennis", "slug": "tennis", "id": 5}, "id": 1555, "flag": "other"}, "userCount": 98, "id": 14770, "hasEventPlayerStatistics": false}, "id": 79016}, "customId": "wVacsrjOc", "status": {"code": 100, "description": "Ended", "type": "finished"}, "winnerCode": 1, "homeTeam": {"name": "Kanev G.", "slug": "kanev-georgi", "shortName": "Kanev G.", "userCount": 11, "nameCode": "KGE", "national": false, "type": 1, "id": 347967, "subTeams": [], "teamColors": {"primary": "#52b030", "secondary": "#52b030", "text": "#ffffff"}}, "awayTeam": {"name": "Yordanov Y.", "slug": "yordanov-yordan", "shortName": "Yordanov Y.", "userCount": 11, "nameCode": "YOR", "national": false, "type": 1, "id": 252271, "subTeams": [], "teamColors": {"primary": "#52b030", "secondary": "#52b030", "text": "#ffffff"}}, "homeScore": {"current": 2, "display": 2, "period1": 6, "period2": 4, "period3": 10, "normaltime": 2}, "awayScore": {"current": 1, "display": 1, "period1": 2, "period2": 6, "period3": 6, "normaltime": 1}, "time": {"current": 5322, "period1": 1569, "period2": 2987, "period3": 766, "currentPeriodStartTimestamp": 1591788536}, "changes": {"changes": ["status.code", "status.description", "status.type", "homeScore.current", "homeScore.display", "homeScore.period3", "homeScore.normaltime", "awayScore.period3", "awayScore.normaltime"], "changeTimestamp": 1591788543}, "hasGlobalHighlights": false, "id": 8690989, "startTimestamp": 1591783200, "slug": "kanev-yordanov", "periods": {"point": "Game", "current": "Match", "period1": "1st set", "period2": "2nd set", "period3": "3rd set", "period4": "4th set", "period5": "5th set"}, "finalResultOnly": false}, {"tournament": {"name": "Liga Pro", "slug": "liga-pro", "category": {"name": "Other", "slug": "other", "sport": {"name": "Tennis", "slug": "tennis", "id": 5}, "id": 1555, "flag": "other"}, "uniqueTournament": {"name": "Liga Pro", "slug": "liga-pro", "category": {"name": "Other", "slug": "other", "sport": {"name": "Tennis", "slug": "tennis", "id": 5}, "id": 1555, "flag": "other"}, "userCount": 98, "id": 14770, "hasEventPlayerStatistics": false}, "id": 79016}, "customId": "gkOcsxuOc", "status": {"code": 100, "description": "Ended", "type": "finished"}, "winnerCode": 2, "homeTeam": {"name": "Avzhiev D.", "slug": "avzhiev-dimitr", "shortName": "Avzhiev D.", "userCount": 9, "nameCode": "ADI", "national": false, "type": 1, "id": 348472, "subTeams": [], "teamColors": {"primary": "#52b030", "secondary": "#52b030", "text": "#ffffff"}}, "awayTeam": {"name": "Mitev K.", "slug": "mitev-kristian", "shortName": "Mitev K.", "userCount": 22, "nameCode": "MKR", "national": false, "type": 1, "id": 348006, "subTeams": [], "teamColors": {"primary": "#52b030", "secondary": "#52b030", "text": "#ffffff"}}, "homeScore": {"current": 1, "display": 1, "period1": 6, "period2": 5, "period3": 3, "normaltime": 1}, "awayScore": {"current": 2, "display": 2, "period1": 4, "period2": 7, "period3": 10, "normaltime": 2}, "time": {"current": 5779, "period1": 2159, "period2": 2873, "period3": 747, "currentPeriodStartTimestamp": 1591794870}, "changes": {"changes": ["status.code", "status.description", "status.type", "homeScore.period3", "homeScore.normaltime", "awayScore.current", "awayScore.display", "awayScore.period3", "awayScore.normaltime"], "changeTimestamp": 1591795026}, "hasGlobalHighlights": false, "id": 8690990, "startTimestamp": 1591788600, "slug": "avzhiev-mitev", "periods": {"point": "Game", "current": "Match", "period1": "1st set", "period2": "2nd set", "period3": "3rd set", "period4": "4th set", "period5": "5th set"}, "finalResultOnly": false}, {"tournament": {"name": "Liga Pro", "slug": "liga-pro", "category": {"name": "Other", "slug": "other", "sport": {"name": "Tennis", "slug": "tennis", "id": 5}, "id": 1555, "flag": "other"}, "uniqueTournament": {"name": "Liga Pro", "slug": "liga-pro", "category": {"name": "Other", "slug": "other", "sport": {"name": "Tennis", "slug": "tennis", "id": 5}, "id": 1555, "flag": "other"}, "userCount": 98, "id": 14770, "hasEventPlayerStatistics": false}, "id": 79016}, "customId": "fkOcsatOc", "status": {"code": 100, "description": "Ended", "type": "finished"}, "winnerCode": 2, "homeTeam": {"name": "Slavov Gergi", "slug": "slavov-gergi", "shortName": "Slavov Gergi", "userCount": 8, "nameCode": "SGE", "national": false, "type": 1, "id": 348005, "subTeams": [], "teamColors": {"primary": "#52b030", "secondary": "#52b030", "text": "#ffffff"}}, "awayTeam": {"name": "Mikhailov M.", "slug": "mikhailov-manol", "shortName": "Mikhailov M.", "userCount": 9, "nameCode": "MMA", "national": false, "type": 1, "id": 348400, "subTeams": [], "teamColors": {"primary": "#52b030", "secondary": "#52b030", "text": "#ffffff"}}, "homeScore": {"current": 0, "display": 0, "period1": 2, "period2": 0, "normaltime": 0}, "awayScore": {"current": 2, "display": 2, "period1": 6, "period2": 6, "normaltime": 2}, "time": {"current": 3236, "period1": 1795, "period2": 1441, "currentPeriodStartTimestamp": 1591798733}, "changes": {"changes": ["status.code", "status.description", "status.type", "homeScore.normaltime", "awayScore.current", "awayScore.display", "awayScore.period2", "awayScore.normaltime"], "changeTimestamp": 1591798805}, "hasGlobalHighlights": false, "id": 8690992, "startTimestamp": 1591794000, "slug": "mikhailov-slavov-gergi", "periods": {"point": "Game", "current": "Match", "period1": "1st set", "period2": "2nd set", "period3": "3rd set", "period4": "4th set", "period5": "5th set"}, "finalResultOnly": false}, {"tournament": {"name": "Liga Pro", "slug": "liga-pro", "category": {"name": "Other", "slug": "other", "sport": {"name": "Tennis", "slug": "tennis", "id": 5}, "id": 1555, "flag": "other"}, "uniqueTournament": {"name": "Liga Pro", "slug": "liga-pro", "category": {"name": "Other", "slug": "other", "sport": {"name": "Tennis", "slug": "tennis", "id": 5}, "id": 1555, "flag": "other"}, "userCount": 98, "id": 14770, "hasEventPlayerStatistics": false}, "id": 79016}, "customId": "PlOcsbpOc", "status": {"code": 100, "description": "Ended", "type": "finished"}, "winnerCode": 1, "homeTeam": {"name": "Georgiev I.", "slug": "georgiev-ivalyo", "shortName": "Georgiev I.", "userCount": 6, "nameCode": "GIV", "national": false, "type": 1, "id": 348090, "subTeams": [], "teamColors": {"primary": "#52b030", "secondary": "#52b030", "text": "#ffffff"}}, "awayTeam": {"name": "Gavrilov P.", "slug": "gavrilov-peter", "shortName": "Gavrilov P.", "userCount": 3, "nameCode": "GPE", "national": false, "type": 1, "id": 348251, "subTeams": [], "teamColors": {"primary": "#52b030", "secondary": "#52b030", "text": "#ffffff"}}, "homeScore": {"current": 2, "display": 2, "period1": 6, "period2": 6, "normaltime": 2}, "awayScore": {"current": 0, "display": 0, "period1": 2, "period2": 3, "normaltime": 0}, "time": {"current": 3518, "period1": 1207, "period2": 2311, "currentPeriodStartTimestamp": 1591803072}, "changes": {"changes": ["status.code", "status.description", "status.type", "homeScore.current", "homeScore.display", "homeScore.period2", "homeScore.normaltime", "awayScore.normaltime"], "changeTimestamp": 1591803136}, "hasGlobalHighlights": false, "id": 8690993, "startTimestamp": 1591799400, "slug": "gavrilov-georgiev", "periods": {"point": "Game", "current": "Match", "period1": "1st set", "period2": "2nd set", "period3": "3rd set", "period4": "4th set", "period5": "5th set"}, "finalResultOnly": false}, {"tournament": {"name": "Liga Pro", "slug": "liga-pro", "category": {"name": "Other", "slug": "other", "sport": {"name": "Tennis", "slug": "tennis", "id": 5}, "id": 1555, "flag": "other"}, "uniqueTournament": {"name": "Liga Pro", "slug": "liga-pro", "category": {"name": "Other", "slug": "other", "sport": {"name": "Tennis", "slug": "tennis", "id": 5}, "id": 1555, "flag": "other"}, "userCount": 98, "id": 14770, "hasEventPlayerStatistics": false}, "id": 79016}, "customId": "BkOcsPlOc", "status": {"code": 100, "description": "Ended", "type": "finished"}, "winnerCode": 1, "homeTeam": {"name": "Georgiev I.", "slug": "georgiev-ivalyo", "shortName": "Georgiev I.", "userCount": 6, "nameCode": "GIV", "national": false, "type": 1, "id": 348090, "subTeams": [], "teamColors": {"primary": "#52b030", "secondary": "#52b030", "text": "#ffffff"}}, "awayTeam": {"name": "Tanev B.", "slug": "tanev-boncho", "shortName": "Tanev B.", "userCount": 10, "nameCode": "TBO", "national": false, "type": 1, "id": 348026, "subTeams": [], "teamColors": {"primary": "#52b030", "secondary": "#52b030", "text": "#ffffff"}}, "homeScore": {"current": 2, "display": 2, "period1": 6, "period2": 6, "normaltime": 2}, "awayScore": {"current": 0, "display": 0, "period1": 4, "period2": 2, "normaltime": 0}, "time": {"current": 4115, "period1": 2152, "period2": 1963, "currentPeriodStartTimestamp": 1591863070}, "changes": {"changes": ["status.code", "status.description", "status.type", "homeScore.current", "homeScore.display", "homeScore.period2", "homeScore.normaltime", "awayScore.normaltime"], "changeTimestamp": 1591863246}, "hasGlobalHighlights": false, "id": 8692831, "startTimestamp": 1591858800, "slug": "georgiev-tanev", "periods": {"point": "Game", "current": "Match", "period1": "1st set", "period2": "2nd set", "period3": "3rd set", "period4": "4th set", "period5": "5th set"}, "finalResultOnly": false}, {"tournament": {"name": "Liga Pro", "slug": "liga-pro", "category": {"name": "Other", "slug": "other", "sport": {"name": "Tennis", "slug": "tennis", "id": 5}, "id": 1555, "flag": "other"}, "uniqueTournament": {"name": "Liga Pro", "slug": "liga-pro", "category": {"name": "Other", "slug": "other", "sport": {"name": "Tennis", "slug": "tennis", "id": 5}, "id": 1555, "flag": "other"}, "userCount": 98, "id": 14770, "hasEventPlayerStatistics": false}, "id": 79016}, "customId": "rjOcsekOc", "status": {"code": 100, "description": "Ended", "type": "finished"}, "winnerCode": 2, "homeTeam": {"name": "Kanev G.", "slug": "kanev-georgi", "shortName": "Kanev G.", "userCount": 11, "nameCode": "KGE", "national": false, "type": 1, "id": 347967, "subTeams": [], "teamColors": {"primary": "#52b030", "secondary": "#52b030", "text": "#ffffff"}}, "awayTeam": {"name": "Mirchev Rumen", "slug": "mirchev-rumen", "shortName": "Mirchev Rumen", "userCount": 10, "nameCode": "MRU", "national": false, "type": 1, "id": 348004, "subTeams": [], "teamColors": {"primary": "#52b030", "secondary": "#52b030", "text": "#ffffff"}}, "homeScore": {"current": 1, "display": 1, "period1": 5, "period2": 6, "period3": 7, "normaltime": 1}, "awayScore": {"current": 2, "display": 2, "period1": 7, "period2": 1, "period3": 10, "normaltime": 2}, "time": {"current": 4903, "period1": 2687, "period2": 1487, "period3": 729, "currentPeriodStartTimestamp": 1591869328}, "changes": {"changes": ["status.code", "status.description", "status.type", "homeScore.period3", "homeScore.normaltime", "awayScore.current", "awayScore.display", "awayScore.period3", "awayScore.normaltime"], "changeTimestamp": 1591869366}, "hasGlobalHighlights": false, "id": 8692832, "startTimestamp": 1591864200, "slug": "mirchev-rumen-kanev", "periods": {"point": "Game", "current": "Match", "period1": "1st set", "period2": "2nd set", "period3": "3rd set", "period4": "4th set", "period5": "5th set"}, "finalResultOnly": false}], "hasNextPage": true}