{"events": [{"tournament": {"name": "Liga Pro", "slug": "liga-pro", "category": {"name": "Other", "slug": "other", "sport": {"name": "Tennis", "slug": "tennis", "id": 5}, "id": 1555, "flag": "other"}, "uniqueTournament": {"name": "Liga Pro", "slug": "liga-pro", "category": {"name": "Other", "slug": "other", "sport": {"name": "Tennis", "slug": "tennis", "id": 5}, "id": 1555, "flag": "other"}, "userCount": 98, "id": 14770, "hasEventPlayerStatistics": false}, "id": 79016}, "customId": "GVQsqjOc", "status": {"code": 100, "description": "Ended", "type": "finished"}, "winnerCode": 1, "homeTeam": {"name": "Simov T.", "slug": "simov-tihomir", "shortName": "Simov T.", "gender": "M", "userCount": 8, "nameCode": "SIM", "national": false, "type": 1, "id": 104781, "subTeams": [], "teamColors": {"primary": "#52b030", "secondary": "#52b030", "text": "#ffffff"}}, "awayTeam": {"name": "Boyanov D.", "slug": "boyanov-daniel", "shortName": "Boyanov D.", "userCount": 3, "nameCode": "BDA", "national": false, "type": 1, "id": 347966, "subTeams": [], "teamColors": {"primary": "#52b030", "secondary": "#52b030", "text": "#ffffff"}}, "homeScore": {"current": 2, "display": 2, "period1": 6, "period2": 6, "normaltime": 2}, "awayScore": {"current": 0, "display": 0, "period1": 3, "period2": 3, "normaltime": 0}, "time": {"current": 3432, "period1": 1539, "period2": 1893, "currentPeriodStartTimestamp": 1590593377}, "changes": {"changes": ["status.code", "status.description", "status.type", "homeScore.current", "homeScore.display", "homeScore.period2", "homeScore.normaltime", "awayScore.normaltime"], "changeTimestamp": 1590593431}, "hasGlobalHighlights": false, "id": 8672259, "startTimestamp": 1590589800, "slug": "boyanov-simov", "periods": {"point": "Game", "current": "Match", "period1": "1st set", "period2": "2nd set", "period3": "3rd set", "period4": "4th set", "period5": "5th set"}, "finalResultOnly": false}, {"tournament": {"name": "Liga Pro", "slug": "liga-pro", "category": {"name": "Other", "slug": "other", "sport": {"name": "Tennis", "slug": "tennis", "id": 5}, "id": 1555, "flag": "other"}, "uniqueTournament": {"name": "Liga Pro", "slug": "liga-pro", "category": {"name": "Other", "slug": "other", "sport": {"name": "Tennis", "slug": "tennis", "id": 5}, "id": 1555, "flag": "other"}, "userCount": 98, "id": 14770, "hasEventPlayerStatistics": false}, "id": 79016}, "customId": "ckOcspkOc", "status": {"code": 100, "description": "Ended", "type": "finished"}, "winnerCode": 1, "homeTeam": {"name": "Andonov Ivailo", "slug": "andonov-ivailo", "shortName": "Andonov Ivailo", "userCount": 2, "nameCode": "AIV", "national": false, "type": 1, "id": 348002, "subTeams": [], "teamColors": {"primary": "#52b030", "secondary": "#52b030", "text": "#ffffff"}}, "awayTeam": {"name": "Mladenov A.", "slug": "mladenov-adrian", "shortName": "Mladenov A.", "gender": "M", "userCount": 5, "nameCode": "MAD", "national": false, "type": 1, "id": 348015, "subTeams": [], "teamColors": {"primary": "#52b030", "secondary": "#52b030", "text": "#ffffff"}}, "homeScore": {"current": 2, "display": 2, "period1": 6, "period2": 7, "normaltime": 2}, "awayScore": {"current": 0, "display": 0, "period1": 1, "period2": 5, "normaltime": 0}, "time": {"current": 3498, "period1": 1043, "period2": 2455, "currentPeriodStartTimestamp": 1590652726}, "changes": {"changes": ["status.code", "status.description", "status.type", "homeScore.current", "homeScore.display", "homeScore.period2", "homeScore.normaltime", "awayScore.normaltime"], "changeTimestamp": 1590652837}, "hasGlobalHighlights": false, "id": 8672535, "startTimestamp": 1590649200, "slug": "mladenov-andonov-ivailo", "periods": {"point": "Game", "current": "Match", "period1": "1st set", "period2": "2nd set", "period3": "3rd set", "period4": "4th set", "period5": "5th set"}, "finalResultOnly": false}, {"tournament": {"name": "Liga Pro", "slug": "liga-pro", "category": {"name": "Other", "slug": "other", "sport": {"name": "Tennis", "slug": "tennis", "id": 5}, "id": 1555, "flag": "other"}, "uniqueTournament": {"name": "Liga Pro", "slug": "liga-pro", "category": {"name": "Other", "slug": "other", "sport": {"name": "Tennis", "slug": "tennis", "id": 5}, "id": 1555, "flag": "other"}, "userCount": 98, "id": 14770, "hasEventPlayerStatistics": false}, "id": 79016}, "customId": "qjOcsdkOc", "status": {"code": 100, "description": "Ended", "type": "finished"}, "winnerCode": 1, "homeTeam": {"name": "Boyanov D.", "slug": "boyanov-daniel", "shortName": "Boyanov D.", "userCount": 3, "nameCode": "BDA", "national": false, "type": 1, "id": 347966, "subTeams": [], "teamColors": {"primary": "#52b030", "secondary": "#52b030", "text": "#ffffff"}}, "awayTeam": {"name": "Bonev Mitko", "slug": "bonev-mitko", "shortName": "Bonev Mitko", "userCount": 4, "nameCode": "BMI", "national": false, "type": 1, "id": 348003, "subTeams": [], "teamColors": {"primary": "#52b030", "secondary": "#52b030", "text": "#ffffff"}}, "homeScore": {"current": 2, "display": 2, "period1": 6, "period2": 4, "period3": 10, "normaltime": 2}, "awayScore": {"current": 1, "display": 1, "period1": 2, "period2": 6, "period3": 7, "normaltime": 1}, "time": {"current": 4519, "period1": 1544, "period2": 2173, "period3": 802, "currentPeriodStartTimestamp": 1590658942}, "changes": {"changes": ["status.code", "status.description", "status.type", "homeScore.current", "homeScore.display", "homeScore.period3", "homeScore.normaltime", "awayScore.period3", "awayScore.normaltime"], "changeTimestamp": 1590658959}, "hasGlobalHighlights": false, "id": 8672536, "startTimestamp": 1590654600, "slug": "bonev-mitko-boyanov", "periods": {"point": "Game", "current": "Match", "period1": "1st set", "period2": "2nd set", "period3": "3rd set", "period4": "4th set", "period5": "5th set"}, "finalResultOnly": false}, {"tournament": {"name": "Liga Pro", "slug": "liga-pro", "category": {"name": "Other", "slug": "other", "sport": {"name": "Tennis", "slug": "tennis", "id": 5}, "id": 1555, "flag": "other"}, "uniqueTournament": {"name": "Liga Pro", "slug": "liga-pro", "category": {"name": "Other", "slug": "other", "sport": {"name": "Tennis", "slug": "tennis", "id": 5}, "id": 1555, "flag": "other"}, "userCount": 98, "id": 14770, "hasEventPlayerStatistics": false}, "id": 79016}, "customId": "wVacsokOc", "status": {"code": 100, "description": "Ended", "type": "finished"}, "winnerCode": 1, "homeTeam": {"name": "Ganchev I.", "slug": "ganchev-ivko", "shortName": "Ganchev I.", "gender": "M", "userCount": 9, "nameCode": "GIV", "national": false, "type": 1, "id": 348014, "subTeams": [], "teamColors": {"primary": "#52b030", "secondary": "#52b030", "text": "#ffffff"}}, "awayTeam": {"name": "Yordanov Y.", "slug": "yordanov-yordan", "shortName": "Yordanov Y.", "userCount": 11, "nameCode": "YOR", "national": false, "type": 1, "id": 252271, "subTeams": [], "teamColors": {"primary": "#52b030", "secondary": "#52b030", "text": "#ffffff"}}, "homeScore": {"current": 2, "display": 2, "period1": 7, "period2": 6, "normaltime": 2}, "awayScore": {"current": 0, "display": 0, "period1": 6, "period2": 4, "normaltime": 0}, "time": {"current": 6485, "period1": 3373, "period2": 3112, "currentPeriodStartTimestamp": 1590666901}, "changes": {"changes": ["status.code", "status.description", "status.type", "homeScore.current", "homeScore.display", "homeScore.period2", "homeScore.normaltime", "awayScore.normaltime"], "changeTimestamp": 1590667052}, "hasGlobalHighlights": false, "id": 8672539, "startTimestamp": 1590660000, "slug": "ganchev-yordanov", "periods": {"point": "Game", "current": "Match", "period1": "1st set", "period2": "2nd set", "period3": "3rd set", "period4": "4th set", "period5": "5th set"}, "finalResultOnly": false}, {"tournament": {"name": "Liga Pro", "slug": "liga-pro", "category": {"name": "Other", "slug": "other", "sport": {"name": "Tennis", "slug": "tennis", "id": 5}, "id": 1555, "flag": "other"}, "uniqueTournament": {"name": "Liga Pro", "slug": "liga-pro", "category": {"name": "Other", "slug": "other", "sport": {"name": "Tennis", "slug": "tennis", "id": 5}, "id": 1555, "flag": "other"}, "userCount": 98, "id": 14770, "hasEventPlayerStatistics": false}, "id": 79016}, "customId": "rjOcsYjOc", "status": {"code": 100, "description": "Ended", "type": "finished"}, "winnerCode": 1, "homeTeam": {"name": "Sevov Rumen", "slug": "sevov-rumen", "shortName": "Sevov Rumen", "userCount": 14, "nameCode": "SRU", "national": false, "type": 1, "id": 347998, "subTeams": [], "teamColors": {"primary": "#52b030", "secondary": "#52b030", "text": "#ffffff"}}, "awayTeam": {"name": "Kanev G.", "slug": "kanev-georgi", "shortName": "Kanev G.", "userCount": 11, "nameCode": "KGE", "national": false, "type": 1, "id": 347967, "subTeams": [], "teamColors": {"primary": "#52b030", "secondary": "#52b030", "text": "#ffffff"}}, "homeScore": {"current": 2, "display": 2, "period1": 6, "period2": 6, "normaltime": 2}, "awayScore": {"current": 0, "display": 0, "period1": 3, "period2": 2, "normaltime": 0}, "time": {"current": 4049, "period1": 2085, "period2": 1964, "currentPeriodStartTimestamp": 1590672009}, "changes": {"changes": ["status.code", "status.description", "status.type", "homeScore.current", "homeScore.display", "homeScore.period2", "homeScore.normaltime", "awayScore.normaltime"], "changeTimestamp": 1590672090}, "hasGlobalHighlights": false, "id": 8672538, "startTimestamp": 1590665400, "slug": "sevov-rumen-kanev", "periods": {"point": "Game", "current": "Match", "period1": "1st set", "period2": "2nd set", "period3": "3rd set", "period4": "4th set", "period5": "5th set"}, "finalResultOnly": false}, {"tournament": {"name": "Liga Pro", "slug": "liga-pro", "category": {"name": "Other", "slug": "other", "sport": {"name": "Tennis", "slug": "tennis", "id": 5}, "id": 1555, "flag": "other"}, "uniqueTournament": {"name": "Liga Pro", "slug": "liga-pro", "category": {"name": "Other", "slug": "other", "sport": {"name": "Tennis", "slug": "tennis", "id": 5}, "id": 1555, "flag": "other"}, "userCount": 98, "id": 14770, "hasEventPlayerStatistics": false}, "id": 79016}, "customId": "ojOcsfkOc", "status": {"code": 100, "description": "Ended", "type": "finished"}, "winnerCode": 1, "homeTeam": {"name": "Kolev M.", "slug": "kolev-martin", "shortName": "Kolev M.", "userCount": 2, "nameCode": "KMA", "national": false, "type": 1, "id": 347964, "subTeams": [], "teamColors": {"primary": "#52b030", "secondary": "#52b030", "text": "#ffffff"}}, "awayTeam": {"name": "Slavov Gergi", "slug": "slavov-gergi", "shortName": "Slavov Gergi", "userCount": 8, "nameCode": "SGE", "national": false, "type": 1, "id": 348005, "subTeams": [], "teamColors": {"primary": "#52b030", "secondary": "#52b030", "text": "#ffffff"}}, "homeScore": {"current": 2, "display": 2, "period1": 7, "period2": 3, "period3": 10, "normaltime": 2}, "awayScore": {"current": 1, "display": 1, "period1": 6, "period2": 6, "period3": 7, "normaltime": 1}, "time": {"current": 7041, "period1": 3532, "period2": 2756, "period3": 753, "currentPeriodStartTimestamp": 1590679730}, "changes": {"changes": ["status.code", "status.description", "status.type", "homeScore.current", "homeScore.display", "homeScore.period3", "homeScore.normaltime", "awayScore.period3", "awayScore.normaltime"], "changeTimestamp": 1590679833}, "hasGlobalHighlights": false, "id": 8672537, "startTimestamp": 1590670800, "slug": "slavov-gergi-kolev", "periods": {"point": "Game", "current": "Match", "period1": "1st set", "period2": "2nd set", "period3": "3rd set", "period4": "4th set", "period5": "5th set"}, "finalResultOnly": false}, {"tournament": {"name": "Liga Pro", "slug": "liga-pro", "category": {"name": "Other", "slug": "other", "sport": {"name": "Tennis", "slug": "tennis", "id": 5}, "id": 1555, "flag": "other"}, "uniqueTournament": {"name": "Liga Pro", "slug": "liga-pro", "category": {"name": "Other", "slug": "other", "sport": {"name": "Tennis", "slug": "tennis", "id": 5}, "id": 1555, "flag": "other"}, "userCount": 98, "id": 14770, "hasEventPlayerStatistics": false}, "id": 79016}, "customId": "BkOcsCkOc", "status": {"code": 100, "description": "Ended", "type": "finished"}, "winnerCode": 1, "homeTeam": {"name": "Tanev B.", "slug": "tanev-boncho", "shortName": "Tanev B.", "userCount": 10, "nameCode": "TBO", "national": false, "type": 1, "id": 348026, "subTeams": [], "teamColors": {"primary": "#52b030", "secondary": "#52b030", "text": "#ffffff"}}, "awayTeam": {"name": "Apostolov V.", "slug": "apostolov-veselin", "shortName": "Apostolov V.", "userCount": 12, "nameCode": "AVE", "national": false, "type": 1, "id": 348027, "subTeams": [], "teamColors": {"primary": "#52b030", "secondary": "#52b030", "text": "#ffffff"}}, "homeScore": {"current": 2, "display": 2, "period1": 7, "period2": 4, "period3": 12, "normaltime": 2}, "awayScore": {"current": 1, "display": 1, "period1": 5, "period2": 6, "period3": 10, "normaltime": 1}, "time": {"current": 7335, "period1": 3424, "period2": 2803, "period3": 1108, "currentPeriodStartTimestamp": 1590688173}, "changes": {"changes": ["status.code", "status.description", "status.type", "homeScore.current", "homeScore.display", "homeScore.period3", "homeScore.normaltime", "awayScore.period3", "awayScore.normaltime"], "changeTimestamp": 1590688298}, "hasGlobalHighlights": false, "id": 8672541, "startTimestamp": 1590676200, "slug": "apostolov-tanev", "periods": {"point": "Game", "current": "Match", "period1": "1st set", "period2": "2nd set", "period3": "3rd set", "period4": "4th set", "period5": "5th set"}, "finalResultOnly": false}, {"tournament": {"name": "Liga Pro", "slug": "liga-pro", "category": {"name": "Other", "slug": "other", "sport": {"name": "Tennis", "slug": "tennis", "id": 5}, "id": 1555, "flag": "other"}, "uniqueTournament": {"name": "Liga Pro", "slug": "liga-pro", "category": {"name": "Other", "slug": "other", "sport": {"name": "Tennis", "slug": "tennis", "id": 5}, "id": 1555, "flag": "other"}, "userCount": 98, "id": 14770, "hasEventPlayerStatistics": false}, "id": 79016}, "customId": "akOcsgkOc", "status": {"code": 100, "description": "Ended", "type": "finished"}, "winnerCode": 2, "homeTeam": {"name": "Manolov Stanislav", "slug": "manolov-stanislav", "shortName": "Manolov Stanislav", "userCount": 8, "nameCode": "MST", "national": false, "type": 1, "id": 348000, "subTeams": [], "teamColors": {"primary": "#52b030", "secondary": "#52b030", "text": "#ffffff"}}, "awayTeam": {"name": "Mitev K.", "slug": "mitev-kristian", "shortName": "Mitev K.", "userCount": 22, "nameCode": "MKR", "national": false, "type": 1, "id": 348006, "subTeams": [], "teamColors": {"primary": "#52b030", "secondary": "#52b030", "text": "#ffffff"}}, "homeScore": {"current": 0, "display": 0, "period1": 1, "period2": 1, "normaltime": 0}, "awayScore": {"current": 2, "display": 2, "period1": 6, "period2": 6, "normaltime": 2}, "time": {"current": 3124, "period1": 1106, "period2": 2018, "currentPeriodStartTimestamp": 1590738750}, "changes": {"changes": ["status.code", "status.description", "status.type", "homeScore.normaltime", "awayScore.current", "awayScore.display", "awayScore.period2", "awayScore.normaltime"], "changeTimestamp": 1590738877}, "hasGlobalHighlights": false, "id": 8673700, "startTimestamp": 1590735600, "slug": "mitev-manolov-stanislav", "periods": {"point": "Game", "current": "Match", "period1": "1st set", "period2": "2nd set", "period3": "3rd set", "period4": "4th set", "period5": "5th set"}, "finalResultOnly": false}, {"tournament": {"name": "Liga Pro", "slug": "liga-pro", "category": {"name": "Other", "slug": "other", "sport": {"name": "Tennis", "slug": "tennis", "id": 5}, "id": 1555, "flag": "other"}, "uniqueTournament": {"name": "Liga Pro", "slug": "liga-pro", "category": {"name": "Other", "slug": "other", "sport": {"name": "Tennis", "slug": "tennis", "id": 5}, "id": 1555, "flag": "other"}, "userCount": 98, "id": 14770, "hasEventPlayerStatistics": false}, "id": 79016}, "customId": "bkOcsOlOc", "status": {"code": 100, "description": "Ended", "type": "finished"}, "winnerCode": 1, "homeTeam": {"name": "Lyubomir S.", "slug": "lyubomir-shketrov", "shortName": "Lyubomir S.", "userCount": 18, "nameCode": "LSH", "national": false, "type": 1, "id": 348001, "subTeams": [], "teamColors": {"primary": "#52b030", "secondary": "#52b030", "text": "#ffffff"}}, "awayTeam": {"name": "Zgurov P.", "slug": "zgurov-philip", "shortName": "Zgurov P.", "userCount": 9, "nameCode": "ZPH", "national": false, "type": 1, "id": 348089, "subTeams": [], "teamColors": {"primary": "#52b030", "secondary": "#52b030", "text": "#ffffff"}}, "homeScore": {"current": 2, "display": 2, "period1": 2, "period2": 6, "period3": 10, "normaltime": 2}, "awayScore": {"current": 1, "display": 1, "period1": 6, "period2": 2, "period3": 4, "normaltime": 1}, "time": {"current": 4856, "period1": 2306, "period2": 1763, "period3": 787, "currentPeriodStartTimestamp": 1590745851}, "changes": {"changes": ["status.code", "status.description", "status.type", "homeScore.current", "homeScore.display", "homeScore.period3", "homeScore.normaltime", "awayScore.period3", "awayScore.normaltime"], "changeTimestamp": 1590745899}, "hasGlobalHighlights": false, "id": 8673708, "startTimestamp": 1590741000, "slug": "zgurov-lyubomir", "periods": {"point": "Game", "current": "Match", "period1": "1st set", "period2": "2nd set", "period3": "3rd set", "period4": "4th set", "period5": "5th set"}, "finalResultOnly": false}, {"tournament": {"name": "Liga Pro", "slug": "liga-pro", "category": {"name": "Other", "slug": "other", "sport": {"name": "Tennis", "slug": "tennis", "id": 5}, "id": 1555, "flag": "other"}, "uniqueTournament": {"name": "Liga Pro", "slug": "liga-pro", "category": {"name": "Other", "slug": "other", "sport": {"name": "Tennis", "slug": "tennis", "id": 5}, "id": 1555, "flag": "other"}, "userCount": 98, "id": 14770, "hasEventPlayerStatistics": false}, "id": 79016}, "customId": "GVQsdkOc", "status": {"code": 100, "description": "Ended", "type": "finished"}, "winnerCode": 1, "homeTeam": {"name": "Simov T.", "slug": "simov-tihomir", "shortName": "Simov T.", "gender": "M", "userCount": 8, "nameCode": "SIM", "national": false, "type": 1, "id": 104781, "subTeams": [], "teamColors": {"primary": "#52b030", "secondary": "#52b030", "text": "#ffffff"}}, "awayTeam": {"name": "Bonev Mitko", "slug": "bonev-mitko", "shortName": "Bonev Mitko", "userCount": 4, "nameCode": "BMI", "national": false, "type": 1, "id": 348003, "subTeams": [], "teamColors": {"primary": "#52b030", "secondary": "#52b030", "text": "#ffffff"}}, "homeScore": {"current": 2, "display": 2, "period1": 6, "period2": 6, "normaltime": 2}, "awayScore": {"current": 0, "display": 0, "period1": 4, "period2": 3, "normaltime": 0}, "time": {"current": 4353, "period1": 2293, "period2": 2060, "currentPeriodStartTimestamp": 1590750947}, "changes": {"changes": ["status.code", "status.description", "status.type", "homeScore.current", "homeScore.display", "homeScore.period2", "homeScore.normaltime", "awayScore.normaltime"], "changeTimestamp": 1590751119}, "hasGlobalHighlights": false, "id": 8673701, "startTimestamp": 1590746400, "slug": "bonev-mitko-simov", "periods": {"point": "Game", "current": "Match", "period1": "1st set", "period2": "2nd set", "period3": "3rd set", "period4": "4th set", "period5": "5th set"}, "finalResultOnly": false}, {"tournament": {"name": "Liga Pro", "slug": "liga-pro", "category": {"name": "Other", "slug": "other", "sport": {"name": "Tennis", "slug": "tennis", "id": 5}, "id": 1555, "flag": "other"}, "uniqueTournament": {"name": "Liga Pro", "slug": "liga-pro", "category": {"name": "Other", "slug": "other", "sport": {"name": "Tennis", "slug": "tennis", "id": 5}, "id": 1555, "flag": "other"}, "userCount": 98, "id": 14770, "hasEventPlayerStatistics": false}, "id": 79016}, "customId": "cvEbsekOc", "status": {"code": 100, "description": "Ended", "type": "finished"}, "winnerCode": 2, "homeTeam": {"name": "Georgiev A.", "slug": "georgiev-anton", "shortName": "Georgiev A.", "userCount": 4, "nameCode": "GEO", "national": false, "type": 1, "id": 198502, "subTeams": [], "teamColors": {"primary": "#52b030", "secondary": "#52b030", "text": "#ffffff"}}, "awayTeam": {"name": "Mirchev Rumen", "slug": "mirchev-rumen", "shortName": "Mirchev Rumen", "userCount": 10, "nameCode": "MRU", "national": false, "type": 1, "id": 348004, "subTeams": [], "teamColors": {"primary": "#52b030", "secondary": "#52b030", "text": "#ffffff"}}, "homeScore": {"current": 0, "display": 0, "period1": 3, "period2": 5, "normaltime": 0}, "awayScore": {"current": 2, "display": 2, "period1": 6, "period2": 7, "normaltime": 2}, "time": {"current": 5002, "period1": 1663, "period2": 3339, "currentPeriodStartTimestamp": 1590757523}, "changes": {"changes": ["status.code", "status.description", "status.type", "homeScore.normaltime", "awayScore.current", "awayScore.display", "awayScore.period2", "awayScore.normaltime"], "changeTimestamp": 1590757596}, "hasGlobalHighlights": false, "id": 8673704, "startTimestamp": 1590751800, "slug": "mirchev-rumen-georgiev", "periods": {"point": "Game", "current": "Match", "period1": "1st set", "period2": "2nd set", "period3": "3rd set", "period4": "4th set", "period5": "5th set"}, "finalResultOnly": false}, {"tournament": {"name": "Liga Pro", "slug": "liga-pro", "category": {"name": "Other", "slug": "other", "sport": {"name": "Tennis", "slug": "tennis", "id": 5}, "id": 1555, "flag": "other"}, "uniqueTournament": {"name": "Liga Pro", "slug": "liga-pro", "category": {"name": "Other", "slug": "other", "sport": {"name": "Tennis", "slug": "tennis", "id": 5}, "id": 1555, "flag": "other"}, "userCount": 98, "id": 14770, "hasEventPlayerStatistics": false}, "id": 79016}, "customId": "wVacsPlOc", "status": {"code": 100, "description": "Ended", "type": "finished"}, "winnerCode": 1, "homeTeam": {"name": "Yordanov Y.", "slug": "yordanov-yordan", "shortName": "Yordanov Y.", "userCount": 11, "nameCode": "YOR", "national": false, "type": 1, "id": 252271, "subTeams": [], "teamColors": {"primary": "#52b030", "secondary": "#52b030", "text": "#ffffff"}}, "awayTeam": {"name": "Georgiev I.", "slug": "georgiev-ivalyo", "shortName": "Georgiev I.", "userCount": 6, "nameCode": "GIV", "national": false, "type": 1, "id": 348090, "subTeams": [], "teamColors": {"primary": "#52b030", "secondary": "#52b030", "text": "#ffffff"}}, "homeScore": {"current": 2, "display": 2, "period1": 7, "period2": 6, "normaltime": 2}, "awayScore": {"current": 0, "display": 0, "period1": 5, "period2": 2, "normaltime": 0}, "time": {"current": 4499, "period1": 2613, "period2": 1886, "currentPeriodStartTimestamp": 1590762874}, "changes": {"changes": ["status.code", "status.description", "status.type", "homeScore.current", "homeScore.display", "homeScore.period2", "homeScore.normaltime", "awayScore.normaltime"], "changeTimestamp": 1590762998}, "hasGlobalHighlights": false, "id": 8673709, "startTimestamp": 1590757200, "slug": "georgiev-yordanov", "periods": {"point": "Game", "current": "Match", "period1": "1st set", "period2": "2nd set", "period3": "3rd set", "period4": "4th set", "period5": "5th set"}, "finalResultOnly": false}, {"tournament": {"name": "Liga Pro", "slug": "liga-pro", "category": {"name": "Other", "slug": "other", "sport": {"name": "Tennis", "slug": "tennis", "id": 5}, "id": 1555, "flag": "other"}, "uniqueTournament": {"name": "Liga Pro", "slug": "liga-pro", "category": {"name": "Other", "slug": "other", "sport": {"name": "Tennis", "slug": "tennis", "id": 5}, "id": 1555, "flag": "other"}, "userCount": 98, "id": 14770, "hasEventPlayerStatistics": false}, "id": 79016}, "customId": "QlOcsRlOc", "status": {"code": 100, "description": "Ended", "type": "finished"}, "winnerCode": 1, "homeTeam": {"name": "Dimov D.", "slug": "dimov-deyan", "shortName": "Dimov D.", "userCount": 2, "nameCode": "DDE", "national": false, "type": 1, "id": 348091, "subTeams": [], "teamColors": {"primary": "#52b030", "secondary": "#52b030", "text": "#ffffff"}}, "awayTeam": {"name": "Todorov T.", "slug": "todorov-todor", "shortName": "Todorov T.", "userCount": 1, "nameCode": "TTO", "national": false, "type": 1, "id": 348092, "subTeams": [], "teamColors": {"primary": "#52b030", "secondary": "#52b030", "text": "#ffffff"}}, "homeScore": {"current": 2, "display": 2, "period1": 7, "period2": 6, "normaltime": 2}, "awayScore": {"current": 0, "display": 0, "period1": 5, "period2": 4, "normaltime": 0}, "time": {"current": 4903, "period1": 2341, "period2": 2562, "currentPeriodStartTimestamp": 1590768775}, "changes": {"changes": ["status.code", "status.description", "status.type", "homeScore.current", "homeScore.display", "homeScore.period2", "homeScore.normaltime", "awayScore.normaltime"], "changeTimestamp": 1590768936}, "hasGlobalHighlights": false, "id": 8673710, "startTimestamp": 1590762600, "slug": "todorov-dimov", "periods": {"point": "Game", "current": "Match", "period1": "1st set", "period2": "2nd set", "period3": "3rd set", "period4": "4th set", "period5": "5th set"}, "finalResultOnly": false}, {"tournament": {"name": "Liga Pro", "slug": "liga-pro", "category": {"name": "Other", "slug": "other", "sport": {"name": "Tennis", "slug": "tennis", "id": 5}, "id": 1555, "flag": "other"}, "uniqueTournament": {"name": "Liga Pro", "slug": "liga-pro", "category": {"name": "Other", "slug": "other", "sport": {"name": "Tennis", "slug": "tennis", "id": 5}, "id": 1555, "flag": "other"}, "userCount": 98, "id": 14770, "hasEventPlayerStatistics": false}, "id": 79016}, "customId": "fkOcsOlOc", "status": {"code": 100, "description": "Ended", "type": "finished"}, "winnerCode": 2, "homeTeam": {"name": "Slavov Gergi", "slug": "slavov-gergi", "shortName": "Slavov Gergi", "userCount": 8, "nameCode": "SGE", "national": false, "type": 1, "id": 348005, "subTeams": [], "teamColors": {"primary": "#52b030", "secondary": "#52b030", "text": "#ffffff"}}, "awayTeam": {"name": "Zgurov P.", "slug": "zgurov-philip", "shortName": "Zgurov P.", "userCount": 9, "nameCode": "ZPH", "national": false, "type": 1, "id": 348089, "subTeams": [], "teamColors": {"primary": "#52b030", "secondary": "#52b030", "text": "#ffffff"}}, "homeScore": {"current": 1, "display": 1, "period1": 6, "period2": 1, "period3": 5, "normaltime": 1}, "awayScore": {"current": 2, "display": 2, "period1": 3, "period2": 6, "period3": 10, "normaltime": 2}, "time": {"current": 3731, "period1": 1343, "period2": 1523, "period3": 865, "currentPeriodStartTimestamp": 1590825685}, "changes": {"changes": ["status.code", "status.description", "status.type", "homeScore.period3", "homeScore.normaltime", "awayScore.current", "awayScore.display", "awayScore.period3", "awayScore.normaltime"], "changeTimestamp": 1590825819}, "hasGlobalHighlights": false, "id": 8674848, "startTimestamp": 1590822000, "slug": "zgurov-slavov-gergi", "periods": {"point": "Game", "current": "Match", "period1": "1st set", "period2": "2nd set", "period3": "3rd set", "period4": "4th set", "period5": "5th set"}, "finalResultOnly": false}, {"tournament": {"name": "Liga Pro", "slug": "liga-pro", "category": {"name": "Other", "slug": "other", "sport": {"name": "Tennis", "slug": "tennis", "id": 5}, "id": 1555, "flag": "other"}, "uniqueTournament": {"name": "Liga Pro", "slug": "liga-pro", "category": {"name": "Other", "slug": "other", "sport": {"name": "Tennis", "slug": "tennis", "id": 5}, "id": 1555, "flag": "other"}, "userCount": 98, "id": 14770, "hasEventPlayerStatistics": false}, "id": 79016}, "customId": "ojOcsckOc", "status": {"code": 100, "description": "Ended", "type": "finished"}, "winnerCode": 1, "homeTeam": {"name": "Andonov Ivailo", "slug": "andonov-ivailo", "shortName": "Andonov Ivailo", "userCount": 2, "nameCode": "AIV", "national": false, "type": 1, "id": 348002, "subTeams": [], "teamColors": {"primary": "#52b030", "secondary": "#52b030", "text": "#ffffff"}}, "awayTeam": {"name": "Kolev M.", "slug": "kolev-martin", "shortName": "Kolev M.", "userCount": 2, "nameCode": "KMA", "national": false, "type": 1, "id": 347964, "subTeams": [], "teamColors": {"primary": "#52b030", "secondary": "#52b030", "text": "#ffffff"}}, "homeScore": {"current": 2, "display": 2, "period1": 4, "period2": 6, "period3": 10, "normaltime": 2}, "awayScore": {"current": 1, "display": 1, "period1": 6, "period2": 3, "period3": 6, "normaltime": 1}, "time": {"current": 6920, "period1": 3089, "period2": 3085, "period3": 746, "currentPeriodStartTimestamp": 1590834592}, "changes": {"changes": ["status.code", "status.description", "status.type", "homeScore.current", "homeScore.display", "homeScore.period3", "homeScore.normaltime", "awayScore.period3", "awayScore.normaltime"], "changeTimestamp": 1590834634}, "hasGlobalHighlights": false, "id": 8674852, "startTimestamp": 1590827400, "slug": "andonov-ivailo-kolev", "periods": {"point": "Game", "current": "Match", "period1": "1st set", "period2": "2nd set", "period3": "3rd set", "period4": "4th set", "period5": "5th set"}, "finalResultOnly": false}, {"tournament": {"name": "Liga Pro", "slug": "liga-pro", "category": {"name": "Other", "slug": "other", "sport": {"name": "Tennis", "slug": "tennis", "id": 5}, "id": 1555, "flag": "other"}, "uniqueTournament": {"name": "Liga Pro", "slug": "liga-pro", "category": {"name": "Other", "slug": "other", "sport": {"name": "Tennis", "slug": "tennis", "id": 5}, "id": 1555, "flag": "other"}, "userCount": 98, "id": 14770, "hasEventPlayerStatistics": false}, "id": 79016}, "customId": "qjOcsgkOc", "status": {"code": 100, "description": "Ended", "type": "finished"}, "winnerCode": 2, "homeTeam": {"name": "Boyanov D.", "slug": "boyanov-daniel", "shortName": "Boyanov D.", "userCount": 3, "nameCode": "BDA", "national": false, "type": 1, "id": 347966, "subTeams": [], "teamColors": {"primary": "#52b030", "secondary": "#52b030", "text": "#ffffff"}}, "awayTeam": {"name": "Mitev K.", "slug": "mitev-kristian", "shortName": "Mitev K.", "userCount": 22, "nameCode": "MKR", "national": false, "type": 1, "id": 348006, "subTeams": [], "teamColors": {"primary": "#52b030", "secondary": "#52b030", "text": "#ffffff"}}, "homeScore": {"current": 0, "display": 0, "period1": 2, "period2": 0, "normaltime": 0}, "awayScore": {"current": 2, "display": 2, "period1": 6, "period2": 6, "normaltime": 2}, "time": {"current": 3172, "period1": 1600, "period2": 1572, "currentPeriodStartTimestamp": 1590838281}, "changes": {"changes": ["status.code", "status.description", "status.type", "homeScore.normaltime", "awayScore.current", "awayScore.display", "awayScore.period2", "awayScore.normaltime"], "changeTimestamp": 1590838418}, "hasGlobalHighlights": false, "id": 8674853, "startTimestamp": 1590832800, "slug": "mitev-boyanov", "periods": {"point": "Game", "current": "Match", "period1": "1st set", "period2": "2nd set", "period3": "3rd set", "period4": "4th set", "period5": "5th set"}, "finalResultOnly": false}, {"tournament": {"name": "Liga Pro", "slug": "liga-pro", "category": {"name": "Other", "slug": "other", "sport": {"name": "Tennis", "slug": "tennis", "id": 5}, "id": 1555, "flag": "other"}, "uniqueTournament": {"name": "Liga Pro", "slug": "liga-pro", "category": {"name": "Other", "slug": "other", "sport": {"name": "Tennis", "slug": "tennis", "id": 5}, "id": 1555, "flag": "other"}, "userCount": 98, "id": 14770, "hasEventPlayerStatistics": false}, "id": 79016}, "customId": "GVQsbkOc", "status": {"code": 100, "description": "Ended", "type": "finished"}, "winnerCode": 2, "homeTeam": {"name": "Simov T.", "slug": "simov-tihomir", "shortName": "Simov T.", "gender": "M", "userCount": 8, "nameCode": "SIM", "national": false, "type": 1, "id": 104781, "subTeams": [], "teamColors": {"primary": "#52b030", "secondary": "#52b030", "text": "#ffffff"}}, "awayTeam": {"name": "Lyubomir S.", "slug": "lyubomir-shketrov", "shortName": "Lyubomir S.", "userCount": 18, "nameCode": "LSH", "national": false, "type": 1, "id": 348001, "subTeams": [], "teamColors": {"primary": "#52b030", "secondary": "#52b030", "text": "#ffffff"}}, "homeScore": {"current": 0, "display": 0, "period1": 2, "period2": 3, "normaltime": 0}, "awayScore": {"current": 2, "display": 2, "period1": 6, "period2": 6, "normaltime": 2}, "time": {"current": 5564, "period1": 2368, "period2": 3196, "currentPeriodStartTimestamp": 1590844687}, "changes": {"changes": ["status.code", "status.description", "status.type", "homeScore.normaltime", "awayScore.current", "awayScore.display", "awayScore.period2", "awayScore.normaltime"], "changeTimestamp": 1590844719}, "hasGlobalHighlights": false, "id": 8674854, "startTimestamp": 1590838200, "slug": "lyubomir-simov", "periods": {"point": "Game", "current": "Match", "period1": "1st set", "period2": "2nd set", "period3": "3rd set", "period4": "4th set", "period5": "5th set"}, "finalResultOnly": false}, {"tournament": {"name": "Liga Pro", "slug": "liga-pro", "category": {"name": "Other", "slug": "other", "sport": {"name": "Tennis", "slug": "tennis", "id": 5}, "id": 1555, "flag": "other"}, "uniqueTournament": {"name": "Liga Pro", "slug": "liga-pro", "category": {"name": "Other", "slug": "other", "sport": {"name": "Tennis", "slug": "tennis", "id": 5}, "id": 1555, "flag": "other"}, "userCount": 98, "id": 14770, "hasEventPlayerStatistics": false}, "id": 79016}, "customId": "ekOcspkOc", "status": {"code": 100, "description": "Ended", "type": "finished"}, "winnerCode": 2, "homeTeam": {"name": "Mladenov A.", "slug": "mladenov-adrian", "shortName": "Mladenov A.", "gender": "M", "userCount": 5, "nameCode": "MAD", "national": false, "type": 1, "id": 348015, "subTeams": [], "teamColors": {"primary": "#52b030", "secondary": "#52b030", "text": "#ffffff"}}, "awayTeam": {"name": "Mirchev Rumen", "slug": "mirchev-rumen", "shortName": "Mirchev Rumen", "userCount": 10, "nameCode": "MRU", "national": false, "type": 1, "id": 348004, "subTeams": [], "teamColors": {"primary": "#52b030", "secondary": "#52b030", "text": "#ffffff"}}, "homeScore": {"current": 0, "display": 0, "period1": 4, "period2": 3, "normaltime": 0}, "awayScore": {"current": 2, "display": 2, "period1": 6, "period2": 6, "normaltime": 2}, "time": {"current": 3780, "period1": 1652, "period2": 2128, "currentPeriodStartTimestamp": 1590849246}, "changes": {"changes": ["status.code", "status.description", "status.type", "homeScore.normaltime", "awayScore.current", "awayScore.display", "awayScore.period2", "awayScore.normaltime"], "changeTimestamp": 1590849399}, "hasGlobalHighlights": false, "id": 8674855, "startTimestamp": 1590843600, "slug": "mladenov-mirchev-rumen", "periods": {"point": "Game", "current": "Match", "period1": "1st set", "period2": "2nd set", "period3": "3rd set", "period4": "4th set", "period5": "5th set"}, "finalResultOnly": false}, {"tournament": {"name": "Liga Pro", "slug": "liga-pro", "category": {"name": "Other", "slug": "other", "sport": {"name": "Tennis", "slug": "tennis", "id": 5}, "id": 1555, "flag": "other"}, "uniqueTournament": {"name": "Liga Pro", "slug": "liga-pro", "category": {"name": "Other", "slug": "other", "sport": {"name": "Tennis", "slug": "tennis", "id": 5}, "id": 1555, "flag": "other"}, "userCount": 98, "id": 14770, "hasEventPlayerStatistics": false}, "id": 79016}, "customId": "wVacsYjOc", "status": {"code": 100, "description": "Ended", "type": "finished"}, "winnerCode": 2, "homeTeam": {"name": "Yordanov Y.", "slug": "yordanov-yordan", "shortName": "Yordanov Y.", "userCount": 11, "nameCode": "YOR", "national": false, "type": 1, "id": 252271, "subTeams": [], "teamColors": {"primary": "#52b030", "secondary": "#52b030", "text": "#ffffff"}}, "awayTeam": {"name": "Sevov Rumen", "slug": "sevov-rumen", "shortName": "Sevov Rumen", "userCount": 14, "nameCode": "SRU", "national": false, "type": 1, "id": 347998, "subTeams": [], "teamColors": {"primary": "#52b030", "secondary": "#52b030", "text": "#ffffff"}}, "homeScore": {"current": 1, "display": 1, "period1": 4, "period2": 7, "period3": 5, "normaltime": 1}, "awayScore": {"current": 2, "display": 2, "period1": 6, "period2": 6, "period3": 10, "normaltime": 2}, "time": {"current": 7680, "period1": 2211, "period2": 4264, "period3": 1205, "currentPeriodStartTimestamp": 1590857731}, "changes": {"changes": ["status.code", "status.description", "status.type", "homeScore.period3", "homeScore.normaltime", "awayScore.current", "awayScore.display", "awayScore.period3", "awayScore.normaltime"], "changeTimestamp": 1590857852}, "hasGlobalHighlights": false, "id": 8674856, "startTimestamp": 1590849000, "slug": "sevov-rumen-yordanov", "periods": {"point": "Game", "current": "Match", "period1": "1st set", "period2": "2nd set", "period3": "3rd set", "period4": "4th set", "period5": "5th set"}, "finalResultOnly": false}, {"tournament": {"name": "Liga Pro", "slug": "liga-pro", "category": {"name": "Other", "slug": "other", "sport": {"name": "Tennis", "slug": "tennis", "id": 5}, "id": 1555, "flag": "other"}, "uniqueTournament": {"name": "Liga Pro", "slug": "liga-pro", "category": {"name": "Other", "slug": "other", "sport": {"name": "Tennis", "slug": "tennis", "id": 5}, "id": 1555, "flag": "other"}, "userCount": 98, "id": 14770, "hasEventPlayerStatistics": false}, "id": 79016}, "customId": "pjOcsdkOc", "status": {"code": 100, "description": "Ended", "type": "finished"}, "winnerCode": 1, "homeTeam": {"name": "Bonev Mitko", "slug": "bonev-mitko", "shortName": "Bonev Mitko", "userCount": 4, "nameCode": "BMI", "national": false, "type": 1, "id": 348003, "subTeams": [], "teamColors": {"primary": "#52b030", "secondary": "#52b030", "text": "#ffffff"}}, "awayTeam": {"name": "Tanev I.", "slug": "tanev-ivan", "shortName": "Tanev I.", "userCount": 7, "nameCode": "TIV", "national": false, "type": 1, "id": 347965, "subTeams": [], "teamColors": {"primary": "#52b030", "secondary": "#52b030", "text": "#ffffff"}}, "homeScore": {"current": 2, "display": 2, "period1": 6, "period2": 6, "normaltime": 2}, "awayScore": {"current": 0, "display": 0, "period1": 3, "period2": 3, "normaltime": 0}, "time": {"current": 4848, "period1": 2115, "period2": 2733, "currentPeriodStartTimestamp": 1590913587}, "changes": {"changes": ["status.code", "status.description", "status.type", "homeScore.current", "homeScore.display", "homeScore.period2", "homeScore.normaltime", "awayScore.normaltime"], "changeTimestamp": 1590913655}, "hasGlobalHighlights": false, "id": 8675977, "startTimestamp": 1590908400, "slug": "bonev-mitko-tanev", "periods": {"point": "Game", "current": "Match", "period1": "1st set", "period2": "2nd set", "period3": "3rd set", "period4": "4th set", "period5": "5th set"}, "finalResultOnly": false}, {"tournament": {"name": "Liga Pro", "slug": "liga-pro", "category": {"name": "Other", "slug": "other", "sport": {"name": "Tennis", "slug": "tennis", "id": 5}, "id": 1555, "flag": "other"}, "uniqueTournament": {"name": "Liga Pro", "slug": "liga-pro", "category": {"name": "Other", "slug": "other", "sport": {"name": "Tennis", "slug": "tennis", "id": 5}, "id": 1555, "flag": "other"}, "userCount": 98, "id": 14770, "hasEventPlayerStatistics": false}, "id": 79016}, "customId": "gkOcsOlOc", "status": {"code": 100, "description": "Ended", "type": "finished"}, "winnerCode": 2, "homeTeam": {"name": "Zgurov P.", "slug": "zgurov-philip", "shortName": "Zgurov P.", "userCount": 9, "nameCode": "ZPH", "national": false, "type": 1, "id": 348089, "subTeams": [], "teamColors": {"primary": "#52b030", "secondary": "#52b030", "text": "#ffffff"}}, "awayTeam": {"name": "Mitev K.", "slug": "mitev-kristian", "shortName": "Mitev K.", "userCount": 22, "nameCode": "MKR", "national": false, "type": 1, "id": 348006, "subTeams": [], "teamColors": {"primary": "#52b030", "secondary": "#52b030", "text": "#ffffff"}}, "homeScore": {"current": 0, "display": 0, "period1": 1, "period2": 1, "normaltime": 0}, "awayScore": {"current": 2, "display": 2, "period1": 6, "period2": 6, "normaltime": 2}, "time": {"current": 3252, "period1": 1540, "period2": 1712, "currentPeriodStartTimestamp": 1590917601}, "changes": {"changes": ["status.code", "status.description", "status.type", "homeScore.normaltime", "awayScore.current", "awayScore.display", "awayScore.period2", "awayScore.normaltime"], "changeTimestamp": 1590917612}, "hasGlobalHighlights": false, "id": 8675980, "startTimestamp": 1590913800, "slug": "zgurov-mitev", "periods": {"point": "Game", "current": "Match", "period1": "1st set", "period2": "2nd set", "period3": "3rd set", "period4": "4th set", "period5": "5th set"}, "finalResultOnly": false}, {"tournament": {"name": "Liga Pro", "slug": "liga-pro", "category": {"name": "Other", "slug": "other", "sport": {"name": "Tennis", "slug": "tennis", "id": 5}, "id": 1555, "flag": "other"}, "uniqueTournament": {"name": "Liga Pro", "slug": "liga-pro", "category": {"name": "Other", "slug": "other", "sport": {"name": "Tennis", "slug": "tennis", "id": 5}, "id": 1555, "flag": "other"}, "userCount": 98, "id": 14770, "hasEventPlayerStatistics": false}, "id": 79016}, "customId": "GVQsfkOc", "status": {"code": 100, "description": "Ended", "type": "finished"}, "winnerCode": 2, "homeTeam": {"name": "Slavov Gergi", "slug": "slavov-gergi", "shortName": "Slavov Gergi", "userCount": 8, "nameCode": "SGE", "national": false, "type": 1, "id": 348005, "subTeams": [], "teamColors": {"primary": "#52b030", "secondary": "#52b030", "text": "#ffffff"}}, "awayTeam": {"name": "Simov T.", "slug": "simov-tihomir", "shortName": "Simov T.", "gender": "M", "userCount": 8, "nameCode": "SIM", "national": false, "type": 1, "id": 104781, "subTeams": [], "teamColors": {"primary": "#52b030", "secondary": "#52b030", "text": "#ffffff"}}, "homeScore": {"current": 0, "display": 0, "period1": 1, "period2": 3, "normaltime": 0}, "awayScore": {"current": 2, "display": 2, "period1": 6, "period2": 6, "normaltime": 2}, "time": {"current": 5279, "period1": 1406, "period2": 3873, "currentPeriodStartTimestamp": 1590924521}, "changes": {"changes": ["status.code", "status.description", "status.type", "homeScore.normaltime", "awayScore.current", "awayScore.display", "awayScore.period2", "awayScore.normaltime"], "changeTimestamp": 1590924636}, "hasGlobalHighlights": false, "id": 8675981, "startTimestamp": 1590919200, "slug": "slavov-gergi-simov", "periods": {"point": "Game", "current": "Match", "period1": "1st set", "period2": "2nd set", "period3": "3rd set", "period4": "4th set", "period5": "5th set"}, "finalResultOnly": false}, {"tournament": {"name": "Liga Pro", "slug": "liga-pro", "category": {"name": "Other", "slug": "other", "sport": {"name": "Tennis", "slug": "tennis", "id": 5}, "id": 1555, "flag": "other"}, "uniqueTournament": {"name": "Liga Pro", "slug": "liga-pro", "category": {"name": "Other", "slug": "other", "sport": {"name": "Tennis", "slug": "tennis", "id": 5}, "id": 1555, "flag": "other"}, "userCount": 98, "id": 14770, "hasEventPlayerStatistics": false}, "id": 79016}, "customId": "qjOcsckOc", "status": {"code": 100, "description": "Ended", "type": "finished"}, "winnerCode": 2, "homeTeam": {"name": "Andonov Ivailo", "slug": "andonov-ivailo", "shortName": "Andonov Ivailo", "userCount": 2, "nameCode": "AIV", "national": false, "type": 1, "id": 348002, "subTeams": [], "teamColors": {"primary": "#52b030", "secondary": "#52b030", "text": "#ffffff"}}, "awayTeam": {"name": "Boyanov D.", "slug": "boyanov-daniel", "shortName": "Boyanov D.", "userCount": 3, "nameCode": "BDA", "national": false, "type": 1, "id": 347966, "subTeams": [], "teamColors": {"primary": "#52b030", "secondary": "#52b030", "text": "#ffffff"}}, "homeScore": {"current": 1, "display": 1, "period1": 6, "period2": 4, "period3": 4, "normaltime": 1}, "awayScore": {"current": 2, "display": 2, "period1": 2, "period2": 6, "period3": 10, "normaltime": 2}, "time": {"current": 4363, "period1": 1624, "period2": 2224, "period3": 515, "currentPeriodStartTimestamp": 1590930163}, "changes": {"changes": ["status.code", "status.description", "status.type", "homeScore.period3", "homeScore.normaltime", "awayScore.current", "awayScore.display", "awayScore.period3", "awayScore.normaltime"], "changeTimestamp": 1590930215}, "hasGlobalHighlights": false, "id": 8675982, "startTimestamp": 1590924600, "slug": "andonov-ivailo-boyanov", "periods": {"point": "Game", "current": "Match", "period1": "1st set", "period2": "2nd set", "period3": "3rd set", "period4": "4th set", "period5": "5th set"}, "finalResultOnly": false}, {"tournament": {"name": "Liga Pro", "slug": "liga-pro", "category": {"name": "Other", "slug": "other", "sport": {"name": "Tennis", "slug": "tennis", "id": 5}, "id": 1555, "flag": "other"}, "uniqueTournament": {"name": "Liga Pro", "slug": "liga-pro", "category": {"name": "Other", "slug": "other", "sport": {"name": "Tennis", "slug": "tennis", "id": 5}, "id": 1555, "flag": "other"}, "userCount": 98, "id": 14770, "hasEventPlayerStatistics": false}, "id": 79016}, "customId": "ojOcsakOc", "status": {"code": 100, "description": "Ended", "type": "finished"}, "winnerCode": 1, "homeTeam": {"name": "Kolev M.", "slug": "kolev-martin", "shortName": "Kolev M.", "userCount": 2, "nameCode": "KMA", "national": false, "type": 1, "id": 347964, "subTeams": [], "teamColors": {"primary": "#52b030", "secondary": "#52b030", "text": "#ffffff"}}, "awayTeam": {"name": "Manolov Stanislav", "slug": "manolov-stanislav", "shortName": "Manolov Stanislav", "userCount": 8, "nameCode": "MST", "national": false, "type": 1, "id": 348000, "subTeams": [], "teamColors": {"primary": "#52b030", "secondary": "#52b030", "text": "#ffffff"}}, "homeScore": {"current": 2, "display": 2, "period1": 7, "period2": 6, "normaltime": 2}, "awayScore": {"current": 0, "display": 0, "period1": 5, "period2": 4, "normaltime": 0}, "time": {"current": 4579, "period1": 2391, "period2": 2188, "currentPeriodStartTimestamp": 1590936185}, "changes": {"changes": ["status.code", "status.description", "status.type", "homeScore.current", "homeScore.display", "homeScore.period2", "homeScore.normaltime", "awayScore.normaltime"], "changeTimestamp": 1590936333}, "hasGlobalHighlights": false, "id": 8675983, "startTimestamp": 1590930000, "slug": "manolov-stanislav-kolev", "periods": {"point": "Game", "current": "Match", "period1": "1st set", "period2": "2nd set", "period3": "3rd set", "period4": "4th set", "period5": "5th set"}, "finalResultOnly": false}, {"tournament": {"name": "Liga Pro", "slug": "liga-pro", "category": {"name": "Other", "slug": "other", "sport": {"name": "Tennis", "slug": "tennis", "id": 5}, "id": 1555, "flag": "other"}, "uniqueTournament": {"name": "Liga Pro", "slug": "liga-pro", "category": {"name": "Other", "slug": "other", "sport": {"name": "Tennis", "slug": "tennis", "id": 5}, "id": 1555, "flag": "other"}, "userCount": 98, "id": 14770, "hasEventPlayerStatistics": false}, "id": 79016}, "customId": "BkOcsQlOc", "status": {"code": 100, "description": "Ended", "type": "finished"}, "winnerCode": 2, "homeTeam": {"name": "Dimov D.", "slug": "dimov-deyan", "shortName": "Dimov D.", "userCount": 2, "nameCode": "DDE", "national": false, "type": 1, "id": 348091, "subTeams": [], "teamColors": {"primary": "#52b030", "secondary": "#52b030", "text": "#ffffff"}}, "awayTeam": {"name": "Tanev B.", "slug": "tanev-boncho", "shortName": "Tanev B.", "userCount": 10, "nameCode": "TBO", "national": false, "type": 1, "id": 348026, "subTeams": [], "teamColors": {"primary": "#52b030", "secondary": "#52b030", "text": "#ffffff"}}, "homeScore": {"current": 0, "display": 0, "period1": 3, "period2": 2, "normaltime": 0}, "awayScore": {"current": 2, "display": 2, "period1": 6, "period2": 6, "normaltime": 2}, "time": {"current": 3622, "period1": 1849, "period2": 1773, "currentPeriodStartTimestamp": 1590941548}, "changes": {"changes": ["status.code", "status.description", "status.type", "homeScore.normaltime", "awayScore.current", "awayScore.display", "awayScore.period2", "awayScore.normaltime"], "changeTimestamp": 1590941554}, "hasGlobalHighlights": false, "id": 8675984, "startTimestamp": 1590935400, "slug": "dimov-tanev", "periods": {"point": "Game", "current": "Match", "period1": "1st set", "period2": "2nd set", "period3": "3rd set", "period4": "4th set", "period5": "5th set"}, "finalResultOnly": false}, {"tournament": {"name": "Liga Pro", "slug": "liga-pro", "category": {"name": "Other", "slug": "other", "sport": {"name": "Tennis", "slug": "tennis", "id": 5}, "id": 1555, "flag": "other"}, "uniqueTournament": {"name": "Liga Pro", "slug": "liga-pro", "category": {"name": "Other", "slug": "other", "sport": {"name": "Tennis", "slug": "tennis", "id": 5}, "id": 1555, "flag": "other"}, "userCount": 98, "id": 14770, "hasEventPlayerStatistics": false}, "id": 79016}, "customId": "CkOcsQlOc", "status": {"code": 100, "description": "Ended", "type": "finished"}, "winnerCode": 1, "homeTeam": {"name": "Apostolov V.", "slug": "apostolov-veselin", "shortName": "Apostolov V.", "userCount": 12, "nameCode": "AVE", "national": false, "type": 1, "id": 348027, "subTeams": [], "teamColors": {"primary": "#52b030", "secondary": "#52b030", "text": "#ffffff"}}, "awayTeam": {"name": "Dimov D.", "slug": "dimov-deyan", "shortName": "Dimov D.", "userCount": 2, "nameCode": "DDE", "national": false, "type": 1, "id": 348091, "subTeams": [], "teamColors": {"primary": "#52b030", "secondary": "#52b030", "text": "#ffffff"}}, "homeScore": {"current": 2, "display": 2, "period1": 6, "period2": 6, "normaltime": 2}, "awayScore": {"current": 0, "display": 0, "period1": 3, "period2": 4, "normaltime": 0}, "time": {"current": 5118, "period1": 2527, "period2": 2591, "currentPeriodStartTimestamp": 1590999769}, "changes": {"changes": ["status.code", "status.description", "status.type", "homeScore.current", "homeScore.display", "homeScore.period2", "homeScore.normaltime", "awayScore.normaltime"], "changeTimestamp": 1590999872}, "hasGlobalHighlights": false, "id": 8677970, "startTimestamp": 1590994800, "slug": "dimov-apostolov", "periods": {"point": "Game", "current": "Match", "period1": "1st set", "period2": "2nd set", "period3": "3rd set", "period4": "4th set", "period5": "5th set"}, "finalResultOnly": false}, {"tournament": {"name": "Liga Pro", "slug": "liga-pro", "category": {"name": "Other", "slug": "other", "sport": {"name": "Tennis", "slug": "tennis", "id": 5}, "id": 1555, "flag": "other"}, "uniqueTournament": {"name": "Liga Pro", "slug": "liga-pro", "category": {"name": "Other", "slug": "other", "sport": {"name": "Tennis", "slug": "tennis", "id": 5}, "id": 1555, "flag": "other"}, "userCount": 98, "id": 14770, "hasEventPlayerStatistics": false}, "id": 79016}, "customId": "YjOcsekOc", "status": {"code": 100, "description": "Ended", "type": "finished"}, "winnerCode": 2, "homeTeam": {"name": "Mirchev Rumen", "slug": "mirchev-rumen", "shortName": "Mirchev Rumen", "userCount": 10, "nameCode": "MRU", "national": false, "type": 1, "id": 348004, "subTeams": [], "teamColors": {"primary": "#52b030", "secondary": "#52b030", "text": "#ffffff"}}, "awayTeam": {"name": "Sevov Rumen", "slug": "sevov-rumen", "shortName": "Sevov Rumen", "userCount": 14, "nameCode": "SRU", "national": false, "type": 1, "id": 347998, "subTeams": [], "teamColors": {"primary": "#52b030", "secondary": "#52b030", "text": "#ffffff"}}, "homeScore": {"current": 0, "display": 0, "period1": 2, "period2": 4, "normaltime": 0}, "awayScore": {"current": 2, "display": 2, "period1": 6, "period2": 6, "normaltime": 2}, "time": {"current": 4302, "period1": 1666, "period2": 2636, "currentPeriodStartTimestamp": 1591005051}, "changes": {"changes": ["status.code", "status.description", "status.type", "homeScore.normaltime", "awayScore.current", "awayScore.display", "awayScore.period2", "awayScore.normaltime"], "changeTimestamp": 1591005090}, "hasGlobalHighlights": false, "id": 8677972, "startTimestamp": 1591000200, "slug": "mirchev-rumen-sevov-rumen", "periods": {"point": "Game", "current": "Match", "period1": "1st set", "period2": "2nd set", "period3": "3rd set", "period4": "4th set", "period5": "5th set"}, "finalResultOnly": false}, {"tournament": {"name": "Liga Pro", "slug": "liga-pro", "category": {"name": "Other", "slug": "other", "sport": {"name": "Tennis", "slug": "tennis", "id": 5}, "id": 1555, "flag": "other"}, "uniqueTournament": {"name": "Liga Pro", "slug": "liga-pro", "category": {"name": "Other", "slug": "other", "sport": {"name": "Tennis", "slug": "tennis", "id": 5}, "id": 1555, "flag": "other"}, "userCount": 98, "id": 14770, "hasEventPlayerStatistics": false}, "id": 79016}, "customId": "apOcsbpOc", "status": {"code": 100, "description": "Ended", "type": "finished"}, "winnerCode": 1, "homeTeam": {"name": "Baichev B.", "slug": "baichev-boyko", "shortName": "Baichev B.", "userCount": 1, "nameCode": "BBO", "national": false, "type": 1, "id": 348250, "subTeams": [], "teamColors": {"primary": "#52b030", "secondary": "#52b030", "text": "#ffffff"}}, "awayTeam": {"name": "Gavrilov P.", "slug": "gavrilov-peter", "shortName": "Gavrilov P.", "userCount": 3, "nameCode": "GPE", "national": false, "type": 1, "id": 348251, "subTeams": [], "teamColors": {"primary": "#52b030", "secondary": "#52b030", "text": "#ffffff"}}, "homeScore": {"current": 2, "display": 2, "period1": 4, "period2": 6, "period3": 11, "normaltime": 2}, "awayScore": {"current": 1, "display": 1, "period1": 6, "period2": 4, "period3": 9, "normaltime": 1}, "time": {"current": 6415, "period1": 3011, "period2": 2432, "period3": 972, "currentPeriodStartTimestamp": 1591012202}, "changes": {"changes": ["status.code", "status.description", "status.type", "homeScore.current", "homeScore.display", "homeScore.period3", "homeScore.normaltime", "awayScore.period3", "awayScore.normaltime"], "changeTimestamp": 1591012291}, "hasGlobalHighlights": false, "id": 8677984, "startTimestamp": 1591005600, "slug": "gavrilov-baichev", "periods": {"point": "Game", "current": "Match", "period1": "1st set", "period2": "2nd set", "period3": "3rd set", "period4": "4th set", "period5": "5th set"}, "finalResultOnly": false}, {"tournament": {"name": "Liga Pro", "slug": "liga-pro", "category": {"name": "Other", "slug": "other", "sport": {"name": "Tennis", "slug": "tennis", "id": 5}, "id": 1555, "flag": "other"}, "uniqueTournament": {"name": "Liga Pro", "slug": "liga-pro", "category": {"name": "Other", "slug": "other", "sport": {"name": "Tennis", "slug": "tennis", "id": 5}, "id": 1555, "flag": "other"}, "userCount": 98, "id": 14770, "hasEventPlayerStatistics": false}, "id": 79016}, "customId": "qjOcsbkOc", "status": {"code": 70, "description": "Canceled", "type": "canceled"}, "winnerCode": 0, "homeTeam": {"name": "Boyanov D.", "slug": "boyanov-daniel", "shortName": "Boyanov D.", "userCount": 3, "nameCode": "BDA", "national": false, "type": 1, "id": 347966, "subTeams": [], "teamColors": {"primary": "#52b030", "secondary": "#52b030", "text": "#ffffff"}}, "awayTeam": {"name": "Lyubomir S.", "slug": "lyubomir-shketrov", "shortName": "Lyubomir S.", "userCount": 18, "nameCode": "LSH", "national": false, "type": 1, "id": 348001, "subTeams": [], "teamColors": {"primary": "#52b030", "secondary": "#52b030", "text": "#ffffff"}}, "homeScore": {}, "awayScore": {}, "time": {"currentPeriodStartTimestamp": 1590998859}, "changes": {"changes": ["status.code", "status.description", "status.type"], "changeTimestamp": 1590998971}, "hasGlobalHighlights": false, "id": 8678047, "startTimestamp": 1591005600, "slug": "lyubomir-boyanov", "periods": {"point": "Game", "current": "Match", "period1": "1st set", "period2": "2nd set", "period3": "3rd set", "period4": "4th set", "period5": "5th set"}, "finalResultOnly": false}, {"tournament": {"name": "Liga Pro", "slug": "liga-pro", "category": {"name": "Other", "slug": "other", "sport": {"name": "Tennis", "slug": "tennis", "id": 5}, "id": 1555, "flag": "other"}, "uniqueTournament": {"name": "Liga Pro", "slug": "liga-pro", "category": {"name": "Other", "slug": "other", "sport": {"name": "Tennis", "slug": "tennis", "id": 5}, "id": 1555, "flag": "other"}, "userCount": 98, "id": 14770, "hasEventPlayerStatistics": false}, "id": 79016}, "customId": "fkOcscpOc", "status": {"code": 100, "description": "Ended", "type": "finished"}, "winnerCode": 1, "homeTeam": {"name": "Slavov Gergi", "slug": "slavov-gergi", "shortName": "Slavov Gergi", "userCount": 8, "nameCode": "SGE", "national": false, "type": 1, "id": 348005, "subTeams": [], "teamColors": {"primary": "#52b030", "secondary": "#52b030", "text": "#ffffff"}}, "awayTeam": {"name": "Zhelev P.", "slug": "zhelev-plamen", "shortName": "Zhelev P.", "userCount": 7, "nameCode": "ZPL", "national": false, "type": 1, "id": 348252, "subTeams": [], "teamColors": {"primary": "#52b030", "secondary": "#52b030", "text": "#ffffff"}}, "homeScore": {"current": 2, "display": 2, "period1": 7, "period2": 7, "normaltime": 2}, "awayScore": {"current": 0, "display": 0, "period1": 6, "period2": 6, "normaltime": 0}, "time": {"current": 5615, "period1": 2593, "period2": 3022, "currentPeriodStartTimestamp": 1591018687}, "changes": {"changes": ["status.code", "status.description", "status.type", "homeScore.current", "homeScore.display", "homeScore.period2", "homeScore.normaltime", "awayScore.normaltime"], "changeTimestamp": 1591018771}, "hasGlobalHighlights": false, "id": 8677987, "startTimestamp": 1591011000, "slug": "zhelev-slavov-gergi", "periods": {"point": "Game", "current": "Match", "period1": "1st set", "period2": "2nd set", "period3": "3rd set", "period4": "4th set", "period5": "5th set"}, "finalResultOnly": false}], "hasNextPage": true}