{"events": [{"tournament": {"name": "Liga Pro", "slug": "liga-pro", "category": {"name": "Other", "slug": "other", "sport": {"name": "Tennis", "slug": "tennis", "id": 5}, "id": 1555, "flag": "other"}, "uniqueTournament": {"name": "Liga Pro", "slug": "liga-pro", "category": {"name": "Other", "slug": "other", "sport": {"name": "Tennis", "slug": "tennis", "id": 5}, "id": 1555, "flag": "other"}, "userCount": 98, "id": 14770, "hasEventPlayerStatistics": false}, "id": 79016}, "customId": "EhNcsXJNc", "status": {"code": 100, "description": "Ended", "type": "finished"}, "winnerCode": 2, "homeTeam": {"name": "Pripetepy A.", "slug": "pripetepy-alexey", "shortName": "Pripetepy A.", "userCount": 2, "nameCode": "PAL", "national": false, "type": 1, "id": 346747, "subTeams": [], "teamColors": {"primary": "#52b030", "secondary": "#52b030", "text": "#ffffff"}}, "awayTeam": {"name": "Krivalchevich A.", "slug": "krivalchevich-aleksandr", "shortName": "Krivalchevich A.", "userCount": 17, "nameCode": "KAL", "national": false, "type": 1, "id": 345379, "subTeams": [], "teamColors": {"primary": "#52b030", "secondary": "#52b030", "text": "#ffffff"}}, "homeScore": {"current": 0, "display": 0, "period1": 1, "period2": 3, "normaltime": 0}, "awayScore": {"current": 2, "display": 2, "period1": 6, "period2": 6, "normaltime": 2}, "time": {"current": 3893, "period1": 1670, "period2": 2223, "currentPeriodStartTimestamp": 1590326093}, "changes": {"changes": ["status.code", "status.description", "status.type", "homeScore.normaltime", "awayScore.current", "awayScore.display", "awayScore.period2", "awayScore.normaltime"], "changeTimestamp": 1590326165}, "hasGlobalHighlights": false, "id": 8667375, "startTimestamp": 1590319800, "slug": "pripetepy-krivalchevich", "periods": {"point": "Game", "current": "Match", "period1": "1st set", "period2": "2nd set", "period3": "3rd set", "period4": "4th set", "period5": "5th set"}, "finalResultOnly": false}, {"tournament": {"name": "Liga Pro", "slug": "liga-pro", "category": {"name": "Other", "slug": "other", "sport": {"name": "Tennis", "slug": "tennis", "id": 5}, "id": 1555, "flag": "other"}, "uniqueTournament": {"name": "Liga Pro", "slug": "liga-pro", "category": {"name": "Other", "slug": "other", "sport": {"name": "Tennis", "slug": "tennis", "id": 5}, "id": 1555, "flag": "other"}, "userCount": 98, "id": 14770, "hasEventPlayerStatistics": false}, "id": 79016}, "customId": "UmNcshvNc", "status": {"code": 100, "description": "Ended", "type": "finished"}, "winnerCode": 1, "homeTeam": {"name": "Belov A.", "slug": "belov-aleksandr", "shortName": "Belov A.", "userCount": 19, "nameCode": "BAL", "national": false, "type": 1, "id": 346007, "subTeams": [], "teamColors": {"primary": "#52b030", "secondary": "#52b030", "text": "#ffffff"}}, "awayTeam": {"name": "Zhishkevich A.", "slug": "zhishkevich-andrey", "shortName": "Zhishkevich A.", "userCount": 12, "nameCode": "ZAN", "national": false, "type": 1, "id": 345644, "subTeams": [], "teamColors": {"primary": "#52b030", "secondary": "#52b030", "text": "#ffffff"}}, "homeScore": {"current": 2, "display": 2, "period1": 6, "period2": 6, "normaltime": 2}, "awayScore": {"current": 0, "display": 0, "period1": 3, "period2": 4, "normaltime": 0}, "time": {"current": 3462, "period1": 1416, "period2": 2046, "currentPeriodStartTimestamp": 1590330226}, "changes": {"changes": ["status.code", "status.description", "status.type", "homeScore.current", "homeScore.display", "homeScore.period2", "homeScore.normaltime", "awayScore.normaltime"], "changeTimestamp": 1590330308}, "hasGlobalHighlights": false, "id": 8667376, "startTimestamp": 1590323400, "slug": "belov-zhishkevich", "periods": {"point": "Game", "current": "Match", "period1": "1st set", "period2": "2nd set", "period3": "3rd set", "period4": "4th set", "period5": "5th set"}, "finalResultOnly": false}, {"tournament": {"name": "Liga Pro", "slug": "liga-pro", "category": {"name": "Other", "slug": "other", "sport": {"name": "Tennis", "slug": "tennis", "id": 5}, "id": 1555, "flag": "other"}, "uniqueTournament": {"name": "Liga Pro", "slug": "liga-pro", "category": {"name": "Other", "slug": "other", "sport": {"name": "Tennis", "slug": "tennis", "id": 5}, "id": 1555, "flag": "other"}, "userCount": 98, "id": 14770, "hasEventPlayerStatistics": false}, "id": 79016}, "customId": "oCNcsEMNc", "status": {"code": 100, "description": "Ended", "type": "finished"}, "winnerCode": 2, "homeTeam": {"name": "Zatolgutsky S.", "slug": "zatolgutsky-sergey", "shortName": "Zatolgutsky S.", "userCount": 10, "nameCode": "ZSE", "national": false, "type": 1, "id": 346879, "subTeams": [], "teamColors": {"primary": "#52b030", "secondary": "#52b030", "text": "#ffffff"}}, "awayTeam": {"name": "Molcan K.", "slug": "molcan-konstantin", "shortName": "Molcan K.", "gender": "M", "userCount": 10, "nameCode": "MKO", "national": false, "type": 1, "id": 346364, "subTeams": [], "teamColors": {"primary": "#52b030", "secondary": "#52b030", "text": "#ffffff"}}, "homeScore": {"current": 1, "display": 1, "period1": 6, "period2": 2, "period3": 9, "normaltime": 1}, "awayScore": {"current": 2, "display": 2, "period1": 2, "period2": 6, "period3": 11, "normaltime": 2}, "time": {"current": 6018, "period1": 2031, "period2": 2438, "period3": 1549, "currentPeriodStartTimestamp": 1590337111}, "changes": {"changes": ["status.code", "status.description", "status.type", "homeScore.period3", "homeScore.normaltime", "awayScore.current", "awayScore.display", "awayScore.period3", "awayScore.normaltime"], "changeTimestamp": 1590337147}, "hasGlobalHighlights": false, "id": 8667377, "startTimestamp": 1590328800, "slug": "zatolgutsky-molcan", "periods": {"point": "Game", "current": "Match", "period1": "1st set", "period2": "2nd set", "period3": "3rd set", "period4": "4th set", "period5": "5th set"}, "finalResultOnly": false}, {"tournament": {"name": "Liga Pro", "slug": "liga-pro", "category": {"name": "Other", "slug": "other", "sport": {"name": "Tennis", "slug": "tennis", "id": 5}, "id": 1555, "flag": "other"}, "uniqueTournament": {"name": "Liga Pro", "slug": "liga-pro", "category": {"name": "Other", "slug": "other", "sport": {"name": "Tennis", "slug": "tennis", "id": 5}, "id": 1555, "flag": "other"}, "userCount": 98, "id": 14770, "hasEventPlayerStatistics": false}, "id": 79016}, "customId": "ClNcsgPNc", "status": {"code": 100, "description": "Ended", "type": "finished"}, "winnerCode": 1, "homeTeam": {"name": "Andryushchenko V.", "slug": "andryushchenko-vyacheslav", "shortName": "Andryushchenko V.", "gender": "M", "userCount": 35, "nameCode": "AVY", "disabled": false, "national": false, "type": 1, "id": 345577, "subTeams": [], "teamColors": {"primary": "#52b030", "secondary": "#52b030", "text": "#ffffff"}}, "awayTeam": {"name": "Demyan G.", "slug": "demyan-gursky", "shortName": "Demyan G.", "userCount": 4, "nameCode": "DGU", "national": false, "type": 1, "id": 347006, "subTeams": [], "teamColors": {"primary": "#52b030", "secondary": "#52b030", "text": "#ffffff"}}, "homeScore": {"current": 2, "display": 2, "period1": 6, "period2": 7, "normaltime": 2}, "awayScore": {"current": 0, "display": 0, "period1": 1, "period2": 5, "normaltime": 0}, "time": {"current": 4125, "period1": 1497, "period2": 2628, "currentPeriodStartTimestamp": 1590342265}, "changes": {"changes": ["status.code", "status.description", "status.type", "homeScore.current", "homeScore.display", "homeScore.period2", "homeScore.normaltime", "awayScore.normaltime"], "changeTimestamp": 1590342363}, "hasGlobalHighlights": false, "id": 8667378, "startTimestamp": 1590334200, "slug": "demyan-andryushchenko", "periods": {"point": "Game", "current": "Match", "period1": "1st set", "period2": "2nd set", "period3": "3rd set", "period4": "4th set", "period5": "5th set"}, "finalResultOnly": false}, {"tournament": {"name": "Liga Pro", "slug": "liga-pro", "category": {"name": "Other", "slug": "other", "sport": {"name": "Tennis", "slug": "tennis", "id": 5}, "id": 1555, "flag": "other"}, "uniqueTournament": {"name": "Liga Pro", "slug": "liga-pro", "category": {"name": "Other", "slug": "other", "sport": {"name": "Tennis", "slug": "tennis", "id": 5}, "id": 1555, "flag": "other"}, "userCount": 98, "id": 14770, "hasEventPlayerStatistics": false}, "id": 79016}, "customId": "OiNcsznNc", "status": {"code": 100, "description": "Ended", "type": "finished"}, "winnerCode": 1, "homeTeam": {"name": "Strebkov N.", "slug": "strebkov-nikita", "shortName": "Strebkov N.", "userCount": 13, "nameCode": "SNI", "national": false, "type": 1, "id": 345439, "subTeams": [], "teamColors": {"primary": "#52b030", "secondary": "#52b030", "text": "#ffffff"}}, "awayTeam": {"name": "Zhudro D.", "slug": "zhudro-dmitriy", "shortName": "Zhudro D.", "userCount": 11, "nameCode": "ZDM", "national": false, "type": 1, "id": 345674, "subTeams": [], "teamColors": {"primary": "#52b030", "secondary": "#52b030", "text": "#ffffff"}}, "homeScore": {"current": 2, "display": 2, "period1": 7, "period2": 4, "period3": 10, "normaltime": 2}, "awayScore": {"current": 1, "display": 1, "period1": 5, "period2": 6, "period3": 8, "normaltime": 1}, "time": {"current": 8069, "period1": 3855, "period2": 3179, "period3": 1035, "currentPeriodStartTimestamp": 1590351077}, "changes": {"changes": ["status.code", "status.description", "status.type", "homeScore.current", "homeScore.display", "homeScore.period3", "homeScore.normaltime", "awayScore.period3", "awayScore.normaltime"], "changeTimestamp": 1590351186}, "hasGlobalHighlights": false, "id": 8667391, "startTimestamp": 1590339600, "slug": "zhudro-strebkov", "periods": {"point": "Game", "current": "Match", "period1": "1st set", "period2": "2nd set", "period3": "3rd set", "period4": "4th set", "period5": "5th set"}, "finalResultOnly": false}, {"tournament": {"name": "Liga Pro", "slug": "liga-pro", "category": {"name": "Other", "slug": "other", "sport": {"name": "Tennis", "slug": "tennis", "id": 5}, "id": 1555, "flag": "other"}, "uniqueTournament": {"name": "Liga Pro", "slug": "liga-pro", "category": {"name": "Other", "slug": "other", "sport": {"name": "Tennis", "slug": "tennis", "id": 5}, "id": 1555, "flag": "other"}, "userCount": 98, "id": 14770, "hasEventPlayerStatistics": false}, "id": 79016}, "customId": "MiNcsCuNc", "status": {"code": 100, "description": "Ended", "type": "finished"}, "winnerCode": 2, "homeTeam": {"name": "Mikulenok V.", "slug": "mikulenok-valeriy", "shortName": "Mikulenok V.", "gender": "M", "userCount": 10, "nameCode": "MVA", "national": false, "type": 1, "id": 345437, "subTeams": [], "teamColors": {"primary": "#52b030", "secondary": "#52b030", "text": "#ffffff"}}, "awayTeam": {"name": "Cintl A.", "slug": "cintl-alex", "shortName": "Cintl A.", "userCount": 12, "nameCode": "CAL", "national": false, "type": 1, "id": 345977, "subTeams": [], "teamColors": {"primary": "#52b030", "secondary": "#52b030", "text": "#ffffff"}}, "homeScore": {"current": 0, "display": 0, "period1": 5, "period2": 1, "normaltime": 0}, "awayScore": {"current": 2, "display": 2, "period1": 7, "period2": 6, "normaltime": 2}, "time": {"current": 4586, "period1": 2986, "period2": 1600, "currentPeriodStartTimestamp": 1590356031}, "changes": {"changes": ["status.code", "status.description", "status.type", "homeScore.normaltime", "awayScore.current", "awayScore.display", "awayScore.period2", "awayScore.normaltime"], "changeTimestamp": 1590356044}, "hasGlobalHighlights": false, "id": 8667459, "startTimestamp": 1590343200, "slug": "cintl-mikulenok", "periods": {"point": "Game", "current": "Match", "period1": "1st set", "period2": "2nd set", "period3": "3rd set", "period4": "4th set", "period5": "5th set"}, "finalResultOnly": false}, {"tournament": {"name": "Liga Pro", "slug": "liga-pro", "category": {"name": "Other", "slug": "other", "sport": {"name": "Tennis", "slug": "tennis", "id": 5}, "id": 1555, "flag": "other"}, "uniqueTournament": {"name": "Liga Pro", "slug": "liga-pro", "category": {"name": "Other", "slug": "other", "sport": {"name": "Tennis", "slug": "tennis", "id": 5}, "id": 1555, "flag": "other"}, "userCount": 98, "id": 14770, "hasEventPlayerStatistics": false}, "id": 79016}, "customId": "AkNcsYJNc", "status": {"code": 100, "description": "Ended", "type": "finished"}, "winnerCode": 2, "homeTeam": {"name": "Antonovich E.", "slug": "antonovich-evgeny", "shortName": "Antonovich E.", "userCount": 9, "nameCode": "AEV", "national": false, "type": 1, "id": 345525, "subTeams": [], "teamColors": {"primary": "#52b030", "secondary": "#52b030", "text": "#ffffff"}}, "awayTeam": {"name": "Rozhkov D.", "slug": "rozhkov-dmitry", "shortName": "Rozhkov D.", "userCount": 5, "nameCode": "RDM", "national": false, "type": 1, "id": 346748, "subTeams": [], "teamColors": {"primary": "#52b030", "secondary": "#52b030", "text": "#ffffff"}}, "homeScore": {"current": 0, "display": 0, "period1": 3, "period2": 2, "normaltime": 0}, "awayScore": {"current": 2, "display": 2, "period1": 6, "period2": 6, "normaltime": 2}, "time": {"current": 3792, "period1": 1966, "period2": 1826, "currentPeriodStartTimestamp": 1590401484}, "changes": {"changes": ["status.code", "status.description", "status.type", "homeScore.normaltime", "awayScore.current", "awayScore.display", "awayScore.period2", "awayScore.normaltime"], "changeTimestamp": 1590401590}, "hasGlobalHighlights": false, "id": 8668537, "startTimestamp": 1590397200, "slug": "rozhkov-antonovich", "periods": {"point": "Game", "current": "Match", "period1": "1st set", "period2": "2nd set", "period3": "3rd set", "period4": "4th set", "period5": "5th set"}, "finalResultOnly": false}, {"tournament": {"name": "Liga Pro", "slug": "liga-pro", "category": {"name": "Other", "slug": "other", "sport": {"name": "Tennis", "slug": "tennis", "id": 5}, "id": 1555, "flag": "other"}, "uniqueTournament": {"name": "Liga Pro", "slug": "liga-pro", "category": {"name": "Other", "slug": "other", "sport": {"name": "Tennis", "slug": "tennis", "id": 5}, "id": 1555, "flag": "other"}, "userCount": 98, "id": 14770, "hasEventPlayerStatistics": false}, "id": 79016}, "customId": "EMNcsgPNc", "status": {"code": 100, "description": "Ended", "type": "finished"}, "winnerCode": 1, "homeTeam": {"name": "Zatolgutsky S.", "slug": "zatolgutsky-sergey", "shortName": "Zatolgutsky S.", "userCount": 10, "nameCode": "ZSE", "national": false, "type": 1, "id": 346879, "subTeams": [], "teamColors": {"primary": "#52b030", "secondary": "#52b030", "text": "#ffffff"}}, "awayTeam": {"name": "Demyan G.", "slug": "demyan-gursky", "shortName": "Demyan G.", "userCount": 4, "nameCode": "DGU", "national": false, "type": 1, "id": 347006, "subTeams": [], "teamColors": {"primary": "#52b030", "secondary": "#52b030", "text": "#ffffff"}}, "homeScore": {"current": 2, "display": 2, "period1": 6, "period2": 7, "normaltime": 2}, "awayScore": {"current": 0, "display": 0, "period1": 4, "period2": 6, "normaltime": 0}, "time": {"current": 7534, "period1": 2813, "period2": 4721, "currentPeriodStartTimestamp": 1590409613}, "changes": {"changes": ["status.code", "status.description", "status.type", "homeScore.current", "homeScore.display", "homeScore.period2", "homeScore.normaltime", "awayScore.normaltime"], "changeTimestamp": 1590409693}, "hasGlobalHighlights": false, "id": 8668538, "startTimestamp": 1590400800, "slug": "demyan-zatolgutsky", "periods": {"point": "Game", "current": "Match", "period1": "1st set", "period2": "2nd set", "period3": "3rd set", "period4": "4th set", "period5": "5th set"}, "finalResultOnly": false}, {"tournament": {"name": "Liga Pro", "slug": "liga-pro", "category": {"name": "Other", "slug": "other", "sport": {"name": "Tennis", "slug": "tennis", "id": 5}, "id": 1555, "flag": "other"}, "uniqueTournament": {"name": "Liga Pro", "slug": "liga-pro", "category": {"name": "Other", "slug": "other", "sport": {"name": "Tennis", "slug": "tennis", "id": 5}, "id": 1555, "flag": "other"}, "userCount": 98, "id": 14770, "hasEventPlayerStatistics": false}, "id": 79016}, "customId": "ktNcsjONc", "status": {"code": 100, "description": "Ended", "type": "finished"}, "winnerCode": 1, "homeTeam": {"name": "Lebedev A.", "slug": "lebedev-andrei", "shortName": "Lebedev A.", "userCount": 4, "nameCode": "LAN", "national": false, "type": 1, "id": 345910, "subTeams": [], "teamColors": {"primary": "#52b030", "secondary": "#52b030", "text": "#ffffff"}}, "awayTeam": {"name": "Karlashov A.", "slug": "karlashov-anton", "shortName": "Karlashov A.", "userCount": 8, "nameCode": "KAN", "national": false, "type": 1, "id": 346959, "subTeams": [], "teamColors": {"primary": "#52b030", "secondary": "#52b030", "text": "#ffffff"}}, "homeScore": {"current": 2, "display": 2, "period1": 6, "period2": 0, "period3": 10, "normaltime": 2}, "awayScore": {"current": 1, "display": 1, "period1": 2, "period2": 6, "period3": 8, "normaltime": 1}, "time": {"current": 5170, "period1": 2261, "period2": 1973, "period3": 936, "currentPeriodStartTimestamp": 1590415247}, "changes": {"changes": ["status.code", "status.description", "status.type", "homeScore.current", "homeScore.display", "homeScore.period3", "homeScore.normaltime", "awayScore.period3", "awayScore.normaltime"], "changeTimestamp": 1590415272}, "hasGlobalHighlights": false, "id": 8668539, "startTimestamp": 1590406200, "slug": "karlashov-lebedev", "periods": {"point": "Game", "current": "Match", "period1": "1st set", "period2": "2nd set", "period3": "3rd set", "period4": "4th set", "period5": "5th set"}, "finalResultOnly": false}, {"tournament": {"name": "Liga Pro", "slug": "liga-pro", "category": {"name": "Other", "slug": "other", "sport": {"name": "Tennis", "slug": "tennis", "id": 5}, "id": 1555, "flag": "other"}, "uniqueTournament": {"name": "Liga Pro", "slug": "liga-pro", "category": {"name": "Other", "slug": "other", "sport": {"name": "Tennis", "slug": "tennis", "id": 5}, "id": 1555, "flag": "other"}, "userCount": 98, "id": 14770, "hasEventPlayerStatistics": false}, "id": 79016}, "customId": "EhNcsoCNc", "status": {"code": 100, "description": "Ended", "type": "finished"}, "winnerCode": 1, "homeTeam": {"name": "Krivalchevich A.", "slug": "krivalchevich-aleksandr", "shortName": "Krivalchevich A.", "userCount": 17, "nameCode": "KAL", "national": false, "type": 1, "id": 345379, "subTeams": [], "teamColors": {"primary": "#52b030", "secondary": "#52b030", "text": "#ffffff"}}, "awayTeam": {"name": "Molcan K.", "slug": "molcan-konstantin", "shortName": "Molcan K.", "gender": "M", "userCount": 10, "nameCode": "MKO", "national": false, "type": 1, "id": 346364, "subTeams": [], "teamColors": {"primary": "#52b030", "secondary": "#52b030", "text": "#ffffff"}}, "homeScore": {"current": 2, "display": 2, "period1": 1, "period2": 6, "period3": 10, "normaltime": 2}, "awayScore": {"current": 1, "display": 1, "period1": 6, "period2": 4, "period3": 7, "normaltime": 1}, "time": {"current": 5089, "period1": 1619, "period2": 2620, "period3": 850, "currentPeriodStartTimestamp": 1590420720}, "changes": {"changes": ["status.code", "status.description", "status.type", "homeScore.current", "homeScore.display", "homeScore.period3", "homeScore.normaltime", "awayScore.period3", "awayScore.normaltime"], "changeTimestamp": 1590420851}, "hasGlobalHighlights": false, "id": 8668540, "startTimestamp": 1590409800, "slug": "molcan-krivalchevich", "periods": {"point": "Game", "current": "Match", "period1": "1st set", "period2": "2nd set", "period3": "3rd set", "period4": "4th set", "period5": "5th set"}, "finalResultOnly": false}, {"tournament": {"name": "Liga Pro", "slug": "liga-pro", "category": {"name": "Other", "slug": "other", "sport": {"name": "Tennis", "slug": "tennis", "id": 5}, "id": 1555, "flag": "other"}, "uniqueTournament": {"name": "Liga Pro", "slug": "liga-pro", "category": {"name": "Other", "slug": "other", "sport": {"name": "Tennis", "slug": "tennis", "id": 5}, "id": 1555, "flag": "other"}, "userCount": 98, "id": 14770, "hasEventPlayerStatistics": false}, "id": 79016}, "customId": "hvNcsNwNc", "status": {"code": 100, "description": "Ended", "type": "finished"}, "winnerCode": 1, "homeTeam": {"name": "Kislyi P.", "slug": "kislyi-pavel", "shortName": "Kislyi P.", "gender": "M", "userCount": 9, "nameCode": "KPA", "national": false, "type": 1, "id": 346088, "subTeams": [], "teamColors": {"primary": "#52b030", "secondary": "#52b030", "text": "#ffffff"}}, "awayTeam": {"name": "Belov A.", "slug": "belov-aleksandr", "shortName": "Belov A.", "userCount": 19, "nameCode": "BAL", "national": false, "type": 1, "id": 346007, "subTeams": [], "teamColors": {"primary": "#52b030", "secondary": "#52b030", "text": "#ffffff"}}, "homeScore": {"current": 2, "display": 2, "period1": 6, "period2": 6, "normaltime": 2}, "awayScore": {"current": 0, "display": 0, "period1": 2, "period2": 1, "normaltime": 0}, "time": {"current": 2997, "period1": 1201, "period2": 1796, "currentPeriodStartTimestamp": 1590424326}, "changes": {"changes": ["status.code", "status.description", "status.type", "homeScore.current", "homeScore.display", "homeScore.period2", "homeScore.normaltime", "awayScore.normaltime"], "changeTimestamp": 1590424456}, "hasGlobalHighlights": false, "id": 8668541, "startTimestamp": 1590415200, "slug": "kislyi-belov", "periods": {"point": "Game", "current": "Match", "period1": "1st set", "period2": "2nd set", "period3": "3rd set", "period4": "4th set", "period5": "5th set"}, "finalResultOnly": false}, {"tournament": {"name": "Liga Pro", "slug": "liga-pro", "category": {"name": "Other", "slug": "other", "sport": {"name": "Tennis", "slug": "tennis", "id": 5}, "id": 1555, "flag": "other"}, "uniqueTournament": {"name": "Liga Pro", "slug": "liga-pro", "category": {"name": "Other", "slug": "other", "sport": {"name": "Tennis", "slug": "tennis", "id": 5}, "id": 1555, "flag": "other"}, "userCount": 98, "id": 14770, "hasEventPlayerStatistics": false}, "id": 79016}, "customId": "MiNcsLpNc", "status": {"code": 100, "description": "Ended", "type": "finished"}, "winnerCode": 2, "homeTeam": {"name": "Zaharevich V.", "slug": "zaharevich-vladimir", "shortName": "Zaharevich V.", "userCount": 10, "nameCode": "ZVL", "national": false, "type": 1, "id": 345786, "subTeams": [], "teamColors": {"primary": "#52b030", "secondary": "#52b030", "text": "#ffffff"}}, "awayTeam": {"name": "Mikulenok V.", "slug": "mikulenok-valeriy", "shortName": "Mikulenok V.", "gender": "M", "userCount": 10, "nameCode": "MVA", "national": false, "type": 1, "id": 345437, "subTeams": [], "teamColors": {"primary": "#52b030", "secondary": "#52b030", "text": "#ffffff"}}, "homeScore": {"current": 0, "display": 0, "period1": 6, "period2": 3, "normaltime": 0}, "awayScore": {"current": 2, "display": 2, "period1": 7, "period2": 6, "normaltime": 2}, "time": {"current": 5314, "period1": 3334, "period2": 1980, "currentPeriodStartTimestamp": 1590430301}, "changes": {"changes": ["status.code", "status.description", "status.type", "homeScore.normaltime", "awayScore.current", "awayScore.display", "awayScore.period2", "awayScore.normaltime"], "changeTimestamp": 1590430400}, "hasGlobalHighlights": false, "id": 8668542, "startTimestamp": 1590420600, "slug": "zaharevich-mikulenok", "periods": {"point": "Game", "current": "Match", "period1": "1st set", "period2": "2nd set", "period3": "3rd set", "period4": "4th set", "period5": "5th set"}, "finalResultOnly": false}, {"tournament": {"name": "Liga Pro", "slug": "liga-pro", "category": {"name": "Other", "slug": "other", "sport": {"name": "Tennis", "slug": "tennis", "id": 5}, "id": 1555, "flag": "other"}, "uniqueTournament": {"name": "Liga Pro", "slug": "liga-pro", "category": {"name": "Other", "slug": "other", "sport": {"name": "Tennis", "slug": "tennis", "id": 5}, "id": 1555, "flag": "other"}, "userCount": 98, "id": 14770, "hasEventPlayerStatistics": false}, "id": 79016}, "customId": "AhNcsznNc", "status": {"code": 100, "description": "Ended", "type": "finished"}, "winnerCode": 2, "homeTeam": {"name": "Sheiko A.", "slug": "sheiko-andrey", "shortName": "Sheiko A.", "userCount": 39, "nameCode": "SAN", "national": false, "type": 1, "id": 345375, "subTeams": [], "teamColors": {"primary": "#52b030", "secondary": "#52b030", "text": "#ffffff"}}, "awayTeam": {"name": "Zhudro D.", "slug": "zhudro-dmitriy", "shortName": "Zhudro D.", "userCount": 11, "nameCode": "ZDM", "national": false, "type": 1, "id": 345674, "subTeams": [], "teamColors": {"primary": "#52b030", "secondary": "#52b030", "text": "#ffffff"}}, "homeScore": {"current": 1, "display": 1, "period1": 6, "period2": 1, "period3": 6, "normaltime": 1}, "awayScore": {"current": 2, "display": 2, "period1": 3, "period2": 6, "period3": 10, "normaltime": 2}, "time": {"current": 5267, "period1": 2316, "period2": 1777, "period3": 1174, "currentPeriodStartTimestamp": 1590436003}, "changes": {"changes": ["status.code", "status.description", "status.type", "homeScore.period3", "homeScore.normaltime", "awayScore.current", "awayScore.display", "awayScore.period3", "awayScore.normaltime"], "changeTimestamp": 1590436150}, "hasGlobalHighlights": false, "id": 8668587, "startTimestamp": 1590426000, "slug": "zhudro-sheiko", "periods": {"point": "Game", "current": "Match", "period1": "1st set", "period2": "2nd set", "period3": "3rd set", "period4": "4th set", "period5": "5th set"}, "finalResultOnly": false}, {"tournament": {"name": "Liga Pro", "slug": "liga-pro", "category": {"name": "Other", "slug": "other", "sport": {"name": "Tennis", "slug": "tennis", "id": 5}, "id": 1555, "flag": "other"}, "uniqueTournament": {"name": "Liga Pro", "slug": "liga-pro", "category": {"name": "Other", "slug": "other", "sport": {"name": "Tennis", "slug": "tennis", "id": 5}, "id": 1555, "flag": "other"}, "userCount": 98, "id": 14770, "hasEventPlayerStatistics": false}, "id": 79016}, "customId": "DhNcsClNc", "status": {"code": 100, "description": "Ended", "type": "finished"}, "winnerCode": 2, "homeTeam": {"name": "Susha S.", "slug": "susha-sergey", "shortName": "Susha S.", "userCount": 19, "nameCode": "SSE", "national": false, "type": 1, "id": 345378, "subTeams": [], "teamColors": {"primary": "#52b030", "secondary": "#52b030", "text": "#ffffff"}}, "awayTeam": {"name": "Andryushchenko V.", "slug": "andryushchenko-vyacheslav", "shortName": "Andryushchenko V.", "gender": "M", "userCount": 35, "nameCode": "AVY", "disabled": false, "national": false, "type": 1, "id": 345577, "subTeams": [], "teamColors": {"primary": "#52b030", "secondary": "#52b030", "text": "#ffffff"}}, "homeScore": {"current": 0, "display": 0, "period1": 6, "period2": 5, "normaltime": 0}, "awayScore": {"current": 2, "display": 2, "period1": 7, "period2": 7, "normaltime": 2}, "time": {"current": 6940, "period1": 3313, "period2": 3627, "currentPeriodStartTimestamp": 1590443696}, "changes": {"changes": ["status.code", "status.description", "status.type", "homeScore.normaltime", "awayScore.current", "awayScore.display", "awayScore.period2", "awayScore.normaltime"], "changeTimestamp": 1590443709}, "hasGlobalHighlights": false, "id": 8668605, "startTimestamp": 1590429600, "slug": "andryushchenko-susha", "periods": {"point": "Game", "current": "Match", "period1": "1st set", "period2": "2nd set", "period3": "3rd set", "period4": "4th set", "period5": "5th set"}, "finalResultOnly": false}, {"tournament": {"name": "Liga Pro", "slug": "liga-pro", "category": {"name": "Other", "slug": "other", "sport": {"name": "Tennis", "slug": "tennis", "id": 5}, "id": 1555, "flag": "other"}, "uniqueTournament": {"name": "Liga Pro", "slug": "liga-pro", "category": {"name": "Other", "slug": "other", "sport": {"name": "Tennis", "slug": "tennis", "id": 5}, "id": 1555, "flag": "other"}, "userCount": 98, "id": 14770, "hasEventPlayerStatistics": false}, "id": 79016}, "customId": "rhNcsIENc", "status": {"code": 100, "description": "Ended", "type": "finished"}, "winnerCode": 2, "homeTeam": {"name": "Zavrazhnov S.", "slug": "zavrazhnov-sergey", "shortName": "Zavrazhnov S.", "userCount": 5, "nameCode": "ZSE", "national": false, "type": 1, "id": 346483, "subTeams": [], "teamColors": {"primary": "#52b030", "secondary": "#52b030", "text": "#ffffff"}}, "awayTeam": {"name": "Zhevniak A.", "slug": "zhevniak-alexandr", "shortName": "Zhevniak A.", "gender": "M", "userCount": 46, "nameCode": "ZAL", "national": false, "type": 1, "id": 345367, "subTeams": [], "teamColors": {"primary": "#52b030", "secondary": "#52b030", "text": "#ffffff"}}, "homeScore": {"current": 0, "display": 0, "period1": 3, "period2": 4, "normaltime": 0}, "awayScore": {"current": 2, "display": 2, "period1": 6, "period2": 6, "normaltime": 2}, "time": {"current": 4416, "period1": 1557, "period2": 2859, "currentPeriodStartTimestamp": 1590488532}, "changes": {"changes": ["status.code", "status.description", "status.type", "homeScore.normaltime", "awayScore.current", "awayScore.display", "awayScore.period2", "awayScore.normaltime"], "changeTimestamp": 1590488605}, "hasGlobalHighlights": false, "id": 8669724, "startTimestamp": 1590483600, "slug": "zavrazhnov-zhevniak", "periods": {"point": "Game", "current": "Match", "period1": "1st set", "period2": "2nd set", "period3": "3rd set", "period4": "4th set", "period5": "5th set"}, "finalResultOnly": false}, {"tournament": {"name": "Liga Pro", "slug": "liga-pro", "category": {"name": "Other", "slug": "other", "sport": {"name": "Tennis", "slug": "tennis", "id": 5}, "id": 1555, "flag": "other"}, "uniqueTournament": {"name": "Liga Pro", "slug": "liga-pro", "category": {"name": "Other", "slug": "other", "sport": {"name": "Tennis", "slug": "tennis", "id": 5}, "id": 1555, "flag": "other"}, "userCount": 98, "id": 14770, "hasEventPlayerStatistics": false}, "id": 79016}, "customId": "onNcsKpNc", "status": {"code": 100, "description": "Ended", "type": "finished"}, "winnerCode": 1, "homeTeam": {"name": "Mateyuk P.", "slug": "mateyuk-pavel", "shortName": "Mateyuk P.", "userCount": 20, "nameCode": "MPA", "national": false, "type": 1, "id": 345785, "subTeams": [], "teamColors": {"primary": "#52b030", "secondary": "#52b030", "text": "#ffffff"}}, "awayTeam": {"name": "Smolyarchuk M.", "slug": "smolyarchuk-maxim", "shortName": "Smolyarchuk M.", "userCount": 4, "nameCode": "SMA", "national": false, "type": 1, "id": 345664, "subTeams": [], "teamColors": {"primary": "#52b030", "secondary": "#52b030", "text": "#ffffff"}}, "homeScore": {"current": 2, "display": 2, "period1": 6, "period2": 6, "normaltime": 2}, "awayScore": {"current": 0, "display": 0, "period1": 4, "period2": 2, "normaltime": 0}, "time": {"current": 4224, "period1": 2099, "period2": 2125, "currentPeriodStartTimestamp": 1590493313}, "changes": {"changes": ["status.code", "status.description", "status.type", "homeScore.current", "homeScore.display", "homeScore.period2", "homeScore.normaltime", "awayScore.normaltime"], "changeTimestamp": 1590493463}, "hasGlobalHighlights": false, "id": 8669725, "startTimestamp": 1590487200, "slug": "mateyuk-smolyarchuk", "periods": {"point": "Game", "current": "Match", "period1": "1st set", "period2": "2nd set", "period3": "3rd set", "period4": "4th set", "period5": "5th set"}, "finalResultOnly": false}, {"tournament": {"name": "Liga Pro", "slug": "liga-pro", "category": {"name": "Other", "slug": "other", "sport": {"name": "Tennis", "slug": "tennis", "id": 5}, "id": 1555, "flag": "other"}, "uniqueTournament": {"name": "Liga Pro", "slug": "liga-pro", "category": {"name": "Other", "slug": "other", "sport": {"name": "Tennis", "slug": "tennis", "id": 5}, "id": 1555, "flag": "other"}, "userCount": 98, "id": 14770, "hasEventPlayerStatistics": false}, "id": 79016}, "customId": "GVQsojOc", "status": {"code": 100, "description": "Ended", "type": "finished"}, "winnerCode": 1, "homeTeam": {"name": "Kolev M.", "slug": "kolev-martin", "shortName": "Kolev M.", "userCount": 2, "nameCode": "KMA", "national": false, "type": 1, "id": 347964, "subTeams": [], "teamColors": {"primary": "#52b030", "secondary": "#52b030", "text": "#ffffff"}}, "awayTeam": {"name": "Simov T.", "slug": "simov-tihomir", "shortName": "Simov T.", "gender": "M", "userCount": 8, "nameCode": "SIM", "national": false, "type": 1, "id": 104781, "subTeams": [], "teamColors": {"primary": "#52b030", "secondary": "#52b030", "text": "#ffffff"}}, "homeScore": {"current": 2, "display": 2, "period1": 6, "period2": 6, "normaltime": 2}, "awayScore": {"current": 0, "display": 0, "period1": 4, "period2": 4, "normaltime": 0}, "time": {"currentPeriodStartTimestamp": 1590512981}, "changes": {"changes": ["status.code", "status.description", "status.type", "homeScore.current", "homeScore.display", "homeScore.period1", "homeScore.period2", "homeScore.normaltime", "awayScore.current", "awayScore.display", "awayScore.period1", "awayScore.period2", "awayScore.normaltime"], "changeTimestamp": 1590513079}, "hasGlobalHighlights": false, "id": 8670976, "startTimestamp": 1590492600, "slug": "kolev-simov", "periods": {"point": "Game", "current": "Match", "period1": "1st set", "period2": "2nd set", "period3": "3rd set", "period4": "4th set", "period5": "5th set"}, "finalResultOnly": false}, {"tournament": {"name": "Liga Pro", "slug": "liga-pro", "category": {"name": "Other", "slug": "other", "sport": {"name": "Tennis", "slug": "tennis", "id": 5}, "id": 1555, "flag": "other"}, "uniqueTournament": {"name": "Liga Pro", "slug": "liga-pro", "category": {"name": "Other", "slug": "other", "sport": {"name": "Tennis", "slug": "tennis", "id": 5}, "id": 1555, "flag": "other"}, "userCount": 98, "id": 14770, "hasEventPlayerStatistics": false}, "id": 79016}, "customId": "ZENcsEMNc", "status": {"code": 100, "description": "Ended", "type": "finished"}, "winnerCode": 1, "homeTeam": {"name": "Zatolgutsky S.", "slug": "zatolgutsky-sergey", "shortName": "Zatolgutsky S.", "userCount": 10, "nameCode": "ZSE", "national": false, "type": 1, "id": 346879, "subTeams": [], "teamColors": {"primary": "#52b030", "secondary": "#52b030", "text": "#ffffff"}}, "awayTeam": {"name": "Dobrovolsky A.", "slug": "dobrovolsky-aleksandr", "shortName": "Dobrovolsky A.", "userCount": 4, "nameCode": "DAL", "national": false, "type": 1, "id": 346499, "subTeams": [], "teamColors": {"primary": "#52b030", "secondary": "#52b030", "text": "#ffffff"}}, "homeScore": {"current": 2, "display": 2, "period1": 6, "period2": 6, "normaltime": 2}, "awayScore": {"current": 0, "display": 0, "period1": 1, "period2": 4, "normaltime": 0}, "time": {"current": 4543, "period1": 1602, "period2": 2941, "currentPeriodStartTimestamp": 1590498417}, "changes": {"changes": ["status.code", "status.description", "status.type", "homeScore.current", "homeScore.display", "homeScore.period2", "homeScore.normaltime", "awayScore.normaltime"], "changeTimestamp": 1590498503}, "hasGlobalHighlights": false, "id": 8669726, "startTimestamp": 1590492600, "slug": "zatolgutsky-dobrovolsky", "periods": {"point": "Game", "current": "Match", "period1": "1st set", "period2": "2nd set", "period3": "3rd set", "period4": "4th set", "period5": "5th set"}, "finalResultOnly": false}, {"tournament": {"name": "Liga Pro", "slug": "liga-pro", "category": {"name": "Other", "slug": "other", "sport": {"name": "Tennis", "slug": "tennis", "id": 5}, "id": 1555, "flag": "other"}, "uniqueTournament": {"name": "Liga Pro", "slug": "liga-pro", "category": {"name": "Other", "slug": "other", "sport": {"name": "Tennis", "slug": "tennis", "id": 5}, "id": 1555, "flag": "other"}, "userCount": 98, "id": 14770, "hasEventPlayerStatistics": false}, "id": 79016}, "customId": "vhNcsyhNc", "status": {"code": 100, "description": "Ended", "type": "finished"}, "winnerCode": 1, "homeTeam": {"name": "Matsulevich Y.", "slug": "matsulevich-yaroslav", "shortName": "Matsulevich Y.", "gender": "M", "userCount": 21, "nameCode": "MYA", "national": false, "type": 1, "id": 345370, "subTeams": [], "teamColors": {"primary": "#52b030", "secondary": "#52b030", "text": "#ffffff"}}, "awayTeam": {"name": "Kozhemyachko M.", "slug": "kozhemyachko-makar", "shortName": "Kozhemyachko M.", "userCount": 15, "nameCode": "KMA", "national": false, "type": 1, "id": 345373, "subTeams": [], "teamColors": {"primary": "#52b030", "secondary": "#52b030", "text": "#ffffff"}}, "homeScore": {"current": 2, "display": 2, "period1": 6, "period2": 7, "normaltime": 2}, "awayScore": {"current": 0, "display": 0, "period1": 3, "period2": 6, "normaltime": 0}, "time": {"current": 5134, "period1": 1813, "period2": 3321, "currentPeriodStartTimestamp": 1590503868}, "changes": {"changes": ["status.code", "status.description", "status.type", "homeScore.current", "homeScore.display", "homeScore.period2", "homeScore.normaltime", "awayScore.normaltime"], "changeTimestamp": 1590503901}, "hasGlobalHighlights": false, "id": 8669727, "startTimestamp": 1590496200, "slug": "kozhemyachko-matsulevich", "periods": {"point": "Game", "current": "Match", "period1": "1st set", "period2": "2nd set", "period3": "3rd set", "period4": "4th set", "period5": "5th set"}, "finalResultOnly": false}, {"tournament": {"name": "Liga Pro", "slug": "liga-pro", "category": {"name": "Other", "slug": "other", "sport": {"name": "Tennis", "slug": "tennis", "id": 5}, "id": 1555, "flag": "other"}, "uniqueTournament": {"name": "Liga Pro", "slug": "liga-pro", "category": {"name": "Other", "slug": "other", "sport": {"name": "Tennis", "slug": "tennis", "id": 5}, "id": 1555, "flag": "other"}, "userCount": 98, "id": 14770, "hasEventPlayerStatistics": false}, "id": 79016}, "customId": "wVacsrjOc", "status": {"code": 100, "description": "Ended", "type": "finished"}, "winnerCode": 1, "homeTeam": {"name": "Yordanov Y.", "slug": "yordanov-yordan", "shortName": "Yordanov Y.", "userCount": 11, "nameCode": "YOR", "national": false, "type": 1, "id": 252271, "subTeams": [], "teamColors": {"primary": "#52b030", "secondary": "#52b030", "text": "#ffffff"}}, "awayTeam": {"name": "Kanev G.", "slug": "kanev-georgi", "shortName": "Kanev G.", "userCount": 11, "nameCode": "KGE", "national": false, "type": 1, "id": 347967, "subTeams": [], "teamColors": {"primary": "#52b030", "secondary": "#52b030", "text": "#ffffff"}}, "homeScore": {"current": 2, "display": 2, "period1": 6, "period2": 1, "period3": 10, "normaltime": 2}, "awayScore": {"current": 1, "display": 1, "period1": 3, "period2": 6, "period3": 8, "normaltime": 1}, "time": {"current": 4818, "period1": 2146, "period2": 1793, "period3": 879, "currentPeriodStartTimestamp": 1590503525}, "changes": {"changes": ["status.code", "status.description", "status.type", "homeScore.current", "homeScore.display", "homeScore.period3", "homeScore.normaltime", "awayScore.period3", "awayScore.normaltime"], "changeTimestamp": 1590503541}, "hasGlobalHighlights": false, "id": 8670982, "startTimestamp": 1590498000, "slug": "kanev-yordanov", "periods": {"point": "Game", "current": "Match", "period1": "1st set", "period2": "2nd set", "period3": "3rd set", "period4": "4th set", "period5": "5th set"}, "finalResultOnly": false}, {"tournament": {"name": "Liga Pro", "slug": "liga-pro", "category": {"name": "Other", "slug": "other", "sport": {"name": "Tennis", "slug": "tennis", "id": 5}, "id": 1555, "flag": "other"}, "uniqueTournament": {"name": "Liga Pro", "slug": "liga-pro", "category": {"name": "Other", "slug": "other", "sport": {"name": "Tennis", "slug": "tennis", "id": 5}, "id": 1555, "flag": "other"}, "userCount": 98, "id": 14770, "hasEventPlayerStatistics": false}, "id": 79016}, "customId": "oCNcsjONc", "status": {"code": 100, "description": "Ended", "type": "finished"}, "winnerCode": 1, "homeTeam": {"name": "Molcan K.", "slug": "molcan-konstantin", "shortName": "Molcan K.", "gender": "M", "userCount": 10, "nameCode": "MKO", "national": false, "type": 1, "id": 346364, "subTeams": [], "teamColors": {"primary": "#52b030", "secondary": "#52b030", "text": "#ffffff"}}, "awayTeam": {"name": "Karlashov A.", "slug": "karlashov-anton", "shortName": "Karlashov A.", "userCount": 8, "nameCode": "KAN", "national": false, "type": 1, "id": 346959, "subTeams": [], "teamColors": {"primary": "#52b030", "secondary": "#52b030", "text": "#ffffff"}}, "homeScore": {"current": 2, "display": 2, "period1": 5, "period2": 6, "period3": 10, "normaltime": 2}, "awayScore": {"current": 1, "display": 1, "period1": 7, "period2": 3, "period3": 4, "normaltime": 1}, "time": {"current": 5001, "period1": 2306, "period2": 1954, "period3": 741, "currentPeriodStartTimestamp": 1590509472}, "changes": {"changes": ["status.code", "status.description", "status.type", "homeScore.current", "homeScore.display", "homeScore.period3", "homeScore.normaltime", "awayScore.period3", "awayScore.normaltime"], "changeTimestamp": 1590509481}, "hasGlobalHighlights": false, "id": 8669728, "startTimestamp": 1590501600, "slug": "karlashov-molcan", "periods": {"point": "Game", "current": "Match", "period1": "1st set", "period2": "2nd set", "period3": "3rd set", "period4": "4th set", "period5": "5th set"}, "finalResultOnly": false}, {"tournament": {"name": "Liga Pro", "slug": "liga-pro", "category": {"name": "Other", "slug": "other", "sport": {"name": "Tennis", "slug": "tennis", "id": 5}, "id": 1555, "flag": "other"}, "uniqueTournament": {"name": "Liga Pro", "slug": "liga-pro", "category": {"name": "Other", "slug": "other", "sport": {"name": "Tennis", "slug": "tennis", "id": 5}, "id": 1555, "flag": "other"}, "userCount": 98, "id": 14770, "hasEventPlayerStatistics": false}, "id": 79016}, "customId": "pjOcsqjOc", "status": {"code": 100, "description": "Ended", "type": "finished"}, "winnerCode": 1, "homeTeam": {"name": "Tanev I.", "slug": "tanev-ivan", "shortName": "Tanev I.", "userCount": 7, "nameCode": "TIV", "national": false, "type": 1, "id": 347965, "subTeams": [], "teamColors": {"primary": "#52b030", "secondary": "#52b030", "text": "#ffffff"}}, "awayTeam": {"name": "Boyanov D.", "slug": "boyanov-daniel", "shortName": "Boyanov D.", "userCount": 3, "nameCode": "BDA", "national": false, "type": 1, "id": 347966, "subTeams": [], "teamColors": {"primary": "#52b030", "secondary": "#52b030", "text": "#ffffff"}}, "homeScore": {"current": 2, "display": 2, "period1": 3, "period2": 6, "period3": 10, "normaltime": 2}, "awayScore": {"current": 1, "display": 1, "period1": 6, "period2": 4, "period3": 7, "normaltime": 1}, "time": {"current": 5254, "period1": 1859, "period2": 2624, "period3": 771, "currentPeriodStartTimestamp": 1590509552}, "changes": {"changes": ["status.code", "status.description", "status.type", "homeScore.current", "homeScore.display", "homeScore.period3", "homeScore.normaltime", "awayScore.period3", "awayScore.normaltime"], "changeTimestamp": 1590509662}, "hasGlobalHighlights": false, "id": 8670979, "startTimestamp": 1590503400, "slug": "boyanov-tanev", "periods": {"point": "Game", "current": "Match", "period1": "1st set", "period2": "2nd set", "period3": "3rd set", "period4": "4th set", "period5": "5th set"}, "finalResultOnly": false}, {"tournament": {"name": "Liga Pro", "slug": "liga-pro", "category": {"name": "Other", "slug": "other", "sport": {"name": "Tennis", "slug": "tennis", "id": 5}, "id": 1555, "flag": "other"}, "uniqueTournament": {"name": "Liga Pro", "slug": "liga-pro", "category": {"name": "Other", "slug": "other", "sport": {"name": "Tennis", "slug": "tennis", "id": 5}, "id": 1555, "flag": "other"}, "userCount": 98, "id": 14770, "hasEventPlayerStatistics": false}, "id": 79016}, "customId": "LpNcshvNc", "status": {"code": 100, "description": "Ended", "type": "finished"}, "winnerCode": 1, "homeTeam": {"name": "Zaharevich V.", "slug": "zaharevich-vladimir", "shortName": "Zaharevich V.", "userCount": 10, "nameCode": "ZVL", "national": false, "type": 1, "id": 345786, "subTeams": [], "teamColors": {"primary": "#52b030", "secondary": "#52b030", "text": "#ffffff"}}, "awayTeam": {"name": "Belov A.", "slug": "belov-aleksandr", "shortName": "Belov A.", "userCount": 19, "nameCode": "BAL", "national": false, "type": 1, "id": 346007, "subTeams": [], "teamColors": {"primary": "#52b030", "secondary": "#52b030", "text": "#ffffff"}}, "homeScore": {"current": 2, "display": 2, "period1": 4, "period2": 6, "period3": 11, "normaltime": 2}, "awayScore": {"current": 1, "display": 1, "period1": 6, "period2": 4, "period3": 9, "normaltime": 1}, "time": {"current": 7476, "period1": 2705, "period2": 3633, "period3": 1138, "currentPeriodStartTimestamp": 1590517624}, "changes": {"changes": ["status.code", "status.description", "status.type", "homeScore.current", "homeScore.display", "homeScore.period3", "homeScore.normaltime", "awayScore.period3", "awayScore.normaltime"], "changeTimestamp": 1590517761}, "hasGlobalHighlights": false, "id": 8669729, "startTimestamp": 1590507000, "slug": "belov-zaharevich", "periods": {"point": "Game", "current": "Match", "period1": "1st set", "period2": "2nd set", "period3": "3rd set", "period4": "4th set", "period5": "5th set"}, "finalResultOnly": false}, {"tournament": {"name": "Liga Pro", "slug": "liga-pro", "category": {"name": "Other", "slug": "other", "sport": {"name": "Tennis", "slug": "tennis", "id": 5}, "id": 1555, "flag": "other"}, "uniqueTournament": {"name": "Liga Pro", "slug": "liga-pro", "category": {"name": "Other", "slug": "other", "sport": {"name": "Tennis", "slug": "tennis", "id": 5}, "id": 1555, "flag": "other"}, "userCount": 98, "id": 14770, "hasEventPlayerStatistics": false}, "id": 79016}, "customId": "MiNcsOiNc", "status": {"code": 100, "description": "Ended", "type": "finished"}, "winnerCode": 1, "homeTeam": {"name": "Strebkov N.", "slug": "strebkov-nikita", "shortName": "Strebkov N.", "userCount": 13, "nameCode": "SNI", "national": false, "type": 1, "id": 345439, "subTeams": [], "teamColors": {"primary": "#52b030", "secondary": "#52b030", "text": "#ffffff"}}, "awayTeam": {"name": "Mikulenok V.", "slug": "mikulenok-valeriy", "shortName": "Mikulenok V.", "gender": "M", "userCount": 10, "nameCode": "MVA", "national": false, "type": 1, "id": 345437, "subTeams": [], "teamColors": {"primary": "#52b030", "secondary": "#52b030", "text": "#ffffff"}}, "homeScore": {"current": 2, "display": 2, "period1": 6, "period2": 6, "normaltime": 2}, "awayScore": {"current": 0, "display": 0, "period1": 3, "period2": 2, "normaltime": 0}, "time": {"current": 3740, "period1": 1899, "period2": 1841, "currentPeriodStartTimestamp": 1590522175}, "changes": {"changes": ["status.code", "status.description", "status.type", "homeScore.current", "homeScore.display", "homeScore.period2", "homeScore.normaltime", "awayScore.normaltime"], "changeTimestamp": 1590522263}, "hasGlobalHighlights": false, "id": 8669743, "startTimestamp": 1590512400, "slug": "strebkov-mikulenok", "periods": {"point": "Game", "current": "Match", "period1": "1st set", "period2": "2nd set", "period3": "3rd set", "period4": "4th set", "period5": "5th set"}, "finalResultOnly": false}, {"tournament": {"name": "Liga Pro", "slug": "liga-pro", "category": {"name": "Other", "slug": "other", "sport": {"name": "Tennis", "slug": "tennis", "id": 5}, "id": 1555, "flag": "other"}, "uniqueTournament": {"name": "Liga Pro", "slug": "liga-pro", "category": {"name": "Other", "slug": "other", "sport": {"name": "Tennis", "slug": "tennis", "id": 5}, "id": 1555, "flag": "other"}, "userCount": 98, "id": 14770, "hasEventPlayerStatistics": false}, "id": 79016}, "customId": "XiNcsCuNc", "status": {"code": 100, "description": "Ended", "type": "finished"}, "winnerCode": 2, "homeTeam": {"name": "Petrovskij P.", "slug": "petrovskij-pyotr", "shortName": "Petrovskij P.", "userCount": 15, "nameCode": "PPY", "national": false, "type": 1, "id": 345447, "subTeams": [], "teamColors": {"primary": "#52b030", "secondary": "#52b030", "text": "#ffffff"}}, "awayTeam": {"name": "Cintl A.", "slug": "cintl-alex", "shortName": "Cintl A.", "userCount": 12, "nameCode": "CAL", "national": false, "type": 1, "id": 345977, "subTeams": [], "teamColors": {"primary": "#52b030", "secondary": "#52b030", "text": "#ffffff"}}, "homeScore": {"current": 0, "display": 0, "period1": 4, "period2": 4, "normaltime": 0}, "awayScore": {"current": 2, "display": 2, "period1": 6, "period2": 6, "normaltime": 2}, "time": {"current": 4756, "period1": 1969, "period2": 2787, "currentPeriodStartTimestamp": 1590527733}, "changes": {"changes": ["status.code", "status.description", "status.type", "homeScore.normaltime", "awayScore.current", "awayScore.display", "awayScore.period2", "awayScore.normaltime"], "changeTimestamp": 1590527841}, "hasGlobalHighlights": false, "id": 8669974, "startTimestamp": 1590516000, "slug": "cintl-petrovskij", "periods": {"point": "Game", "current": "Match", "period1": "1st set", "period2": "2nd set", "period3": "3rd set", "period4": "4th set", "period5": "5th set"}, "finalResultOnly": false}, {"tournament": {"name": "Liga Pro", "slug": "liga-pro", "category": {"name": "Other", "slug": "other", "sport": {"name": "Tennis", "slug": "tennis", "id": 5}, "id": 1555, "flag": "other"}, "uniqueTournament": {"name": "Liga Pro", "slug": "liga-pro", "category": {"name": "Other", "slug": "other", "sport": {"name": "Tennis", "slug": "tennis", "id": 5}, "id": 1555, "flag": "other"}, "userCount": 98, "id": 14770, "hasEventPlayerStatistics": false}, "id": 79016}, "customId": "YjOcsZjOc", "status": {"code": 100, "description": "Ended", "type": "finished"}, "winnerCode": 2, "homeTeam": {"name": "Sevov Rumen", "slug": "sevov-rumen", "shortName": "Sevov Rumen", "userCount": 14, "nameCode": "SRU", "national": false, "type": 1, "id": 347998, "subTeams": [], "teamColors": {"primary": "#52b030", "secondary": "#52b030", "text": "#ffffff"}}, "awayTeam": {"name": "Hristov Miroslav", "slug": "hristov-miroslav", "shortName": "Hristov Miroslav", "userCount": 3, "nameCode": "HMI", "national": false, "type": 1, "id": 347999, "subTeams": [], "teamColors": {"primary": "#52b030", "secondary": "#52b030", "text": "#ffffff"}}, "homeScore": {"current": 0, "display": 0, "period1": 5, "period2": 1, "normaltime": 0}, "awayScore": {"current": 2, "display": 2, "period1": 7, "period2": 6, "normaltime": 2}, "time": {"current": 4033, "period1": 2320, "period2": 1713, "currentPeriodStartTimestamp": 1590566873}, "changes": {"changes": ["status.code", "status.description", "status.type", "homeScore.normaltime", "awayScore.current", "awayScore.display", "awayScore.period2", "awayScore.normaltime"], "changeTimestamp": 1590566974}, "hasGlobalHighlights": false, "id": 8672242, "startTimestamp": 1590562800, "slug": "hristov-miroslav-sevov-rumen", "periods": {"point": "Game", "current": "Match", "period1": "1st set", "period2": "2nd set", "period3": "3rd set", "period4": "4th set", "period5": "5th set"}, "finalResultOnly": false}, {"tournament": {"name": "Liga Pro", "slug": "liga-pro", "category": {"name": "Other", "slug": "other", "sport": {"name": "Tennis", "slug": "tennis", "id": 5}, "id": 1555, "flag": "other"}, "uniqueTournament": {"name": "Liga Pro", "slug": "liga-pro", "category": {"name": "Other", "slug": "other", "sport": {"name": "Tennis", "slug": "tennis", "id": 5}, "id": 1555, "flag": "other"}, "userCount": 98, "id": 14770, "hasEventPlayerStatistics": false}, "id": 79016}, "customId": "akOcsbkOc", "status": {"code": 100, "description": "Ended", "type": "finished"}, "winnerCode": 2, "homeTeam": {"name": "Manolov Stanislav", "slug": "manolov-stanislav", "shortName": "Manolov Stanislav", "userCount": 8, "nameCode": "MST", "national": false, "type": 1, "id": 348000, "subTeams": [], "teamColors": {"primary": "#52b030", "secondary": "#52b030", "text": "#ffffff"}}, "awayTeam": {"name": "Lyubomir S.", "slug": "lyubomir-shketrov", "shortName": "Lyubomir S.", "userCount": 18, "nameCode": "LSH", "national": false, "type": 1, "id": 348001, "subTeams": [], "teamColors": {"primary": "#52b030", "secondary": "#52b030", "text": "#ffffff"}}, "homeScore": {"current": 0, "display": 0, "period1": 1, "period2": 0, "normaltime": 0}, "awayScore": {"current": 2, "display": 2, "period1": 6, "period2": 6, "normaltime": 2}, "time": {"current": 2536, "period1": 1352, "period2": 1184, "currentPeriodStartTimestamp": 1590571175}, "changes": {"changes": ["status.code", "status.description", "status.type", "homeScore.normaltime", "awayScore.current", "awayScore.display", "awayScore.period2", "awayScore.normaltime"], "changeTimestamp": 1590571291}, "hasGlobalHighlights": false, "id": 8672243, "startTimestamp": 1590568200, "slug": "lyubomir-manolov-stanislav", "periods": {"point": "Game", "current": "Match", "period1": "1st set", "period2": "2nd set", "period3": "3rd set", "period4": "4th set", "period5": "5th set"}, "finalResultOnly": false}, {"tournament": {"name": "Liga Pro", "slug": "liga-pro", "category": {"name": "Other", "slug": "other", "sport": {"name": "Tennis", "slug": "tennis", "id": 5}, "id": 1555, "flag": "other"}, "uniqueTournament": {"name": "Liga Pro", "slug": "liga-pro", "category": {"name": "Other", "slug": "other", "sport": {"name": "Tennis", "slug": "tennis", "id": 5}, "id": 1555, "flag": "other"}, "userCount": 98, "id": 14770, "hasEventPlayerStatistics": false}, "id": 79016}, "customId": "ckOcsdkOc", "status": {"code": 100, "description": "Ended", "type": "finished"}, "winnerCode": 2, "homeTeam": {"name": "Andonov Ivailo", "slug": "andonov-ivailo", "shortName": "Andonov Ivailo", "userCount": 2, "nameCode": "AIV", "national": false, "type": 1, "id": 348002, "subTeams": [], "teamColors": {"primary": "#52b030", "secondary": "#52b030", "text": "#ffffff"}}, "awayTeam": {"name": "Bonev Mitko", "slug": "bonev-mitko", "shortName": "Bonev Mitko", "userCount": 4, "nameCode": "BMI", "national": false, "type": 1, "id": 348003, "subTeams": [], "teamColors": {"primary": "#52b030", "secondary": "#52b030", "text": "#ffffff"}}, "homeScore": {"current": 1, "display": 1, "period1": 5, "period2": 6, "period3": 12, "normaltime": 1}, "awayScore": {"current": 2, "display": 2, "period1": 7, "period2": 3, "period3": 14, "normaltime": 2}, "time": {"current": 6681, "period1": 2671, "period2": 2789, "period3": 1221, "currentPeriodStartTimestamp": 1590580090}, "changes": {"changes": ["status.code", "status.description", "status.type", "homeScore.period3", "homeScore.normaltime", "awayScore.current", "awayScore.display", "awayScore.period3", "awayScore.normaltime"], "changeTimestamp": 1590580116}, "hasGlobalHighlights": false, "id": 8672256, "startTimestamp": 1590573600, "slug": "bonev-mitko-andonov-ivailo", "periods": {"point": "Game", "current": "Match", "period1": "1st set", "period2": "2nd set", "period3": "3rd set", "period4": "4th set", "period5": "5th set"}, "finalResultOnly": false}, {"tournament": {"name": "Liga Pro", "slug": "liga-pro", "category": {"name": "Other", "slug": "other", "sport": {"name": "Tennis", "slug": "tennis", "id": 5}, "id": 1555, "flag": "other"}, "uniqueTournament": {"name": "Liga Pro", "slug": "liga-pro", "category": {"name": "Other", "slug": "other", "sport": {"name": "Tennis", "slug": "tennis", "id": 5}, "id": 1555, "flag": "other"}, "userCount": 98, "id": 14770, "hasEventPlayerStatistics": false}, "id": 79016}, "customId": "rjOcsekOc", "status": {"code": 100, "description": "Ended", "type": "finished"}, "winnerCode": 2, "homeTeam": {"name": "Kanev G.", "slug": "kanev-georgi", "shortName": "Kanev G.", "userCount": 11, "nameCode": "KGE", "national": false, "type": 1, "id": 347967, "subTeams": [], "teamColors": {"primary": "#52b030", "secondary": "#52b030", "text": "#ffffff"}}, "awayTeam": {"name": "Mirchev Rumen", "slug": "mirchev-rumen", "shortName": "Mirchev Rumen", "userCount": 10, "nameCode": "MRU", "national": false, "type": 1, "id": 348004, "subTeams": [], "teamColors": {"primary": "#52b030", "secondary": "#52b030", "text": "#ffffff"}}, "homeScore": {"current": 1, "display": 1, "period1": 4, "period2": 6, "period3": 5, "normaltime": 1}, "awayScore": {"current": 2, "display": 2, "period1": 6, "period2": 3, "period3": 10, "normaltime": 2}, "time": {"current": 4085, "period1": 1605, "period2": 1765, "period3": 715, "currentPeriodStartTimestamp": 1590585007}, "changes": {"changes": ["status.code", "status.description", "status.type", "homeScore.period3", "homeScore.normaltime", "awayScore.current", "awayScore.display", "awayScore.period3", "awayScore.normaltime"], "changeTimestamp": 1590585156}, "hasGlobalHighlights": false, "id": 8672257, "startTimestamp": 1590579000, "slug": "mirchev-rumen-kanev", "periods": {"point": "Game", "current": "Match", "period1": "1st set", "period2": "2nd set", "period3": "3rd set", "period4": "4th set", "period5": "5th set"}, "finalResultOnly": false}, {"tournament": {"name": "Liga Pro", "slug": "liga-pro", "category": {"name": "Other", "slug": "other", "sport": {"name": "Tennis", "slug": "tennis", "id": 5}, "id": 1555, "flag": "other"}, "uniqueTournament": {"name": "Liga Pro", "slug": "liga-pro", "category": {"name": "Other", "slug": "other", "sport": {"name": "Tennis", "slug": "tennis", "id": 5}, "id": 1555, "flag": "other"}, "userCount": 98, "id": 14770, "hasEventPlayerStatistics": false}, "id": 79016}, "customId": "fkOcsgkOc", "status": {"code": 100, "description": "Ended", "type": "finished"}, "winnerCode": 2, "homeTeam": {"name": "Slavov Gergi", "slug": "slavov-gergi", "shortName": "Slavov Gergi", "userCount": 8, "nameCode": "SGE", "national": false, "type": 1, "id": 348005, "subTeams": [], "teamColors": {"primary": "#52b030", "secondary": "#52b030", "text": "#ffffff"}}, "awayTeam": {"name": "Mitev K.", "slug": "mitev-kristian", "shortName": "Mitev K.", "userCount": 22, "nameCode": "MKR", "national": false, "type": 1, "id": 348006, "subTeams": [], "teamColors": {"primary": "#52b030", "secondary": "#52b030", "text": "#ffffff"}}, "homeScore": {"current": 0, "display": 0, "period1": 3, "period2": 2, "normaltime": 0}, "awayScore": {"current": 2, "display": 2, "period1": 6, "period2": 6, "normaltime": 2}, "time": {"current": 3507, "period1": 1928, "period2": 1579, "currentPeriodStartTimestamp": 1590589360}, "changes": {"changes": ["status.code", "status.description", "status.type", "homeScore.normaltime", "awayScore.current", "awayScore.display", "awayScore.period2", "awayScore.normaltime"], "changeTimestamp": 1590589473}, "hasGlobalHighlights": false, "id": 8672258, "startTimestamp": 1590584400, "slug": "mitev-slavov-gergi", "periods": {"point": "Game", "current": "Match", "period1": "1st set", "period2": "2nd set", "period3": "3rd set", "period4": "4th set", "period5": "5th set"}, "finalResultOnly": false}], "hasNextPage": true}