{"events": [{"tournament": {"name": "Liga Pro", "slug": "liga-pro", "category": {"name": "Other", "slug": "other", "sport": {"name": "Tennis", "slug": "tennis", "id": 5}, "id": 1555, "flag": "other"}, "uniqueTournament": {"name": "Liga Pro", "slug": "liga-pro", "category": {"name": "Other", "slug": "other", "sport": {"name": "Tennis", "slug": "tennis", "id": 5}, "id": 1555, "flag": "other"}, "userCount": 98, "id": 14770, "hasEventPlayerStatistics": false}, "id": 79016}, "customId": "pCNcsiONc", "status": {"code": 70, "description": "Canceled", "type": "canceled"}, "winnerCode": 0, "homeTeam": {"name": "Sosim A.", "slug": "sosim-aleksandr", "shortName": "Sosim A.", "userCount": 5, "nameCode": "SAL", "national": false, "type": 1, "id": 346365, "subTeams": [], "teamColors": {"primary": "#52b030", "secondary": "#52b030", "text": "#ffffff"}}, "awayTeam": {"name": "Kopan A.", "slug": "kopan-alexander", "shortName": "Kopan A.", "userCount": 1, "nameCode": "KAL", "national": false, "type": 1, "id": 346958, "subTeams": [], "teamColors": {"primary": "#52b030", "secondary": "#52b030", "text": "#ffffff"}}, "homeScore": {}, "awayScore": {}, "time": {"currentPeriodStartTimestamp": 1589543936}, "changes": {"changes": ["status.code", "status.description", "status.type"], "changeTimestamp": 1589544071}, "hasGlobalHighlights": false, "id": 8655344, "startTimestamp": 1589562000, "slug": "kopan-sosim", "periods": {"point": "Game", "current": "Match", "period1": "1st set", "period2": "2nd set", "period3": "3rd set", "period4": "4th set", "period5": "5th set"}, "finalResultOnly": false}, {"tournament": {"name": "Liga Pro", "slug": "liga-pro", "category": {"name": "Other", "slug": "other", "sport": {"name": "Tennis", "slug": "tennis", "id": 5}, "id": 1555, "flag": "other"}, "uniqueTournament": {"name": "Liga Pro", "slug": "liga-pro", "category": {"name": "Other", "slug": "other", "sport": {"name": "Tennis", "slug": "tennis", "id": 5}, "id": 1555, "flag": "other"}, "userCount": 98, "id": 14770, "hasEventPlayerStatistics": false}, "id": 79016}, "customId": "ChNcsDhNc", "status": {"code": 100, "description": "Ended", "type": "finished"}, "winnerCode": 1, "homeTeam": {"name": "Susha S.", "slug": "susha-sergey", "shortName": "Susha S.", "userCount": 19, "nameCode": "SSE", "national": false, "type": 1, "id": 345378, "subTeams": [], "teamColors": {"primary": "#52b030", "secondary": "#52b030", "text": "#ffffff"}}, "awayTeam": {"name": "Ermalinsky D.", "slug": "ermalinsky-dmitry", "shortName": "Ermalinsky D.", "userCount": 12, "nameCode": "EDM", "national": false, "type": 1, "id": 345377, "subTeams": [], "teamColors": {"primary": "#52b030", "secondary": "#52b030", "text": "#ffffff"}}, "homeScore": {"current": 2, "display": 2, "period1": 6, "period2": 6, "normaltime": 2}, "awayScore": {"current": 0, "display": 0, "period1": 2, "period2": 4, "normaltime": 0}, "time": {"current": 5148, "period1": 1460, "period2": 3688, "currentPeriodStartTimestamp": 1589574635}, "changes": {"changes": ["status.code", "status.description", "status.type", "homeScore.current", "homeScore.display", "homeScore.period2", "homeScore.normaltime", "awayScore.normaltime"], "changeTimestamp": 1589574667}, "hasGlobalHighlights": false, "id": 8655345, "startTimestamp": 1589565600, "slug": "susha-ermalinsky", "periods": {"point": "Game", "current": "Match", "period1": "1st set", "period2": "2nd set", "period3": "3rd set", "period4": "4th set", "period5": "5th set"}, "finalResultOnly": false}, {"tournament": {"name": "Liga Pro", "slug": "liga-pro", "category": {"name": "Other", "slug": "other", "sport": {"name": "Tennis", "slug": "tennis", "id": 5}, "id": 1555, "flag": "other"}, "uniqueTournament": {"name": "Liga Pro", "slug": "liga-pro", "category": {"name": "Other", "slug": "other", "sport": {"name": "Tennis", "slug": "tennis", "id": 5}, "id": 1555, "flag": "other"}, "userCount": 98, "id": 14770, "hasEventPlayerStatistics": false}, "id": 79016}, "customId": "vhNcszuNc", "status": {"code": 70, "description": "Canceled", "type": "canceled"}, "winnerCode": 0, "homeTeam": {"name": "Matsulevich Y.", "slug": "matsulevich-yaroslav", "shortName": "Matsulevich Y.", "gender": "M", "userCount": 21, "nameCode": "MYA", "national": false, "type": 1, "id": 345370, "subTeams": [], "teamColors": {"primary": "#52b030", "secondary": "#52b030", "text": "#ffffff"}}, "awayTeam": {"name": "Glebov L.", "slug": "glebov-leonid", "shortName": "Glebov L.", "gender": "M", "userCount": 17, "nameCode": "GLE", "national": false, "type": 1, "id": 345974, "subTeams": [], "teamColors": {"primary": "#52b030", "secondary": "#52b030", "text": "#ffffff"}}, "homeScore": {}, "awayScore": {}, "time": {}, "changes": {"changes": ["status.code", "status.description", "status.type"], "changeTimestamp": 1589649760}, "hasGlobalHighlights": false, "id": 8656405, "startTimestamp": 1589619600, "slug": "glebov-matsulevich", "periods": {"point": "Game", "current": "Match", "period1": "1st set", "period2": "2nd set", "period3": "3rd set", "period4": "4th set", "period5": "5th set"}, "finalResultOnly": false}, {"tournament": {"name": "Liga Pro", "slug": "liga-pro", "category": {"name": "Other", "slug": "other", "sport": {"name": "Tennis", "slug": "tennis", "id": 5}, "id": 1555, "flag": "other"}, "uniqueTournament": {"name": "Liga Pro", "slug": "liga-pro", "category": {"name": "Other", "slug": "other", "sport": {"name": "Tennis", "slug": "tennis", "id": 5}, "id": 1555, "flag": "other"}, "userCount": 98, "id": 14770, "hasEventPlayerStatistics": false}, "id": 79016}, "customId": "VmNcsjONc", "status": {"code": 70, "description": "Canceled", "type": "canceled"}, "winnerCode": 0, "homeTeam": {"name": "Chebotarev V.", "slug": "chebotarev-vladimir", "shortName": "Chebotarev V.", "userCount": 18, "nameCode": "CVL", "national": false, "type": 1, "id": 345645, "subTeams": [], "teamColors": {"primary": "#52b030", "secondary": "#52b030", "text": "#ffffff"}}, "awayTeam": {"name": "Karlashov A.", "slug": "karlashov-anton", "shortName": "Karlashov A.", "userCount": 8, "nameCode": "KAN", "national": false, "type": 1, "id": 346959, "subTeams": [], "teamColors": {"primary": "#52b030", "secondary": "#52b030", "text": "#ffffff"}}, "homeScore": {}, "awayScore": {}, "time": {}, "changes": {"changes": ["status.code", "status.description", "status.type"], "changeTimestamp": 1589649760}, "hasGlobalHighlights": false, "id": 8656406, "startTimestamp": 1589623200, "slug": "karlashov-chebotarev", "periods": {"point": "Game", "current": "Match", "period1": "1st set", "period2": "2nd set", "period3": "3rd set", "period4": "4th set", "period5": "5th set"}, "finalResultOnly": false}, {"tournament": {"name": "Liga Pro", "slug": "liga-pro", "category": {"name": "Other", "slug": "other", "sport": {"name": "Tennis", "slug": "tennis", "id": 5}, "id": 1555, "flag": "other"}, "uniqueTournament": {"name": "Liga Pro", "slug": "liga-pro", "category": {"name": "Other", "slug": "other", "sport": {"name": "Tennis", "slug": "tennis", "id": 5}, "id": 1555, "flag": "other"}, "userCount": 98, "id": 14770, "hasEventPlayerStatistics": false}, "id": 79016}, "customId": "ClNcsgPNc", "status": {"code": 70, "description": "Canceled", "type": "canceled"}, "winnerCode": 0, "homeTeam": {"name": "Andryushchenko V.", "slug": "andryushchenko-vyacheslav", "shortName": "Andryushchenko V.", "gender": "M", "userCount": 35, "nameCode": "AVY", "disabled": false, "national": false, "type": 1, "id": 345577, "subTeams": [], "teamColors": {"primary": "#52b030", "secondary": "#52b030", "text": "#ffffff"}}, "awayTeam": {"name": "Demyan G.", "slug": "demyan-gursky", "shortName": "Demyan G.", "userCount": 4, "nameCode": "DGU", "national": false, "type": 1, "id": 347006, "subTeams": [], "teamColors": {"primary": "#52b030", "secondary": "#52b030", "text": "#ffffff"}}, "homeScore": {}, "awayScore": {}, "time": {}, "changes": {"changes": ["status.code", "status.description", "status.type"], "changeTimestamp": 1589649760}, "hasGlobalHighlights": false, "id": 8656407, "startTimestamp": 1589628600, "slug": "demyan-andryushchenko", "periods": {"point": "Game", "current": "Match", "period1": "1st set", "period2": "2nd set", "period3": "3rd set", "period4": "4th set", "period5": "5th set"}, "finalResultOnly": false}, {"tournament": {"name": "Liga Pro", "slug": "liga-pro", "category": {"name": "Other", "slug": "other", "sport": {"name": "Tennis", "slug": "tennis", "id": 5}, "id": 1555, "flag": "other"}, "uniqueTournament": {"name": "Liga Pro", "slug": "liga-pro", "category": {"name": "Other", "slug": "other", "sport": {"name": "Tennis", "slug": "tennis", "id": 5}, "id": 1555, "flag": "other"}, "userCount": 98, "id": 14770, "hasEventPlayerStatistics": false}, "id": 79016}, "customId": "yhNcsKpNc", "status": {"code": 70, "description": "Canceled", "type": "canceled"}, "winnerCode": 0, "homeTeam": {"name": "Kozhemyachko M.", "slug": "kozhemyachko-makar", "shortName": "Kozhemyachko M.", "userCount": 15, "nameCode": "KMA", "national": false, "type": 1, "id": 345373, "subTeams": [], "teamColors": {"primary": "#52b030", "secondary": "#52b030", "text": "#ffffff"}}, "awayTeam": {"name": "Mateyuk P.", "slug": "mateyuk-pavel", "shortName": "Mateyuk P.", "userCount": 20, "nameCode": "MPA", "national": false, "type": 1, "id": 345785, "subTeams": [], "teamColors": {"primary": "#52b030", "secondary": "#52b030", "text": "#ffffff"}}, "homeScore": {}, "awayScore": {}, "time": {"currentPeriodStartTimestamp": 1589650750}, "changes": {"changes": ["status.code", "status.description", "status.type"], "changeTimestamp": 1589649760}, "hasGlobalHighlights": false, "id": 8656408, "startTimestamp": 1589632200, "slug": "mateyuk-kozhemyachko", "periods": {"point": "Game", "current": "Match", "period1": "1st set", "period2": "2nd set", "period3": "3rd set", "period4": "4th set", "period5": "5th set"}, "finalResultOnly": false}, {"tournament": {"name": "Liga Pro", "slug": "liga-pro", "category": {"name": "Other", "slug": "other", "sport": {"name": "Tennis", "slug": "tennis", "id": 5}, "id": 1555, "flag": "other"}, "uniqueTournament": {"name": "Liga Pro", "slug": "liga-pro", "category": {"name": "Other", "slug": "other", "sport": {"name": "Tennis", "slug": "tennis", "id": 5}, "id": 1555, "flag": "other"}, "userCount": 98, "id": 14770, "hasEventPlayerStatistics": false}, "id": 79016}, "customId": "UmNcsNwNc", "status": {"code": 70, "description": "Canceled", "type": "canceled"}, "winnerCode": 0, "homeTeam": {"name": "Kislyi P.", "slug": "kislyi-pavel", "shortName": "Kislyi P.", "gender": "M", "userCount": 9, "nameCode": "KPA", "national": false, "type": 1, "id": 346088, "subTeams": [], "teamColors": {"primary": "#52b030", "secondary": "#52b030", "text": "#ffffff"}}, "awayTeam": {"name": "Zhishkevich A.", "slug": "zhishkevich-andrey", "shortName": "Zhishkevich A.", "userCount": 12, "nameCode": "ZAN", "national": false, "type": 1, "id": 345644, "subTeams": [], "teamColors": {"primary": "#52b030", "secondary": "#52b030", "text": "#ffffff"}}, "homeScore": {}, "awayScore": {}, "time": {"currentPeriodStartTimestamp": 1589650750}, "changes": {"changes": ["status.code", "status.description", "status.type"], "changeTimestamp": 1589649760}, "hasGlobalHighlights": false, "id": 8656409, "startTimestamp": 1589637600, "slug": "kislyi-zhishkevich", "periods": {"point": "Game", "current": "Match", "period1": "1st set", "period2": "2nd set", "period3": "3rd set", "period4": "4th set", "period5": "5th set"}, "finalResultOnly": false}, {"tournament": {"name": "Liga Pro", "slug": "liga-pro", "category": {"name": "Other", "slug": "other", "sport": {"name": "Tennis", "slug": "tennis", "id": 5}, "id": 1555, "flag": "other"}, "uniqueTournament": {"name": "Liga Pro", "slug": "liga-pro", "category": {"name": "Other", "slug": "other", "sport": {"name": "Tennis", "slug": "tennis", "id": 5}, "id": 1555, "flag": "other"}, "userCount": 98, "id": 14770, "hasEventPlayerStatistics": false}, "id": 79016}, "customId": "AkNcsYJNc", "status": {"code": 70, "description": "Canceled", "type": "canceled"}, "winnerCode": 0, "homeTeam": {"name": "Antonovich E.", "slug": "antonovich-evgeny", "shortName": "Antonovich E.", "userCount": 9, "nameCode": "AEV", "national": false, "type": 1, "id": 345525, "subTeams": [], "teamColors": {"primary": "#52b030", "secondary": "#52b030", "text": "#ffffff"}}, "awayTeam": {"name": "Rozhkov D.", "slug": "rozhkov-dmitry", "shortName": "Rozhkov D.", "userCount": 5, "nameCode": "RDM", "national": false, "type": 1, "id": 346748, "subTeams": [], "teamColors": {"primary": "#52b030", "secondary": "#52b030", "text": "#ffffff"}}, "homeScore": {}, "awayScore": {}, "time": {"currentPeriodStartTimestamp": 1589650750}, "changes": {"changes": ["status.code", "status.description", "status.type"], "changeTimestamp": 1589649760}, "hasGlobalHighlights": false, "id": 8656410, "startTimestamp": 1589643000, "slug": "rozhkov-antonovich", "periods": {"point": "Game", "current": "Match", "period1": "1st set", "period2": "2nd set", "period3": "3rd set", "period4": "4th set", "period5": "5th set"}, "finalResultOnly": false}, {"tournament": {"name": "Liga Pro", "slug": "liga-pro", "category": {"name": "Other", "slug": "other", "sport": {"name": "Tennis", "slug": "tennis", "id": 5}, "id": 1555, "flag": "other"}, "uniqueTournament": {"name": "Liga Pro", "slug": "liga-pro", "category": {"name": "Other", "slug": "other", "sport": {"name": "Tennis", "slug": "tennis", "id": 5}, "id": 1555, "flag": "other"}, "userCount": 98, "id": 14770, "hasEventPlayerStatistics": false}, "id": 79016}, "customId": "MiNcsCuNc", "status": {"code": 70, "description": "Canceled", "type": "canceled"}, "winnerCode": 0, "homeTeam": {"name": "Cintl A.", "slug": "cintl-alex", "shortName": "Cintl A.", "userCount": 12, "nameCode": "CAL", "national": false, "type": 1, "id": 345977, "subTeams": [], "teamColors": {"primary": "#52b030", "secondary": "#52b030", "text": "#ffffff"}}, "awayTeam": {"name": "Mikulenok V.", "slug": "mikulenok-valeriy", "shortName": "Mikulenok V.", "gender": "M", "userCount": 10, "nameCode": "MVA", "national": false, "type": 1, "id": 345437, "subTeams": [], "teamColors": {"primary": "#52b030", "secondary": "#52b030", "text": "#ffffff"}}, "homeScore": {}, "awayScore": {}, "time": {"currentPeriodStartTimestamp": 1589650750}, "changes": {"changes": ["status.code", "status.description", "status.type"], "changeTimestamp": 1589649760}, "hasGlobalHighlights": false, "id": 8656433, "startTimestamp": 1589648400, "slug": "cintl-mikulenok", "periods": {"point": "Game", "current": "Match", "period1": "1st set", "period2": "2nd set", "period3": "3rd set", "period4": "4th set", "period5": "5th set"}, "finalResultOnly": false}, {"tournament": {"name": "Liga Pro", "slug": "liga-pro", "category": {"name": "Other", "slug": "other", "sport": {"name": "Tennis", "slug": "tennis", "id": 5}, "id": 1555, "flag": "other"}, "uniqueTournament": {"name": "Liga Pro", "slug": "liga-pro", "category": {"name": "Other", "slug": "other", "sport": {"name": "Tennis", "slug": "tennis", "id": 5}, "id": 1555, "flag": "other"}, "userCount": 98, "id": 14770, "hasEventPlayerStatistics": false}, "id": 79016}, "customId": "OiNcsXiNc", "status": {"code": 70, "description": "Canceled", "type": "canceled"}, "winnerCode": 0, "homeTeam": {"name": "Strebkov N.", "slug": "strebkov-nikita", "shortName": "Strebkov N.", "userCount": 13, "nameCode": "SNI", "national": false, "type": 1, "id": 345439, "subTeams": [], "teamColors": {"primary": "#52b030", "secondary": "#52b030", "text": "#ffffff"}}, "awayTeam": {"name": "Petrovskij P.", "slug": "petrovskij-pyotr", "shortName": "Petrovskij P.", "userCount": 15, "nameCode": "PPY", "national": false, "type": 1, "id": 345447, "subTeams": [], "teamColors": {"primary": "#52b030", "secondary": "#52b030", "text": "#ffffff"}}, "homeScore": {}, "awayScore": {}, "time": {"currentPeriodStartTimestamp": 1589650750}, "changes": {"changes": ["status.code", "status.description", "status.type"], "changeTimestamp": 1589649760}, "hasGlobalHighlights": false, "id": 8656476, "startTimestamp": 1589652000, "slug": "petrovskij-strebkov", "periods": {"point": "Game", "current": "Match", "period1": "1st set", "period2": "2nd set", "period3": "3rd set", "period4": "4th set", "period5": "5th set"}, "finalResultOnly": false}, {"tournament": {"name": "Liga Pro", "slug": "liga-pro", "category": {"name": "Other", "slug": "other", "sport": {"name": "Tennis", "slug": "tennis", "id": 5}, "id": 1555, "flag": "other"}, "uniqueTournament": {"name": "Liga Pro", "slug": "liga-pro", "category": {"name": "Other", "slug": "other", "sport": {"name": "Tennis", "slug": "tennis", "id": 5}, "id": 1555, "flag": "other"}, "userCount": 98, "id": 14770, "hasEventPlayerStatistics": false}, "id": 79016}, "customId": "OiNcshvNc", "status": {"code": 100, "description": "Ended", "type": "finished"}, "winnerCode": 2, "homeTeam": {"name": "Strebkov N.", "slug": "strebkov-nikita", "shortName": "Strebkov N.", "userCount": 13, "nameCode": "SNI", "national": false, "type": 1, "id": 345439, "subTeams": [], "teamColors": {"primary": "#52b030", "secondary": "#52b030", "text": "#ffffff"}}, "awayTeam": {"name": "Belov A.", "slug": "belov-aleksandr", "shortName": "Belov A.", "userCount": 19, "nameCode": "BAL", "national": false, "type": 1, "id": 346007, "subTeams": [], "teamColors": {"primary": "#52b030", "secondary": "#52b030", "text": "#ffffff"}}, "homeScore": {"current": 1, "display": 1, "period1": 7, "period2": 5, "period3": 4, "normaltime": 1}, "awayScore": {"current": 2, "display": 2, "period1": 5, "period2": 7, "period3": 10, "normaltime": 2}, "time": {"current": 5771, "period1": 2155, "period2": 2881, "period3": 735, "currentPeriodStartTimestamp": 1589798495}, "changes": {"changes": ["status.code", "status.description", "status.type", "homeScore.period3", "homeScore.normaltime", "awayScore.current", "awayScore.display", "awayScore.period3", "awayScore.normaltime"], "changeTimestamp": 1589798583}, "hasGlobalHighlights": false, "id": 8660340, "startTimestamp": 1589792400, "slug": "belov-strebkov", "periods": {"point": "Game", "current": "Match", "period1": "1st set", "period2": "2nd set", "period3": "3rd set", "period4": "4th set", "period5": "5th set"}, "finalResultOnly": false}, {"tournament": {"name": "Liga Pro", "slug": "liga-pro", "category": {"name": "Other", "slug": "other", "sport": {"name": "Tennis", "slug": "tennis", "id": 5}, "id": 1555, "flag": "other"}, "uniqueTournament": {"name": "Liga Pro", "slug": "liga-pro", "category": {"name": "Other", "slug": "other", "sport": {"name": "Tennis", "slug": "tennis", "id": 5}, "id": 1555, "flag": "other"}, "userCount": 98, "id": 14770, "hasEventPlayerStatistics": false}, "id": 79016}, "customId": "EMNcsgPNc", "status": {"code": 100, "description": "Ended", "type": "finished"}, "winnerCode": 1, "homeTeam": {"name": "Zatolgutsky S.", "slug": "zatolgutsky-sergey", "shortName": "Zatolgutsky S.", "userCount": 10, "nameCode": "ZSE", "national": false, "type": 1, "id": 346879, "subTeams": [], "teamColors": {"primary": "#52b030", "secondary": "#52b030", "text": "#ffffff"}}, "awayTeam": {"name": "Demyan G.", "slug": "demyan-gursky", "shortName": "Demyan G.", "userCount": 4, "nameCode": "DGU", "national": false, "type": 1, "id": 347006, "subTeams": [], "teamColors": {"primary": "#52b030", "secondary": "#52b030", "text": "#ffffff"}}, "homeScore": {"current": 2, "display": 2, "period1": 6, "period2": 6, "normaltime": 2}, "awayScore": {"current": 0, "display": 0, "period1": 2, "period2": 1, "normaltime": 0}, "time": {"current": 4524, "period1": 2014, "period2": 2510, "currentPeriodStartTimestamp": 1589803462}, "changes": {"changes": ["status.code", "status.description", "status.type", "homeScore.current", "homeScore.display", "homeScore.period2", "homeScore.normaltime", "awayScore.normaltime"], "changeTimestamp": 1589803623}, "hasGlobalHighlights": false, "id": 8660341, "startTimestamp": 1589796000, "slug": "demyan-zatolgutsky", "periods": {"point": "Game", "current": "Match", "period1": "1st set", "period2": "2nd set", "period3": "3rd set", "period4": "4th set", "period5": "5th set"}, "finalResultOnly": false}, {"tournament": {"name": "Liga Pro", "slug": "liga-pro", "category": {"name": "Other", "slug": "other", "sport": {"name": "Tennis", "slug": "tennis", "id": 5}, "id": 1555, "flag": "other"}, "uniqueTournament": {"name": "Liga Pro", "slug": "liga-pro", "category": {"name": "Other", "slug": "other", "sport": {"name": "Tennis", "slug": "tennis", "id": 5}, "id": 1555, "flag": "other"}, "userCount": 98, "id": 14770, "hasEventPlayerStatistics": false}, "id": 79016}, "customId": "EhNcsdANc", "status": {"code": 100, "description": "Ended", "type": "finished"}, "winnerCode": 2, "homeTeam": {"name": "Korban S.", "slug": "korban-sergey", "shortName": "Korban S.", "userCount": 12, "nameCode": "KSE", "national": false, "type": 1, "id": 346253, "subTeams": [], "teamColors": {"primary": "#52b030", "secondary": "#52b030", "text": "#ffffff"}}, "awayTeam": {"name": "Krivalchevich A.", "slug": "krivalchevich-aleksandr", "shortName": "Krivalchevich A.", "userCount": 17, "nameCode": "KAL", "national": false, "type": 1, "id": 345379, "subTeams": [], "teamColors": {"primary": "#52b030", "secondary": "#52b030", "text": "#ffffff"}}, "homeScore": {"current": 0, "display": 0, "period1": 2, "period2": 3, "normaltime": 0}, "awayScore": {"current": 2, "display": 2, "period1": 6, "period2": 6, "normaltime": 2}, "time": {"current": 5286, "period1": 1807, "period2": 3479, "currentPeriodStartTimestamp": 1589809278}, "changes": {"changes": ["status.code", "status.description", "status.type", "homeScore.normaltime", "awayScore.current", "awayScore.display", "awayScore.period2", "awayScore.normaltime"], "changeTimestamp": 1589809385}, "hasGlobalHighlights": false, "id": 8660342, "startTimestamp": 1589801400, "slug": "korban-krivalchevich", "periods": {"point": "Game", "current": "Match", "period1": "1st set", "period2": "2nd set", "period3": "3rd set", "period4": "4th set", "period5": "5th set"}, "finalResultOnly": false}, {"tournament": {"name": "Liga Pro", "slug": "liga-pro", "category": {"name": "Other", "slug": "other", "sport": {"name": "Tennis", "slug": "tennis", "id": 5}, "id": 1555, "flag": "other"}, "uniqueTournament": {"name": "Liga Pro", "slug": "liga-pro", "category": {"name": "Other", "slug": "other", "sport": {"name": "Tennis", "slug": "tennis", "id": 5}, "id": 1555, "flag": "other"}, "userCount": 98, "id": 14770, "hasEventPlayerStatistics": false}, "id": 79016}, "customId": "ClNcsoCNc", "status": {"code": 100, "description": "Ended", "type": "finished"}, "winnerCode": 1, "homeTeam": {"name": "Andryushchenko V.", "slug": "andryushchenko-vyacheslav", "shortName": "Andryushchenko V.", "gender": "M", "userCount": 35, "nameCode": "AVY", "disabled": false, "national": false, "type": 1, "id": 345577, "subTeams": [], "teamColors": {"primary": "#52b030", "secondary": "#52b030", "text": "#ffffff"}}, "awayTeam": {"name": "Molcan K.", "slug": "molcan-konstantin", "shortName": "Molcan K.", "gender": "M", "userCount": 10, "nameCode": "MKO", "national": false, "type": 1, "id": 346364, "subTeams": [], "teamColors": {"primary": "#52b030", "secondary": "#52b030", "text": "#ffffff"}}, "homeScore": {"current": 2, "display": 2, "period1": 6, "period2": 6, "normaltime": 2}, "awayScore": {"current": 0, "display": 0, "period1": 3, "period2": 4, "normaltime": 0}, "time": {"current": 5185, "period1": 2349, "period2": 2836, "currentPeriodStartTimestamp": 1589814967}, "changes": {"changes": ["status.code", "status.description", "status.type", "homeScore.current", "homeScore.display", "homeScore.period2", "homeScore.normaltime", "awayScore.normaltime"], "changeTimestamp": 1589815146}, "hasGlobalHighlights": false, "id": 8660347, "startTimestamp": 1589805000, "slug": "molcan-andryushchenko", "periods": {"point": "Game", "current": "Match", "period1": "1st set", "period2": "2nd set", "period3": "3rd set", "period4": "4th set", "period5": "5th set"}, "finalResultOnly": false}, {"tournament": {"name": "Liga Pro", "slug": "liga-pro", "category": {"name": "Other", "slug": "other", "sport": {"name": "Tennis", "slug": "tennis", "id": 5}, "id": 1555, "flag": "other"}, "uniqueTournament": {"name": "Liga Pro", "slug": "liga-pro", "category": {"name": "Other", "slug": "other", "sport": {"name": "Tennis", "slug": "tennis", "id": 5}, "id": 1555, "flag": "other"}, "userCount": 98, "id": 14770, "hasEventPlayerStatistics": false}, "id": 79016}, "customId": "yhNcsKpNc", "status": {"code": 100, "description": "Ended", "type": "finished"}, "winnerCode": 2, "homeTeam": {"name": "Kozhemyachko M.", "slug": "kozhemyachko-makar", "shortName": "Kozhemyachko M.", "userCount": 15, "nameCode": "KMA", "national": false, "type": 1, "id": 345373, "subTeams": [], "teamColors": {"primary": "#52b030", "secondary": "#52b030", "text": "#ffffff"}}, "awayTeam": {"name": "Mateyuk P.", "slug": "mateyuk-pavel", "shortName": "Mateyuk P.", "userCount": 20, "nameCode": "MPA", "national": false, "type": 1, "id": 345785, "subTeams": [], "teamColors": {"primary": "#52b030", "secondary": "#52b030", "text": "#ffffff"}}, "homeScore": {"current": 0, "display": 0, "period1": 6, "period2": 4, "normaltime": 0}, "awayScore": {"current": 2, "display": 2, "period1": 7, "period2": 6, "normaltime": 2}, "time": {"current": 5430, "period1": 3089, "period2": 2341, "currentPeriodStartTimestamp": 1589821077}, "changes": {"changes": ["status.code", "status.description", "status.type", "homeScore.normaltime", "awayScore.current", "awayScore.display", "awayScore.period2", "awayScore.normaltime"], "changeTimestamp": 1589821087}, "hasGlobalHighlights": false, "id": 8660348, "startTimestamp": 1589810400, "slug": "mateyuk-kozhemyachko", "periods": {"point": "Game", "current": "Match", "period1": "1st set", "period2": "2nd set", "period3": "3rd set", "period4": "4th set", "period5": "5th set"}, "finalResultOnly": false}, {"tournament": {"name": "Liga Pro", "slug": "liga-pro", "category": {"name": "Other", "slug": "other", "sport": {"name": "Tennis", "slug": "tennis", "id": 5}, "id": 1555, "flag": "other"}, "uniqueTournament": {"name": "Liga Pro", "slug": "liga-pro", "category": {"name": "Other", "slug": "other", "sport": {"name": "Tennis", "slug": "tennis", "id": 5}, "id": 1555, "flag": "other"}, "userCount": 98, "id": 14770, "hasEventPlayerStatistics": false}, "id": 79016}, "customId": "AhNcsQiNc", "status": {"code": 100, "description": "Ended", "type": "finished"}, "winnerCode": 1, "homeTeam": {"name": "Sheiko A.", "slug": "sheiko-andrey", "shortName": "Sheiko A.", "userCount": 39, "nameCode": "SAN", "national": false, "type": 1, "id": 345375, "subTeams": [], "teamColors": {"primary": "#52b030", "secondary": "#52b030", "text": "#ffffff"}}, "awayTeam": {"name": "Sokolovskiy N.", "slug": "sokolovskiy-nikita", "shortName": "Sokolovskiy N.", "userCount": 15, "nameCode": "SNI", "national": false, "type": 1, "id": 345441, "subTeams": [], "teamColors": {"primary": "#52b030", "secondary": "#52b030", "text": "#ffffff"}}, "homeScore": {"current": 2, "display": 2, "period1": 3, "period2": 6, "period3": 10, "normaltime": 2}, "awayScore": {"current": 1, "display": 1, "period1": 6, "period2": 2, "period3": 5, "normaltime": 1}, "time": {"current": 4243, "period1": 1801, "period2": 1697, "period3": 745, "currentPeriodStartTimestamp": 1589825391}, "changes": {"changes": ["status.code", "status.description", "status.type", "homeScore.current", "homeScore.display", "homeScore.period3", "homeScore.normaltime", "awayScore.period3", "awayScore.normaltime"], "changeTimestamp": 1589825405}, "hasGlobalHighlights": false, "id": 8660349, "startTimestamp": 1589815800, "slug": "sokolovskiy-sheiko", "periods": {"point": "Game", "current": "Match", "period1": "1st set", "period2": "2nd set", "period3": "3rd set", "period4": "4th set", "period5": "5th set"}, "finalResultOnly": false}, {"tournament": {"name": "Liga Pro", "slug": "liga-pro", "category": {"name": "Other", "slug": "other", "sport": {"name": "Tennis", "slug": "tennis", "id": 5}, "id": 1555, "flag": "other"}, "uniqueTournament": {"name": "Liga Pro", "slug": "liga-pro", "category": {"name": "Other", "slug": "other", "sport": {"name": "Tennis", "slug": "tennis", "id": 5}, "id": 1555, "flag": "other"}, "userCount": 98, "id": 14770, "hasEventPlayerStatistics": false}, "id": 79016}, "customId": "XiNcsCuNc", "status": {"code": 100, "description": "Ended", "type": "finished"}, "winnerCode": 1, "homeTeam": {"name": "Cintl A.", "slug": "cintl-alex", "shortName": "Cintl A.", "userCount": 12, "nameCode": "CAL", "national": false, "type": 1, "id": 345977, "subTeams": [], "teamColors": {"primary": "#52b030", "secondary": "#52b030", "text": "#ffffff"}}, "awayTeam": {"name": "Petrovskij P.", "slug": "petrovskij-pyotr", "shortName": "Petrovskij P.", "userCount": 15, "nameCode": "PPY", "national": false, "type": 1, "id": 345447, "subTeams": [], "teamColors": {"primary": "#52b030", "secondary": "#52b030", "text": "#ffffff"}}, "homeScore": {"current": 2, "display": 2, "period1": 7, "period2": 2, "period3": 10, "normaltime": 2}, "awayScore": {"current": 1, "display": 1, "period1": 5, "period2": 6, "period3": 6, "normaltime": 1}, "time": {"current": 6925, "period1": 3333, "period2": 2764, "period3": 828, "currentPeriodStartTimestamp": 1589833175}, "changes": {"changes": ["status.code", "status.description", "status.type", "homeScore.current", "homeScore.display", "homeScore.period3", "homeScore.normaltime", "awayScore.period3", "awayScore.normaltime"], "changeTimestamp": 1589833327}, "hasGlobalHighlights": false, "id": 8660350, "startTimestamp": 1589821200, "slug": "cintl-petrovskij", "periods": {"point": "Game", "current": "Match", "period1": "1st set", "period2": "2nd set", "period3": "3rd set", "period4": "4th set", "period5": "5th set"}, "finalResultOnly": false}, {"tournament": {"name": "Liga Pro", "slug": "liga-pro", "category": {"name": "Other", "slug": "other", "sport": {"name": "Tennis", "slug": "tennis", "id": 5}, "id": 1555, "flag": "other"}, "uniqueTournament": {"name": "Liga Pro", "slug": "liga-pro", "category": {"name": "Other", "slug": "other", "sport": {"name": "Tennis", "slug": "tennis", "id": 5}, "id": 1555, "flag": "other"}, "userCount": 98, "id": 14770, "hasEventPlayerStatistics": false}, "id": 79016}, "customId": "vhNcsIENc", "status": {"code": 100, "description": "Ended", "type": "finished"}, "winnerCode": 1, "homeTeam": {"name": "Matsulevich Y.", "slug": "matsulevich-yaroslav", "shortName": "Matsulevich Y.", "gender": "M", "userCount": 21, "nameCode": "MYA", "national": false, "type": 1, "id": 345370, "subTeams": [], "teamColors": {"primary": "#52b030", "secondary": "#52b030", "text": "#ffffff"}}, "awayTeam": {"name": "Zavrazhnov S.", "slug": "zavrazhnov-sergey", "shortName": "Zavrazhnov S.", "userCount": 5, "nameCode": "ZSE", "national": false, "type": 1, "id": 346483, "subTeams": [], "teamColors": {"primary": "#52b030", "secondary": "#52b030", "text": "#ffffff"}}, "homeScore": {"current": 2, "display": 2, "period1": 6, "period2": 6, "period3": 10, "normaltime": 2}, "awayScore": {"current": 1, "display": 1, "period1": 7, "period2": 2, "period3": 3, "normaltime": 1}, "time": {"current": 4381, "period1": 2525, "period2": 1430, "period3": 426, "currentPeriodStartTimestamp": 1589837924}, "changes": {"changes": ["status.code", "status.description", "status.type", "homeScore.current", "homeScore.display", "homeScore.period3", "homeScore.normaltime", "awayScore.period3", "awayScore.normaltime"], "changeTimestamp": 1589838006}, "hasGlobalHighlights": false, "id": 8660351, "startTimestamp": 1589828400, "slug": "zavrazhnov-matsulevich", "periods": {"point": "Game", "current": "Match", "period1": "1st set", "period2": "2nd set", "period3": "3rd set", "period4": "4th set", "period5": "5th set"}, "finalResultOnly": false}, {"tournament": {"name": "Liga Pro", "slug": "liga-pro", "category": {"name": "Other", "slug": "other", "sport": {"name": "Tennis", "slug": "tennis", "id": 5}, "id": 1555, "flag": "other"}, "uniqueTournament": {"name": "Liga Pro", "slug": "liga-pro", "category": {"name": "Other", "slug": "other", "sport": {"name": "Tennis", "slug": "tennis", "id": 5}, "id": 1555, "flag": "other"}, "userCount": 98, "id": 14770, "hasEventPlayerStatistics": false}, "id": 79016}, "customId": "NpNcsZENc", "status": {"code": 100, "description": "Ended", "type": "finished"}, "winnerCode": 1, "homeTeam": {"name": "Krivko V.", "slug": "krivko-vitaly", "shortName": "Krivko V.", "userCount": 11, "nameCode": "KVI", "national": false, "type": 1, "id": 345788, "subTeams": [], "teamColors": {"primary": "#52b030", "secondary": "#52b030", "text": "#ffffff"}}, "awayTeam": {"name": "Dobrovolsky A.", "slug": "dobrovolsky-aleksandr", "shortName": "Dobrovolsky A.", "userCount": 4, "nameCode": "DAL", "national": false, "type": 1, "id": 346499, "subTeams": [], "teamColors": {"primary": "#52b030", "secondary": "#52b030", "text": "#ffffff"}}, "homeScore": {"current": 2, "display": 2, "period1": 6, "period2": 6, "normaltime": 2}, "awayScore": {"current": 0, "display": 0, "period1": 1, "period2": 2, "normaltime": 0}, "time": {"current": 4157, "period1": 2034, "period2": 2123, "currentPeriodStartTimestamp": 1589883491}, "changes": {"changes": ["status.code", "status.description", "status.type", "homeScore.current", "homeScore.display", "homeScore.period2", "homeScore.normaltime", "awayScore.normaltime"], "changeTimestamp": 1589883542}, "hasGlobalHighlights": false, "id": 8660717, "startTimestamp": 1589878800, "slug": "dobrovolsky-krivko", "periods": {"point": "Game", "current": "Match", "period1": "1st set", "period2": "2nd set", "period3": "3rd set", "period4": "4th set", "period5": "5th set"}, "finalResultOnly": false}, {"tournament": {"name": "Liga Pro", "slug": "liga-pro", "category": {"name": "Other", "slug": "other", "sport": {"name": "Tennis", "slug": "tennis", "id": 5}, "id": 1555, "flag": "other"}, "uniqueTournament": {"name": "Liga Pro", "slug": "liga-pro", "category": {"name": "Other", "slug": "other", "sport": {"name": "Tennis", "slug": "tennis", "id": 5}, "id": 1555, "flag": "other"}, "userCount": 98, "id": 14770, "hasEventPlayerStatistics": false}, "id": 79016}, "customId": "jONcsgPNc", "status": {"code": 100, "description": "Ended", "type": "finished"}, "winnerCode": 2, "homeTeam": {"name": "Demyan G.", "slug": "demyan-gursky", "shortName": "Demyan G.", "userCount": 4, "nameCode": "DGU", "national": false, "type": 1, "id": 347006, "subTeams": [], "teamColors": {"primary": "#52b030", "secondary": "#52b030", "text": "#ffffff"}}, "awayTeam": {"name": "Karlashov A.", "slug": "karlashov-anton", "shortName": "Karlashov A.", "userCount": 8, "nameCode": "KAN", "national": false, "type": 1, "id": 346959, "subTeams": [], "teamColors": {"primary": "#52b030", "secondary": "#52b030", "text": "#ffffff"}}, "homeScore": {"current": 1, "display": 1, "period1": 6, "period2": 5, "period3": 4, "normaltime": 1}, "awayScore": {"current": 2, "display": 2, "period1": 3, "period2": 7, "period3": 10, "normaltime": 2}, "time": {"current": 5952, "period1": 1684, "period2": 3622, "period3": 646, "currentPeriodStartTimestamp": 1589889737}, "changes": {"changes": ["status.code", "status.description", "status.type", "homeScore.period3", "homeScore.normaltime", "awayScore.current", "awayScore.display", "awayScore.period3", "awayScore.normaltime"], "changeTimestamp": 1589889844}, "hasGlobalHighlights": false, "id": 8660718, "startTimestamp": 1589882400, "slug": "demyan-karlashov", "periods": {"point": "Game", "current": "Match", "period1": "1st set", "period2": "2nd set", "period3": "3rd set", "period4": "4th set", "period5": "5th set"}, "finalResultOnly": false}, {"tournament": {"name": "Liga Pro", "slug": "liga-pro", "category": {"name": "Other", "slug": "other", "sport": {"name": "Tennis", "slug": "tennis", "id": 5}, "id": 1555, "flag": "other"}, "uniqueTournament": {"name": "Liga Pro", "slug": "liga-pro", "category": {"name": "Other", "slug": "other", "sport": {"name": "Tennis", "slug": "tennis", "id": 5}, "id": 1555, "flag": "other"}, "userCount": 98, "id": 14770, "hasEventPlayerStatistics": false}, "id": 79016}, "customId": "edNcsYJNc", "status": {"code": 100, "description": "Ended", "type": "finished"}, "winnerCode": 2, "homeTeam": {"name": "Rozhkov D.", "slug": "rozhkov-dmitry", "shortName": "Rozhkov D.", "userCount": 5, "nameCode": "RDM", "national": false, "type": 1, "id": 346748, "subTeams": [], "teamColors": {"primary": "#52b030", "secondary": "#52b030", "text": "#ffffff"}}, "awayTeam": {"name": "Selitsky A.", "slug": "selitsky-alexey", "shortName": "Selitsky A.", "userCount": 6, "nameCode": "SAL", "national": false, "type": 1, "id": 345154, "subTeams": [], "teamColors": {"primary": "#52b030", "secondary": "#52b030", "text": "#ffffff"}}, "homeScore": {"current": 1, "display": 1, "period1": 6, "period2": 6, "period3": 8, "normaltime": 1}, "awayScore": {"current": 2, "display": 2, "period1": 7, "period2": 1, "period3": 10, "normaltime": 2}, "time": {"current": 6489, "period1": 3361, "period2": 2236, "period3": 892, "currentPeriodStartTimestamp": 1589896780}, "changes": {"changes": ["status.code", "status.description", "status.type", "homeScore.period3", "homeScore.normaltime", "awayScore.current", "awayScore.display", "awayScore.period3", "awayScore.normaltime"], "changeTimestamp": 1589896869}, "hasGlobalHighlights": false, "id": 8660725, "startTimestamp": 1589887800, "slug": "rozhkov-selitsky", "periods": {"point": "Game", "current": "Match", "period1": "1st set", "period2": "2nd set", "period3": "3rd set", "period4": "4th set", "period5": "5th set"}, "finalResultOnly": false}, {"tournament": {"name": "Liga Pro", "slug": "liga-pro", "category": {"name": "Other", "slug": "other", "sport": {"name": "Tennis", "slug": "tennis", "id": 5}, "id": 1555, "flag": "other"}, "uniqueTournament": {"name": "Liga Pro", "slug": "liga-pro", "category": {"name": "Other", "slug": "other", "sport": {"name": "Tennis", "slug": "tennis", "id": 5}, "id": 1555, "flag": "other"}, "userCount": 98, "id": 14770, "hasEventPlayerStatistics": false}, "id": 79016}, "customId": "vhNcszuNc", "status": {"code": 100, "description": "Ended", "type": "finished"}, "winnerCode": 1, "homeTeam": {"name": "Matsulevich Y.", "slug": "matsulevich-yaroslav", "shortName": "Matsulevich Y.", "gender": "M", "userCount": 21, "nameCode": "MYA", "national": false, "type": 1, "id": 345370, "subTeams": [], "teamColors": {"primary": "#52b030", "secondary": "#52b030", "text": "#ffffff"}}, "awayTeam": {"name": "Glebov L.", "slug": "glebov-leonid", "shortName": "Glebov L.", "gender": "M", "userCount": 17, "nameCode": "GLE", "national": false, "type": 1, "id": 345974, "subTeams": [], "teamColors": {"primary": "#52b030", "secondary": "#52b030", "text": "#ffffff"}}, "homeScore": {"current": 2, "display": 2, "period1": 6, "period2": 6, "normaltime": 2}, "awayScore": {"current": 0, "display": 0, "period1": 4, "period2": 2, "normaltime": 0}, "time": {"current": 3983, "period1": 2232, "period2": 1751, "currentPeriodStartTimestamp": 1589901167}, "changes": {"changes": ["status.code", "status.description", "status.type", "homeScore.current", "homeScore.display", "homeScore.period2", "homeScore.normaltime", "awayScore.normaltime"], "changeTimestamp": 1589901186}, "hasGlobalHighlights": false, "id": 8660719, "startTimestamp": 1589891400, "slug": "glebov-matsulevich", "periods": {"point": "Game", "current": "Match", "period1": "1st set", "period2": "2nd set", "period3": "3rd set", "period4": "4th set", "period5": "5th set"}, "finalResultOnly": false}, {"tournament": {"name": "Liga Pro", "slug": "liga-pro", "category": {"name": "Other", "slug": "other", "sport": {"name": "Tennis", "slug": "tennis", "id": 5}, "id": 1555, "flag": "other"}, "uniqueTournament": {"name": "Liga Pro", "slug": "liga-pro", "category": {"name": "Other", "slug": "other", "sport": {"name": "Tennis", "slug": "tennis", "id": 5}, "id": 1555, "flag": "other"}, "userCount": 98, "id": 14770, "hasEventPlayerStatistics": false}, "id": 79016}, "customId": "hvNcsNwNc", "status": {"code": 100, "description": "Ended", "type": "finished"}, "winnerCode": 2, "homeTeam": {"name": "Kislyi P.", "slug": "kislyi-pavel", "shortName": "Kislyi P.", "gender": "M", "userCount": 9, "nameCode": "KPA", "national": false, "type": 1, "id": 346088, "subTeams": [], "teamColors": {"primary": "#52b030", "secondary": "#52b030", "text": "#ffffff"}}, "awayTeam": {"name": "Belov A.", "slug": "belov-aleksandr", "shortName": "Belov A.", "userCount": 19, "nameCode": "BAL", "national": false, "type": 1, "id": 346007, "subTeams": [], "teamColors": {"primary": "#52b030", "secondary": "#52b030", "text": "#ffffff"}}, "homeScore": {"current": 0, "display": 0, "period1": 4, "period2": 3, "normaltime": 0}, "awayScore": {"current": 2, "display": 2, "period1": 6, "period2": 6, "normaltime": 2}, "time": {"current": 4207, "period1": 2323, "period2": 1884, "currentPeriodStartTimestamp": 1589906118}, "changes": {"changes": ["status.code", "status.description", "status.type", "homeScore.normaltime", "awayScore.current", "awayScore.display", "awayScore.period2", "awayScore.normaltime"], "changeTimestamp": 1589906228}, "hasGlobalHighlights": false, "id": 8660728, "startTimestamp": 1589896800, "slug": "kislyi-belov", "periods": {"point": "Game", "current": "Match", "period1": "1st set", "period2": "2nd set", "period3": "3rd set", "period4": "4th set", "period5": "5th set"}, "finalResultOnly": false}, {"tournament": {"name": "Liga Pro", "slug": "liga-pro", "category": {"name": "Other", "slug": "other", "sport": {"name": "Tennis", "slug": "tennis", "id": 5}, "id": 1555, "flag": "other"}, "uniqueTournament": {"name": "Liga Pro", "slug": "liga-pro", "category": {"name": "Other", "slug": "other", "sport": {"name": "Tennis", "slug": "tennis", "id": 5}, "id": 1555, "flag": "other"}, "userCount": 98, "id": 14770, "hasEventPlayerStatistics": false}, "id": 79016}, "customId": "yhNcsxyNc", "status": {"code": 100, "description": "Ended", "type": "finished"}, "winnerCode": 1, "homeTeam": {"name": "Lopatko V.", "slug": "lopatko-vasily", "shortName": "Lopatko V.", "userCount": 13, "nameCode": "LVA", "national": false, "type": 1, "id": 346172, "subTeams": [], "teamColors": {"primary": "#52b030", "secondary": "#52b030", "text": "#ffffff"}}, "awayTeam": {"name": "Kozhemyachko M.", "slug": "kozhemyachko-makar", "shortName": "Kozhemyachko M.", "userCount": 15, "nameCode": "KMA", "national": false, "type": 1, "id": 345373, "subTeams": [], "teamColors": {"primary": "#52b030", "secondary": "#52b030", "text": "#ffffff"}}, "homeScore": {"current": 2, "display": 2, "period1": 6, "period2": 6, "normaltime": 2}, "awayScore": {"current": 0, "display": 0, "period1": 1, "period2": 1, "normaltime": 0}, "time": {"current": 2888, "period1": 1320, "period2": 1568, "currentPeriodStartTimestamp": 1589909641}, "changes": {"changes": ["status.code", "status.description", "status.type", "homeScore.current", "homeScore.display", "homeScore.period2", "homeScore.normaltime", "awayScore.normaltime"], "changeTimestamp": 1589909646}, "hasGlobalHighlights": false, "id": 8660729, "startTimestamp": 1589902200, "slug": "lopatko-kozhemyachko", "periods": {"point": "Game", "current": "Match", "period1": "1st set", "period2": "2nd set", "period3": "3rd set", "period4": "4th set", "period5": "5th set"}, "finalResultOnly": false}, {"tournament": {"name": "Liga Pro", "slug": "liga-pro", "category": {"name": "Other", "slug": "other", "sport": {"name": "Tennis", "slug": "tennis", "id": 5}, "id": 1555, "flag": "other"}, "uniqueTournament": {"name": "Liga Pro", "slug": "liga-pro", "category": {"name": "Other", "slug": "other", "sport": {"name": "Tennis", "slug": "tennis", "id": 5}, "id": 1555, "flag": "other"}, "userCount": 98, "id": 14770, "hasEventPlayerStatistics": false}, "id": 79016}, "customId": "AhNcsMiNc", "status": {"code": 100, "description": "Ended", "type": "finished"}, "winnerCode": 2, "homeTeam": {"name": "Sheiko A.", "slug": "sheiko-andrey", "shortName": "Sheiko A.", "userCount": 39, "nameCode": "SAN", "national": false, "type": 1, "id": 345375, "subTeams": [], "teamColors": {"primary": "#52b030", "secondary": "#52b030", "text": "#ffffff"}}, "awayTeam": {"name": "Mikulenok V.", "slug": "mikulenok-valeriy", "shortName": "Mikulenok V.", "gender": "M", "userCount": 10, "nameCode": "MVA", "national": false, "type": 1, "id": 345437, "subTeams": [], "teamColors": {"primary": "#52b030", "secondary": "#52b030", "text": "#ffffff"}}, "homeScore": {"current": 0, "display": 0, "period1": 1, "period2": 1, "normaltime": 0}, "awayScore": {"current": 2, "display": 2, "period1": 6, "period2": 6, "normaltime": 2}, "time": {"current": 4219, "period1": 1963, "period2": 2256, "currentPeriodStartTimestamp": 1589914561}, "changes": {"changes": ["status.code", "status.description", "status.type", "homeScore.normaltime", "awayScore.current", "awayScore.display", "awayScore.period2", "awayScore.normaltime"], "changeTimestamp": 1589914687}, "hasGlobalHighlights": false, "id": 8660732, "startTimestamp": 1589907600, "slug": "mikulenok-sheiko", "periods": {"point": "Game", "current": "Match", "period1": "1st set", "period2": "2nd set", "period3": "3rd set", "period4": "4th set", "period5": "5th set"}, "finalResultOnly": false}, {"tournament": {"name": "Liga Pro", "slug": "liga-pro", "category": {"name": "Other", "slug": "other", "sport": {"name": "Tennis", "slug": "tennis", "id": 5}, "id": 1555, "flag": "other"}, "uniqueTournament": {"name": "Liga Pro", "slug": "liga-pro", "category": {"name": "Other", "slug": "other", "sport": {"name": "Tennis", "slug": "tennis", "id": 5}, "id": 1555, "flag": "other"}, "userCount": 98, "id": 14770, "hasEventPlayerStatistics": false}, "id": 79016}, "customId": "DhNcsQiNc", "status": {"code": 100, "description": "Ended", "type": "finished"}, "winnerCode": 2, "homeTeam": {"name": "Susha S.", "slug": "susha-sergey", "shortName": "Susha S.", "userCount": 19, "nameCode": "SSE", "national": false, "type": 1, "id": 345378, "subTeams": [], "teamColors": {"primary": "#52b030", "secondary": "#52b030", "text": "#ffffff"}}, "awayTeam": {"name": "Sokolovskiy N.", "slug": "sokolovskiy-nikita", "shortName": "Sokolovskiy N.", "userCount": 15, "nameCode": "SNI", "national": false, "type": 1, "id": 345441, "subTeams": [], "teamColors": {"primary": "#52b030", "secondary": "#52b030", "text": "#ffffff"}}, "homeScore": {"current": 0, "display": 0, "period1": 3, "period2": 2, "normaltime": 0}, "awayScore": {"current": 2, "display": 2, "period1": 6, "period2": 6, "normaltime": 2}, "time": {"current": 4014, "period1": 1969, "period2": 2045, "currentPeriodStartTimestamp": 1589919218}, "changes": {"changes": ["status.code", "status.description", "status.type", "homeScore.normaltime", "awayScore.current", "awayScore.display", "awayScore.period2", "awayScore.normaltime"], "changeTimestamp": 1589919369}, "hasGlobalHighlights": false, "id": 8660759, "startTimestamp": 1589911200, "slug": "sokolovskiy-susha", "periods": {"point": "Game", "current": "Match", "period1": "1st set", "period2": "2nd set", "period3": "3rd set", "period4": "4th set", "period5": "5th set"}, "finalResultOnly": false}, {"tournament": {"name": "Liga Pro", "slug": "liga-pro", "category": {"name": "Other", "slug": "other", "sport": {"name": "Tennis", "slug": "tennis", "id": 5}, "id": 1555, "flag": "other"}, "uniqueTournament": {"name": "Liga Pro", "slug": "liga-pro", "category": {"name": "Other", "slug": "other", "sport": {"name": "Tennis", "slug": "tennis", "id": 5}, "id": 1555, "flag": "other"}, "userCount": 98, "id": 14770, "hasEventPlayerStatistics": false}, "id": 79016}, "customId": "dANcsXJNc", "status": {"code": 100, "description": "Ended", "type": "finished"}, "winnerCode": 1, "homeTeam": {"name": "Korban S.", "slug": "korban-sergey", "shortName": "Korban S.", "userCount": 12, "nameCode": "KSE", "national": false, "type": 1, "id": 346253, "subTeams": [], "teamColors": {"primary": "#52b030", "secondary": "#52b030", "text": "#ffffff"}}, "awayTeam": {"name": "Pripetepy A.", "slug": "pripetepy-alexey", "shortName": "Pripetepy A.", "userCount": 2, "nameCode": "PAL", "national": false, "type": 1, "id": 346747, "subTeams": [], "teamColors": {"primary": "#52b030", "secondary": "#52b030", "text": "#ffffff"}}, "homeScore": {"current": 2, "display": 2, "period1": 6, "period2": 6, "normaltime": 2}, "awayScore": {"current": 0, "display": 0, "period1": 2, "period2": 3, "normaltime": 0}, "time": {"current": 4638, "period1": 1856, "period2": 2782, "currentPeriodStartTimestamp": 1589970466}, "changes": {"changes": ["status.code", "status.description", "status.type", "homeScore.current", "homeScore.display", "homeScore.period2", "homeScore.normaltime", "awayScore.normaltime"], "changeTimestamp": 1589970485}, "hasGlobalHighlights": false, "id": 8661941, "startTimestamp": 1589965200, "slug": "pripetepy-korban", "periods": {"point": "Game", "current": "Match", "period1": "1st set", "period2": "2nd set", "period3": "3rd set", "period4": "4th set", "period5": "5th set"}, "finalResultOnly": false}, {"tournament": {"name": "Liga Pro", "slug": "liga-pro", "category": {"name": "Other", "slug": "other", "sport": {"name": "Tennis", "slug": "tennis", "id": 5}, "id": 1555, "flag": "other"}, "uniqueTournament": {"name": "Liga Pro", "slug": "liga-pro", "category": {"name": "Other", "slug": "other", "sport": {"name": "Tennis", "slug": "tennis", "id": 5}, "id": 1555, "flag": "other"}, "userCount": 98, "id": 14770, "hasEventPlayerStatistics": false}, "id": 79016}, "customId": "EhNcsVmNc", "status": {"code": 100, "description": "Ended", "type": "finished"}, "winnerCode": 1, "homeTeam": {"name": "Chebotarev V.", "slug": "chebotarev-vladimir", "shortName": "Chebotarev V.", "userCount": 18, "nameCode": "CVL", "national": false, "type": 1, "id": 345645, "subTeams": [], "teamColors": {"primary": "#52b030", "secondary": "#52b030", "text": "#ffffff"}}, "awayTeam": {"name": "Krivalchevich A.", "slug": "krivalchevich-aleksandr", "shortName": "Krivalchevich A.", "userCount": 17, "nameCode": "KAL", "national": false, "type": 1, "id": 345379, "subTeams": [], "teamColors": {"primary": "#52b030", "secondary": "#52b030", "text": "#ffffff"}}, "homeScore": {"current": 2, "display": 2, "period1": 6, "period2": 6, "normaltime": 2}, "awayScore": {"current": 0, "display": 0, "period1": 4, "period2": 1, "normaltime": 0}, "time": {"current": 4719, "period1": 2169, "period2": 2550, "currentPeriodStartTimestamp": 1589975862}, "changes": {"changes": ["status.code", "status.description", "status.type", "homeScore.current", "homeScore.display", "homeScore.period2", "homeScore.normaltime", "awayScore.normaltime"], "changeTimestamp": 1589975886}, "hasGlobalHighlights": false, "id": 8661942, "startTimestamp": 1589968800, "slug": "chebotarev-krivalchevich", "periods": {"point": "Game", "current": "Match", "period1": "1st set", "period2": "2nd set", "period3": "3rd set", "period4": "4th set", "period5": "5th set"}, "finalResultOnly": false}, {"tournament": {"name": "Liga Pro", "slug": "liga-pro", "category": {"name": "Other", "slug": "other", "sport": {"name": "Tennis", "slug": "tennis", "id": 5}, "id": 1555, "flag": "other"}, "uniqueTournament": {"name": "Liga Pro", "slug": "liga-pro", "category": {"name": "Other", "slug": "other", "sport": {"name": "Tennis", "slug": "tennis", "id": 5}, "id": 1555, "flag": "other"}, "userCount": 98, "id": 14770, "hasEventPlayerStatistics": false}, "id": 79016}, "customId": "KpNcsIENc", "status": {"code": 100, "description": "Ended", "type": "finished"}, "winnerCode": 2, "homeTeam": {"name": "Mateyuk P.", "slug": "mateyuk-pavel", "shortName": "Mateyuk P.", "userCount": 20, "nameCode": "MPA", "national": false, "type": 1, "id": 345785, "subTeams": [], "teamColors": {"primary": "#52b030", "secondary": "#52b030", "text": "#ffffff"}}, "awayTeam": {"name": "Zavrazhnov S.", "slug": "zavrazhnov-sergey", "shortName": "Zavrazhnov S.", "userCount": 5, "nameCode": "ZSE", "national": false, "type": 1, "id": 346483, "subTeams": [], "teamColors": {"primary": "#52b030", "secondary": "#52b030", "text": "#ffffff"}}, "homeScore": {"current": 1, "display": 1, "period1": 2, "period2": 6, "period3": 8, "normaltime": 1}, "awayScore": {"current": 2, "display": 2, "period1": 6, "period2": 1, "period3": 10, "normaltime": 2}, "time": {"current": 4061, "period1": 1531, "period2": 1676, "period3": 854, "currentPeriodStartTimestamp": 1589980530}, "changes": {"changes": ["status.code", "status.description", "status.type", "homeScore.period3", "homeScore.normaltime", "awayScore.current", "awayScore.display", "awayScore.period3", "awayScore.normaltime"], "changeTimestamp": 1589980568}, "hasGlobalHighlights": false, "id": 8661943, "startTimestamp": 1589974200, "slug": "zavrazhnov-mateyuk", "periods": {"point": "Game", "current": "Match", "period1": "1st set", "period2": "2nd set", "period3": "3rd set", "period4": "4th set", "period5": "5th set"}, "finalResultOnly": false}, {"tournament": {"name": "Liga Pro", "slug": "liga-pro", "category": {"name": "Other", "slug": "other", "sport": {"name": "Tennis", "slug": "tennis", "id": 5}, "id": 1555, "flag": "other"}, "uniqueTournament": {"name": "Liga Pro", "slug": "liga-pro", "category": {"name": "Other", "slug": "other", "sport": {"name": "Tennis", "slug": "tennis", "id": 5}, "id": 1555, "flag": "other"}, "userCount": 98, "id": 14770, "hasEventPlayerStatistics": false}, "id": 79016}, "customId": "oCNcsEMNc", "status": {"code": 100, "description": "Ended", "type": "finished"}, "winnerCode": 2, "homeTeam": {"name": "Zatolgutsky S.", "slug": "zatolgutsky-sergey", "shortName": "Zatolgutsky S.", "userCount": 10, "nameCode": "ZSE", "national": false, "type": 1, "id": 346879, "subTeams": [], "teamColors": {"primary": "#52b030", "secondary": "#52b030", "text": "#ffffff"}}, "awayTeam": {"name": "Molcan K.", "slug": "molcan-konstantin", "shortName": "Molcan K.", "gender": "M", "userCount": 10, "nameCode": "MKO", "national": false, "type": 1, "id": 346364, "subTeams": [], "teamColors": {"primary": "#52b030", "secondary": "#52b030", "text": "#ffffff"}}, "homeScore": {"current": 0, "display": 0, "period1": 6, "period2": 1, "normaltime": 0}, "awayScore": {"current": 2, "display": 2, "period1": 7, "period2": 6, "normaltime": 2}, "time": {"current": 5878, "period1": 3602, "period2": 2276, "currentPeriodStartTimestamp": 1589987105}, "changes": {"changes": ["status.code", "status.description", "status.type", "homeScore.normaltime", "awayScore.current", "awayScore.display", "awayScore.period2", "awayScore.normaltime"], "changeTimestamp": 1589987223}, "hasGlobalHighlights": false, "id": 8661944, "startTimestamp": 1589977800, "slug": "zatolgutsky-molcan", "periods": {"point": "Game", "current": "Match", "period1": "1st set", "period2": "2nd set", "period3": "3rd set", "period4": "4th set", "period5": "5th set"}, "finalResultOnly": false}], "hasNextPage": true}