{"events": [{"tournament": {"name": "Liga Pro", "slug": "liga-pro", "category": {"name": "Other", "slug": "other", "sport": {"name": "Tennis", "slug": "tennis", "id": 5}, "id": 1555, "flag": "other"}, "uniqueTournament": {"name": "Liga Pro", "slug": "liga-pro", "category": {"name": "Other", "slug": "other", "sport": {"name": "Tennis", "slug": "tennis", "id": 5}, "id": 1555, "flag": "other"}, "userCount": 98, "id": 14770, "hasEventPlayerStatistics": false}, "id": 79016}, "customId": "vhNcsyhNc", "status": {"code": 100, "description": "Ended", "type": "finished"}, "winnerCode": 1, "homeTeam": {"name": "Matsulevich Y.", "slug": "matsulevich-yaroslav", "shortName": "Matsulevich Y.", "gender": "M", "userCount": 21, "nameCode": "MYA", "national": false, "type": 1, "id": 345370, "subTeams": [], "teamColors": {"primary": "#52b030", "secondary": "#52b030", "text": "#ffffff"}}, "awayTeam": {"name": "Kozhemyachko M.", "slug": "kozhemyachko-makar", "shortName": "Kozhemyachko M.", "userCount": 15, "nameCode": "KMA", "national": false, "type": 1, "id": 345373, "subTeams": [], "teamColors": {"primary": "#52b030", "secondary": "#52b030", "text": "#ffffff"}}, "homeScore": {"current": 2, "display": 2, "period1": 6, "period2": 6, "period3": 10, "normaltime": 2}, "awayScore": {"current": 1, "display": 1, "period1": 7, "period2": 2, "period3": 6, "normaltime": 1}, "time": {"current": 4401, "period1": 2649, "period2": 1240, "period3": 512, "currentPeriodStartTimestamp": 1588697554}, "changes": {"changes": ["status.code", "status.description", "status.type", "homeScore.current", "homeScore.display", "homeScore.period3", "homeScore.normaltime", "awayScore.period3", "awayScore.normaltime"], "changeTimestamp": 1588697704}, "hasGlobalHighlights": false, "id": 8642851, "startTimestamp": 1588687200, "slug": "kozhemyachko-matsulevich", "periods": {"point": "Game", "current": "Match", "period1": "1st set", "period2": "2nd set", "period3": "3rd set", "period4": "4th set", "period5": "5th set"}, "finalResultOnly": false}, {"tournament": {"name": "Liga Pro", "slug": "liga-pro", "category": {"name": "Other", "slug": "other", "sport": {"name": "Tennis", "slug": "tennis", "id": 5}, "id": 1555, "flag": "other"}, "uniqueTournament": {"name": "Liga Pro", "slug": "liga-pro", "category": {"name": "Other", "slug": "other", "sport": {"name": "Tennis", "slug": "tennis", "id": 5}, "id": 1555, "flag": "other"}, "userCount": 98, "id": 14770, "hasEventPlayerStatistics": false}, "id": 79016}, "customId": "AhNcsAnNc", "status": {"code": 100, "description": "Ended", "type": "finished"}, "winnerCode": 1, "homeTeam": {"name": "Sheiko A.", "slug": "sheiko-andrey", "shortName": "Sheiko A.", "userCount": 39, "nameCode": "SAN", "national": false, "type": 1, "id": 345375, "subTeams": [], "teamColors": {"primary": "#52b030", "secondary": "#52b030", "text": "#ffffff"}}, "awayTeam": {"name": "Nazaruk D.", "slug": "nazaruk-dmitriy", "shortName": "Nazaruk D.", "userCount": 14, "nameCode": "NDM", "national": false, "type": 1, "id": 345675, "subTeams": [], "teamColors": {"primary": "#52b030", "secondary": "#52b030", "text": "#ffffff"}}, "homeScore": {"current": 2, "display": 2, "period1": 5, "period2": 6, "period3": 10, "normaltime": 2}, "awayScore": {"current": 1, "display": 1, "period1": 7, "period2": 3, "period3": 6, "normaltime": 1}, "time": {"current": 6085, "period1": 2609, "period2": 2565, "period3": 911, "currentPeriodStartTimestamp": 1588704183}, "changes": {"changes": ["status.code", "status.description", "status.type", "homeScore.current", "homeScore.display", "homeScore.period3", "homeScore.normaltime", "awayScore.period3", "awayScore.normaltime"], "changeTimestamp": 1588704365}, "hasGlobalHighlights": false, "id": 8642852, "startTimestamp": 1588692600, "slug": "nazaruk-sheiko", "periods": {"point": "Game", "current": "Match", "period1": "1st set", "period2": "2nd set", "period3": "3rd set", "period4": "4th set", "period5": "5th set"}, "finalResultOnly": false}, {"tournament": {"name": "Liga Pro", "slug": "liga-pro", "category": {"name": "Other", "slug": "other", "sport": {"name": "Tennis", "slug": "tennis", "id": 5}, "id": 1555, "flag": "other"}, "uniqueTournament": {"name": "Liga Pro", "slug": "liga-pro", "category": {"name": "Other", "slug": "other", "sport": {"name": "Tennis", "slug": "tennis", "id": 5}, "id": 1555, "flag": "other"}, "userCount": 98, "id": 14770, "hasEventPlayerStatistics": false}, "id": 79016}, "customId": "UmNcsNwNc", "status": {"code": 100, "description": "Ended", "type": "finished"}, "winnerCode": 2, "homeTeam": {"name": "Zhishkevich A.", "slug": "zhishkevich-andrey", "shortName": "Zhishkevich A.", "userCount": 12, "nameCode": "ZAN", "national": false, "type": 1, "id": 345644, "subTeams": [], "teamColors": {"primary": "#52b030", "secondary": "#52b030", "text": "#ffffff"}}, "awayTeam": {"name": "Kislyi P.", "slug": "kislyi-pavel", "shortName": "Kislyi P.", "gender": "M", "userCount": 9, "nameCode": "KPA", "national": false, "type": 1, "id": 346088, "subTeams": [], "teamColors": {"primary": "#52b030", "secondary": "#52b030", "text": "#ffffff"}}, "homeScore": {"current": 1, "display": 1, "period1": 2, "period2": 6, "period3": 8, "normaltime": 1}, "awayScore": {"current": 2, "display": 2, "period1": 6, "period2": 3, "period3": 10, "normaltime": 2}, "time": {"current": 5333, "period1": 1991, "period2": 2464, "period3": 878, "currentPeriodStartTimestamp": 1588709989}, "changes": {"changes": ["status.code", "status.description", "status.type", "homeScore.period3", "homeScore.normaltime", "awayScore.current", "awayScore.display", "awayScore.period3", "awayScore.normaltime"], "changeTimestamp": 1588710129}, "hasGlobalHighlights": false, "id": 8642856, "startTimestamp": 1588698000, "slug": "kislyi-zhishkevich", "periods": {"point": "Game", "current": "Match", "period1": "1st set", "period2": "2nd set", "period3": "3rd set", "period4": "4th set", "period5": "5th set"}, "finalResultOnly": false}, {"tournament": {"name": "Liga Pro", "slug": "liga-pro", "category": {"name": "Other", "slug": "other", "sport": {"name": "Tennis", "slug": "tennis", "id": 5}, "id": 1555, "flag": "other"}, "uniqueTournament": {"name": "Liga Pro", "slug": "liga-pro", "category": {"name": "Other", "slug": "other", "sport": {"name": "Tennis", "slug": "tennis", "id": 5}, "id": 1555, "flag": "other"}, "userCount": 98, "id": 14770, "hasEventPlayerStatistics": false}, "id": 79016}, "customId": "DhNcsQiNc", "status": {"code": 100, "description": "Ended", "type": "finished"}, "winnerCode": 1, "homeTeam": {"name": "Susha S.", "slug": "susha-sergey", "shortName": "Susha S.", "userCount": 19, "nameCode": "SSE", "national": false, "type": 1, "id": 345378, "subTeams": [], "teamColors": {"primary": "#52b030", "secondary": "#52b030", "text": "#ffffff"}}, "awayTeam": {"name": "Sokolovskiy N.", "slug": "sokolovskiy-nikita", "shortName": "Sokolovskiy N.", "userCount": 15, "nameCode": "SNI", "national": false, "type": 1, "id": 345441, "subTeams": [], "teamColors": {"primary": "#52b030", "secondary": "#52b030", "text": "#ffffff"}}, "homeScore": {"current": 2, "display": 2, "period1": 6, "period2": 6, "normaltime": 2}, "awayScore": {"current": 0, "display": 0, "period1": 4, "period2": 4, "normaltime": 0}, "time": {"current": 4560, "period1": 2168, "period2": 2392, "currentPeriodStartTimestamp": 1588715177}, "changes": {"changes": ["status.code", "status.description", "status.type", "homeScore.current", "homeScore.display", "homeScore.period2", "homeScore.normaltime", "awayScore.normaltime"], "changeTimestamp": 1588715347}, "hasGlobalHighlights": false, "id": 8642853, "startTimestamp": 1588701600, "slug": "sokolovskiy-susha", "periods": {"point": "Game", "current": "Match", "period1": "1st set", "period2": "2nd set", "period3": "3rd set", "period4": "4th set", "period5": "5th set"}, "finalResultOnly": false}, {"tournament": {"name": "Liga Pro", "slug": "liga-pro", "category": {"name": "Other", "slug": "other", "sport": {"name": "Tennis", "slug": "tennis", "id": 5}, "id": 1555, "flag": "other"}, "uniqueTournament": {"name": "Liga Pro", "slug": "liga-pro", "category": {"name": "Other", "slug": "other", "sport": {"name": "Tennis", "slug": "tennis", "id": 5}, "id": 1555, "flag": "other"}, "userCount": 98, "id": 14770, "hasEventPlayerStatistics": false}, "id": 79016}, "customId": "ClNcsNpNc", "status": {"code": 100, "description": "Ended", "type": "finished"}, "winnerCode": 1, "homeTeam": {"name": "Andryushchenko V.", "slug": "andryushchenko-vyacheslav", "shortName": "Andryushchenko V.", "gender": "M", "userCount": 35, "nameCode": "AVY", "disabled": false, "national": false, "type": 1, "id": 345577, "subTeams": [], "teamColors": {"primary": "#52b030", "secondary": "#52b030", "text": "#ffffff"}}, "awayTeam": {"name": "Krivko V.", "slug": "krivko-vitaly", "shortName": "Krivko V.", "userCount": 11, "nameCode": "KVI", "national": false, "type": 1, "id": 345788, "subTeams": [], "teamColors": {"primary": "#52b030", "secondary": "#52b030", "text": "#ffffff"}}, "homeScore": {"current": 2, "display": 2, "period1": 6, "period2": 6, "normaltime": 2}, "awayScore": {"current": 0, "display": 0, "period1": 1, "period2": 3, "normaltime": 0}, "time": {"current": 4146, "period1": 1613, "period2": 2533, "currentPeriodStartTimestamp": 1588760209}, "changes": {"changes": ["status.code", "status.description", "status.type", "homeScore.current", "homeScore.display", "homeScore.period2", "homeScore.normaltime", "awayScore.normaltime"], "changeTimestamp": 1588760346}, "hasGlobalHighlights": false, "id": 8643570, "startTimestamp": 1588755600, "slug": "krivko-andryushchenko", "periods": {"point": "Game", "current": "Match", "period1": "1st set", "period2": "2nd set", "period3": "3rd set", "period4": "4th set", "period5": "5th set"}, "finalResultOnly": false}, {"tournament": {"name": "Liga Pro", "slug": "liga-pro", "category": {"name": "Other", "slug": "other", "sport": {"name": "Tennis", "slug": "tennis", "id": 5}, "id": 1555, "flag": "other"}, "uniqueTournament": {"name": "Liga Pro", "slug": "liga-pro", "category": {"name": "Other", "slug": "other", "sport": {"name": "Tennis", "slug": "tennis", "id": 5}, "id": 1555, "flag": "other"}, "userCount": 98, "id": 14770, "hasEventPlayerStatistics": false}, "id": 79016}, "customId": "hvNcsUyNc", "status": {"code": 100, "description": "Ended", "type": "finished"}, "winnerCode": 1, "homeTeam": {"name": "Belov A.", "slug": "belov-aleksandr", "shortName": "Belov A.", "userCount": 19, "nameCode": "BAL", "national": false, "type": 1, "id": 346007, "subTeams": [], "teamColors": {"primary": "#52b030", "secondary": "#52b030", "text": "#ffffff"}}, "awayTeam": {"name": "Kolobuhov A.", "slug": "kolobuhov-alexey", "shortName": "Kolobuhov A.", "gender": "M", "userCount": 2, "nameCode": "KAL", "national": false, "type": 1, "id": 346194, "subTeams": [], "teamColors": {"primary": "#52b030", "secondary": "#52b030", "text": "#ffffff"}}, "homeScore": {"current": 2, "display": 2, "period1": 6, "period2": 6, "normaltime": 2}, "awayScore": {"current": 0, "display": 0, "period1": 4, "period2": 3, "normaltime": 0}, "time": {"current": 5006, "period1": 2211, "period2": 2795, "currentPeriodStartTimestamp": 1588765752}, "changes": {"changes": ["status.code", "status.description", "status.type", "homeScore.current", "homeScore.display", "homeScore.period2", "homeScore.normaltime", "awayScore.normaltime"], "changeTimestamp": 1588765925}, "hasGlobalHighlights": false, "id": 8643571, "startTimestamp": 1588759200, "slug": "kolobuhov-belov", "periods": {"point": "Game", "current": "Match", "period1": "1st set", "period2": "2nd set", "period3": "3rd set", "period4": "4th set", "period5": "5th set"}, "finalResultOnly": false}, {"tournament": {"name": "Liga Pro", "slug": "liga-pro", "category": {"name": "Other", "slug": "other", "sport": {"name": "Tennis", "slug": "tennis", "id": 5}, "id": 1555, "flag": "other"}, "uniqueTournament": {"name": "Liga Pro", "slug": "liga-pro", "category": {"name": "Other", "slug": "other", "sport": {"name": "Tennis", "slug": "tennis", "id": 5}, "id": 1555, "flag": "other"}, "userCount": 98, "id": 14770, "hasEventPlayerStatistics": false}, "id": 79016}, "customId": "KpNcswyNc", "status": {"code": 100, "description": "Ended", "type": "finished"}, "winnerCode": 1, "homeTeam": {"name": "Mateyuk P.", "slug": "mateyuk-pavel", "shortName": "Mateyuk P.", "userCount": 20, "nameCode": "MPA", "national": false, "type": 1, "id": 345785, "subTeams": [], "teamColors": {"primary": "#52b030", "secondary": "#52b030", "text": "#ffffff"}}, "awayTeam": {"name": "Maksimenko I.", "slug": "maksimenko-igor", "shortName": "Maksimenko I.", "userCount": 3, "nameCode": "MIG", "national": false, "type": 1, "id": 346171, "subTeams": [], "teamColors": {"primary": "#52b030", "secondary": "#52b030", "text": "#ffffff"}}, "homeScore": {"current": 2, "display": 2, "period1": 6, "period2": 2, "period3": 12, "normaltime": 2}, "awayScore": {"current": 1, "display": 1, "period1": 1, "period2": 6, "period3": 10, "normaltime": 1}, "time": {"current": 3673, "period1": 1214, "period2": 1809, "period3": 650, "currentPeriodStartTimestamp": 1588769928}, "changes": {"changes": ["status.code", "status.description", "status.type", "homeScore.current", "homeScore.display", "homeScore.period3", "homeScore.normaltime", "awayScore.period3", "awayScore.normaltime"], "changeTimestamp": 1588770065}, "hasGlobalHighlights": false, "id": 8643572, "startTimestamp": 1588764600, "slug": "maksimenko-mateyuk", "periods": {"point": "Game", "current": "Match", "period1": "1st set", "period2": "2nd set", "period3": "3rd set", "period4": "4th set", "period5": "5th set"}, "finalResultOnly": false}, {"tournament": {"name": "Liga Pro", "slug": "liga-pro", "category": {"name": "Other", "slug": "other", "sport": {"name": "Tennis", "slug": "tennis", "id": 5}, "id": 1555, "flag": "other"}, "uniqueTournament": {"name": "Liga Pro", "slug": "liga-pro", "category": {"name": "Other", "slug": "other", "sport": {"name": "Tennis", "slug": "tennis", "id": 5}, "id": 1555, "flag": "other"}, "userCount": 98, "id": 14770, "hasEventPlayerStatistics": false}, "id": 79016}, "customId": "ThNcsKpNc", "status": {"code": 100, "description": "Ended", "type": "finished"}, "winnerCode": 1, "homeTeam": {"name": "Mateyuk P.", "slug": "mateyuk-pavel", "shortName": "Mateyuk P.", "userCount": 20, "nameCode": "MPA", "national": false, "type": 1, "id": 345785, "subTeams": [], "teamColors": {"primary": "#52b030", "secondary": "#52b030", "text": "#ffffff"}}, "awayTeam": {"name": "Maksimenko Y.", "slug": "maksimenko-yuriy", "shortName": "Maksimenko Y.", "userCount": 34, "nameCode": "MYU", "national": false, "type": 1, "id": 345393, "subTeams": [], "teamColors": {"primary": "#52b030", "secondary": "#52b030", "text": "#ffffff"}}, "homeScore": {"current": 2, "display": 2, "period1": 6, "period2": 2, "period3": 12, "normaltime": 2}, "awayScore": {"current": 1, "display": 1, "period1": 1, "period2": 6, "period3": 10, "normaltime": 1}, "time": {"currentPeriodStartTimestamp": 1588779881}, "changes": {"changes": ["status.code", "status.description", "status.type", "homeScore.current", "homeScore.display", "homeScore.period1", "homeScore.period2", "homeScore.period3", "homeScore.normaltime", "awayScore.current", "awayScore.display", "awayScore.period1", "awayScore.period2", "awayScore.period3", "awayScore.normaltime"], "changeTimestamp": 1588779963}, "hasGlobalHighlights": false, "id": 8644171, "startTimestamp": 1588764600, "slug": "mateyuk-maksimenko", "periods": {"point": "Game", "current": "Match", "period1": "1st set", "period2": "2nd set", "period3": "3rd set", "period4": "4th set", "period5": "5th set"}, "finalResultOnly": false}, {"tournament": {"name": "Liga Pro", "slug": "liga-pro", "category": {"name": "Other", "slug": "other", "sport": {"name": "Tennis", "slug": "tennis", "id": 5}, "id": 1555, "flag": "other"}, "uniqueTournament": {"name": "Liga Pro", "slug": "liga-pro", "category": {"name": "Other", "slug": "other", "sport": {"name": "Tennis", "slug": "tennis", "id": 5}, "id": 1555, "flag": "other"}, "userCount": 98, "id": 14770, "hasEventPlayerStatistics": false}, "id": 79016}, "customId": "NLrbskfNc", "status": {"code": 100, "description": "Ended", "type": "finished"}, "winnerCode": 2, "homeTeam": {"name": "Ksenevich A.", "slug": "ksenevich-alexey", "shortName": "Ksenevich A.", "gender": "M", "userCount": 9, "nameCode": "KAL", "national": false, "type": 1, "id": 345260, "subTeams": [], "teamColors": {"primary": "#52b030", "secondary": "#52b030", "text": "#ffffff"}}, "awayTeam": {"name": "Sukhotski P.", "slug": "sukhotski-pavel", "shortName": "Sukhotski P.", "gender": "M", "userCount": 13, "nameCode": "SUK", "national": false, "type": 1, "id": 169338, "subTeams": [], "teamColors": {"primary": "#52b030", "secondary": "#52b030", "text": "#ffffff"}}, "homeScore": {"current": 0, "display": 0, "period1": 2, "period2": 4, "normaltime": 0}, "awayScore": {"current": 2, "display": 2, "period1": 6, "period2": 6, "normaltime": 2}, "time": {"current": 4449, "period1": 1945, "period2": 2504, "currentPeriodStartTimestamp": 1588774807}, "changes": {"changes": ["status.code", "status.description", "status.type", "homeScore.normaltime", "awayScore.current", "awayScore.display", "awayScore.period2", "awayScore.normaltime"], "changeTimestamp": 1588774924}, "hasGlobalHighlights": false, "id": 8643573, "startTimestamp": 1588768200, "slug": "ksenevich-sukhotski", "periods": {"point": "Game", "current": "Match", "period1": "1st set", "period2": "2nd set", "period3": "3rd set", "period4": "4th set", "period5": "5th set"}, "finalResultOnly": false}, {"tournament": {"name": "Liga Pro", "slug": "liga-pro", "category": {"name": "Other", "slug": "other", "sport": {"name": "Tennis", "slug": "tennis", "id": 5}, "id": 1555, "flag": "other"}, "uniqueTournament": {"name": "Liga Pro", "slug": "liga-pro", "category": {"name": "Other", "slug": "other", "sport": {"name": "Tennis", "slug": "tennis", "id": 5}, "id": 1555, "flag": "other"}, "userCount": 98, "id": 14770, "hasEventPlayerStatistics": false}, "id": 79016}, "customId": "EFmcsyhNc", "status": {"code": 100, "description": "Ended", "type": "finished"}, "winnerCode": 2, "homeTeam": {"name": "Kozhemyachko M.", "slug": "kozhemyachko-makar", "shortName": "Kozhemyachko M.", "userCount": 15, "nameCode": "KMA", "national": false, "type": 1, "id": 345373, "subTeams": [], "teamColors": {"primary": "#52b030", "secondary": "#52b030", "text": "#ffffff"}}, "awayTeam": {"name": "Abou Khamis M.", "slug": "abou-khamis-mohammad-khaled", "shortName": "Abou Khamis M.", "userCount": 26, "nameCode": "AKM", "national": false, "type": 1, "id": 281529, "subTeams": [], "teamColors": {"primary": "#52b030", "secondary": "#52b030", "text": "#ffffff"}}, "homeScore": {"current": 0, "display": 0, "period1": 3, "period2": 2, "normaltime": 0}, "awayScore": {"current": 2, "display": 2, "period1": 6, "period2": 6, "normaltime": 2}, "time": {"current": 3131, "period1": 1686, "period2": 1445, "currentPeriodStartTimestamp": 1588778493}, "changes": {"changes": ["status.code", "status.description", "status.type", "homeScore.normaltime", "awayScore.current", "awayScore.display", "awayScore.period2", "awayScore.normaltime"], "changeTimestamp": 1588778530}, "hasGlobalHighlights": false, "id": 8643574, "startTimestamp": 1588773600, "slug": "kozhemyachko-abou-khamis", "periods": {"point": "Game", "current": "Match", "period1": "1st set", "period2": "2nd set", "period3": "3rd set", "period4": "4th set", "period5": "5th set"}, "finalResultOnly": false}, {"tournament": {"name": "Liga Pro", "slug": "liga-pro", "category": {"name": "Other", "slug": "other", "sport": {"name": "Tennis", "slug": "tennis", "id": 5}, "id": 1555, "flag": "other"}, "uniqueTournament": {"name": "Liga Pro", "slug": "liga-pro", "category": {"name": "Other", "slug": "other", "sport": {"name": "Tennis", "slug": "tennis", "id": 5}, "id": 1555, "flag": "other"}, "userCount": 98, "id": 14770, "hasEventPlayerStatistics": false}, "id": 79016}, "customId": "LpNcspCNc", "status": {"code": 100, "description": "Ended", "type": "finished"}, "winnerCode": 2, "homeTeam": {"name": "Sosim A.", "slug": "sosim-aleksandr", "shortName": "Sosim A.", "userCount": 5, "nameCode": "SAL", "national": false, "type": 1, "id": 346365, "subTeams": [], "teamColors": {"primary": "#52b030", "secondary": "#52b030", "text": "#ffffff"}}, "awayTeam": {"name": "Zaharevich V.", "slug": "zaharevich-vladimir", "shortName": "Zaharevich V.", "userCount": 10, "nameCode": "ZVL", "national": false, "type": 1, "id": 345786, "subTeams": [], "teamColors": {"primary": "#52b030", "secondary": "#52b030", "text": "#ffffff"}}, "homeScore": {"current": 1, "display": 1, "period1": 6, "period2": 4, "period3": 4, "normaltime": 1}, "awayScore": {"current": 2, "display": 2, "period1": 2, "period2": 6, "period3": 10, "normaltime": 2}, "time": {"current": 5748, "period1": 1946, "period2": 3129, "period3": 673, "currentPeriodStartTimestamp": 1588785078}, "changes": {"changes": ["status.code", "status.description", "status.type", "homeScore.period3", "homeScore.normaltime", "awayScore.current", "awayScore.display", "awayScore.period3", "awayScore.normaltime"], "changeTimestamp": 1588785189}, "hasGlobalHighlights": false, "id": 8643575, "startTimestamp": 1588779000, "slug": "sosim-zaharevich", "periods": {"point": "Game", "current": "Match", "period1": "1st set", "period2": "2nd set", "period3": "3rd set", "period4": "4th set", "period5": "5th set"}, "finalResultOnly": false}, {"tournament": {"name": "Liga Pro", "slug": "liga-pro", "category": {"name": "Other", "slug": "other", "sport": {"name": "Tennis", "slug": "tennis", "id": 5}, "id": 1555, "flag": "other"}, "uniqueTournament": {"name": "Liga Pro", "slug": "liga-pro", "category": {"name": "Other", "slug": "other", "sport": {"name": "Tennis", "slug": "tennis", "id": 5}, "id": 1555, "flag": "other"}, "userCount": 98, "id": 14770, "hasEventPlayerStatistics": false}, "id": 79016}, "customId": "xyNcsIENc", "status": {"code": 100, "description": "Ended", "type": "finished"}, "winnerCode": 2, "homeTeam": {"name": "Lopatko V.", "slug": "lopatko-vasily", "shortName": "Lopatko V.", "userCount": 13, "nameCode": "LVA", "national": false, "type": 1, "id": 346172, "subTeams": [], "teamColors": {"primary": "#52b030", "secondary": "#52b030", "text": "#ffffff"}}, "awayTeam": {"name": "Zavrazhnov S.", "slug": "zavrazhnov-sergey", "shortName": "Zavrazhnov S.", "userCount": 5, "nameCode": "ZSE", "national": false, "type": 1, "id": 346483, "subTeams": [], "teamColors": {"primary": "#52b030", "secondary": "#52b030", "text": "#ffffff"}}, "homeScore": {"current": 0, "display": 0, "period1": 3, "period2": 3, "normaltime": 0}, "awayScore": {"current": 2, "display": 2, "period1": 6, "period2": 6, "normaltime": 2}, "time": {"current": 3957, "period1": 1737, "period2": 2220, "currentPeriodStartTimestamp": 1588789829}, "changes": {"changes": ["status.code", "status.description", "status.type", "homeScore.period2", "homeScore.normaltime", "awayScore.current", "awayScore.display", "awayScore.period2", "awayScore.normaltime"], "changeTimestamp": 1588789868}, "hasGlobalHighlights": false, "id": 8643576, "startTimestamp": 1588784400, "slug": "zavrazhnov-lopatko", "periods": {"point": "Game", "current": "Match", "period1": "1st set", "period2": "2nd set", "period3": "3rd set", "period4": "4th set", "period5": "5th set"}, "finalResultOnly": false}, {"tournament": {"name": "Liga Pro", "slug": "liga-pro", "category": {"name": "Other", "slug": "other", "sport": {"name": "Tennis", "slug": "tennis", "id": 5}, "id": 1555, "flag": "other"}, "uniqueTournament": {"name": "Liga Pro", "slug": "liga-pro", "category": {"name": "Other", "slug": "other", "sport": {"name": "Tennis", "slug": "tennis", "id": 5}, "id": 1555, "flag": "other"}, "userCount": 98, "id": 14770, "hasEventPlayerStatistics": false}, "id": 79016}, "customId": "uhNcsChNc", "status": {"code": 100, "description": "Ended", "type": "finished"}, "winnerCode": 2, "homeTeam": {"name": "Tretyak E.", "slug": "tretyak-eduard", "shortName": "Tretyak E.", "gender": "M", "userCount": 18, "nameCode": "TED", "national": false, "type": 1, "id": 345369, "subTeams": [], "teamColors": {"primary": "#52b030", "secondary": "#52b030", "text": "#ffffff"}}, "awayTeam": {"name": "Ermalinsky D.", "slug": "ermalinsky-dmitry", "shortName": "Ermalinsky D.", "userCount": 12, "nameCode": "EDM", "national": false, "type": 1, "id": 345377, "subTeams": [], "teamColors": {"primary": "#52b030", "secondary": "#52b030", "text": "#ffffff"}}, "homeScore": {"current": 1, "display": 1, "period1": 7, "period2": 0, "period3": 9, "normaltime": 1}, "awayScore": {"current": 2, "display": 2, "period1": 5, "period2": 6, "period3": 11, "normaltime": 2}, "time": {"current": 6067, "period1": 3364, "period2": 1758, "period3": 945, "currentPeriodStartTimestamp": 1588796445}, "changes": {"changes": ["status.code", "status.description", "status.type", "homeScore.period3", "homeScore.normaltime", "awayScore.current", "awayScore.display", "awayScore.period3", "awayScore.normaltime"], "changeTimestamp": 1588796524}, "hasGlobalHighlights": false, "id": 8643577, "startTimestamp": 1588788000, "slug": "ermalinsky-tretyak", "periods": {"point": "Game", "current": "Match", "period1": "1st set", "period2": "2nd set", "period3": "3rd set", "period4": "4th set", "period5": "5th set"}, "finalResultOnly": false}, {"tournament": {"name": "Liga Pro", "slug": "liga-pro", "category": {"name": "Other", "slug": "other", "sport": {"name": "Tennis", "slug": "tennis", "id": 5}, "id": 1555, "flag": "other"}, "uniqueTournament": {"name": "Liga Pro", "slug": "liga-pro", "category": {"name": "Other", "slug": "other", "sport": {"name": "Tennis", "slug": "tennis", "id": 5}, "id": 1555, "flag": "other"}, "userCount": 98, "id": 14770, "hasEventPlayerStatistics": false}, "id": 79016}, "customId": "baNcsThNc", "status": {"code": 90, "description": "Abandoned", "type": "canceled"}, "winnerCode": 2, "homeTeam": {"name": "Bandaryk A.", "slug": "bandaryk-anton", "shortName": "Bandaryk A.", "gender": "M", "userCount": 14, "nameCode": "BAN", "national": false, "type": 1, "id": 345001, "subTeams": [], "teamColors": {"primary": "#52b030", "secondary": "#52b030", "text": "#ffffff"}}, "awayTeam": {"name": "Maksimenko Y.", "slug": "maksimenko-yuriy", "shortName": "Maksimenko Y.", "userCount": 34, "nameCode": "MYU", "national": false, "type": 1, "id": 345393, "subTeams": [], "teamColors": {"primary": "#52b030", "secondary": "#52b030", "text": "#ffffff"}}, "homeScore": {"current": 0, "display": 0, "period1": 4, "period2": 1, "normaltime": 0}, "awayScore": {"current": 1, "display": 1, "period1": 6, "period2": 4, "normaltime": 1}, "time": {"current": 7658, "period1": 2087, "period2": 5571, "currentPeriodStartTimestamp": 1588849836}, "changes": {"changes": ["status.code", "status.description", "status.type", "homeScore.normaltime", "awayScore.normaltime"], "changeTimestamp": 1588849989}, "hasGlobalHighlights": false, "id": 8644430, "startTimestamp": 1588842000, "slug": "maksimenko-bandaryk", "periods": {"point": "Game", "current": "Match", "period1": "1st set", "period2": "2nd set", "period3": "3rd set", "period4": "4th set", "period5": "5th set"}, "finalResultOnly": false}, {"tournament": {"name": "Liga Pro", "slug": "liga-pro", "category": {"name": "Other", "slug": "other", "sport": {"name": "Tennis", "slug": "tennis", "id": 5}, "id": 1555, "flag": "other"}, "uniqueTournament": {"name": "Liga Pro", "slug": "liga-pro", "category": {"name": "Other", "slug": "other", "sport": {"name": "Tennis", "slug": "tennis", "id": 5}, "id": 1555, "flag": "other"}, "userCount": 98, "id": 14770, "hasEventPlayerStatistics": false}, "id": 79016}, "customId": "ZENcsXJNc", "status": {"code": 100, "description": "Ended", "type": "finished"}, "winnerCode": 1, "homeTeam": {"name": "Dobrovolsky A.", "slug": "dobrovolsky-aleksandr", "shortName": "Dobrovolsky A.", "userCount": 4, "nameCode": "DAL", "national": false, "type": 1, "id": 346499, "subTeams": [], "teamColors": {"primary": "#52b030", "secondary": "#52b030", "text": "#ffffff"}}, "awayTeam": {"name": "Pripetepy A.", "slug": "pripetepy-alexey", "shortName": "Pripetepy A.", "userCount": 2, "nameCode": "PAL", "national": false, "type": 1, "id": 346747, "subTeams": [], "teamColors": {"primary": "#52b030", "secondary": "#52b030", "text": "#ffffff"}}, "homeScore": {"current": 2, "display": 2, "period1": 6, "period2": 7, "normaltime": 2}, "awayScore": {"current": 0, "display": 0, "period1": 4, "period2": 6, "normaltime": 0}, "time": {"current": 5783, "period1": 1724, "period2": 4059, "currentPeriodStartTimestamp": 1588852328}, "changes": {"changes": ["status.code", "status.description", "status.type", "homeScore.current", "homeScore.display", "homeScore.period2", "homeScore.normaltime", "awayScore.normaltime"], "changeTimestamp": 1588852507}, "hasGlobalHighlights": false, "id": 8644435, "startTimestamp": 1588845600, "slug": "pripetepy-dobrovolsky", "periods": {"point": "Game", "current": "Match", "period1": "1st set", "period2": "2nd set", "period3": "3rd set", "period4": "4th set", "period5": "5th set"}, "finalResultOnly": false}, {"tournament": {"name": "Liga Pro", "slug": "liga-pro", "category": {"name": "Other", "slug": "other", "sport": {"name": "Tennis", "slug": "tennis", "id": 5}, "id": 1555, "flag": "other"}, "uniqueTournament": {"name": "Liga Pro", "slug": "liga-pro", "category": {"name": "Other", "slug": "other", "sport": {"name": "Tennis", "slug": "tennis", "id": 5}, "id": 1555, "flag": "other"}, "userCount": 98, "id": 14770, "hasEventPlayerStatistics": false}, "id": 79016}, "customId": "EhNcsNpNc", "status": {"code": 100, "description": "Ended", "type": "finished"}, "winnerCode": 1, "homeTeam": {"name": "Krivalchevich A.", "slug": "krivalchevich-aleksandr", "shortName": "Krivalchevich A.", "userCount": 17, "nameCode": "KAL", "national": false, "type": 1, "id": 345379, "subTeams": [], "teamColors": {"primary": "#52b030", "secondary": "#52b030", "text": "#ffffff"}}, "awayTeam": {"name": "Krivko V.", "slug": "krivko-vitaly", "shortName": "Krivko V.", "userCount": 11, "nameCode": "KVI", "national": false, "type": 1, "id": 345788, "subTeams": [], "teamColors": {"primary": "#52b030", "secondary": "#52b030", "text": "#ffffff"}}, "homeScore": {"current": 2, "display": 2, "period1": 6, "period2": 7, "normaltime": 2}, "awayScore": {"current": 0, "display": 0, "period1": 2, "period2": 5, "normaltime": 0}, "time": {"current": 5638, "period1": 2539, "period2": 3099, "currentPeriodStartTimestamp": 1588858408}, "changes": {"changes": ["status.code", "status.description", "status.type", "homeScore.current", "homeScore.display", "homeScore.period2", "homeScore.normaltime", "awayScore.normaltime"], "changeTimestamp": 1588858451}, "hasGlobalHighlights": false, "id": 8644433, "startTimestamp": 1588851000, "slug": "krivko-krivalchevich", "periods": {"point": "Game", "current": "Match", "period1": "1st set", "period2": "2nd set", "period3": "3rd set", "period4": "4th set", "period5": "5th set"}, "finalResultOnly": false}, {"tournament": {"name": "Liga Pro", "slug": "liga-pro", "category": {"name": "Other", "slug": "other", "sport": {"name": "Tennis", "slug": "tennis", "id": 5}, "id": 1555, "flag": "other"}, "uniqueTournament": {"name": "Liga Pro", "slug": "liga-pro", "category": {"name": "Other", "slug": "other", "sport": {"name": "Tennis", "slug": "tennis", "id": 5}, "id": 1555, "flag": "other"}, "userCount": 98, "id": 14770, "hasEventPlayerStatistics": false}, "id": 79016}, "customId": "oCNcsYJNc", "status": {"code": 100, "description": "Ended", "type": "finished"}, "winnerCode": 2, "homeTeam": {"name": "Molcan K.", "slug": "molcan-konstantin", "shortName": "Molcan K.", "gender": "M", "userCount": 10, "nameCode": "MKO", "national": false, "type": 1, "id": 346364, "subTeams": [], "teamColors": {"primary": "#52b030", "secondary": "#52b030", "text": "#ffffff"}}, "awayTeam": {"name": "Rozhkov D.", "slug": "rozhkov-dmitry", "shortName": "Rozhkov D.", "userCount": 5, "nameCode": "RDM", "national": false, "type": 1, "id": 346748, "subTeams": [], "teamColors": {"primary": "#52b030", "secondary": "#52b030", "text": "#ffffff"}}, "homeScore": {"current": 0, "display": 0, "period1": 4, "period2": 4, "normaltime": 0}, "awayScore": {"current": 2, "display": 2, "period1": 6, "period2": 6, "normaltime": 2}, "time": {"current": 4173, "period1": 1929, "period2": 2244, "currentPeriodStartTimestamp": 1588863106}, "changes": {"changes": ["status.code", "status.description", "status.type", "homeScore.normaltime", "awayScore.current", "awayScore.display", "awayScore.period2", "awayScore.normaltime"], "changeTimestamp": 1588863127}, "hasGlobalHighlights": false, "id": 8644436, "startTimestamp": 1588854600, "slug": "rozhkov-molcan", "periods": {"point": "Game", "current": "Match", "period1": "1st set", "period2": "2nd set", "period3": "3rd set", "period4": "4th set", "period5": "5th set"}, "finalResultOnly": false}, {"tournament": {"name": "Liga Pro", "slug": "liga-pro", "category": {"name": "Other", "slug": "other", "sport": {"name": "Tennis", "slug": "tennis", "id": 5}, "id": 1555, "flag": "other"}, "uniqueTournament": {"name": "Liga Pro", "slug": "liga-pro", "category": {"name": "Other", "slug": "other", "sport": {"name": "Tennis", "slug": "tennis", "id": 5}, "id": 1555, "flag": "other"}, "userCount": 98, "id": 14770, "hasEventPlayerStatistics": false}, "id": 79016}, "customId": "vhNcsKpNc", "status": {"code": 100, "description": "Ended", "type": "finished"}, "winnerCode": 2, "homeTeam": {"name": "Matsulevich Y.", "slug": "matsulevich-yaroslav", "shortName": "Matsulevich Y.", "gender": "M", "userCount": 21, "nameCode": "MYA", "national": false, "type": 1, "id": 345370, "subTeams": [], "teamColors": {"primary": "#52b030", "secondary": "#52b030", "text": "#ffffff"}}, "awayTeam": {"name": "Mateyuk P.", "slug": "mateyuk-pavel", "shortName": "Mateyuk P.", "userCount": 20, "nameCode": "MPA", "national": false, "type": 1, "id": 345785, "subTeams": [], "teamColors": {"primary": "#52b030", "secondary": "#52b030", "text": "#ffffff"}}, "homeScore": {"current": 1, "display": 1, "period1": 5, "period2": 7, "period3": 6, "normaltime": 1}, "awayScore": {"current": 2, "display": 2, "period1": 7, "period2": 6, "period3": 10, "normaltime": 2}, "time": {"current": 6149, "period1": 2247, "period2": 3259, "period3": 643, "currentPeriodStartTimestamp": 1588869798}, "changes": {"changes": ["status.code", "status.description", "status.type", "homeScore.period3", "homeScore.normaltime", "awayScore.current", "awayScore.display", "awayScore.period3", "awayScore.normaltime"], "changeTimestamp": 1588869970}, "hasGlobalHighlights": false, "id": 8644437, "startTimestamp": 1588860000, "slug": "mateyuk-matsulevich", "periods": {"point": "Game", "current": "Match", "period1": "1st set", "period2": "2nd set", "period3": "3rd set", "period4": "4th set", "period5": "5th set"}, "finalResultOnly": false}, {"tournament": {"name": "Liga Pro", "slug": "liga-pro", "category": {"name": "Other", "slug": "other", "sport": {"name": "Tennis", "slug": "tennis", "id": 5}, "id": 1555, "flag": "other"}, "uniqueTournament": {"name": "Liga Pro", "slug": "liga-pro", "category": {"name": "Other", "slug": "other", "sport": {"name": "Tennis", "slug": "tennis", "id": 5}, "id": 1555, "flag": "other"}, "userCount": 98, "id": 14770, "hasEventPlayerStatistics": false}, "id": 79016}, "customId": "bdNcsthNc", "status": {"code": 100, "description": "Ended", "type": "finished"}, "winnerCode": 2, "homeTeam": {"name": "Petkevitch A.", "slug": "petkevitch-alexander", "shortName": "Petkevitch A.", "gender": "M", "userCount": 14, "nameCode": "PAL", "national": false, "type": 1, "id": 345368, "subTeams": [], "teamColors": {"primary": "#52b030", "secondary": "#52b030", "text": "#ffffff"}}, "awayTeam": {"name": "Panasik A.", "slug": "panasik-aleksandr", "shortName": "Panasik A.", "userCount": 5, "nameCode": "PAL", "national": false, "type": 1, "id": 345151, "subTeams": [], "teamColors": {"primary": "#52b030", "secondary": "#52b030", "text": "#ffffff"}}, "homeScore": {"current": 0, "display": 0, "period1": 2, "period2": 6, "normaltime": 0}, "awayScore": {"current": 2, "display": 2, "period1": 6, "period2": 7, "normaltime": 2}, "time": {"current": 6856, "period1": 1694, "period2": 5162, "currentPeriodStartTimestamp": 1588877357}, "changes": {"changes": ["status.code", "status.description", "status.type", "homeScore.normaltime", "awayScore.current", "awayScore.display", "awayScore.period2", "awayScore.normaltime"], "changeTimestamp": 1588877526}, "hasGlobalHighlights": false, "id": 8644438, "startTimestamp": 1588865400, "slug": "petkevitch-panasik", "periods": {"point": "Game", "current": "Match", "period1": "1st set", "period2": "2nd set", "period3": "3rd set", "period4": "4th set", "period5": "5th set"}, "finalResultOnly": false}, {"tournament": {"name": "Liga Pro", "slug": "liga-pro", "category": {"name": "Other", "slug": "other", "sport": {"name": "Tennis", "slug": "tennis", "id": 5}, "id": 1555, "flag": "other"}, "uniqueTournament": {"name": "Liga Pro", "slug": "liga-pro", "category": {"name": "Other", "slug": "other", "sport": {"name": "Tennis", "slug": "tennis", "id": 5}, "id": 1555, "flag": "other"}, "userCount": 98, "id": 14770, "hasEventPlayerStatistics": false}, "id": 79016}, "customId": "AhNcsDhNc", "status": {"code": 100, "description": "Ended", "type": "finished"}, "winnerCode": 1, "homeTeam": {"name": "Sheiko A.", "slug": "sheiko-andrey", "shortName": "Sheiko A.", "userCount": 39, "nameCode": "SAN", "national": false, "type": 1, "id": 345375, "subTeams": [], "teamColors": {"primary": "#52b030", "secondary": "#52b030", "text": "#ffffff"}}, "awayTeam": {"name": "Susha S.", "slug": "susha-sergey", "shortName": "Susha S.", "userCount": 19, "nameCode": "SSE", "national": false, "type": 1, "id": 345378, "subTeams": [], "teamColors": {"primary": "#52b030", "secondary": "#52b030", "text": "#ffffff"}}, "homeScore": {"current": 2, "display": 2, "period1": 6, "period2": 6, "normaltime": 2}, "awayScore": {"current": 0, "display": 0, "period1": 2, "period2": 2, "normaltime": 0}, "time": {"current": 4373, "period1": 2089, "period2": 2284, "currentPeriodStartTimestamp": 1588882217}, "changes": {"changes": ["status.code", "status.description", "status.type", "homeScore.current", "homeScore.display", "homeScore.period2", "homeScore.normaltime", "awayScore.normaltime"], "changeTimestamp": 1588882388}, "hasGlobalHighlights": false, "id": 8644441, "startTimestamp": 1588870800, "slug": "susha-sheiko", "periods": {"point": "Game", "current": "Match", "period1": "1st set", "period2": "2nd set", "period3": "3rd set", "period4": "4th set", "period5": "5th set"}, "finalResultOnly": false}, {"tournament": {"name": "Liga Pro", "slug": "liga-pro", "category": {"name": "Other", "slug": "other", "sport": {"name": "Tennis", "slug": "tennis", "id": 5}, "id": 1555, "flag": "other"}, "uniqueTournament": {"name": "Liga Pro", "slug": "liga-pro", "category": {"name": "Other", "slug": "other", "sport": {"name": "Tennis", "slug": "tennis", "id": 5}, "id": 1555, "flag": "other"}, "userCount": 98, "id": 14770, "hasEventPlayerStatistics": false}, "id": 79016}, "customId": "MiNcsXiNc", "status": {"code": 100, "description": "Ended", "type": "finished"}, "winnerCode": 2, "homeTeam": {"name": "Mikulenok V.", "slug": "mikulenok-valeriy", "shortName": "Mikulenok V.", "gender": "M", "userCount": 10, "nameCode": "MVA", "national": false, "type": 1, "id": 345437, "subTeams": [], "teamColors": {"primary": "#52b030", "secondary": "#52b030", "text": "#ffffff"}}, "awayTeam": {"name": "Petrovskij P.", "slug": "petrovskij-pyotr", "shortName": "Petrovskij P.", "userCount": 15, "nameCode": "PPY", "national": false, "type": 1, "id": 345447, "subTeams": [], "teamColors": {"primary": "#52b030", "secondary": "#52b030", "text": "#ffffff"}}, "homeScore": {"current": 0, "display": 0, "period1": 4, "period2": 2, "normaltime": 0}, "awayScore": {"current": 2, "display": 2, "period1": 6, "period2": 6, "normaltime": 2}, "time": {"current": 4787, "period1": 2550, "period2": 2237, "currentPeriodStartTimestamp": 1588887468}, "changes": {"changes": ["status.code", "status.description", "status.type", "homeScore.normaltime", "awayScore.current", "awayScore.display", "awayScore.period2", "awayScore.normaltime"], "changeTimestamp": 1588887609}, "hasGlobalHighlights": false, "id": 8644750, "startTimestamp": 1588874400, "slug": "petrovskij-mikulenok", "periods": {"point": "Game", "current": "Match", "period1": "1st set", "period2": "2nd set", "period3": "3rd set", "period4": "4th set", "period5": "5th set"}, "finalResultOnly": false}, {"tournament": {"name": "Liga Pro", "slug": "liga-pro", "category": {"name": "Other", "slug": "other", "sport": {"name": "Tennis", "slug": "tennis", "id": 5}, "id": 1555, "flag": "other"}, "uniqueTournament": {"name": "Liga Pro", "slug": "liga-pro", "category": {"name": "Other", "slug": "other", "sport": {"name": "Tennis", "slug": "tennis", "id": 5}, "id": 1555, "flag": "other"}, "userCount": 98, "id": 14770, "hasEventPlayerStatistics": false}, "id": 79016}, "customId": "AkNcsCuNc", "status": {"code": 100, "description": "Ended", "type": "finished"}, "winnerCode": 2, "homeTeam": {"name": "Antonovich E.", "slug": "antonovich-evgeny", "shortName": "Antonovich E.", "userCount": 9, "nameCode": "AEV", "national": false, "type": 1, "id": 345525, "subTeams": [], "teamColors": {"primary": "#52b030", "secondary": "#52b030", "text": "#ffffff"}}, "awayTeam": {"name": "Cintl A.", "slug": "cintl-alex", "shortName": "Cintl A.", "userCount": 12, "nameCode": "CAL", "national": false, "type": 1, "id": 345977, "subTeams": [], "teamColors": {"primary": "#52b030", "secondary": "#52b030", "text": "#ffffff"}}, "homeScore": {"current": 0, "display": 0, "period1": 2, "period2": 3, "normaltime": 0}, "awayScore": {"current": 2, "display": 2, "period1": 6, "period2": 6, "normaltime": 2}, "time": {"current": 4278, "period1": 2288, "period2": 1990, "currentPeriodStartTimestamp": 1588932966}, "changes": {"changes": ["status.code", "status.description", "status.type", "homeScore.normaltime", "awayScore.current", "awayScore.display", "awayScore.period2", "awayScore.normaltime"], "changeTimestamp": 1588933143}, "hasGlobalHighlights": false, "id": 8645660, "startTimestamp": 1588928400, "slug": "cintl-antonovich", "periods": {"point": "Game", "current": "Match", "period1": "1st set", "period2": "2nd set", "period3": "3rd set", "period4": "4th set", "period5": "5th set"}, "finalResultOnly": false}, {"tournament": {"name": "Liga Pro", "slug": "liga-pro", "category": {"name": "Other", "slug": "other", "sport": {"name": "Tennis", "slug": "tennis", "id": 5}, "id": 1555, "flag": "other"}, "uniqueTournament": {"name": "Liga Pro", "slug": "liga-pro", "category": {"name": "Other", "slug": "other", "sport": {"name": "Tennis", "slug": "tennis", "id": 5}, "id": 1555, "flag": "other"}, "userCount": 98, "id": 14770, "hasEventPlayerStatistics": false}, "id": 79016}, "customId": "ClNcsVmNc", "status": {"code": 100, "description": "Ended", "type": "finished"}, "winnerCode": 2, "homeTeam": {"name": "Chebotarev V.", "slug": "chebotarev-vladimir", "shortName": "Chebotarev V.", "userCount": 18, "nameCode": "CVL", "national": false, "type": 1, "id": 345645, "subTeams": [], "teamColors": {"primary": "#52b030", "secondary": "#52b030", "text": "#ffffff"}}, "awayTeam": {"name": "Andryushchenko V.", "slug": "andryushchenko-vyacheslav", "shortName": "Andryushchenko V.", "gender": "M", "userCount": 35, "nameCode": "AVY", "disabled": false, "national": false, "type": 1, "id": 345577, "subTeams": [], "teamColors": {"primary": "#52b030", "secondary": "#52b030", "text": "#ffffff"}}, "homeScore": {"current": 1, "display": 1, "period1": 3, "period2": 6, "period3": 4, "normaltime": 1}, "awayScore": {"current": 2, "display": 2, "period1": 6, "period2": 2, "period3": 10, "normaltime": 2}, "time": {"current": 5520, "period1": 2054, "period2": 2782, "period3": 684, "currentPeriodStartTimestamp": 1588938955}, "changes": {"changes": ["status.code", "status.description", "status.type", "homeScore.period3", "homeScore.normaltime", "awayScore.current", "awayScore.display", "awayScore.period3", "awayScore.normaltime"], "changeTimestamp": 1588939090}, "hasGlobalHighlights": false, "id": 8645661, "startTimestamp": 1588932000, "slug": "chebotarev-andryushchenko", "periods": {"point": "Game", "current": "Match", "period1": "1st set", "period2": "2nd set", "period3": "3rd set", "period4": "4th set", "period5": "5th set"}, "finalResultOnly": false}, {"tournament": {"name": "Liga Pro", "slug": "liga-pro", "category": {"name": "Other", "slug": "other", "sport": {"name": "Tennis", "slug": "tennis", "id": 5}, "id": 1555, "flag": "other"}, "uniqueTournament": {"name": "Liga Pro", "slug": "liga-pro", "category": {"name": "Other", "slug": "other", "sport": {"name": "Tennis", "slug": "tennis", "id": 5}, "id": 1555, "flag": "other"}, "userCount": 98, "id": 14770, "hasEventPlayerStatistics": false}, "id": 79016}, "customId": "xhNcsXiNc", "status": {"code": 100, "description": "Ended", "type": "finished"}, "winnerCode": 2, "homeTeam": {"name": "Petrovskij P.", "slug": "petrovskij-pyotr", "shortName": "Petrovskij P.", "userCount": 15, "nameCode": "PPY", "national": false, "type": 1, "id": 345447, "subTeams": [], "teamColors": {"primary": "#52b030", "secondary": "#52b030", "text": "#ffffff"}}, "awayTeam": {"name": "Hval G.", "slug": "hval-georgij", "shortName": "Hval G.", "userCount": 9, "nameCode": "HGE", "national": false, "type": 1, "id": 345372, "subTeams": [], "teamColors": {"primary": "#52b030", "secondary": "#52b030", "text": "#ffffff"}}, "homeScore": {"current": 1, "display": 1, "period1": 7, "period2": 4, "period3": 5, "normaltime": 1}, "awayScore": {"current": 2, "display": 2, "period1": 5, "period2": 6, "period3": 10, "normaltime": 2}, "time": {"current": 5482, "period1": 2526, "period2": 2212, "period3": 744, "currentPeriodStartTimestamp": 1588944851}, "changes": {"changes": ["status.code", "status.description", "status.type", "homeScore.period3", "homeScore.normaltime", "awayScore.current", "awayScore.display", "awayScore.period3", "awayScore.normaltime"], "changeTimestamp": 1588945030}, "hasGlobalHighlights": false, "id": 8645662, "startTimestamp": 1588937400, "slug": "petrovskij-hval", "periods": {"point": "Game", "current": "Match", "period1": "1st set", "period2": "2nd set", "period3": "3rd set", "period4": "4th set", "period5": "5th set"}, "finalResultOnly": false}, {"tournament": {"name": "Liga Pro", "slug": "liga-pro", "category": {"name": "Other", "slug": "other", "sport": {"name": "Tennis", "slug": "tennis", "id": 5}, "id": 1555, "flag": "other"}, "uniqueTournament": {"name": "Liga Pro", "slug": "liga-pro", "category": {"name": "Other", "slug": "other", "sport": {"name": "Tennis", "slug": "tennis", "id": 5}, "id": 1555, "flag": "other"}, "userCount": 98, "id": 14770, "hasEventPlayerStatistics": false}, "id": 79016}, "customId": "jtNcspCNc", "status": {"code": 100, "description": "Ended", "type": "finished"}, "winnerCode": 2, "homeTeam": {"name": "Sosim A.", "slug": "sosim-aleksandr", "shortName": "Sosim A.", "userCount": 5, "nameCode": "SAL", "national": false, "type": 1, "id": 346365, "subTeams": [], "teamColors": {"primary": "#52b030", "secondary": "#52b030", "text": "#ffffff"}}, "awayTeam": {"name": "Tarabrin V.", "slug": "tarabrin-vsevolod", "shortName": "Tarabrin V.", "userCount": 12, "nameCode": "TVS", "national": false, "type": 1, "id": 345909, "subTeams": [], "teamColors": {"primary": "#52b030", "secondary": "#52b030", "text": "#ffffff"}}, "homeScore": {"current": 1, "display": 1, "period1": 6, "period2": 6, "period3": 9, "normaltime": 1}, "awayScore": {"current": 2, "display": 2, "period1": 7, "period2": 2, "period3": 11, "normaltime": 2}, "time": {"current": 5212, "period1": 2378, "period2": 1918, "period3": 916, "currentPeriodStartTimestamp": 1588950281}, "changes": {"changes": ["status.code", "status.description", "status.type", "homeScore.period3", "homeScore.normaltime", "awayScore.current", "awayScore.display", "awayScore.period3", "awayScore.normaltime"], "changeTimestamp": 1588950429}, "hasGlobalHighlights": false, "id": 8645663, "startTimestamp": 1588941000, "slug": "sosim-tarabrin", "periods": {"point": "Game", "current": "Match", "period1": "1st set", "period2": "2nd set", "period3": "3rd set", "period4": "4th set", "period5": "5th set"}, "finalResultOnly": false}, {"tournament": {"name": "Liga Pro", "slug": "liga-pro", "category": {"name": "Other", "slug": "other", "sport": {"name": "Tennis", "slug": "tennis", "id": 5}, "id": 1555, "flag": "other"}, "uniqueTournament": {"name": "Liga Pro", "slug": "liga-pro", "category": {"name": "Other", "slug": "other", "sport": {"name": "Tennis", "slug": "tennis", "id": 5}, "id": 1555, "flag": "other"}, "userCount": 98, "id": 14770, "hasEventPlayerStatistics": false}, "id": 79016}, "customId": "hvNcsNwNc", "status": {"code": 100, "description": "Ended", "type": "finished"}, "winnerCode": 1, "homeTeam": {"name": "Belov A.", "slug": "belov-aleksandr", "shortName": "Belov A.", "userCount": 19, "nameCode": "BAL", "national": false, "type": 1, "id": 346007, "subTeams": [], "teamColors": {"primary": "#52b030", "secondary": "#52b030", "text": "#ffffff"}}, "awayTeam": {"name": "Kislyi P.", "slug": "kislyi-pavel", "shortName": "Kislyi P.", "gender": "M", "userCount": 9, "nameCode": "KPA", "national": false, "type": 1, "id": 346088, "subTeams": [], "teamColors": {"primary": "#52b030", "secondary": "#52b030", "text": "#ffffff"}}, "homeScore": {"current": 2, "display": 2, "period1": 6, "period2": 6, "normaltime": 2}, "awayScore": {"current": 0, "display": 0, "period1": 3, "period2": 3, "normaltime": 0}, "time": {"current": 4460, "period1": 1974, "period2": 2486, "currentPeriodStartTimestamp": 1588955484}, "changes": {"changes": ["status.code", "status.description", "status.type", "homeScore.current", "homeScore.display", "homeScore.period2", "homeScore.normaltime", "awayScore.normaltime"], "changeTimestamp": 1588955649}, "hasGlobalHighlights": false, "id": 8645664, "startTimestamp": 1588946400, "slug": "kislyi-belov", "periods": {"point": "Game", "current": "Match", "period1": "1st set", "period2": "2nd set", "period3": "3rd set", "period4": "4th set", "period5": "5th set"}, "finalResultOnly": false}, {"tournament": {"name": "Liga Pro", "slug": "liga-pro", "category": {"name": "Other", "slug": "other", "sport": {"name": "Tennis", "slug": "tennis", "id": 5}, "id": 1555, "flag": "other"}, "uniqueTournament": {"name": "Liga Pro", "slug": "liga-pro", "category": {"name": "Other", "slug": "other", "sport": {"name": "Tennis", "slug": "tennis", "id": 5}, "id": 1555, "flag": "other"}, "userCount": 98, "id": 14770, "hasEventPlayerStatistics": false}, "id": 79016}, "customId": "AhNcsGmNc", "status": {"code": 100, "description": "Ended", "type": "finished"}, "winnerCode": 1, "homeTeam": {"name": "Sheiko A.", "slug": "sheiko-andrey", "shortName": "Sheiko A.", "userCount": 39, "nameCode": "SAN", "national": false, "type": 1, "id": 345375, "subTeams": [], "teamColors": {"primary": "#52b030", "secondary": "#52b030", "text": "#ffffff"}}, "awayTeam": {"name": "Slizhevsky Y.", "slug": "slizhevsky-yuri", "shortName": "Slizhevsky Y.", "gender": "M", "userCount": 4, "nameCode": "SYU", "national": false, "type": 1, "id": 345631, "subTeams": [], "teamColors": {"primary": "#52b030", "secondary": "#52b030", "text": "#ffffff"}}, "homeScore": {"current": 2, "display": 2, "period1": 6, "period2": 6, "period3": 10, "normaltime": 2}, "awayScore": {"current": 1, "display": 1, "period1": 2, "period2": 7, "period3": 8, "normaltime": 1}, "time": {"current": 5951, "period1": 1458, "period2": 3581, "period3": 912, "currentPeriodStartTimestamp": 1588961901}, "changes": {"changes": ["status.code", "status.description", "status.type", "homeScore.current", "homeScore.display", "homeScore.period3", "homeScore.normaltime", "awayScore.period3", "awayScore.normaltime"], "changeTimestamp": 1588961953}, "hasGlobalHighlights": false, "id": 8645665, "startTimestamp": 1588951800, "slug": "slizhevsky-sheiko", "periods": {"point": "Game", "current": "Match", "period1": "1st set", "period2": "2nd set", "period3": "3rd set", "period4": "4th set", "period5": "5th set"}, "finalResultOnly": false}, {"tournament": {"name": "Liga Pro", "slug": "liga-pro", "category": {"name": "Other", "slug": "other", "sport": {"name": "Tennis", "slug": "tennis", "id": 5}, "id": 1555, "flag": "other"}, "uniqueTournament": {"name": "Liga Pro", "slug": "liga-pro", "category": {"name": "Other", "slug": "other", "sport": {"name": "Tennis", "slug": "tennis", "id": 5}, "id": 1555, "flag": "other"}, "userCount": 98, "id": 14770, "hasEventPlayerStatistics": false}, "id": 79016}, "customId": "NLrbsLpNc", "status": {"code": 70, "description": "Canceled", "type": "canceled"}, "winnerCode": 0, "homeTeam": {"name": "Zaharevich V.", "slug": "zaharevich-vladimir", "shortName": "Zaharevich V.", "userCount": 10, "nameCode": "ZVL", "national": false, "type": 1, "id": 345786, "subTeams": [], "teamColors": {"primary": "#52b030", "secondary": "#52b030", "text": "#ffffff"}}, "awayTeam": {"name": "Sukhotski P.", "slug": "sukhotski-pavel", "shortName": "Sukhotski P.", "gender": "M", "userCount": 13, "nameCode": "SUK", "national": false, "type": 1, "id": 169338, "subTeams": [], "teamColors": {"primary": "#52b030", "secondary": "#52b030", "text": "#ffffff"}}, "homeScore": {}, "awayScore": {}, "time": {"currentPeriodStartTimestamp": 1588962899}, "changes": {"changes": ["status.code", "status.description", "status.type"], "changeTimestamp": 1588963034}, "hasGlobalHighlights": false, "id": 8645779, "startTimestamp": 1588957200, "slug": "zaharevich-sukhotski", "periods": {"point": "Game", "current": "Match", "period1": "1st set", "period2": "2nd set", "period3": "3rd set", "period4": "4th set", "period5": "5th set"}, "finalResultOnly": false}, {"tournament": {"name": "Liga Pro", "slug": "liga-pro", "category": {"name": "Other", "slug": "other", "sport": {"name": "Tennis", "slug": "tennis", "id": 5}, "id": 1555, "flag": "other"}, "uniqueTournament": {"name": "Liga Pro", "slug": "liga-pro", "category": {"name": "Other", "slug": "other", "sport": {"name": "Tennis", "slug": "tennis", "id": 5}, "id": 1555, "flag": "other"}, "userCount": 98, "id": 14770, "hasEventPlayerStatistics": false}, "id": 79016}, "customId": "onNcsxyNc", "status": {"code": 100, "description": "Ended", "type": "finished"}, "winnerCode": 1, "homeTeam": {"name": "Lopatko V.", "slug": "lopatko-vasily", "shortName": "Lopatko V.", "userCount": 13, "nameCode": "LVA", "national": false, "type": 1, "id": 346172, "subTeams": [], "teamColors": {"primary": "#52b030", "secondary": "#52b030", "text": "#ffffff"}}, "awayTeam": {"name": "Smolyarchuk M.", "slug": "smolyarchuk-maxim", "shortName": "Smolyarchuk M.", "userCount": 4, "nameCode": "SMA", "national": false, "type": 1, "id": 345664, "subTeams": [], "teamColors": {"primary": "#52b030", "secondary": "#52b030", "text": "#ffffff"}}, "homeScore": {"current": 2, "display": 2, "period1": 3, "period2": 6, "period3": 10, "normaltime": 2}, "awayScore": {"current": 1, "display": 1, "period1": 6, "period2": 1, "period3": 3, "normaltime": 1}, "time": {"current": 3490, "period1": 1592, "period2": 1223, "period3": 675, "currentPeriodStartTimestamp": 1588970617}, "changes": {"changes": ["status.code", "status.description", "status.type", "homeScore.current", "homeScore.display", "homeScore.period3", "homeScore.normaltime", "awayScore.period3", "awayScore.normaltime"], "changeTimestamp": 1588970766}, "hasGlobalHighlights": false, "id": 8645952, "startTimestamp": 1588960800, "slug": "lopatko-smolyarchuk", "periods": {"point": "Game", "current": "Match", "period1": "1st set", "period2": "2nd set", "period3": "3rd set", "period4": "4th set", "period5": "5th set"}, "finalResultOnly": false}, {"tournament": {"name": "Liga Pro", "slug": "liga-pro", "category": {"name": "Other", "slug": "other", "sport": {"name": "Tennis", "slug": "tennis", "id": 5}, "id": 1555, "flag": "other"}, "uniqueTournament": {"name": "Liga Pro", "slug": "liga-pro", "category": {"name": "Other", "slug": "other", "sport": {"name": "Tennis", "slug": "tennis", "id": 5}, "id": 1555, "flag": "other"}, "userCount": 98, "id": 14770, "hasEventPlayerStatistics": false}, "id": 79016}, "customId": "EFmcsLpNc", "status": {"code": 100, "description": "Ended", "type": "finished"}, "winnerCode": 2, "homeTeam": {"name": "Zaharevich V.", "slug": "zaharevich-vladimir", "shortName": "Zaharevich V.", "userCount": 10, "nameCode": "ZVL", "national": false, "type": 1, "id": 345786, "subTeams": [], "teamColors": {"primary": "#52b030", "secondary": "#52b030", "text": "#ffffff"}}, "awayTeam": {"name": "Abou Khamis M.", "slug": "abou-khamis-mohammad-khaled", "shortName": "Abou Khamis M.", "userCount": 26, "nameCode": "AKM", "national": false, "type": 1, "id": 281529, "subTeams": [], "teamColors": {"primary": "#52b030", "secondary": "#52b030", "text": "#ffffff"}}, "homeScore": {"current": 0, "display": 0, "period1": 2, "period2": 1, "normaltime": 0}, "awayScore": {"current": 2, "display": 2, "period1": 6, "period2": 6, "normaltime": 2}, "time": {"current": 3582, "period1": 1379, "period2": 2203, "currentPeriodStartTimestamp": 1588966579}, "changes": {"changes": ["status.code", "status.description", "status.type", "homeScore.normaltime", "awayScore.current", "awayScore.display", "awayScore.period2", "awayScore.normaltime"], "changeTimestamp": 1588966628}, "hasGlobalHighlights": false, "id": 8647111, "startTimestamp": 1588962600, "slug": "zaharevich-abou-khamis", "periods": {"point": "Game", "current": "Match", "period1": "1st set", "period2": "2nd set", "period3": "3rd set", "period4": "4th set", "period5": "5th set"}, "finalResultOnly": false}], "hasNextPage": true}