{"events": [{"tournament": {"name": "Liga Pro", "slug": "liga-pro", "category": {"name": "Other", "slug": "other", "sport": {"name": "Tennis", "slug": "tennis", "id": 5}, "id": 1555, "flag": "other"}, "uniqueTournament": {"name": "Liga Pro", "slug": "liga-pro", "category": {"name": "Other", "slug": "other", "sport": {"name": "Tennis", "slug": "tennis", "id": 5}, "id": 1555, "flag": "other"}, "userCount": 98, "id": 14770, "hasEventPlayerStatistics": false}, "id": 79016}, "customId": "NLrbsEFmc", "status": {"code": 100, "description": "Ended", "type": "finished"}, "winnerCode": 2, "homeTeam": {"name": "Sukhotski P.", "slug": "sukhotski-pavel", "shortName": "Sukhotski P.", "gender": "M", "userCount": 13, "nameCode": "SUK", "national": false, "type": 1, "id": 169338, "subTeams": [], "teamColors": {"primary": "#52b030", "secondary": "#52b030", "text": "#ffffff"}}, "awayTeam": {"name": "Abou Khamis M.", "slug": "abou-khamis-mohammad-khaled", "shortName": "Abou Khamis M.", "userCount": 26, "nameCode": "AKM", "national": false, "type": 1, "id": 281529, "subTeams": [], "teamColors": {"primary": "#52b030", "secondary": "#52b030", "text": "#ffffff"}}, "homeScore": {"current": 0, "display": 0, "period1": 6, "period2": 1, "normaltime": 0}, "awayScore": {"current": 2, "display": 2, "period1": 7, "period2": 6, "normaltime": 2}, "time": {"current": 4192, "period1": 2573, "period2": 1619, "currentPeriodStartTimestamp": 1587219812}, "changes": {"changes": ["status.code", "status.description", "status.type", "homeScore.normaltime", "awayScore.current", "awayScore.display", "awayScore.period2", "awayScore.normaltime"], "changeTimestamp": 1587219913}, "hasGlobalHighlights": false, "id": 8626159, "startTimestamp": 1587214800, "slug": "abou-khamis-sukhotski", "periods": {"point": "Game", "current": "Match", "period1": "1st set", "period2": "2nd set", "period3": "3rd set", "period4": "4th set", "period5": "5th set"}, "finalResultOnly": false}, {"tournament": {"name": "Liga Pro", "slug": "liga-pro", "category": {"name": "Other", "slug": "other", "sport": {"name": "Tennis", "slug": "tennis", "id": 5}, "id": 1555, "flag": "other"}, "uniqueTournament": {"name": "Liga Pro", "slug": "liga-pro", "category": {"name": "Other", "slug": "other", "sport": {"name": "Tennis", "slug": "tennis", "id": 5}, "id": 1555, "flag": "other"}, "userCount": 98, "id": 14770, "hasEventPlayerStatistics": false}, "id": 79016}, "customId": "rhNcsqkNc", "status": {"code": 100, "description": "Ended", "type": "finished"}, "winnerCode": 1, "homeTeam": {"name": "Zhevniak A.", "slug": "zhevniak-alexandr", "shortName": "Zhevniak A.", "gender": "M", "userCount": 46, "nameCode": "ZAL", "national": false, "type": 1, "id": 345367, "subTeams": [], "teamColors": {"primary": "#52b030", "secondary": "#52b030", "text": "#ffffff"}}, "awayTeam": {"name": "Smolyarchuk E.", "slug": "smolyarchuk-eduard", "shortName": "Smolyarchuk E.", "gender": "M", "userCount": 4, "nameCode": "SED", "national": false, "type": 1, "id": 345516, "subTeams": [], "teamColors": {"primary": "#52b030", "secondary": "#52b030", "text": "#ffffff"}}, "homeScore": {"current": 2, "display": 2, "period1": 6, "period2": 6}, "awayScore": {"current": 0, "display": 0, "period1": 2, "period2": 2}, "time": {"currentPeriodStartTimestamp": 1587224208}, "changes": {"changes": ["homeScore.normaltime", "awayScore.normaltime"], "changeTimestamp": 1587224228}, "hasGlobalHighlights": false, "id": 8626160, "startTimestamp": 1587218400, "slug": "smolyarchuk-zhevniak", "periods": {"point": "Game", "current": "Match", "period1": "1st set", "period2": "2nd set", "period3": "3rd set", "period4": "4th set", "period5": "5th set"}, "finalResultOnly": false}, {"tournament": {"name": "Liga Pro", "slug": "liga-pro", "category": {"name": "Other", "slug": "other", "sport": {"name": "Tennis", "slug": "tennis", "id": 5}, "id": 1555, "flag": "other"}, "uniqueTournament": {"name": "Liga Pro", "slug": "liga-pro", "category": {"name": "Other", "slug": "other", "sport": {"name": "Tennis", "slug": "tennis", "id": 5}, "id": 1555, "flag": "other"}, "userCount": 98, "id": 14770, "hasEventPlayerStatistics": false}, "id": 79016}, "customId": "zkNcsznNc", "status": {"code": 100, "description": "Ended", "type": "finished"}, "winnerCode": 2, "homeTeam": {"name": "Prisyazhnyi M.", "slug": "prisyazhnyi-maksim", "shortName": "Prisyazhnyi M.", "userCount": 4, "nameCode": "PMA", "national": false, "type": 1, "id": 345524, "subTeams": [], "teamColors": {"primary": "#52b030", "secondary": "#52b030", "text": "#ffffff"}}, "awayTeam": {"name": "Zhudro D.", "slug": "zhudro-dmitriy", "shortName": "Zhudro D.", "userCount": 11, "nameCode": "ZDM", "national": false, "type": 1, "id": 345674, "subTeams": [], "teamColors": {"primary": "#52b030", "secondary": "#52b030", "text": "#ffffff"}}, "homeScore": {"current": 0, "display": 0, "period1": 2, "period2": 0, "normaltime": 0}, "awayScore": {"current": 2, "display": 2, "period1": 6, "period2": 6, "normaltime": 2}, "time": {"current": 3197, "period1": 1881, "period2": 1316, "currentPeriodStartTimestamp": 1587227932}, "changes": {"changes": ["status.code", "status.description", "status.type", "homeScore.normaltime", "awayScore.current", "awayScore.display", "awayScore.period2", "awayScore.normaltime"], "changeTimestamp": 1587228010}, "hasGlobalHighlights": false, "id": 8626164, "startTimestamp": 1587223800, "slug": "zhudro-prisyazhnyi", "periods": {"point": "Game", "current": "Match", "period1": "1st set", "period2": "2nd set", "period3": "3rd set", "period4": "4th set", "period5": "5th set"}, "finalResultOnly": false}, {"tournament": {"name": "Liga Pro", "slug": "liga-pro", "category": {"name": "Other", "slug": "other", "sport": {"name": "Tennis", "slug": "tennis", "id": 5}, "id": 1555, "flag": "other"}, "uniqueTournament": {"name": "Liga Pro", "slug": "liga-pro", "category": {"name": "Other", "slug": "other", "sport": {"name": "Tennis", "slug": "tennis", "id": 5}, "id": 1555, "flag": "other"}, "userCount": 98, "id": 14770, "hasEventPlayerStatistics": false}, "id": 79016}, "customId": "ThNcsonNc", "status": {"code": 92, "description": "Retired", "type": "finished"}, "winnerCode": 1, "homeTeam": {"name": "Maksimenko Y.", "slug": "maksimenko-yuriy", "shortName": "Maksimenko Y.", "userCount": 34, "nameCode": "MYU", "national": false, "type": 1, "id": 345393, "subTeams": [], "teamColors": {"primary": "#52b030", "secondary": "#52b030", "text": "#ffffff"}}, "awayTeam": {"name": "Smolyarchuk M.", "slug": "smolyarchuk-maxim", "shortName": "Smolyarchuk M.", "userCount": 4, "nameCode": "SMA", "national": false, "type": 1, "id": 345664, "subTeams": [], "teamColors": {"primary": "#52b030", "secondary": "#52b030", "text": "#ffffff"}}, "homeScore": {"current": 1, "display": 1, "period1": 6, "period2": 1}, "awayScore": {"current": 0, "display": 0, "period1": 1, "period2": 0}, "time": {"current": 2145, "period1": 1054, "period2": 1091, "currentPeriodStartTimestamp": 1587230658}, "changes": {"changes": ["status.code", "status.description", "status.type"], "changeTimestamp": 1587230704}, "hasGlobalHighlights": false, "id": 8626161, "startTimestamp": 1587227400, "slug": "smolyarchuk-maksimenko", "periods": {"point": "Game", "current": "Match", "period1": "1st set", "period2": "2nd set", "period3": "3rd set", "period4": "4th set", "period5": "5th set"}, "finalResultOnly": false}, {"tournament": {"name": "Liga Pro", "slug": "liga-pro", "category": {"name": "Other", "slug": "other", "sport": {"name": "Tennis", "slug": "tennis", "id": 5}, "id": 1555, "flag": "other"}, "uniqueTournament": {"name": "Liga Pro", "slug": "liga-pro", "category": {"name": "Other", "slug": "other", "sport": {"name": "Tennis", "slug": "tennis", "id": 5}, "id": 1555, "flag": "other"}, "userCount": 98, "id": 14770, "hasEventPlayerStatistics": false}, "id": 79016}, "customId": "uhNcsVmNc", "status": {"code": 100, "description": "Ended", "type": "finished"}, "winnerCode": 1, "homeTeam": {"name": "Tretyak E.", "slug": "tretyak-eduard", "shortName": "Tretyak E.", "gender": "M", "userCount": 18, "nameCode": "TED", "national": false, "type": 1, "id": 345369, "subTeams": [], "teamColors": {"primary": "#52b030", "secondary": "#52b030", "text": "#ffffff"}}, "awayTeam": {"name": "Chebotarev V.", "slug": "chebotarev-vladimir", "shortName": "Chebotarev V.", "userCount": 18, "nameCode": "CVL", "national": false, "type": 1, "id": 345645, "subTeams": [], "teamColors": {"primary": "#52b030", "secondary": "#52b030", "text": "#ffffff"}}, "homeScore": {"current": 2, "display": 2, "period1": 6, "period2": 6, "normaltime": 2}, "awayScore": {"current": 0, "display": 0, "period1": 3, "period2": 3, "normaltime": 0}, "time": {"current": 1992, "period1": 295, "period2": 1697, "currentPeriodStartTimestamp": 1587236397}, "changes": {"changes": ["status.code", "status.description", "status.type", "homeScore.current", "homeScore.display", "homeScore.period2", "homeScore.normaltime", "awayScore.normaltime"], "changeTimestamp": 1587236466}, "hasGlobalHighlights": false, "id": 8627054, "startTimestamp": 1587232800, "slug": "chebotarev-tretyak", "periods": {"point": "Game", "current": "Match", "period1": "1st set", "period2": "2nd set", "period3": "3rd set", "period4": "4th set", "period5": "5th set"}, "finalResultOnly": false}, {"tournament": {"name": "Liga Pro", "slug": "liga-pro", "category": {"name": "Other", "slug": "other", "sport": {"name": "Tennis", "slug": "tennis", "id": 5}, "id": 1555, "flag": "other"}, "uniqueTournament": {"name": "Liga Pro", "slug": "liga-pro", "category": {"name": "Other", "slug": "other", "sport": {"name": "Tennis", "slug": "tennis", "id": 5}, "id": 1555, "flag": "other"}, "userCount": 98, "id": 14770, "hasEventPlayerStatistics": false}, "id": 79016}, "customId": "uhNcsOiNc", "status": {"code": 70, "description": "Canceled", "type": "canceled"}, "winnerCode": 0, "homeTeam": {"name": "Tretyak E.", "slug": "tretyak-eduard", "shortName": "Tretyak E.", "gender": "M", "userCount": 18, "nameCode": "TED", "national": false, "type": 1, "id": 345369, "subTeams": [], "teamColors": {"primary": "#52b030", "secondary": "#52b030", "text": "#ffffff"}}, "awayTeam": {"name": "Strebkov N.", "slug": "strebkov-nikita", "shortName": "Strebkov N.", "userCount": 13, "nameCode": "SNI", "national": false, "type": 1, "id": 345439, "subTeams": [], "teamColors": {"primary": "#52b030", "secondary": "#52b030", "text": "#ffffff"}}, "homeScore": {"current": 0, "display": 0, "period1": 1}, "awayScore": {"current": 0, "display": 0, "period1": 2}, "time": {"current": 2404, "period1": 2404, "currentPeriodStartTimestamp": 1587235307}, "changes": {"changes": ["status.code", "status.description", "status.type"], "changeTimestamp": 1587235393}, "hasGlobalHighlights": false, "id": 8626165, "startTimestamp": 1587232800, "slug": "strebkov-tretyak", "periods": {"point": "Game", "current": "Match", "period1": "1st set", "period2": "2nd set", "period3": "3rd set", "period4": "4th set", "period5": "5th set"}, "finalResultOnly": false}, {"tournament": {"name": "Liga Pro", "slug": "liga-pro", "category": {"name": "Other", "slug": "other", "sport": {"name": "Tennis", "slug": "tennis", "id": 5}, "id": 1555, "flag": "other"}, "uniqueTournament": {"name": "Liga Pro", "slug": "liga-pro", "category": {"name": "Other", "slug": "other", "sport": {"name": "Tennis", "slug": "tennis", "id": 5}, "id": 1555, "flag": "other"}, "userCount": 98, "id": 14770, "hasEventPlayerStatistics": false}, "id": 79016}, "customId": "AhNcsAnNc", "status": {"code": 100, "description": "Ended", "type": "finished"}, "winnerCode": 1, "homeTeam": {"name": "Sheiko A.", "slug": "sheiko-andrey", "shortName": "Sheiko A.", "userCount": 39, "nameCode": "SAN", "national": false, "type": 1, "id": 345375, "subTeams": [], "teamColors": {"primary": "#52b030", "secondary": "#52b030", "text": "#ffffff"}}, "awayTeam": {"name": "Nazaruk D.", "slug": "nazaruk-dmitriy", "shortName": "Nazaruk D.", "userCount": 14, "nameCode": "NDM", "national": false, "type": 1, "id": 345675, "subTeams": [], "teamColors": {"primary": "#52b030", "secondary": "#52b030", "text": "#ffffff"}}, "homeScore": {"current": 2, "display": 2, "period1": 6, "period2": 7, "normaltime": 2}, "awayScore": {"current": 0, "display": 0, "period1": 3, "period2": 5, "normaltime": 0}, "time": {"current": 5768, "period1": 2060, "period2": 3708, "currentPeriodStartTimestamp": 1587243882}, "changes": {"changes": ["status.code", "status.description", "status.type", "homeScore.current", "homeScore.display", "homeScore.period2", "homeScore.normaltime", "awayScore.normaltime"], "changeTimestamp": 1587244029}, "hasGlobalHighlights": false, "id": 8626166, "startTimestamp": 1587238200, "slug": "nazaruk-sheiko", "periods": {"point": "Game", "current": "Match", "period1": "1st set", "period2": "2nd set", "period3": "3rd set", "period4": "4th set", "period5": "5th set"}, "finalResultOnly": false}, {"tournament": {"name": "Liga Pro", "slug": "liga-pro", "category": {"name": "Other", "slug": "other", "sport": {"name": "Tennis", "slug": "tennis", "id": 5}, "id": 1555, "flag": "other"}, "uniqueTournament": {"name": "Liga Pro", "slug": "liga-pro", "category": {"name": "Other", "slug": "other", "sport": {"name": "Tennis", "slug": "tennis", "id": 5}, "id": 1555, "flag": "other"}, "userCount": 98, "id": 14770, "hasEventPlayerStatistics": false}, "id": 79016}, "customId": "NiNcsPiNc", "status": {"code": 100, "description": "Ended", "type": "finished"}, "winnerCode": 1, "homeTeam": {"name": "Zhorov D.", "slug": "zhorov-dmitriy", "shortName": "Zhorov D.", "userCount": 12, "nameCode": "ZDM", "national": false, "type": 1, "id": 345440, "subTeams": [], "teamColors": {"primary": "#52b030", "secondary": "#52b030", "text": "#ffffff"}}, "awayTeam": {"name": "Efimchik E.", "slug": "efimchik-egor", "shortName": "Efimchik E.", "userCount": 8, "nameCode": "EEG", "national": false, "type": 1, "id": 345438, "subTeams": [], "teamColors": {"primary": "#52b030", "secondary": "#52b030", "text": "#ffffff"}}, "homeScore": {"current": 2, "display": 2, "period1": 6, "period2": 6, "normaltime": 2}, "awayScore": {"current": 0, "display": 0, "period1": 2, "period2": 2, "normaltime": 0}, "time": {"current": 3282, "period1": 1346, "period2": 1936, "currentPeriodStartTimestamp": 1587247933}, "changes": {"changes": ["status.code", "status.description", "status.type", "homeScore.current", "homeScore.display", "homeScore.period2", "homeScore.normaltime", "awayScore.normaltime"], "changeTimestamp": 1587247985}, "hasGlobalHighlights": false, "id": 8626167, "startTimestamp": 1587243600, "slug": "zhorov-efimchik", "periods": {"point": "Game", "current": "Match", "period1": "1st set", "period2": "2nd set", "period3": "3rd set", "period4": "4th set", "period5": "5th set"}, "finalResultOnly": false}, {"tournament": {"name": "Liga Pro", "slug": "liga-pro", "category": {"name": "Other", "slug": "other", "sport": {"name": "Tennis", "slug": "tennis", "id": 5}, "id": 1555, "flag": "other"}, "uniqueTournament": {"name": "Liga Pro", "slug": "liga-pro", "category": {"name": "Other", "slug": "other", "sport": {"name": "Tennis", "slug": "tennis", "id": 5}, "id": 1555, "flag": "other"}, "userCount": 98, "id": 14770, "hasEventPlayerStatistics": false}, "id": 79016}, "customId": "EhNcsBlNc", "status": {"code": 100, "description": "Ended", "type": "finished"}, "winnerCode": 2, "homeTeam": {"name": "Nazarenko I.", "slug": "nazarenko-igor", "shortName": "Nazarenko I.", "userCount": 16, "nameCode": "NIG", "national": false, "type": 1, "id": 345576, "subTeams": [], "teamColors": {"primary": "#52b030", "secondary": "#52b030", "text": "#ffffff"}}, "awayTeam": {"name": "Krivalchevich A.", "slug": "krivalchevich-aleksandr", "shortName": "Krivalchevich A.", "userCount": 17, "nameCode": "KAL", "national": false, "type": 1, "id": 345379, "subTeams": [], "teamColors": {"primary": "#52b030", "secondary": "#52b030", "text": "#ffffff"}}, "homeScore": {"current": 0, "display": 0, "period1": 1, "period2": 6, "normaltime": 0}, "awayScore": {"current": 2, "display": 2, "period1": 6, "period2": 7, "normaltime": 2}, "time": {"current": 6397, "period1": 1539, "period2": 4858, "currentPeriodStartTimestamp": 1587255280}, "changes": {"changes": ["status.code", "status.description", "status.type", "homeScore.normaltime", "awayScore.current", "awayScore.display", "awayScore.period2", "awayScore.normaltime"], "changeTimestamp": 1587255364}, "hasGlobalHighlights": false, "id": 8626168, "startTimestamp": 1587247200, "slug": "nazarenko-krivalchevich", "periods": {"point": "Game", "current": "Match", "period1": "1st set", "period2": "2nd set", "period3": "3rd set", "period4": "4th set", "period5": "5th set"}, "finalResultOnly": false}, {"tournament": {"name": "Liga Pro", "slug": "liga-pro", "category": {"name": "Other", "slug": "other", "sport": {"name": "Tennis", "slug": "tennis", "id": 5}, "id": 1555, "flag": "other"}, "uniqueTournament": {"name": "Liga Pro", "slug": "liga-pro", "category": {"name": "Other", "slug": "other", "sport": {"name": "Tennis", "slug": "tennis", "id": 5}, "id": 1555, "flag": "other"}, "userCount": 98, "id": 14770, "hasEventPlayerStatistics": false}, "id": 79016}, "customId": "uhNcsikNc", "status": {"code": 100, "description": "Ended", "type": "finished"}, "winnerCode": 2, "homeTeam": {"name": "Kolobuhov I.", "slug": "kolobuhov-ilya", "shortName": "Kolobuhov I.", "gender": "M", "userCount": 6, "nameCode": "KIL", "national": false, "type": 1, "id": 345508, "subTeams": [], "teamColors": {"primary": "#52b030", "secondary": "#52b030", "text": "#ffffff"}}, "awayTeam": {"name": "Tretyak E.", "slug": "tretyak-eduard", "shortName": "Tretyak E.", "gender": "M", "userCount": 18, "nameCode": "TED", "national": false, "type": 1, "id": 345369, "subTeams": [], "teamColors": {"primary": "#52b030", "secondary": "#52b030", "text": "#ffffff"}}, "homeScore": {"current": 1, "display": 1, "period1": 6, "period2": 5, "period3": 10, "normaltime": 1}, "awayScore": {"current": 2, "display": 2, "period1": 2, "period2": 7, "period3": 12, "normaltime": 2}, "time": {"currentPeriodStartTimestamp": 1587287981}, "changes": {"changes": ["homeScore.normaltime", "awayScore.normaltime"], "changeTimestamp": 1587288132}, "hasGlobalHighlights": false, "id": 8627473, "startTimestamp": 1587272400, "slug": "kolobuhov-tretyak", "periods": {"point": "Game", "current": "Match", "period1": "1st set", "period2": "2nd set", "period3": "3rd set", "period4": "4th set", "period5": "5th set"}, "finalResultOnly": false}, {"tournament": {"name": "Liga Pro", "slug": "liga-pro", "category": {"name": "Other", "slug": "other", "sport": {"name": "Tennis", "slug": "tennis", "id": 5}, "id": 1555, "flag": "other"}, "uniqueTournament": {"name": "Liga Pro", "slug": "liga-pro", "category": {"name": "Other", "slug": "other", "sport": {"name": "Tennis", "slug": "tennis", "id": 5}, "id": 1555, "flag": "other"}, "userCount": 98, "id": 14770, "hasEventPlayerStatistics": false}, "id": 79016}, "customId": "kfNcsqkNc", "status": {"code": 100, "description": "Ended", "type": "finished"}, "winnerCode": 2, "homeTeam": {"name": "Ksenevich A.", "slug": "ksenevich-alexey", "shortName": "Ksenevich A.", "gender": "M", "userCount": 9, "nameCode": "KAL", "national": false, "type": 1, "id": 345260, "subTeams": [], "teamColors": {"primary": "#52b030", "secondary": "#52b030", "text": "#ffffff"}}, "awayTeam": {"name": "Smolyarchuk E.", "slug": "smolyarchuk-eduard", "shortName": "Smolyarchuk E.", "gender": "M", "userCount": 4, "nameCode": "SED", "national": false, "type": 1, "id": 345516, "subTeams": [], "teamColors": {"primary": "#52b030", "secondary": "#52b030", "text": "#ffffff"}}, "homeScore": {"current": 0, "display": 0, "period1": 2, "period2": 2, "normaltime": 0}, "awayScore": {"current": 2, "display": 2, "period1": 6, "period2": 6, "normaltime": 2}, "time": {"currentPeriodStartTimestamp": 1587294281}, "changes": {"changes": ["homeScore.normaltime", "awayScore.normaltime"], "changeTimestamp": 1587294427}, "hasGlobalHighlights": false, "id": 8627464, "startTimestamp": 1587285000, "slug": "smolyarchuk-ksenevich", "periods": {"point": "Game", "current": "Match", "period1": "1st set", "period2": "2nd set", "period3": "3rd set", "period4": "4th set", "period5": "5th set"}, "finalResultOnly": false}, {"tournament": {"name": "Liga Pro", "slug": "liga-pro", "category": {"name": "Other", "slug": "other", "sport": {"name": "Tennis", "slug": "tennis", "id": 5}, "id": 1555, "flag": "other"}, "uniqueTournament": {"name": "Liga Pro", "slug": "liga-pro", "category": {"name": "Other", "slug": "other", "sport": {"name": "Tennis", "slug": "tennis", "id": 5}, "id": 1555, "flag": "other"}, "userCount": 98, "id": 14770, "hasEventPlayerStatistics": false}, "id": 79016}, "customId": "BhNcsAlNc", "status": {"code": 100, "description": "Ended", "type": "finished"}, "winnerCode": 1, "homeTeam": {"name": "Lavrik A.", "slug": "lavrik-anton", "shortName": "Lavrik A.", "userCount": 7, "nameCode": "LAN", "national": false, "type": 1, "id": 345376, "subTeams": [], "teamColors": {"primary": "#52b030", "secondary": "#52b030", "text": "#ffffff"}}, "awayTeam": {"name": "Shulgin R.", "slug": "shulgin-roman", "shortName": "Shulgin R.", "userCount": 1, "nameCode": "SRO", "national": false, "type": 1, "id": 345575, "subTeams": [], "teamColors": {"primary": "#52b030", "secondary": "#52b030", "text": "#ffffff"}}, "homeScore": {"current": 2, "display": 2, "period1": 6, "period2": 5, "period3": 10, "normaltime": 2}, "awayScore": {"current": 1, "display": 1, "period1": 1, "period2": 7, "period3": 7, "normaltime": 1}, "time": {"current": 5439, "period1": 1332, "period2": 3328, "period3": 779, "currentPeriodStartTimestamp": 1587306752}, "changes": {"changes": ["status.code", "status.description", "status.type", "homeScore.current", "homeScore.display", "homeScore.period3", "homeScore.normaltime", "awayScore.period3", "awayScore.normaltime"], "changeTimestamp": 1587306851}, "hasGlobalHighlights": false, "id": 8627438, "startTimestamp": 1587301200, "slug": "shulgin-lavrik", "periods": {"point": "Game", "current": "Match", "period1": "1st set", "period2": "2nd set", "period3": "3rd set", "period4": "4th set", "period5": "5th set"}, "finalResultOnly": false}, {"tournament": {"name": "Liga Pro", "slug": "liga-pro", "category": {"name": "Other", "slug": "other", "sport": {"name": "Tennis", "slug": "tennis", "id": 5}, "id": 1555, "flag": "other"}, "uniqueTournament": {"name": "Liga Pro", "slug": "liga-pro", "category": {"name": "Other", "slug": "other", "sport": {"name": "Tennis", "slug": "tennis", "id": 5}, "id": 1555, "flag": "other"}, "userCount": 98, "id": 14770, "hasEventPlayerStatistics": false}, "id": 79016}, "customId": "yhNcsikNc", "status": {"code": 100, "description": "Ended", "type": "finished"}, "winnerCode": 1, "homeTeam": {"name": "Kozhemyachko M.", "slug": "kozhemyachko-makar", "shortName": "Kozhemyachko M.", "userCount": 15, "nameCode": "KMA", "national": false, "type": 1, "id": 345373, "subTeams": [], "teamColors": {"primary": "#52b030", "secondary": "#52b030", "text": "#ffffff"}}, "awayTeam": {"name": "Kolobuhov I.", "slug": "kolobuhov-ilya", "shortName": "Kolobuhov I.", "gender": "M", "userCount": 6, "nameCode": "KIL", "national": false, "type": 1, "id": 345508, "subTeams": [], "teamColors": {"primary": "#52b030", "secondary": "#52b030", "text": "#ffffff"}}, "homeScore": {"current": 2, "display": 2, "period1": 6, "period2": 7, "normaltime": 2}, "awayScore": {"current": 0, "display": 0, "period1": 2, "period2": 5, "normaltime": 0}, "time": {"current": 3792, "period1": 1356, "period2": 2436, "currentPeriodStartTimestamp": 1587310996}, "changes": {"changes": ["status.code", "status.description", "status.type", "homeScore.current", "homeScore.display", "homeScore.period2", "homeScore.normaltime", "awayScore.normaltime"], "changeTimestamp": 1587311170}, "hasGlobalHighlights": false, "id": 8627439, "startTimestamp": 1587304800, "slug": "kolobuhov-kozhemyachko", "periods": {"point": "Game", "current": "Match", "period1": "1st set", "period2": "2nd set", "period3": "3rd set", "period4": "4th set", "period5": "5th set"}, "finalResultOnly": false}, {"tournament": {"name": "Liga Pro", "slug": "liga-pro", "category": {"name": "Other", "slug": "other", "sport": {"name": "Tennis", "slug": "tennis", "id": 5}, "id": 1555, "flag": "other"}, "uniqueTournament": {"name": "Liga Pro", "slug": "liga-pro", "category": {"name": "Other", "slug": "other", "sport": {"name": "Tennis", "slug": "tennis", "id": 5}, "id": 1555, "flag": "other"}, "userCount": 98, "id": 14770, "hasEventPlayerStatistics": false}, "id": 79016}, "customId": "OcNcsThNc", "status": {"code": 100, "description": "Ended", "type": "finished"}, "winnerCode": 1, "homeTeam": {"name": "Maksimenko Y.", "slug": "maksimenko-yuriy", "shortName": "Maksimenko Y.", "userCount": 34, "nameCode": "MYU", "national": false, "type": 1, "id": 345393, "subTeams": [], "teamColors": {"primary": "#52b030", "secondary": "#52b030", "text": "#ffffff"}}, "awayTeam": {"name": "Geraskin N.", "slug": "geraskin-nikita", "shortName": "Geraskin N.", "gender": "M", "userCount": 18, "nameCode": "GNI", "national": false, "type": 1, "id": 345139, "subTeams": [], "teamColors": {"primary": "#52b030", "secondary": "#52b030", "text": "#ffffff"}}, "homeScore": {"current": 2, "display": 2, "period1": 4, "period2": 6, "period3": 10, "normaltime": 2}, "awayScore": {"current": 1, "display": 1, "period1": 6, "period2": 4, "period3": 6, "normaltime": 1}, "time": {"current": 5675, "period1": 2334, "period2": 2461, "period3": 880, "currentPeriodStartTimestamp": 1587316932}, "changes": {"changes": ["status.code", "status.description", "status.type", "homeScore.current", "homeScore.display", "homeScore.period3", "homeScore.normaltime", "awayScore.period3", "awayScore.normaltime"], "changeTimestamp": 1587317112}, "hasGlobalHighlights": false, "id": 8627440, "startTimestamp": 1587310200, "slug": "maksimenko-geraskin", "periods": {"point": "Game", "current": "Match", "period1": "1st set", "period2": "2nd set", "period3": "3rd set", "period4": "4th set", "period5": "5th set"}, "finalResultOnly": false}, {"tournament": {"name": "Liga Pro", "slug": "liga-pro", "category": {"name": "Other", "slug": "other", "sport": {"name": "Tennis", "slug": "tennis", "id": 5}, "id": 1555, "flag": "other"}, "uniqueTournament": {"name": "Liga Pro", "slug": "liga-pro", "category": {"name": "Other", "slug": "other", "sport": {"name": "Tennis", "slug": "tennis", "id": 5}, "id": 1555, "flag": "other"}, "userCount": 98, "id": 14770, "hasEventPlayerStatistics": false}, "id": 79016}, "customId": "AkNcsUmNc", "status": {"code": 100, "description": "Ended", "type": "finished"}, "winnerCode": 2, "homeTeam": {"name": "Antonovich E.", "slug": "antonovich-evgeny", "shortName": "Antonovich E.", "userCount": 9, "nameCode": "AEV", "national": false, "type": 1, "id": 345525, "subTeams": [], "teamColors": {"primary": "#52b030", "secondary": "#52b030", "text": "#ffffff"}}, "awayTeam": {"name": "Zhishkevich A.", "slug": "zhishkevich-andrey", "shortName": "Zhishkevich A.", "userCount": 12, "nameCode": "ZAN", "national": false, "type": 1, "id": 345644, "subTeams": [], "teamColors": {"primary": "#52b030", "secondary": "#52b030", "text": "#ffffff"}}, "homeScore": {"current": 0, "display": 0, "period1": 5, "period2": 4, "normaltime": 0}, "awayScore": {"current": 2, "display": 2, "period1": 7, "period2": 6, "normaltime": 2}, "time": {"current": 4876, "period1": 2661, "period2": 2215, "currentPeriodStartTimestamp": 1587322305}, "changes": {"changes": ["status.code", "status.description", "status.type", "homeScore.period2", "homeScore.normaltime", "awayScore.current", "awayScore.display", "awayScore.period2", "awayScore.normaltime"], "changeTimestamp": 1587322328}, "hasGlobalHighlights": false, "id": 8627441, "startTimestamp": 1587313800, "slug": "zhishkevich-antonovich", "periods": {"point": "Game", "current": "Match", "period1": "1st set", "period2": "2nd set", "period3": "3rd set", "period4": "4th set", "period5": "5th set"}, "finalResultOnly": false}, {"tournament": {"name": "Liga Pro", "slug": "liga-pro", "category": {"name": "Other", "slug": "other", "sport": {"name": "Tennis", "slug": "tennis", "id": 5}, "id": 1555, "flag": "other"}, "uniqueTournament": {"name": "Liga Pro", "slug": "liga-pro", "category": {"name": "Other", "slug": "other", "sport": {"name": "Tennis", "slug": "tennis", "id": 5}, "id": 1555, "flag": "other"}, "userCount": 98, "id": 14770, "hasEventPlayerStatistics": false}, "id": 79016}, "customId": "EFmcsxhNc", "status": {"code": 100, "description": "Ended", "type": "finished"}, "winnerCode": 1, "homeTeam": {"name": "Abou Khamis M.", "slug": "abou-khamis-mohammad-khaled", "shortName": "Abou Khamis M.", "userCount": 26, "nameCode": "AKM", "national": false, "type": 1, "id": 281529, "subTeams": [], "teamColors": {"primary": "#52b030", "secondary": "#52b030", "text": "#ffffff"}}, "awayTeam": {"name": "Hval G.", "slug": "hval-georgij", "shortName": "Hval G.", "userCount": 9, "nameCode": "HGE", "national": false, "type": 1, "id": 345372, "subTeams": [], "teamColors": {"primary": "#52b030", "secondary": "#52b030", "text": "#ffffff"}}, "homeScore": {"current": 2, "display": 2, "period1": 6, "period2": 6, "normaltime": 2}, "awayScore": {"current": 0, "display": 0, "period1": 1, "period2": 2, "normaltime": 0}, "time": {"current": 2868, "period1": 798, "period2": 2070, "currentPeriodStartTimestamp": 1587326116}, "changes": {"changes": ["status.code", "status.description", "status.type", "homeScore.current", "homeScore.display", "homeScore.period2", "homeScore.normaltime", "awayScore.normaltime"], "changeTimestamp": 1587326283}, "hasGlobalHighlights": false, "id": 8627443, "startTimestamp": 1587319200, "slug": "hval-abou-khamis", "periods": {"point": "Game", "current": "Match", "period1": "1st set", "period2": "2nd set", "period3": "3rd set", "period4": "4th set", "period5": "5th set"}, "finalResultOnly": false}, {"tournament": {"name": "Liga Pro", "slug": "liga-pro", "category": {"name": "Other", "slug": "other", "sport": {"name": "Tennis", "slug": "tennis", "id": 5}, "id": 1555, "flag": "other"}, "uniqueTournament": {"name": "Liga Pro", "slug": "liga-pro", "category": {"name": "Other", "slug": "other", "sport": {"name": "Tennis", "slug": "tennis", "id": 5}, "id": 1555, "flag": "other"}, "userCount": 98, "id": 14770, "hasEventPlayerStatistics": false}, "id": 79016}, "customId": "DhNcsQiNc", "status": {"code": 100, "description": "Ended", "type": "finished"}, "winnerCode": 2, "homeTeam": {"name": "Susha S.", "slug": "susha-sergey", "shortName": "Susha S.", "userCount": 19, "nameCode": "SSE", "national": false, "type": 1, "id": 345378, "subTeams": [], "teamColors": {"primary": "#52b030", "secondary": "#52b030", "text": "#ffffff"}}, "awayTeam": {"name": "Sokolovskiy N.", "slug": "sokolovskiy-nikita", "shortName": "Sokolovskiy N.", "userCount": 15, "nameCode": "SNI", "national": false, "type": 1, "id": 345441, "subTeams": [], "teamColors": {"primary": "#52b030", "secondary": "#52b030", "text": "#ffffff"}}, "homeScore": {"current": 1, "display": 1, "period1": 6, "period2": 6, "period3": 8, "normaltime": 1}, "awayScore": {"current": 2, "display": 2, "period1": 4, "period2": 7, "period3": 10, "normaltime": 2}, "time": {"current": 6390, "period1": 2434, "period2": 3222, "period3": 734, "currentPeriodStartTimestamp": 1587333021}, "changes": {"changes": ["status.code", "status.description", "status.type", "homeScore.period3", "homeScore.normaltime", "awayScore.current", "awayScore.display", "awayScore.period3", "awayScore.normaltime"], "changeTimestamp": 1587333123}, "hasGlobalHighlights": false, "id": 8627442, "startTimestamp": 1587324600, "slug": "sokolovskiy-susha", "periods": {"point": "Game", "current": "Match", "period1": "1st set", "period2": "2nd set", "period3": "3rd set", "period4": "4th set", "period5": "5th set"}, "finalResultOnly": false}, {"tournament": {"name": "Liga Pro", "slug": "liga-pro", "category": {"name": "Other", "slug": "other", "sport": {"name": "Tennis", "slug": "tennis", "id": 5}, "id": 1555, "flag": "other"}, "uniqueTournament": {"name": "Liga Pro", "slug": "liga-pro", "category": {"name": "Other", "slug": "other", "sport": {"name": "Tennis", "slug": "tennis", "id": 5}, "id": 1555, "flag": "other"}, "userCount": 98, "id": 14770, "hasEventPlayerStatistics": false}, "id": 79016}, "customId": "EhNcsVmNc", "status": {"code": 100, "description": "Ended", "type": "finished"}, "winnerCode": 1, "homeTeam": {"name": "Chebotarev V.", "slug": "chebotarev-vladimir", "shortName": "Chebotarev V.", "userCount": 18, "nameCode": "CVL", "national": false, "type": 1, "id": 345645, "subTeams": [], "teamColors": {"primary": "#52b030", "secondary": "#52b030", "text": "#ffffff"}}, "awayTeam": {"name": "Krivalchevich A.", "slug": "krivalchevich-aleksandr", "shortName": "Krivalchevich A.", "userCount": 17, "nameCode": "KAL", "national": false, "type": 1, "id": 345379, "subTeams": [], "teamColors": {"primary": "#52b030", "secondary": "#52b030", "text": "#ffffff"}}, "homeScore": {"current": 2, "display": 2, "period1": 6, "period2": 1, "period3": 0, "normaltime": 2}, "awayScore": {"current": 1, "display": 1, "period1": 4, "period2": 6, "period3": 0, "normaltime": 1}, "time": {"current": 4740, "period1": 2291, "period2": 1746, "period3": 703, "currentPeriodStartTimestamp": 1587338418}, "changes": {"changes": ["status.code", "status.description", "status.type", "homeScore.current", "homeScore.display", "homeScore.normaltime", "awayScore.normaltime"], "changeTimestamp": 1587338348}, "hasGlobalHighlights": false, "id": 8627444, "startTimestamp": 1587330000, "slug": "chebotarev-krivalchevich", "periods": {"point": "Game", "current": "Match", "period1": "1st set", "period2": "2nd set", "period3": "3rd set", "period4": "4th set", "period5": "5th set"}, "finalResultOnly": false}, {"tournament": {"name": "Liga Pro", "slug": "liga-pro", "category": {"name": "Other", "slug": "other", "sport": {"name": "Tennis", "slug": "tennis", "id": 5}, "id": 1555, "flag": "other"}, "uniqueTournament": {"name": "Liga Pro", "slug": "liga-pro", "category": {"name": "Other", "slug": "other", "sport": {"name": "Tennis", "slug": "tennis", "id": 5}, "id": 1555, "flag": "other"}, "userCount": 98, "id": 14770, "hasEventPlayerStatistics": false}, "id": 79016}, "customId": "FhNcsClNc", "status": {"code": 100, "description": "Ended", "type": "finished"}, "winnerCode": 2, "homeTeam": {"name": "Andryushchenko V.", "slug": "andryushchenko-vyacheslav", "shortName": "Andryushchenko V.", "gender": "M", "userCount": 35, "nameCode": "AVY", "disabled": false, "national": false, "type": 1, "id": 345577, "subTeams": [], "teamColors": {"primary": "#52b030", "secondary": "#52b030", "text": "#ffffff"}}, "awayTeam": {"name": "Naumenko A.", "slug": "naumenko-alexey", "shortName": "Naumenko A.", "userCount": 6, "nameCode": "NAL", "national": false, "type": 1, "id": 345380, "subTeams": [], "teamColors": {"primary": "#52b030", "secondary": "#52b030", "text": "#ffffff"}}, "homeScore": {"current": 0, "display": 0, "period1": 4, "period2": 4, "normaltime": 0}, "awayScore": {"current": 2, "display": 2, "period1": 6, "period2": 6, "normaltime": 2}, "time": {"current": 4033, "period1": 2004, "period2": 2029, "currentPeriodStartTimestamp": 1587343076}, "changes": {"changes": ["status.code", "status.description", "status.type", "homeScore.normaltime", "awayScore.current", "awayScore.display", "awayScore.period2", "awayScore.normaltime"], "changeTimestamp": 1587343202}, "hasGlobalHighlights": false, "id": 8627445, "startTimestamp": 1587333600, "slug": "andryushchenko-naumenko", "periods": {"point": "Game", "current": "Match", "period1": "1st set", "period2": "2nd set", "period3": "3rd set", "period4": "4th set", "period5": "5th set"}, "finalResultOnly": false}, {"tournament": {"name": "Liga Pro", "slug": "liga-pro", "category": {"name": "Other", "slug": "other", "sport": {"name": "Tennis", "slug": "tennis", "id": 5}, "id": 1555, "flag": "other"}, "uniqueTournament": {"name": "Liga Pro", "slug": "liga-pro", "category": {"name": "Other", "slug": "other", "sport": {"name": "Tennis", "slug": "tennis", "id": 5}, "id": 1555, "flag": "other"}, "userCount": 98, "id": 14770, "hasEventPlayerStatistics": false}, "id": 79016}, "customId": "xhNcsBkNc", "status": {"code": 100, "description": "Ended", "type": "finished"}, "winnerCode": 2, "homeTeam": {"name": "Hval G.", "slug": "hval-georgij", "shortName": "Hval G.", "userCount": 9, "nameCode": "HGE", "national": false, "type": 1, "id": 345372, "subTeams": [], "teamColors": {"primary": "#52b030", "secondary": "#52b030", "text": "#ffffff"}}, "awayTeam": {"name": "Knysh I.", "slug": "knysh-ilya", "shortName": "Knysh I.", "userCount": 4, "nameCode": "KIL", "national": false, "type": 1, "id": 345526, "subTeams": [], "teamColors": {"primary": "#52b030", "secondary": "#52b030", "text": "#ffffff"}}, "homeScore": {"current": 1, "display": 1, "period1": 7, "period2": 2, "period3": 8, "normaltime": 1}, "awayScore": {"current": 2, "display": 2, "period1": 5, "period2": 6, "period3": 10, "normaltime": 2}, "time": {"current": 5535, "period1": 2575, "period2": 2129, "period3": 831, "currentPeriodStartTimestamp": 1587393512}, "changes": {"changes": ["status.code", "status.description", "status.type", "homeScore.period3", "homeScore.normaltime", "awayScore.current", "awayScore.display", "awayScore.period3", "awayScore.normaltime"], "changeTimestamp": 1587393605}, "hasGlobalHighlights": false, "id": 8628456, "startTimestamp": 1587387600, "slug": "knysh-hval", "periods": {"point": "Game", "current": "Match", "period1": "1st set", "period2": "2nd set", "period3": "3rd set", "period4": "4th set", "period5": "5th set"}, "finalResultOnly": false}, {"tournament": {"name": "Liga Pro", "slug": "liga-pro", "category": {"name": "Other", "slug": "other", "sport": {"name": "Tennis", "slug": "tennis", "id": 5}, "id": 1555, "flag": "other"}, "uniqueTournament": {"name": "Liga Pro", "slug": "liga-pro", "category": {"name": "Other", "slug": "other", "sport": {"name": "Tennis", "slug": "tennis", "id": 5}, "id": 1555, "flag": "other"}, "userCount": 98, "id": 14770, "hasEventPlayerStatistics": false}, "id": 79016}, "customId": "yhNcsKpNc", "status": {"code": 100, "description": "Ended", "type": "finished"}, "winnerCode": 2, "homeTeam": {"name": "Mateyuk P.", "slug": "mateyuk-pavel", "shortName": "Mateyuk P.", "userCount": 20, "nameCode": "MPA", "national": false, "type": 1, "id": 345785, "subTeams": [], "teamColors": {"primary": "#52b030", "secondary": "#52b030", "text": "#ffffff"}}, "awayTeam": {"name": "Kozhemyachko M.", "slug": "kozhemyachko-makar", "shortName": "Kozhemyachko M.", "userCount": 15, "nameCode": "KMA", "national": false, "type": 1, "id": 345373, "subTeams": [], "teamColors": {"primary": "#52b030", "secondary": "#52b030", "text": "#ffffff"}}, "homeScore": {"current": 1, "display": 1, "period1": 4, "period2": 6, "period3": 5, "normaltime": 1}, "awayScore": {"current": 2, "display": 2, "period1": 6, "period2": 3, "period3": 10, "normaltime": 2}, "time": {"current": 5040, "period1": 2328, "period2": 2037, "period3": 675, "currentPeriodStartTimestamp": 1587399020}, "changes": {"changes": ["status.code", "status.description", "status.type", "homeScore.period3", "homeScore.normaltime", "awayScore.current", "awayScore.display", "awayScore.period3", "awayScore.normaltime"], "changeTimestamp": 1587399185}, "hasGlobalHighlights": false, "id": 8628457, "startTimestamp": 1587391200, "slug": "mateyuk-kozhemyachko", "periods": {"point": "Game", "current": "Match", "period1": "1st set", "period2": "2nd set", "period3": "3rd set", "period4": "4th set", "period5": "5th set"}, "finalResultOnly": false}, {"tournament": {"name": "Liga Pro", "slug": "liga-pro", "category": {"name": "Other", "slug": "other", "sport": {"name": "Tennis", "slug": "tennis", "id": 5}, "id": 1555, "flag": "other"}, "uniqueTournament": {"name": "Liga Pro", "slug": "liga-pro", "category": {"name": "Other", "slug": "other", "sport": {"name": "Tennis", "slug": "tennis", "id": 5}, "id": 1555, "flag": "other"}, "userCount": 98, "id": 14770, "hasEventPlayerStatistics": false}, "id": 79016}, "customId": "ThNcsIiNc", "status": {"code": 100, "description": "Ended", "type": "finished"}, "winnerCode": 2, "homeTeam": {"name": "Maksimenko Y.", "slug": "maksimenko-yuriy", "shortName": "Maksimenko Y.", "userCount": 34, "nameCode": "MYU", "national": false, "type": 1, "id": 345393, "subTeams": [], "teamColors": {"primary": "#52b030", "secondary": "#52b030", "text": "#ffffff"}}, "awayTeam": {"name": "Sholomitsky I.", "slug": "sholomitsky-ilya", "shortName": "Sholomitsky I.", "gender": "M", "userCount": 15, "nameCode": "SIL", "national": false, "type": 1, "id": 345433, "subTeams": [], "teamColors": {"primary": "#52b030", "secondary": "#52b030", "text": "#ffffff"}}, "homeScore": {"current": 0, "display": 0, "period1": 2, "period2": 1, "normaltime": 0}, "awayScore": {"current": 2, "display": 2, "period1": 6, "period2": 6, "normaltime": 2}, "time": {"current": 1773, "period1": 1765, "period2": 8, "currentPeriodStartTimestamp": 1587402823}, "changes": {"changes": ["homeScore.normaltime", "awayScore.normaltime"], "changeTimestamp": 1587402965}, "hasGlobalHighlights": false, "id": 8628458, "startTimestamp": 1587396600, "slug": "sholomitsky-maksimenko", "periods": {"point": "Game", "current": "Match", "period1": "1st set", "period2": "2nd set", "period3": "3rd set", "period4": "4th set", "period5": "5th set"}, "finalResultOnly": false}, {"tournament": {"name": "Liga Pro", "slug": "liga-pro", "category": {"name": "Other", "slug": "other", "sport": {"name": "Tennis", "slug": "tennis", "id": 5}, "id": 1555, "flag": "other"}, "uniqueTournament": {"name": "Liga Pro", "slug": "liga-pro", "category": {"name": "Other", "slug": "other", "sport": {"name": "Tennis", "slug": "tennis", "id": 5}, "id": 1555, "flag": "other"}, "userCount": 98, "id": 14770, "hasEventPlayerStatistics": false}, "id": 79016}, "customId": "vhNcsLpNc", "status": {"code": 100, "description": "Ended", "type": "finished"}, "winnerCode": 1, "homeTeam": {"name": "Matsulevich Y.", "slug": "matsulevich-yaroslav", "shortName": "Matsulevich Y.", "gender": "M", "userCount": 21, "nameCode": "MYA", "national": false, "type": 1, "id": 345370, "subTeams": [], "teamColors": {"primary": "#52b030", "secondary": "#52b030", "text": "#ffffff"}}, "awayTeam": {"name": "Zaharevich V.", "slug": "zaharevich-vladimir", "shortName": "Zaharevich V.", "userCount": 10, "nameCode": "ZVL", "national": false, "type": 1, "id": 345786, "subTeams": [], "teamColors": {"primary": "#52b030", "secondary": "#52b030", "text": "#ffffff"}}, "homeScore": {"current": 2, "display": 2, "period1": 6, "period2": 6, "normaltime": 2}, "awayScore": {"current": 0, "display": 0, "period1": 3, "period2": 4, "normaltime": 0}, "time": {"current": 4368, "period1": 1958, "period2": 2410, "currentPeriodStartTimestamp": 1587407701}, "changes": {"changes": ["status.code", "status.description", "status.type", "homeScore.current", "homeScore.display", "homeScore.period2", "homeScore.normaltime", "awayScore.normaltime"], "changeTimestamp": 1587407830}, "hasGlobalHighlights": false, "id": 8628460, "startTimestamp": 1587400200, "slug": "zaharevich-matsulevich", "periods": {"point": "Game", "current": "Match", "period1": "1st set", "period2": "2nd set", "period3": "3rd set", "period4": "4th set", "period5": "5th set"}, "finalResultOnly": false}, {"tournament": {"name": "Liga Pro", "slug": "liga-pro", "category": {"name": "Other", "slug": "other", "sport": {"name": "Tennis", "slug": "tennis", "id": 5}, "id": 1555, "flag": "other"}, "uniqueTournament": {"name": "Liga Pro", "slug": "liga-pro", "category": {"name": "Other", "slug": "other", "sport": {"name": "Tennis", "slug": "tennis", "id": 5}, "id": 1555, "flag": "other"}, "userCount": 98, "id": 14770, "hasEventPlayerStatistics": false}, "id": 79016}, "customId": "rhNcsthNc", "status": {"code": 100, "description": "Ended", "type": "finished"}, "winnerCode": 2, "homeTeam": {"name": "Petkevitch A.", "slug": "petkevitch-alexander", "shortName": "Petkevitch A.", "gender": "M", "userCount": 14, "nameCode": "PAL", "national": false, "type": 1, "id": 345368, "subTeams": [], "teamColors": {"primary": "#52b030", "secondary": "#52b030", "text": "#ffffff"}}, "awayTeam": {"name": "Zhevniak A.", "slug": "zhevniak-alexandr", "shortName": "Zhevniak A.", "gender": "M", "userCount": 46, "nameCode": "ZAL", "national": false, "type": 1, "id": 345367, "subTeams": [], "teamColors": {"primary": "#52b030", "secondary": "#52b030", "text": "#ffffff"}}, "homeScore": {"current": 0, "display": 0, "period1": 1, "period2": 6, "normaltime": 0}, "awayScore": {"current": 2, "display": 2, "period1": 6, "period2": 7, "normaltime": 2}, "time": {"current": 4411, "period1": 1207, "period2": 3204, "currentPeriodStartTimestamp": 1587412818}, "changes": {"changes": ["status.code", "status.description", "status.type", "homeScore.normaltime", "awayScore.current", "awayScore.display", "awayScore.period2", "awayScore.normaltime"], "changeTimestamp": 1587412861}, "hasGlobalHighlights": false, "id": 8628459, "startTimestamp": 1587405600, "slug": "petkevitch-zhevniak", "periods": {"point": "Game", "current": "Match", "period1": "1st set", "period2": "2nd set", "period3": "3rd set", "period4": "4th set", "period5": "5th set"}, "finalResultOnly": false}, {"tournament": {"name": "Liga Pro", "slug": "liga-pro", "category": {"name": "Other", "slug": "other", "sport": {"name": "Tennis", "slug": "tennis", "id": 5}, "id": 1555, "flag": "other"}, "uniqueTournament": {"name": "Liga Pro", "slug": "liga-pro", "category": {"name": "Other", "slug": "other", "sport": {"name": "Tennis", "slug": "tennis", "id": 5}, "id": 1555, "flag": "other"}, "userCount": 98, "id": 14770, "hasEventPlayerStatistics": false}, "id": 79016}, "customId": "cdNcsgnNc", "status": {"code": 100, "description": "Ended", "type": "finished"}, "winnerCode": 1, "homeTeam": {"name": "Predushchenko E.", "slug": "predushchenko-evgeniy", "shortName": "Predushchenko E.", "userCount": 16, "nameCode": "PEV", "national": false, "type": 1, "id": 345152, "subTeams": [], "teamColors": {"primary": "#52b030", "secondary": "#52b030", "text": "#ffffff"}}, "awayTeam": {"name": "Dmitriev A.", "slug": "dmitriev-alexander", "shortName": "Dmitriev A.", "userCount": 6, "nameCode": "DAL", "national": false, "type": 1, "id": 345656, "subTeams": [], "teamColors": {"primary": "#52b030", "secondary": "#52b030", "text": "#ffffff"}}, "homeScore": {"current": 2, "display": 2, "period1": 6, "period2": 6, "normaltime": 2}, "awayScore": {"current": 0, "display": 0, "period1": 0, "period2": 1, "normaltime": 0}, "time": {"current": 2543, "period1": 936, "period2": 1607, "currentPeriodStartTimestamp": 1587415910}, "changes": {"changes": ["status.code", "status.description", "status.type", "homeScore.current", "homeScore.display", "homeScore.period2", "homeScore.normaltime", "awayScore.normaltime"], "changeTimestamp": 1587415923}, "hasGlobalHighlights": false, "id": 8628461, "startTimestamp": 1587411000, "slug": "dmitriev-predushchenko", "periods": {"point": "Game", "current": "Match", "period1": "1st set", "period2": "2nd set", "period3": "3rd set", "period4": "4th set", "period5": "5th set"}, "finalResultOnly": false}, {"tournament": {"name": "Liga Pro", "slug": "liga-pro", "category": {"name": "Other", "slug": "other", "sport": {"name": "Tennis", "slug": "tennis", "id": 5}, "id": 1555, "flag": "other"}, "uniqueTournament": {"name": "Liga Pro", "slug": "liga-pro", "category": {"name": "Other", "slug": "other", "sport": {"name": "Tennis", "slug": "tennis", "id": 5}, "id": 1555, "flag": "other"}, "userCount": 98, "id": 14770, "hasEventPlayerStatistics": false}, "id": 79016}, "customId": "ClNcsMpNc", "status": {"code": 100, "description": "Ended", "type": "finished"}, "winnerCode": 2, "homeTeam": {"name": "Pashkevich A.", "slug": "pashkevich-andrey", "shortName": "Pashkevich A.", "userCount": 4, "nameCode": "PAN", "national": false, "type": 1, "id": 345787, "subTeams": [], "teamColors": {"primary": "#52b030", "secondary": "#52b030", "text": "#ffffff"}}, "awayTeam": {"name": "Andryushchenko V.", "slug": "andryushchenko-vyacheslav", "shortName": "Andryushchenko V.", "gender": "M", "userCount": 35, "nameCode": "AVY", "disabled": false, "national": false, "type": 1, "id": 345577, "subTeams": [], "teamColors": {"primary": "#52b030", "secondary": "#52b030", "text": "#ffffff"}}, "homeScore": {"current": 0, "display": 0, "period1": 3, "period2": 1, "normaltime": 0}, "awayScore": {"current": 2, "display": 2, "period1": 6, "period2": 6, "normaltime": 2}, "time": {"current": 2863, "period1": 1515, "period2": 1348, "currentPeriodStartTimestamp": 1587419404}, "changes": {"changes": ["status.code", "status.description", "status.type", "homeScore.normaltime", "awayScore.current", "awayScore.display", "awayScore.period2", "awayScore.normaltime"], "changeTimestamp": 1587419530}, "hasGlobalHighlights": false, "id": 8628462, "startTimestamp": 1587416400, "slug": "pashkevich-andryushchenko", "periods": {"point": "Game", "current": "Match", "period1": "1st set", "period2": "2nd set", "period3": "3rd set", "period4": "4th set", "period5": "5th set"}, "finalResultOnly": false}, {"tournament": {"name": "Liga Pro", "slug": "liga-pro", "category": {"name": "Other", "slug": "other", "sport": {"name": "Tennis", "slug": "tennis", "id": 5}, "id": 1555, "flag": "other"}, "uniqueTournament": {"name": "Liga Pro", "slug": "liga-pro", "category": {"name": "Other", "slug": "other", "sport": {"name": "Tennis", "slug": "tennis", "id": 5}, "id": 1555, "flag": "other"}, "userCount": 98, "id": 14770, "hasEventPlayerStatistics": false}, "id": 79016}, "customId": "DhNcsNpNc", "status": {"code": 100, "description": "Ended", "type": "finished"}, "winnerCode": 1, "homeTeam": {"name": "Susha S.", "slug": "susha-sergey", "shortName": "Susha S.", "userCount": 19, "nameCode": "SSE", "national": false, "type": 1, "id": 345378, "subTeams": [], "teamColors": {"primary": "#52b030", "secondary": "#52b030", "text": "#ffffff"}}, "awayTeam": {"name": "Krivko V.", "slug": "krivko-vitaly", "shortName": "Krivko V.", "userCount": 11, "nameCode": "KVI", "national": false, "type": 1, "id": 345788, "subTeams": [], "teamColors": {"primary": "#52b030", "secondary": "#52b030", "text": "#ffffff"}}, "homeScore": {"current": 2, "display": 2, "period1": 7, "period2": 6, "normaltime": 2}, "awayScore": {"current": 0, "display": 0, "period1": 5, "period2": 3, "normaltime": 0}, "time": {"current": 4975, "period1": 2880, "period2": 2095, "currentPeriodStartTimestamp": 1587424921}, "changes": {"changes": ["status.code", "status.description", "status.type", "homeScore.current", "homeScore.display", "homeScore.period2", "homeScore.normaltime", "awayScore.normaltime"], "changeTimestamp": 1587425101}, "hasGlobalHighlights": false, "id": 8628463, "startTimestamp": 1587420000, "slug": "krivko-susha", "periods": {"point": "Game", "current": "Match", "period1": "1st set", "period2": "2nd set", "period3": "3rd set", "period4": "4th set", "period5": "5th set"}, "finalResultOnly": false}, {"tournament": {"name": "Liga Pro", "slug": "liga-pro", "category": {"name": "Other", "slug": "other", "sport": {"name": "Tennis", "slug": "tennis", "id": 5}, "id": 1555, "flag": "other"}, "uniqueTournament": {"name": "Liga Pro", "slug": "liga-pro", "category": {"name": "Other", "slug": "other", "sport": {"name": "Tennis", "slug": "tennis", "id": 5}, "id": 1555, "flag": "other"}, "userCount": 98, "id": 14770, "hasEventPlayerStatistics": false}, "id": 79016}, "customId": "ThNcsKpNc", "status": {"code": 100, "description": "Ended", "type": "finished"}, "winnerCode": 1, "homeTeam": {"name": "Maksimenko Y.", "slug": "maksimenko-yuriy", "shortName": "Maksimenko Y.", "userCount": 34, "nameCode": "MYU", "national": false, "type": 1, "id": 345393, "subTeams": [], "teamColors": {"primary": "#52b030", "secondary": "#52b030", "text": "#ffffff"}}, "awayTeam": {"name": "Mateyuk P.", "slug": "mateyuk-pavel", "shortName": "Mateyuk P.", "userCount": 20, "nameCode": "MPA", "national": false, "type": 1, "id": 345785, "subTeams": [], "teamColors": {"primary": "#52b030", "secondary": "#52b030", "text": "#ffffff"}}, "homeScore": {"current": 2, "display": 2, "period1": 2, "period2": 6, "period3": 10, "normaltime": 2}, "awayScore": {"current": 1, "display": 1, "period1": 6, "period2": 2, "period3": 3, "normaltime": 1}, "time": {"current": 2287, "period2": 2225, "period3": 62, "currentPeriodStartTimestamp": 1587479072}, "changes": {"changes": ["homeScore.normaltime", "awayScore.normaltime"], "changeTimestamp": 1587479101}, "hasGlobalHighlights": false, "id": 8628947, "startTimestamp": 1587474000, "slug": "mateyuk-maksimenko", "periods": {"point": "Game", "current": "Match", "period1": "1st set", "period2": "2nd set", "period3": "3rd set", "period4": "4th set", "period5": "5th set"}, "finalResultOnly": false}, {"tournament": {"name": "Liga Pro", "slug": "liga-pro", "category": {"name": "Other", "slug": "other", "sport": {"name": "Tennis", "slug": "tennis", "id": 5}, "id": 1555, "flag": "other"}, "uniqueTournament": {"name": "Liga Pro", "slug": "liga-pro", "category": {"name": "Other", "slug": "other", "sport": {"name": "Tennis", "slug": "tennis", "id": 5}, "id": 1555, "flag": "other"}, "userCount": 98, "id": 14770, "hasEventPlayerStatistics": false}, "id": 79016}, "customId": "kfNcsBhNc", "status": {"code": 100, "description": "Ended", "type": "finished"}, "winnerCode": 2, "homeTeam": {"name": "Ksenevich A.", "slug": "ksenevich-alexey", "shortName": "Ksenevich A.", "gender": "M", "userCount": 9, "nameCode": "KAL", "national": false, "type": 1, "id": 345260, "subTeams": [], "teamColors": {"primary": "#52b030", "secondary": "#52b030", "text": "#ffffff"}}, "awayTeam": {"name": "Lavrik A.", "slug": "lavrik-anton", "shortName": "Lavrik A.", "userCount": 7, "nameCode": "LAN", "national": false, "type": 1, "id": 345376, "subTeams": [], "teamColors": {"primary": "#52b030", "secondary": "#52b030", "text": "#ffffff"}}, "homeScore": {"current": 0, "display": 0, "period1": 3, "period2": 2, "normaltime": 0}, "awayScore": {"current": 2, "display": 2, "period1": 6, "period2": 6, "normaltime": 2}, "time": {"current": 3199, "period1": 1386, "period2": 1813, "currentPeriodStartTimestamp": 1587483000}, "changes": {"changes": ["status.code", "status.description", "status.type", "homeScore.normaltime", "awayScore.current", "awayScore.display", "awayScore.period2", "awayScore.normaltime"], "changeTimestamp": 1587483069}, "hasGlobalHighlights": false, "id": 8628948, "startTimestamp": 1587477600, "slug": "lavrik-ksenevich", "periods": {"point": "Game", "current": "Match", "period1": "1st set", "period2": "2nd set", "period3": "3rd set", "period4": "4th set", "period5": "5th set"}, "finalResultOnly": false}, {"tournament": {"name": "Liga Pro", "slug": "liga-pro", "category": {"name": "Other", "slug": "other", "sport": {"name": "Tennis", "slug": "tennis", "id": 5}, "id": 1555, "flag": "other"}, "uniqueTournament": {"name": "Liga Pro", "slug": "liga-pro", "category": {"name": "Other", "slug": "other", "sport": {"name": "Tennis", "slug": "tennis", "id": 5}, "id": 1555, "flag": "other"}, "userCount": 98, "id": 14770, "hasEventPlayerStatistics": false}, "id": 79016}, "customId": "NLrbsyhNc", "status": {"code": 100, "description": "Ended", "type": "finished"}, "winnerCode": 1, "homeTeam": {"name": "Kozhemyachko M.", "slug": "kozhemyachko-makar", "shortName": "Kozhemyachko M.", "userCount": 15, "nameCode": "KMA", "national": false, "type": 1, "id": 345373, "subTeams": [], "teamColors": {"primary": "#52b030", "secondary": "#52b030", "text": "#ffffff"}}, "awayTeam": {"name": "Sukhotski P.", "slug": "sukhotski-pavel", "shortName": "Sukhotski P.", "gender": "M", "userCount": 13, "nameCode": "SUK", "national": false, "type": 1, "id": 169338, "subTeams": [], "teamColors": {"primary": "#52b030", "secondary": "#52b030", "text": "#ffffff"}}, "homeScore": {"current": 2, "display": 2, "period1": 6, "period2": 1, "period3": 10, "normaltime": 2}, "awayScore": {"current": 1, "display": 1, "period1": 2, "period2": 6, "period3": 2, "normaltime": 1}, "time": {"current": 3553, "period1": 1323, "period2": 1621, "period3": 609, "currentPeriodStartTimestamp": 1587486981}, "changes": {"changes": ["status.code", "status.description", "status.type", "homeScore.current", "homeScore.display", "homeScore.period3", "homeScore.normaltime", "awayScore.period3", "awayScore.normaltime"], "changeTimestamp": 1587487030}, "hasGlobalHighlights": false, "id": 8628949, "startTimestamp": 1587483000, "slug": "kozhemyachko-sukhotski", "periods": {"point": "Game", "current": "Match", "period1": "1st set", "period2": "2nd set", "period3": "3rd set", "period4": "4th set", "period5": "5th set"}, "finalResultOnly": false}], "hasNextPage": true}