{"events": [{"tournament": {"name": "Liga Pro", "slug": "liga-pro", "category": {"name": "Other", "slug": "other", "sport": {"name": "Tennis", "slug": "tennis", "id": 5}, "id": 1555, "flag": "other"}, "uniqueTournament": {"name": "Liga Pro", "slug": "liga-pro", "category": {"name": "Other", "slug": "other", "sport": {"name": "Tennis", "slug": "tennis", "id": 5}, "id": 1555, "flag": "other"}, "userCount": 98, "id": 14770, "hasEventPlayerStatistics": false}, "id": 79016}, "customId": "ddNcsNiNc", "status": {"code": 100, "description": "Ended", "type": "finished"}, "winnerCode": 2, "homeTeam": {"name": "Efimchik E.", "slug": "efimchik-egor", "shortName": "Efimchik E.", "userCount": 8, "nameCode": "EEG", "national": false, "type": 1, "id": 345438, "subTeams": [], "teamColors": {"primary": "#52b030", "secondary": "#52b030", "text": "#ffffff"}}, "awayTeam": {"name": "Ionov M.", "slug": "ionov-maxim", "shortName": "Ionov M.", "userCount": 7, "nameCode": "IMA", "national": false, "type": 1, "id": 345153, "subTeams": [], "teamColors": {"primary": "#52b030", "secondary": "#52b030", "text": "#ffffff"}}, "homeScore": {"current": 0, "display": 0, "period1": 1, "period2": 1, "normaltime": 0}, "awayScore": {"current": 2, "display": 2, "period1": 6, "period2": 6, "normaltime": 2}, "time": {"currentPeriodStartTimestamp": 1586889581}, "changes": {"changes": ["homeScore.normaltime", "awayScore.normaltime"], "changeTimestamp": 1586889605}, "hasGlobalHighlights": false, "id": 8623704, "startTimestamp": 1586881800, "slug": "efimchik-ionov", "periods": {"point": "Game", "current": "Match", "period1": "1st set", "period2": "2nd set", "period3": "3rd set", "period4": "4th set", "period5": "5th set"}, "finalResultOnly": false}, {"tournament": {"name": "Liga Pro", "slug": "liga-pro", "category": {"name": "Other", "slug": "other", "sport": {"name": "Tennis", "slug": "tennis", "id": 5}, "id": 1555, "flag": "other"}, "uniqueTournament": {"name": "Liga Pro", "slug": "liga-pro", "category": {"name": "Other", "slug": "other", "sport": {"name": "Tennis", "slug": "tennis", "id": 5}, "id": 1555, "flag": "other"}, "userCount": 98, "id": 14770, "hasEventPlayerStatistics": false}, "id": 79016}, "customId": "MiNcsikNc", "status": {"code": 100, "description": "Ended", "type": "finished"}, "winnerCode": 1, "homeTeam": {"name": "Kolobuhov I.", "slug": "kolobuhov-ilya", "shortName": "Kolobuhov I.", "gender": "M", "userCount": 6, "nameCode": "KIL", "national": false, "type": 1, "id": 345508, "subTeams": [], "teamColors": {"primary": "#52b030", "secondary": "#52b030", "text": "#ffffff"}}, "awayTeam": {"name": "Mikulenok V.", "slug": "mikulenok-valeriy", "shortName": "Mikulenok V.", "gender": "M", "userCount": 10, "nameCode": "MVA", "national": false, "type": 1, "id": 345437, "subTeams": [], "teamColors": {"primary": "#52b030", "secondary": "#52b030", "text": "#ffffff"}}, "homeScore": {"current": 2, "display": 2, "period1": 6, "period2": 6, "normaltime": 2}, "awayScore": {"current": 0, "display": 0, "period1": 4, "period2": 2, "normaltime": 0}, "time": {"currentPeriodStartTimestamp": 1586895881}, "changes": {"changes": ["homeScore.normaltime", "awayScore.normaltime"], "changeTimestamp": 1586895903}, "hasGlobalHighlights": false, "id": 8623709, "startTimestamp": 1586887200, "slug": "kolobuhov-mikulenok", "periods": {"point": "Game", "current": "Match", "period1": "1st set", "period2": "2nd set", "period3": "3rd set", "period4": "4th set", "period5": "5th set"}, "finalResultOnly": false}, {"tournament": {"name": "Liga Pro", "slug": "liga-pro", "category": {"name": "Other", "slug": "other", "sport": {"name": "Tennis", "slug": "tennis", "id": 5}, "id": 1555, "flag": "other"}, "uniqueTournament": {"name": "Liga Pro", "slug": "liga-pro", "category": {"name": "Other", "slug": "other", "sport": {"name": "Tennis", "slug": "tennis", "id": 5}, "id": 1555, "flag": "other"}, "userCount": 98, "id": 14770, "hasEventPlayerStatistics": false}, "id": 79016}, "customId": "NiNcsXiNc", "status": {"code": 100, "description": "Ended", "type": "finished"}, "winnerCode": 1, "homeTeam": {"name": "Petrovskij P.", "slug": "petrovskij-pyotr", "shortName": "Petrovskij P.", "userCount": 15, "nameCode": "PPY", "national": false, "type": 1, "id": 345447, "subTeams": [], "teamColors": {"primary": "#52b030", "secondary": "#52b030", "text": "#ffffff"}}, "awayTeam": {"name": "Efimchik E.", "slug": "efimchik-egor", "shortName": "Efimchik E.", "userCount": 8, "nameCode": "EEG", "national": false, "type": 1, "id": 345438, "subTeams": [], "teamColors": {"primary": "#52b030", "secondary": "#52b030", "text": "#ffffff"}}, "homeScore": {"current": 2, "display": 2, "period1": 6, "period2": 6, "normaltime": 2}, "awayScore": {"current": 0, "display": 0, "period1": 1, "period2": 3, "normaltime": 0}, "time": {"currentPeriodStartTimestamp": 1586900381}, "changes": {"changes": ["homeScore.normaltime", "awayScore.normaltime"], "changeTimestamp": 1586900409}, "hasGlobalHighlights": false, "id": 8623722, "startTimestamp": 1586892600, "slug": "petrovskij-efimchik", "periods": {"point": "Game", "current": "Match", "period1": "1st set", "period2": "2nd set", "period3": "3rd set", "period4": "4th set", "period5": "5th set"}, "finalResultOnly": false}, {"tournament": {"name": "Liga Pro", "slug": "liga-pro", "category": {"name": "Other", "slug": "other", "sport": {"name": "Tennis", "slug": "tennis", "id": 5}, "id": 1555, "flag": "other"}, "uniqueTournament": {"name": "Liga Pro", "slug": "liga-pro", "category": {"name": "Other", "slug": "other", "sport": {"name": "Tennis", "slug": "tennis", "id": 5}, "id": 1555, "flag": "other"}, "userCount": 98, "id": 14770, "hasEventPlayerStatistics": false}, "id": 79016}, "customId": "OiNcsPiNc", "status": {"code": 100, "description": "Ended", "type": "finished"}, "winnerCode": 1, "homeTeam": {"name": "Strebkov N.", "slug": "strebkov-nikita", "shortName": "Strebkov N.", "userCount": 13, "nameCode": "SNI", "national": false, "type": 1, "id": 345439, "subTeams": [], "teamColors": {"primary": "#52b030", "secondary": "#52b030", "text": "#ffffff"}}, "awayTeam": {"name": "Zhorov D.", "slug": "zhorov-dmitriy", "shortName": "Zhorov D.", "userCount": 12, "nameCode": "ZDM", "national": false, "type": 1, "id": 345440, "subTeams": [], "teamColors": {"primary": "#52b030", "secondary": "#52b030", "text": "#ffffff"}}, "homeScore": {"current": 2, "display": 2, "period1": 6, "period2": 6, "normaltime": 2}, "awayScore": {"current": 0, "display": 0, "period1": 0, "period2": 3, "normaltime": 0}, "time": {"currentPeriodStartTimestamp": 1586906681}, "changes": {"changes": ["homeScore.normaltime", "awayScore.period2", "awayScore.normaltime"], "changeTimestamp": 1586906701}, "hasGlobalHighlights": false, "id": 8623705, "startTimestamp": 1586898000, "slug": "zhorov-strebkov", "periods": {"point": "Game", "current": "Match", "period1": "1st set", "period2": "2nd set", "period3": "3rd set", "period4": "4th set", "period5": "5th set"}, "finalResultOnly": false}, {"tournament": {"name": "Liga Pro", "slug": "liga-pro", "category": {"name": "Other", "slug": "other", "sport": {"name": "Tennis", "slug": "tennis", "id": 5}, "id": 1555, "flag": "other"}, "uniqueTournament": {"name": "Liga Pro", "slug": "liga-pro", "category": {"name": "Other", "slug": "other", "sport": {"name": "Tennis", "slug": "tennis", "id": 5}, "id": 1555, "flag": "other"}, "userCount": 98, "id": 14770, "hasEventPlayerStatistics": false}, "id": 79016}, "customId": "AhNcsQiNc", "status": {"code": 100, "description": "Ended", "type": "finished"}, "winnerCode": 1, "homeTeam": {"name": "Sheiko A.", "slug": "sheiko-andrey", "shortName": "Sheiko A.", "userCount": 39, "nameCode": "SAN", "national": false, "type": 1, "id": 345375, "subTeams": [], "teamColors": {"primary": "#52b030", "secondary": "#52b030", "text": "#ffffff"}}, "awayTeam": {"name": "Sokolovskiy N.", "slug": "sokolovskiy-nikita", "shortName": "Sokolovskiy N.", "userCount": 15, "nameCode": "SNI", "national": false, "type": 1, "id": 345441, "subTeams": [], "teamColors": {"primary": "#52b030", "secondary": "#52b030", "text": "#ffffff"}}, "homeScore": {"current": 2, "display": 2, "period1": 6, "period2": 6, "period3": 10, "period2TieBreak": 4, "normaltime": 2}, "awayScore": {"current": 1, "display": 1, "period1": 2, "period2": 7, "period3": 6, "period2TieBreak": 7, "normaltime": 1}, "time": {"currentPeriodStartTimestamp": 1586916581}, "changes": {"changes": ["homeScore.normaltime", "awayScore.normaltime"], "changeTimestamp": 1586916601}, "hasGlobalHighlights": false, "id": 8623706, "startTimestamp": 1586901600, "slug": "sokolovskiy-sheiko", "periods": {"point": "Game", "current": "Match", "period1": "1st set", "period2": "2nd set", "period3": "3rd set", "period4": "4th set", "period5": "5th set"}, "finalResultOnly": false}, {"tournament": {"name": "Liga Pro", "slug": "liga-pro", "category": {"name": "Other", "slug": "other", "sport": {"name": "Tennis", "slug": "tennis", "id": 5}, "id": 1555, "flag": "other"}, "uniqueTournament": {"name": "Liga Pro", "slug": "liga-pro", "category": {"name": "Other", "slug": "other", "sport": {"name": "Tennis", "slug": "tennis", "id": 5}, "id": 1555, "flag": "other"}, "userCount": 98, "id": 14770, "hasEventPlayerStatistics": false}, "id": 79016}, "customId": "NLrbsxhNc", "status": {"code": 100, "description": "Ended", "type": "finished"}, "winnerCode": 2, "homeTeam": {"name": "Hval G.", "slug": "hval-georgij", "shortName": "Hval G.", "userCount": 9, "nameCode": "HGE", "national": false, "type": 1, "id": 345372, "subTeams": [], "teamColors": {"primary": "#52b030", "secondary": "#52b030", "text": "#ffffff"}}, "awayTeam": {"name": "Sukhotski P.", "slug": "sukhotski-pavel", "shortName": "Sukhotski P.", "gender": "M", "userCount": 13, "nameCode": "SUK", "national": false, "type": 1, "id": 169338, "subTeams": [], "teamColors": {"primary": "#52b030", "secondary": "#52b030", "text": "#ffffff"}}, "homeScore": {"current": 1, "display": 1, "period1": 6, "period2": 3, "period3": 4, "normaltime": 1}, "awayScore": {"current": 2, "display": 2, "period1": 4, "period2": 6, "period3": 10, "normaltime": 2}, "time": {"current": 5478, "period1": 1939, "period2": 2718, "period3": 821, "currentPeriodStartTimestamp": 1586961223}, "changes": {"changes": ["status.code", "status.description", "status.type", "homeScore.period3", "homeScore.normaltime", "awayScore.current", "awayScore.display", "awayScore.period3", "awayScore.normaltime"], "changeTimestamp": 1586961248}, "hasGlobalHighlights": false, "id": 8624485, "startTimestamp": 1586955600, "slug": "hval-sukhotski", "periods": {"point": "Game", "current": "Match", "period1": "1st set", "period2": "2nd set", "period3": "3rd set", "period4": "4th set", "period5": "5th set"}, "finalResultOnly": false}, {"tournament": {"name": "Liga Pro", "slug": "liga-pro", "category": {"name": "Other", "slug": "other", "sport": {"name": "Tennis", "slug": "tennis", "id": 5}, "id": 1555, "flag": "other"}, "uniqueTournament": {"name": "Liga Pro", "slug": "liga-pro", "category": {"name": "Other", "slug": "other", "sport": {"name": "Tennis", "slug": "tennis", "id": 5}, "id": 1555, "flag": "other"}, "userCount": 98, "id": 14770, "hasEventPlayerStatistics": false}, "id": 79016}, "customId": "yhNcsrkNc", "status": {"code": 100, "description": "Ended", "type": "finished"}, "winnerCode": 1, "homeTeam": {"name": "Kozhemyachko M.", "slug": "kozhemyachko-makar", "shortName": "Kozhemyachko M.", "userCount": 15, "nameCode": "KMA", "national": false, "type": 1, "id": 345373, "subTeams": [], "teamColors": {"primary": "#52b030", "secondary": "#52b030", "text": "#ffffff"}}, "awayTeam": {"name": "Martinkevich A.", "slug": "martinkevich-andrey", "shortName": "Martinkevich A.", "userCount": 4, "nameCode": "MAN", "national": false, "type": 1, "id": 345517, "subTeams": [], "teamColors": {"primary": "#52b030", "secondary": "#52b030", "text": "#ffffff"}}, "homeScore": {"current": 2, "display": 2, "period1": 6, "period2": 7, "normaltime": 2}, "awayScore": {"current": 0, "display": 0, "period1": 3, "period2": 5, "normaltime": 0}, "time": {"current": 4793, "period1": 1628, "period2": 3165, "currentPeriodStartTimestamp": 1586966588}, "changes": {"changes": ["status.code", "status.description", "status.type", "homeScore.current", "homeScore.display", "homeScore.period2", "homeScore.normaltime", "awayScore.normaltime"], "changeTimestamp": 1586966644}, "hasGlobalHighlights": false, "id": 8624488, "startTimestamp": 1586959200, "slug": "martinkevich-kozhemyachko", "periods": {"point": "Game", "current": "Match", "period1": "1st set", "period2": "2nd set", "period3": "3rd set", "period4": "4th set", "period5": "5th set"}, "finalResultOnly": false}, {"tournament": {"name": "Liga Pro", "slug": "liga-pro", "category": {"name": "Other", "slug": "other", "sport": {"name": "Tennis", "slug": "tennis", "id": 5}, "id": 1555, "flag": "other"}, "uniqueTournament": {"name": "Liga Pro", "slug": "liga-pro", "category": {"name": "Other", "slug": "other", "sport": {"name": "Tennis", "slug": "tennis", "id": 5}, "id": 1555, "flag": "other"}, "userCount": 98, "id": 14770, "hasEventPlayerStatistics": false}, "id": 79016}, "customId": "bdNcscdNc", "status": {"code": 70, "description": "Canceled", "type": "canceled"}, "winnerCode": 0, "homeTeam": {"name": "Predushchenko E.", "slug": "predushchenko-evgeniy", "shortName": "Predushchenko E.", "userCount": 16, "nameCode": "PEV", "national": false, "type": 1, "id": 345152, "subTeams": [], "teamColors": {"primary": "#52b030", "secondary": "#52b030", "text": "#ffffff"}}, "awayTeam": {"name": "Panasik A.", "slug": "panasik-aleksandr", "shortName": "Panasik A.", "userCount": 5, "nameCode": "PAL", "national": false, "type": 1, "id": 345151, "subTeams": [], "teamColors": {"primary": "#52b030", "secondary": "#52b030", "text": "#ffffff"}}, "homeScore": {}, "awayScore": {}, "time": {"currentPeriodStartTimestamp": 1586968858}, "changes": {"changes": ["status.code", "status.description", "status.type"], "changeTimestamp": 1586968985}, "hasGlobalHighlights": false, "id": 8624487, "startTimestamp": 1586964600, "slug": "predushchenko-panasik", "periods": {"point": "Game", "current": "Match", "period1": "1st set", "period2": "2nd set", "period3": "3rd set", "period4": "4th set", "period5": "5th set"}, "finalResultOnly": false}, {"tournament": {"name": "Liga Pro", "slug": "liga-pro", "category": {"name": "Other", "slug": "other", "sport": {"name": "Tennis", "slug": "tennis", "id": 5}, "id": 1555, "flag": "other"}, "uniqueTournament": {"name": "Liga Pro", "slug": "liga-pro", "category": {"name": "Other", "slug": "other", "sport": {"name": "Tennis", "slug": "tennis", "id": 5}, "id": 1555, "flag": "other"}, "userCount": 98, "id": 14770, "hasEventPlayerStatistics": false}, "id": 79016}, "customId": "baNcsqkNc", "status": {"code": 100, "description": "Ended", "type": "finished"}, "winnerCode": 1, "homeTeam": {"name": "Bandaryk A.", "slug": "bandaryk-anton", "shortName": "Bandaryk A.", "gender": "M", "userCount": 14, "nameCode": "BAN", "national": false, "type": 1, "id": 345001, "subTeams": [], "teamColors": {"primary": "#52b030", "secondary": "#52b030", "text": "#ffffff"}}, "awayTeam": {"name": "Smolyarchuk E.", "slug": "smolyarchuk-eduard", "shortName": "Smolyarchuk E.", "gender": "M", "userCount": 4, "nameCode": "SED", "national": false, "type": 1, "id": 345516, "subTeams": [], "teamColors": {"primary": "#52b030", "secondary": "#52b030", "text": "#ffffff"}}, "homeScore": {"current": 2, "display": 2, "period1": 7, "period2": 6, "normaltime": 2}, "awayScore": {"current": 0, "display": 0, "period1": 6, "period2": 1, "normaltime": 0}, "time": {"current": 7570, "period1": 5657, "period2": 1913, "currentPeriodStartTimestamp": 1586981048}, "changes": {"changes": ["status.code", "status.description", "status.type", "homeScore.current", "homeScore.display", "homeScore.period2", "homeScore.normaltime", "awayScore.normaltime"], "changeTimestamp": 1586981223}, "hasGlobalHighlights": false, "id": 8624723, "startTimestamp": 1586968200, "slug": "smolyarchuk-bandaryk", "periods": {"point": "Game", "current": "Match", "period1": "1st set", "period2": "2nd set", "period3": "3rd set", "period4": "4th set", "period5": "5th set"}, "finalResultOnly": false}, {"tournament": {"name": "Liga Pro", "slug": "liga-pro", "category": {"name": "Other", "slug": "other", "sport": {"name": "Tennis", "slug": "tennis", "id": 5}, "id": 1555, "flag": "other"}, "uniqueTournament": {"name": "Liga Pro", "slug": "liga-pro", "category": {"name": "Other", "slug": "other", "sport": {"name": "Tennis", "slug": "tennis", "id": 5}, "id": 1555, "flag": "other"}, "userCount": 98, "id": 14770, "hasEventPlayerStatistics": false}, "id": 79016}, "customId": "cdNcsrhNc", "status": {"code": 100, "description": "Ended", "type": "finished"}, "winnerCode": 1, "homeTeam": {"name": "Predushchenko E.", "slug": "predushchenko-evgeniy", "shortName": "Predushchenko E.", "userCount": 16, "nameCode": "PEV", "national": false, "type": 1, "id": 345152, "subTeams": [], "teamColors": {"primary": "#52b030", "secondary": "#52b030", "text": "#ffffff"}}, "awayTeam": {"name": "Zhevniak A.", "slug": "zhevniak-alexandr", "shortName": "Zhevniak A.", "gender": "M", "userCount": 46, "nameCode": "ZAL", "national": false, "type": 1, "id": 345367, "subTeams": [], "teamColors": {"primary": "#52b030", "secondary": "#52b030", "text": "#ffffff"}}, "homeScore": {"current": 2, "display": 2, "period1": 7, "period2": 6, "normaltime": 2}, "awayScore": {"current": 0, "display": 0, "period1": 6, "period2": 4, "normaltime": 0}, "time": {"current": 3453, "period1": 693, "period2": 2760, "currentPeriodStartTimestamp": 1586972822}, "changes": {"changes": ["status.code", "status.description", "status.type", "homeScore.current", "homeScore.display", "homeScore.period2", "homeScore.normaltime", "awayScore.normaltime"], "changeTimestamp": 1586972942}, "hasGlobalHighlights": false, "id": 8624895, "startTimestamp": 1586968200, "slug": "zhevniak-predushchenko", "periods": {"point": "Game", "current": "Match", "period1": "1st set", "period2": "2nd set", "period3": "3rd set", "period4": "4th set", "period5": "5th set"}, "finalResultOnly": false}, {"tournament": {"name": "Liga Pro", "slug": "liga-pro", "category": {"name": "Other", "slug": "other", "sport": {"name": "Tennis", "slug": "tennis", "id": 5}, "id": 1555, "flag": "other"}, "uniqueTournament": {"name": "Liga Pro", "slug": "liga-pro", "category": {"name": "Other", "slug": "other", "sport": {"name": "Tennis", "slug": "tennis", "id": 5}, "id": 1555, "flag": "other"}, "userCount": 98, "id": 14770, "hasEventPlayerStatistics": false}, "id": 79016}, "customId": "zkNcsAkNc", "status": {"code": 100, "description": "Ended", "type": "finished"}, "winnerCode": 2, "homeTeam": {"name": "Prisyazhnyi M.", "slug": "prisyazhnyi-maksim", "shortName": "Prisyazhnyi M.", "userCount": 4, "nameCode": "PMA", "national": false, "type": 1, "id": 345524, "subTeams": [], "teamColors": {"primary": "#52b030", "secondary": "#52b030", "text": "#ffffff"}}, "awayTeam": {"name": "Antonovich E.", "slug": "antonovich-evgeny", "shortName": "Antonovich E.", "userCount": 9, "nameCode": "AEV", "national": false, "type": 1, "id": 345525, "subTeams": [], "teamColors": {"primary": "#52b030", "secondary": "#52b030", "text": "#ffffff"}}, "homeScore": {"current": 0, "display": 0, "period1": 2, "period2": 1, "normaltime": 0}, "awayScore": {"current": 2, "display": 2, "period1": 6, "period2": 6, "normaltime": 2}, "time": {"current": 4224, "period1": 1947, "period2": 2277, "currentPeriodStartTimestamp": 1586985983}, "changes": {"changes": ["status.code", "status.description", "status.type", "homeScore.normaltime", "awayScore.current", "awayScore.display", "awayScore.period2", "awayScore.normaltime"], "changeTimestamp": 1586986080}, "hasGlobalHighlights": false, "id": 8624820, "startTimestamp": 1586973600, "slug": "antonovich-prisyazhnyi", "periods": {"point": "Game", "current": "Match", "period1": "1st set", "period2": "2nd set", "period3": "3rd set", "period4": "4th set", "period5": "5th set"}, "finalResultOnly": false}, {"tournament": {"name": "Liga Pro", "slug": "liga-pro", "category": {"name": "Other", "slug": "other", "sport": {"name": "Tennis", "slug": "tennis", "id": 5}, "id": 1555, "flag": "other"}, "uniqueTournament": {"name": "Liga Pro", "slug": "liga-pro", "category": {"name": "Other", "slug": "other", "sport": {"name": "Tennis", "slug": "tennis", "id": 5}, "id": 1555, "flag": "other"}, "userCount": 98, "id": 14770, "hasEventPlayerStatistics": false}, "id": 79016}, "customId": "vhNcsBkNc", "status": {"code": 100, "description": "Ended", "type": "finished"}, "winnerCode": 2, "homeTeam": {"name": "Knysh I.", "slug": "knysh-ilya", "shortName": "Knysh I.", "userCount": 4, "nameCode": "KIL", "national": false, "type": 1, "id": 345526, "subTeams": [], "teamColors": {"primary": "#52b030", "secondary": "#52b030", "text": "#ffffff"}}, "awayTeam": {"name": "Matsulevich Y.", "slug": "matsulevich-yaroslav", "shortName": "Matsulevich Y.", "gender": "M", "userCount": 21, "nameCode": "MYA", "national": false, "type": 1, "id": 345370, "subTeams": [], "teamColors": {"primary": "#52b030", "secondary": "#52b030", "text": "#ffffff"}}, "homeScore": {"current": 1, "display": 1, "period1": 6, "period2": 4, "period3": 3, "normaltime": 1}, "awayScore": {"current": 2, "display": 2, "period1": 3, "period2": 6, "period3": 10, "normaltime": 2}, "time": {"current": 5429, "period1": 2045, "period2": 2839, "period3": 545, "currentPeriodStartTimestamp": 1586991811}, "changes": {"changes": ["status.code", "status.description", "status.type", "homeScore.period3", "homeScore.normaltime", "awayScore.current", "awayScore.display", "awayScore.period3", "awayScore.normaltime"], "changeTimestamp": 1586991847}, "hasGlobalHighlights": false, "id": 8624821, "startTimestamp": 1586979000, "slug": "knysh-matsulevich", "periods": {"point": "Game", "current": "Match", "period1": "1st set", "period2": "2nd set", "period3": "3rd set", "period4": "4th set", "period5": "5th set"}, "finalResultOnly": false}, {"tournament": {"name": "Liga Pro", "slug": "liga-pro", "category": {"name": "Other", "slug": "other", "sport": {"name": "Tennis", "slug": "tennis", "id": 5}, "id": 1555, "flag": "other"}, "uniqueTournament": {"name": "Liga Pro", "slug": "liga-pro", "category": {"name": "Other", "slug": "other", "sport": {"name": "Tennis", "slug": "tennis", "id": 5}, "id": 1555, "flag": "other"}, "userCount": 98, "id": 14770, "hasEventPlayerStatistics": false}, "id": 79016}, "customId": "AhNcsPiNc", "status": {"code": 100, "description": "Ended", "type": "finished"}, "winnerCode": 2, "homeTeam": {"name": "Zhorov D.", "slug": "zhorov-dmitriy", "shortName": "Zhorov D.", "userCount": 12, "nameCode": "ZDM", "national": false, "type": 1, "id": 345440, "subTeams": [], "teamColors": {"primary": "#52b030", "secondary": "#52b030", "text": "#ffffff"}}, "awayTeam": {"name": "Sheiko A.", "slug": "sheiko-andrey", "shortName": "Sheiko A.", "userCount": 39, "nameCode": "SAN", "national": false, "type": 1, "id": 345375, "subTeams": [], "teamColors": {"primary": "#52b030", "secondary": "#52b030", "text": "#ffffff"}}, "homeScore": {"current": 0, "display": 0, "period1": 2, "period2": 2, "normaltime": 0}, "awayScore": {"current": 2, "display": 2, "period1": 6, "period2": 6, "normaltime": 2}, "time": {"current": 3402, "period1": 1457, "period2": 1945, "currentPeriodStartTimestamp": 1586995593}, "changes": {"changes": ["status.code", "status.description", "status.type", "homeScore.normaltime", "awayScore.current", "awayScore.display", "awayScore.period2", "awayScore.normaltime"], "changeTimestamp": 1586995628}, "hasGlobalHighlights": false, "id": 8624486, "startTimestamp": 1586984400, "slug": "zhorov-sheiko", "periods": {"point": "Game", "current": "Match", "period1": "1st set", "period2": "2nd set", "period3": "3rd set", "period4": "4th set", "period5": "5th set"}, "finalResultOnly": false}, {"tournament": {"name": "Liga Pro", "slug": "liga-pro", "category": {"name": "Other", "slug": "other", "sport": {"name": "Tennis", "slug": "tennis", "id": 5}, "id": 1555, "flag": "other"}, "uniqueTournament": {"name": "Liga Pro", "slug": "liga-pro", "category": {"name": "Other", "slug": "other", "sport": {"name": "Tennis", "slug": "tennis", "id": 5}, "id": 1555, "flag": "other"}, "userCount": 98, "id": 14770, "hasEventPlayerStatistics": false}, "id": 79016}, "customId": "EFmcsBhNc", "status": {"code": 100, "description": "Ended", "type": "finished"}, "winnerCode": 2, "homeTeam": {"name": "Lavrik A.", "slug": "lavrik-anton", "shortName": "Lavrik A.", "userCount": 7, "nameCode": "LAN", "national": false, "type": 1, "id": 345376, "subTeams": [], "teamColors": {"primary": "#52b030", "secondary": "#52b030", "text": "#ffffff"}}, "awayTeam": {"name": "Abou Khamis M.", "slug": "abou-khamis-mohammad-khaled", "shortName": "Abou Khamis M.", "userCount": 26, "nameCode": "AKM", "national": false, "type": 1, "id": 281529, "subTeams": [], "teamColors": {"primary": "#52b030", "secondary": "#52b030", "text": "#ffffff"}}, "homeScore": {"current": 0, "display": 0, "period1": 1, "period2": 1, "normaltime": 0}, "awayScore": {"current": 2, "display": 2, "period1": 6, "period2": 6, "normaltime": 2}, "time": {"current": 3113, "period1": 1148, "period2": 1965, "currentPeriodStartTimestamp": 1586999146}, "changes": {"changes": ["status.code", "status.description", "status.type", "homeScore.normaltime", "awayScore.current", "awayScore.display", "awayScore.period2", "awayScore.normaltime"], "changeTimestamp": 1586999220}, "hasGlobalHighlights": false, "id": 8624515, "startTimestamp": 1586988000, "slug": "lavrik-abou-khamis", "periods": {"point": "Game", "current": "Match", "period1": "1st set", "period2": "2nd set", "period3": "3rd set", "period4": "4th set", "period5": "5th set"}, "finalResultOnly": false}, {"tournament": {"name": "Liga Pro", "slug": "liga-pro", "category": {"name": "Other", "slug": "other", "sport": {"name": "Tennis", "slug": "tennis", "id": 5}, "id": 1555, "flag": "other"}, "uniqueTournament": {"name": "Liga Pro", "slug": "liga-pro", "category": {"name": "Other", "slug": "other", "sport": {"name": "Tennis", "slug": "tennis", "id": 5}, "id": 1555, "flag": "other"}, "userCount": 98, "id": 14770, "hasEventPlayerStatistics": false}, "id": 79016}, "customId": "ddNcsOiNc", "status": {"code": 100, "description": "Ended", "type": "finished"}, "winnerCode": 1, "homeTeam": {"name": "Strebkov N.", "slug": "strebkov-nikita", "shortName": "Strebkov N.", "userCount": 13, "nameCode": "SNI", "national": false, "type": 1, "id": 345439, "subTeams": [], "teamColors": {"primary": "#52b030", "secondary": "#52b030", "text": "#ffffff"}}, "awayTeam": {"name": "Ionov M.", "slug": "ionov-maxim", "shortName": "Ionov M.", "userCount": 7, "nameCode": "IMA", "national": false, "type": 1, "id": 345153, "subTeams": [], "teamColors": {"primary": "#52b030", "secondary": "#52b030", "text": "#ffffff"}}, "homeScore": {"current": 2, "display": 2, "period1": 7, "period2": 7, "normaltime": 2}, "awayScore": {"current": 0, "display": 0, "period1": 6, "period2": 6, "normaltime": 0}, "time": {"current": 6554, "period1": 3027, "period2": 3527, "currentPeriodStartTimestamp": 1587050639}, "changes": {"changes": ["status.code", "status.description", "status.type", "homeScore.current", "homeScore.display", "homeScore.period2", "homeScore.normaltime", "awayScore.normaltime"], "changeTimestamp": 1587050704}, "hasGlobalHighlights": false, "id": 8625303, "startTimestamp": 1587042000, "slug": "strebkov-ionov", "periods": {"point": "Game", "current": "Match", "period1": "1st set", "period2": "2nd set", "period3": "3rd set", "period4": "4th set", "period5": "5th set"}, "finalResultOnly": false}, {"tournament": {"name": "Liga Pro", "slug": "liga-pro", "category": {"name": "Other", "slug": "other", "sport": {"name": "Tennis", "slug": "tennis", "id": 5}, "id": 1555, "flag": "other"}, "uniqueTournament": {"name": "Liga Pro", "slug": "liga-pro", "category": {"name": "Other", "slug": "other", "sport": {"name": "Tennis", "slug": "tennis", "id": 5}, "id": 1555, "flag": "other"}, "userCount": 98, "id": 14770, "hasEventPlayerStatistics": false}, "id": 79016}, "customId": "PiNcsrkNc", "status": {"code": 100, "description": "Ended", "type": "finished"}, "winnerCode": 2, "homeTeam": {"name": "Martinkevich A.", "slug": "martinkevich-andrey", "shortName": "Martinkevich A.", "userCount": 4, "nameCode": "MAN", "national": false, "type": 1, "id": 345517, "subTeams": [], "teamColors": {"primary": "#52b030", "secondary": "#52b030", "text": "#ffffff"}}, "awayTeam": {"name": "Zhorov D.", "slug": "zhorov-dmitriy", "shortName": "Zhorov D.", "userCount": 12, "nameCode": "ZDM", "national": false, "type": 1, "id": 345440, "subTeams": [], "teamColors": {"primary": "#52b030", "secondary": "#52b030", "text": "#ffffff"}}, "homeScore": {"current": 0, "display": 0, "period1": 6, "period2": 3, "normaltime": 0}, "awayScore": {"current": 2, "display": 2, "period1": 7, "period2": 6, "normaltime": 2}, "time": {"current": 4949, "period1": 2979, "period2": 1970, "currentPeriodStartTimestamp": 1587056108}, "changes": {"changes": ["status.code", "status.description", "status.type", "homeScore.normaltime", "awayScore.current", "awayScore.display", "awayScore.period2", "awayScore.normaltime"], "changeTimestamp": 1587056284}, "hasGlobalHighlights": false, "id": 8625304, "startTimestamp": 1587045600, "slug": "martinkevich-zhorov", "periods": {"point": "Game", "current": "Match", "period1": "1st set", "period2": "2nd set", "period3": "3rd set", "period4": "4th set", "period5": "5th set"}, "finalResultOnly": false}, {"tournament": {"name": "Liga Pro", "slug": "liga-pro", "category": {"name": "Other", "slug": "other", "sport": {"name": "Tennis", "slug": "tennis", "id": 5}, "id": 1555, "flag": "other"}, "uniqueTournament": {"name": "Liga Pro", "slug": "liga-pro", "category": {"name": "Other", "slug": "other", "sport": {"name": "Tennis", "slug": "tennis", "id": 5}, "id": 1555, "flag": "other"}, "userCount": 98, "id": 14770, "hasEventPlayerStatistics": false}, "id": 79016}, "customId": "rhNcsIiNc", "status": {"code": 100, "description": "Ended", "type": "finished"}, "winnerCode": 2, "homeTeam": {"name": "Zhevniak A.", "slug": "zhevniak-alexandr", "shortName": "Zhevniak A.", "gender": "M", "userCount": 46, "nameCode": "ZAL", "national": false, "type": 1, "id": 345367, "subTeams": [], "teamColors": {"primary": "#52b030", "secondary": "#52b030", "text": "#ffffff"}}, "awayTeam": {"name": "Sholomitsky I.", "slug": "sholomitsky-ilya", "shortName": "Sholomitsky I.", "gender": "M", "userCount": 15, "nameCode": "SIL", "national": false, "type": 1, "id": 345433, "subTeams": [], "teamColors": {"primary": "#52b030", "secondary": "#52b030", "text": "#ffffff"}}, "homeScore": {"current": 0, "display": 0, "period1": 3, "period2": 2, "normaltime": 0}, "awayScore": {"current": 2, "display": 2, "period1": 6, "period2": 6, "normaltime": 2}, "time": {"current": 3771, "period1": 1882, "period2": 1889, "currentPeriodStartTimestamp": 1587060598}, "changes": {"changes": ["status.code", "status.description", "status.type", "homeScore.normaltime", "awayScore.current", "awayScore.display", "awayScore.period2", "awayScore.normaltime"], "changeTimestamp": 1587060609}, "hasGlobalHighlights": false, "id": 8625305, "startTimestamp": 1587051000, "slug": "sholomitsky-zhevniak", "periods": {"point": "Game", "current": "Match", "period1": "1st set", "period2": "2nd set", "period3": "3rd set", "period4": "4th set", "period5": "5th set"}, "finalResultOnly": false}, {"tournament": {"name": "Liga Pro", "slug": "liga-pro", "category": {"name": "Other", "slug": "other", "sport": {"name": "Tennis", "slug": "tennis", "id": 5}, "id": 1555, "flag": "other"}, "uniqueTournament": {"name": "Liga Pro", "slug": "liga-pro", "category": {"name": "Other", "slug": "other", "sport": {"name": "Tennis", "slug": "tennis", "id": 5}, "id": 1555, "flag": "other"}, "userCount": 98, "id": 14770, "hasEventPlayerStatistics": false}, "id": 79016}, "customId": "thNcsAlNc", "status": {"code": 100, "description": "Ended", "type": "finished"}, "winnerCode": 2, "homeTeam": {"name": "Shulgin R.", "slug": "shulgin-roman", "shortName": "Shulgin R.", "userCount": 1, "nameCode": "SRO", "national": false, "type": 1, "id": 345575, "subTeams": [], "teamColors": {"primary": "#52b030", "secondary": "#52b030", "text": "#ffffff"}}, "awayTeam": {"name": "Petkevitch A.", "slug": "petkevitch-alexander", "shortName": "Petkevitch A.", "gender": "M", "userCount": 14, "nameCode": "PAL", "national": false, "type": 1, "id": 345368, "subTeams": [], "teamColors": {"primary": "#52b030", "secondary": "#52b030", "text": "#ffffff"}}, "homeScore": {"current": 0, "display": 0, "period1": 1, "period2": 1, "normaltime": 0}, "awayScore": {"current": 2, "display": 2, "period1": 6, "period2": 6, "normaltime": 2}, "time": {"current": 2688, "period1": 1384, "period2": 1304, "currentPeriodStartTimestamp": 1587064066}, "changes": {"changes": ["status.code", "status.description", "status.type", "homeScore.normaltime", "awayScore.current", "awayScore.display", "awayScore.period2", "awayScore.normaltime"], "changeTimestamp": 1587064201}, "hasGlobalHighlights": false, "id": 8625365, "startTimestamp": 1587054600, "slug": "shulgin-petkevitch", "periods": {"point": "Game", "current": "Match", "period1": "1st set", "period2": "2nd set", "period3": "3rd set", "period4": "4th set", "period5": "5th set"}, "finalResultOnly": false}, {"tournament": {"name": "Liga Pro", "slug": "liga-pro", "category": {"name": "Other", "slug": "other", "sport": {"name": "Tennis", "slug": "tennis", "id": 5}, "id": 1555, "flag": "other"}, "uniqueTournament": {"name": "Liga Pro", "slug": "liga-pro", "category": {"name": "Other", "slug": "other", "sport": {"name": "Tennis", "slug": "tennis", "id": 5}, "id": 1555, "flag": "other"}, "userCount": 98, "id": 14770, "hasEventPlayerStatistics": false}, "id": 79016}, "customId": "cdNcsThNc", "status": {"code": 100, "description": "Ended", "type": "finished"}, "winnerCode": 2, "homeTeam": {"name": "Maksimenko Y.", "slug": "maksimenko-yuriy", "shortName": "Maksimenko Y.", "userCount": 34, "nameCode": "MYU", "national": false, "type": 1, "id": 345393, "subTeams": [], "teamColors": {"primary": "#52b030", "secondary": "#52b030", "text": "#ffffff"}}, "awayTeam": {"name": "Predushchenko E.", "slug": "predushchenko-evgeniy", "shortName": "Predushchenko E.", "userCount": 16, "nameCode": "PEV", "national": false, "type": 1, "id": 345152, "subTeams": [], "teamColors": {"primary": "#52b030", "secondary": "#52b030", "text": "#ffffff"}}, "homeScore": {"current": 0, "display": 0, "period1": 3, "period2": 3, "normaltime": 0}, "awayScore": {"current": 2, "display": 2, "period1": 6, "period2": 6, "normaltime": 2}, "time": {"current": 3301, "period1": 1743, "period2": 1558, "currentPeriodStartTimestamp": 1587068326}, "changes": {"changes": ["status.code", "status.description", "status.type", "homeScore.period2", "homeScore.normaltime", "awayScore.current", "awayScore.display", "awayScore.period2", "awayScore.normaltime"], "changeTimestamp": 1587068347}, "hasGlobalHighlights": false, "id": 8625306, "startTimestamp": 1587060000, "slug": "maksimenko-predushchenko", "periods": {"point": "Game", "current": "Match", "period1": "1st set", "period2": "2nd set", "period3": "3rd set", "period4": "4th set", "period5": "5th set"}, "finalResultOnly": false}, {"tournament": {"name": "Liga Pro", "slug": "liga-pro", "category": {"name": "Other", "slug": "other", "sport": {"name": "Tennis", "slug": "tennis", "id": 5}, "id": 1555, "flag": "other"}, "uniqueTournament": {"name": "Liga Pro", "slug": "liga-pro", "category": {"name": "Other", "slug": "other", "sport": {"name": "Tennis", "slug": "tennis", "id": 5}, "id": 1555, "flag": "other"}, "userCount": 98, "id": 14770, "hasEventPlayerStatistics": false}, "id": 79016}, "customId": "ChNcsQiNc", "status": {"code": 100, "description": "Ended", "type": "finished"}, "winnerCode": 2, "homeTeam": {"name": "Ermalinsky D.", "slug": "ermalinsky-dmitry", "shortName": "Ermalinsky D.", "userCount": 12, "nameCode": "EDM", "national": false, "type": 1, "id": 345377, "subTeams": [], "teamColors": {"primary": "#52b030", "secondary": "#52b030", "text": "#ffffff"}}, "awayTeam": {"name": "Sokolovskiy N.", "slug": "sokolovskiy-nikita", "shortName": "Sokolovskiy N.", "userCount": 15, "nameCode": "SNI", "national": false, "type": 1, "id": 345441, "subTeams": [], "teamColors": {"primary": "#52b030", "secondary": "#52b030", "text": "#ffffff"}}, "homeScore": {"current": 0, "display": 0, "period1": 5, "period2": 3, "normaltime": 0}, "awayScore": {"current": 2, "display": 2, "period1": 7, "period2": 6, "normaltime": 2}, "time": {"current": 5058, "period1": 3002, "period2": 2056, "currentPeriodStartTimestamp": 1587074156}, "changes": {"changes": ["status.code", "status.description", "status.type", "homeScore.normaltime", "awayScore.current", "awayScore.display", "awayScore.period2", "awayScore.normaltime"], "changeTimestamp": 1587074281}, "hasGlobalHighlights": false, "id": 8625367, "startTimestamp": 1587065400, "slug": "sokolovskiy-ermalinsky", "periods": {"point": "Game", "current": "Match", "period1": "1st set", "period2": "2nd set", "period3": "3rd set", "period4": "4th set", "period5": "5th set"}, "finalResultOnly": false}, {"tournament": {"name": "Liga Pro", "slug": "liga-pro", "category": {"name": "Other", "slug": "other", "sport": {"name": "Tennis", "slug": "tennis", "id": 5}, "id": 1555, "flag": "other"}, "uniqueTournament": {"name": "Liga Pro", "slug": "liga-pro", "category": {"name": "Other", "slug": "other", "sport": {"name": "Tennis", "slug": "tennis", "id": 5}, "id": 1555, "flag": "other"}, "userCount": 98, "id": 14770, "hasEventPlayerStatistics": false}, "id": 79016}, "customId": "yhNcsBhNc", "status": {"code": 100, "description": "Ended", "type": "finished"}, "winnerCode": 1, "homeTeam": {"name": "Kozhemyachko M.", "slug": "kozhemyachko-makar", "shortName": "Kozhemyachko M.", "userCount": 15, "nameCode": "KMA", "national": false, "type": 1, "id": 345373, "subTeams": [], "teamColors": {"primary": "#52b030", "secondary": "#52b030", "text": "#ffffff"}}, "awayTeam": {"name": "Lavrik A.", "slug": "lavrik-anton", "shortName": "Lavrik A.", "userCount": 7, "nameCode": "LAN", "national": false, "type": 1, "id": 345376, "subTeams": [], "teamColors": {"primary": "#52b030", "secondary": "#52b030", "text": "#ffffff"}}, "homeScore": {"current": 2, "display": 2, "period1": 7, "period2": 2, "period3": 10, "normaltime": 2}, "awayScore": {"current": 1, "display": 1, "period1": 6, "period2": 6, "period3": 3, "normaltime": 1}, "time": {"current": 4960, "period1": 2608, "period2": 1492, "period3": 860, "currentPeriodStartTimestamp": 1587079473}, "changes": {"changes": ["status.code", "status.description", "status.type", "homeScore.current", "homeScore.display", "homeScore.period3", "homeScore.normaltime", "awayScore.period3", "awayScore.normaltime"], "changeTimestamp": 1587079501}, "hasGlobalHighlights": false, "id": 8625307, "startTimestamp": 1587070800, "slug": "lavrik-kozhemyachko", "periods": {"point": "Game", "current": "Match", "period1": "1st set", "period2": "2nd set", "period3": "3rd set", "period4": "4th set", "period5": "5th set"}, "finalResultOnly": false}, {"tournament": {"name": "Liga Pro", "slug": "liga-pro", "category": {"name": "Other", "slug": "other", "sport": {"name": "Tennis", "slug": "tennis", "id": 5}, "id": 1555, "flag": "other"}, "uniqueTournament": {"name": "Liga Pro", "slug": "liga-pro", "category": {"name": "Other", "slug": "other", "sport": {"name": "Tennis", "slug": "tennis", "id": 5}, "id": 1555, "flag": "other"}, "userCount": 98, "id": 14770, "hasEventPlayerStatistics": false}, "id": 79016}, "customId": "BlNcsClNc", "status": {"code": 100, "description": "Ended", "type": "finished"}, "winnerCode": 2, "homeTeam": {"name": "Nazarenko I.", "slug": "nazarenko-igor", "shortName": "Nazarenko I.", "userCount": 16, "nameCode": "NIG", "national": false, "type": 1, "id": 345576, "subTeams": [], "teamColors": {"primary": "#52b030", "secondary": "#52b030", "text": "#ffffff"}}, "awayTeam": {"name": "Andryushchenko V.", "slug": "andryushchenko-vyacheslav", "shortName": "Andryushchenko V.", "gender": "M", "userCount": 35, "nameCode": "AVY", "disabled": false, "national": false, "type": 1, "id": 345577, "subTeams": [], "teamColors": {"primary": "#52b030", "secondary": "#52b030", "text": "#ffffff"}}, "homeScore": {"current": 1, "display": 1, "period1": 6, "period2": 5, "period3": 7, "normaltime": 1}, "awayScore": {"current": 2, "display": 2, "period1": 4, "period2": 7, "period3": 10, "normaltime": 2}, "time": {"current": 5666, "period1": 2131, "period2": 2776, "period3": 759, "currentPeriodStartTimestamp": 1587085544}, "changes": {"changes": ["status.code", "status.description", "status.type", "homeScore.period3", "homeScore.normaltime", "awayScore.current", "awayScore.display", "awayScore.period3", "awayScore.normaltime"], "changeTimestamp": 1587085621}, "hasGlobalHighlights": false, "id": 8625369, "startTimestamp": 1587074400, "slug": "andryushchenko-nazarenko", "periods": {"point": "Game", "current": "Match", "period1": "1st set", "period2": "2nd set", "period3": "3rd set", "period4": "4th set", "period5": "5th set"}, "finalResultOnly": false}, {"tournament": {"name": "Liga Pro", "slug": "liga-pro", "category": {"name": "Other", "slug": "other", "sport": {"name": "Tennis", "slug": "tennis", "id": 5}, "id": 1555, "flag": "other"}, "uniqueTournament": {"name": "Liga Pro", "slug": "liga-pro", "category": {"name": "Other", "slug": "other", "sport": {"name": "Tennis", "slug": "tennis", "id": 5}, "id": 1555, "flag": "other"}, "userCount": 98, "id": 14770, "hasEventPlayerStatistics": false}, "id": 79016}, "customId": "cdNcsqkNc", "status": {"code": 100, "description": "Ended", "type": "finished"}, "winnerCode": 1, "homeTeam": {"name": "Predushchenko E.", "slug": "predushchenko-evgeniy", "shortName": "Predushchenko E.", "userCount": 16, "nameCode": "PEV", "national": false, "type": 1, "id": 345152, "subTeams": [], "teamColors": {"primary": "#52b030", "secondary": "#52b030", "text": "#ffffff"}}, "awayTeam": {"name": "Smolyarchuk E.", "slug": "smolyarchuk-eduard", "shortName": "Smolyarchuk E.", "gender": "M", "userCount": 4, "nameCode": "SED", "national": false, "type": 1, "id": 345516, "subTeams": [], "teamColors": {"primary": "#52b030", "secondary": "#52b030", "text": "#ffffff"}}, "homeScore": {"current": 2, "display": 2, "period1": 6, "period2": 6}, "awayScore": {"current": 0, "display": 0, "period1": 0, "period2": 3}, "time": {}, "changes": {"changeTimestamp": 0}, "hasGlobalHighlights": false, "id": 8625939, "startTimestamp": 1587128400, "slug": "smolyarchuk-predushchenko", "periods": {"point": "Game", "current": "Match", "period1": "1st set", "period2": "2nd set", "period3": "3rd set", "period4": "4th set", "period5": "5th set"}, "finalResultOnly": false}, {"tournament": {"name": "Liga Pro", "slug": "liga-pro", "category": {"name": "Other", "slug": "other", "sport": {"name": "Tennis", "slug": "tennis", "id": 5}, "id": 1555, "flag": "other"}, "uniqueTournament": {"name": "Liga Pro", "slug": "liga-pro", "category": {"name": "Other", "slug": "other", "sport": {"name": "Tennis", "slug": "tennis", "id": 5}, "id": 1555, "flag": "other"}, "userCount": 98, "id": 14770, "hasEventPlayerStatistics": false}, "id": 79016}, "customId": "OiNcsBkNc", "status": {"code": 100, "description": "Ended", "type": "finished"}, "winnerCode": 2, "homeTeam": {"name": "Knysh I.", "slug": "knysh-ilya", "shortName": "Knysh I.", "userCount": 4, "nameCode": "KIL", "national": false, "type": 1, "id": 345526, "subTeams": [], "teamColors": {"primary": "#52b030", "secondary": "#52b030", "text": "#ffffff"}}, "awayTeam": {"name": "Strebkov N.", "slug": "strebkov-nikita", "shortName": "Strebkov N.", "userCount": 13, "nameCode": "SNI", "national": false, "type": 1, "id": 345439, "subTeams": [], "teamColors": {"primary": "#52b030", "secondary": "#52b030", "text": "#ffffff"}}, "homeScore": {"current": 1, "display": 1, "period1": 6, "period2": 6, "period3": 8, "normaltime": 1}, "awayScore": {"current": 2, "display": 2, "period1": 7, "period2": 1, "period3": 10, "normaltime": 2}, "time": {"currentPeriodStartTimestamp": 1587137892}, "changes": {"changes": ["homeScore.normaltime", "awayScore.normaltime"], "changeTimestamp": 1587138009}, "hasGlobalHighlights": false, "id": 8625940, "startTimestamp": 1587132000, "slug": "knysh-strebkov", "periods": {"point": "Game", "current": "Match", "period1": "1st set", "period2": "2nd set", "period3": "3rd set", "period4": "4th set", "period5": "5th set"}, "finalResultOnly": false}, {"tournament": {"name": "Liga Pro", "slug": "liga-pro", "category": {"name": "Other", "slug": "other", "sport": {"name": "Tennis", "slug": "tennis", "id": 5}, "id": 1555, "flag": "other"}, "uniqueTournament": {"name": "Liga Pro", "slug": "liga-pro", "category": {"name": "Other", "slug": "other", "sport": {"name": "Tennis", "slug": "tennis", "id": 5}, "id": 1555, "flag": "other"}, "userCount": 98, "id": 14770, "hasEventPlayerStatistics": false}, "id": 79016}, "customId": "GmNcswnNc", "status": {"code": 100, "description": "Ended", "type": "finished"}, "winnerCode": 2, "homeTeam": {"name": "Slizhevsky Y.", "slug": "slizhevsky-yuri", "shortName": "Slizhevsky Y.", "gender": "M", "userCount": 4, "nameCode": "SYU", "national": false, "type": 1, "id": 345631, "subTeams": [], "teamColors": {"primary": "#52b030", "secondary": "#52b030", "text": "#ffffff"}}, "awayTeam": {"name": "Poluyanovich M.", "slug": "poluyanovich-maxim", "shortName": "Poluyanovich M.", "gender": "M", "userCount": 3, "nameCode": "PMA", "national": false, "type": 1, "id": 345671, "subTeams": [], "teamColors": {"primary": "#52b030", "secondary": "#52b030", "text": "#ffffff"}}, "homeScore": {"current": 0, "display": 0, "period1": 6, "period2": 4, "normaltime": 0}, "awayScore": {"current": 2, "display": 2, "period1": 7, "period2": 6, "normaltime": 2}, "time": {"current": 4086, "period1": 3984, "period2": 102, "currentPeriodStartTimestamp": 1587144874}, "changes": {"changes": ["homeScore.normaltime", "awayScore.normaltime"], "changeTimestamp": 1587145024}, "hasGlobalHighlights": false, "id": 8626129, "startTimestamp": 1587137400, "slug": "poluyanovich-slizhevsky", "periods": {"point": "Game", "current": "Match", "period1": "1st set", "period2": "2nd set", "period3": "3rd set", "period4": "4th set", "period5": "5th set"}, "finalResultOnly": false}, {"tournament": {"name": "Liga Pro", "slug": "liga-pro", "category": {"name": "Other", "slug": "other", "sport": {"name": "Tennis", "slug": "tennis", "id": 5}, "id": 1555, "flag": "other"}, "uniqueTournament": {"name": "Liga Pro", "slug": "liga-pro", "category": {"name": "Other", "slug": "other", "sport": {"name": "Tennis", "slug": "tennis", "id": 5}, "id": 1555, "flag": "other"}, "userCount": 98, "id": 14770, "hasEventPlayerStatistics": false}, "id": 79016}, "customId": "baNcsIiNc", "status": {"code": 100, "description": "Ended", "type": "finished"}, "winnerCode": 1, "homeTeam": {"name": "Sholomitsky I.", "slug": "sholomitsky-ilya", "shortName": "Sholomitsky I.", "gender": "M", "userCount": 15, "nameCode": "SIL", "national": false, "type": 1, "id": 345433, "subTeams": [], "teamColors": {"primary": "#52b030", "secondary": "#52b030", "text": "#ffffff"}}, "awayTeam": {"name": "Bandaryk A.", "slug": "bandaryk-anton", "shortName": "Bandaryk A.", "gender": "M", "userCount": 14, "nameCode": "BAN", "national": false, "type": 1, "id": 345001, "subTeams": [], "teamColors": {"primary": "#52b030", "secondary": "#52b030", "text": "#ffffff"}}, "homeScore": {"current": 2, "display": 2, "period1": 6, "period2": 6, "normaltime": 2}, "awayScore": {"current": 0, "display": 0, "period1": 2, "period2": 2, "normaltime": 0}, "time": {"current": 3376, "period1": 1637, "period2": 1739, "currentPeriodStartTimestamp": 1587148838}, "changes": {"changes": ["status.code", "status.description", "status.type", "homeScore.current", "homeScore.display", "homeScore.period2", "homeScore.normaltime", "awayScore.normaltime"], "changeTimestamp": 1587148995}, "hasGlobalHighlights": false, "id": 8625942, "startTimestamp": 1587141000, "slug": "sholomitsky-bandaryk", "periods": {"point": "Game", "current": "Match", "period1": "1st set", "period2": "2nd set", "period3": "3rd set", "period4": "4th set", "period5": "5th set"}, "finalResultOnly": false}, {"tournament": {"name": "Liga Pro", "slug": "liga-pro", "category": {"name": "Other", "slug": "other", "sport": {"name": "Tennis", "slug": "tennis", "id": 5}, "id": 1555, "flag": "other"}, "uniqueTournament": {"name": "Liga Pro", "slug": "liga-pro", "category": {"name": "Other", "slug": "other", "sport": {"name": "Tennis", "slug": "tennis", "id": 5}, "id": 1555, "flag": "other"}, "userCount": 98, "id": 14770, "hasEventPlayerStatistics": false}, "id": 79016}, "customId": "kfNcsikNc", "status": {"code": 100, "description": "Ended", "type": "finished"}, "winnerCode": 1, "homeTeam": {"name": "Ksenevich A.", "slug": "ksenevich-alexey", "shortName": "Ksenevich A.", "gender": "M", "userCount": 9, "nameCode": "KAL", "national": false, "type": 1, "id": 345260, "subTeams": [], "teamColors": {"primary": "#52b030", "secondary": "#52b030", "text": "#ffffff"}}, "awayTeam": {"name": "Kolobuhov I.", "slug": "kolobuhov-ilya", "shortName": "Kolobuhov I.", "gender": "M", "userCount": 6, "nameCode": "KIL", "national": false, "type": 1, "id": 345508, "subTeams": [], "teamColors": {"primary": "#52b030", "secondary": "#52b030", "text": "#ffffff"}}, "homeScore": {"current": 2, "display": 2, "period1": 6, "period2": 7, "normaltime": 2}, "awayScore": {"current": 0, "display": 0, "period1": 4, "period2": 5, "normaltime": 0}, "time": {"current": 5185, "period1": 1696, "period2": 3489, "currentPeriodStartTimestamp": 1587154907}, "changes": {"changes": ["status.code", "status.description", "status.type", "homeScore.current", "homeScore.display", "homeScore.period2", "homeScore.normaltime", "awayScore.normaltime"], "changeTimestamp": 1587154934}, "hasGlobalHighlights": false, "id": 8625943, "startTimestamp": 1587146400, "slug": "kolobuhov-ksenevich", "periods": {"point": "Game", "current": "Match", "period1": "1st set", "period2": "2nd set", "period3": "3rd set", "period4": "4th set", "period5": "5th set"}, "finalResultOnly": false}, {"tournament": {"name": "Liga Pro", "slug": "liga-pro", "category": {"name": "Other", "slug": "other", "sport": {"name": "Tennis", "slug": "tennis", "id": 5}, "id": 1555, "flag": "other"}, "uniqueTournament": {"name": "Liga Pro", "slug": "liga-pro", "category": {"name": "Other", "slug": "other", "sport": {"name": "Tennis", "slug": "tennis", "id": 5}, "id": 1555, "flag": "other"}, "userCount": 98, "id": 14770, "hasEventPlayerStatistics": false}, "id": 79016}, "customId": "ChNcsUmNc", "status": {"code": 100, "description": "Ended", "type": "finished"}, "winnerCode": 2, "homeTeam": {"name": "Ermalinsky D.", "slug": "ermalinsky-dmitry", "shortName": "Ermalinsky D.", "userCount": 12, "nameCode": "EDM", "national": false, "type": 1, "id": 345377, "subTeams": [], "teamColors": {"primary": "#52b030", "secondary": "#52b030", "text": "#ffffff"}}, "awayTeam": {"name": "Zhishkevich A.", "slug": "zhishkevich-andrey", "shortName": "Zhishkevich A.", "userCount": 12, "nameCode": "ZAN", "national": false, "type": 1, "id": 345644, "subTeams": [], "teamColors": {"primary": "#52b030", "secondary": "#52b030", "text": "#ffffff"}}, "homeScore": {"current": 1, "display": 1, "period1": 6, "period2": 6, "period3": 4, "normaltime": 1}, "awayScore": {"current": 2, "display": 2, "period1": 3, "period2": 7, "period3": 10, "normaltime": 2}, "time": {"current": 5978, "period1": 2068, "period2": 3318, "period3": 592, "currentPeriodStartTimestamp": 1587161401}, "changes": {"changes": ["status.code", "status.description", "status.type", "homeScore.period3", "homeScore.normaltime", "awayScore.current", "awayScore.display", "awayScore.period3", "awayScore.normaltime"], "changeTimestamp": 1587161594}, "hasGlobalHighlights": false, "id": 8625944, "startTimestamp": 1587151800, "slug": "zhishkevich-ermalinsky", "periods": {"point": "Game", "current": "Match", "period1": "1st set", "period2": "2nd set", "period3": "3rd set", "period4": "4th set", "period5": "5th set"}, "finalResultOnly": false}, {"tournament": {"name": "Liga Pro", "slug": "liga-pro", "category": {"name": "Other", "slug": "other", "sport": {"name": "Tennis", "slug": "tennis", "id": 5}, "id": 1555, "flag": "other"}, "uniqueTournament": {"name": "Liga Pro", "slug": "liga-pro", "category": {"name": "Other", "slug": "other", "sport": {"name": "Tennis", "slug": "tennis", "id": 5}, "id": 1555, "flag": "other"}, "userCount": 98, "id": 14770, "hasEventPlayerStatistics": false}, "id": 79016}, "customId": "DhNcsVmNc", "status": {"code": 100, "description": "Ended", "type": "finished"}, "winnerCode": 1, "homeTeam": {"name": "Susha S.", "slug": "susha-sergey", "shortName": "Susha S.", "userCount": 19, "nameCode": "SSE", "national": false, "type": 1, "id": 345378, "subTeams": [], "teamColors": {"primary": "#52b030", "secondary": "#52b030", "text": "#ffffff"}}, "awayTeam": {"name": "Chebotarev V.", "slug": "chebotarev-vladimir", "shortName": "Chebotarev V.", "userCount": 18, "nameCode": "CVL", "national": false, "type": 1, "id": 345645, "subTeams": [], "teamColors": {"primary": "#52b030", "secondary": "#52b030", "text": "#ffffff"}}, "homeScore": {"current": 2, "display": 2, "period1": 6, "period2": 6, "normaltime": 2}, "awayScore": {"current": 0, "display": 0, "period1": 3, "period2": 1, "normaltime": 0}, "time": {"current": 3067, "period1": 1482, "period2": 1585, "currentPeriodStartTimestamp": 1587165093}, "changes": {"changes": ["status.code", "status.description", "status.type", "homeScore.current", "homeScore.display", "homeScore.period2", "homeScore.normaltime", "awayScore.normaltime"], "changeTimestamp": 1587165184}, "hasGlobalHighlights": false, "id": 8625955, "startTimestamp": 1587157200, "slug": "chebotarev-susha", "periods": {"point": "Game", "current": "Match", "period1": "1st set", "period2": "2nd set", "period3": "3rd set", "period4": "4th set", "period5": "5th set"}, "finalResultOnly": false}, {"tournament": {"name": "Liga Pro", "slug": "liga-pro", "category": {"name": "Other", "slug": "other", "sport": {"name": "Tennis", "slug": "tennis", "id": 5}, "id": 1555, "flag": "other"}, "uniqueTournament": {"name": "Liga Pro", "slug": "liga-pro", "category": {"name": "Other", "slug": "other", "sport": {"name": "Tennis", "slug": "tennis", "id": 5}, "id": 1555, "flag": "other"}, "userCount": 98, "id": 14770, "hasEventPlayerStatistics": false}, "id": 79016}, "customId": "FhNcsBlNc", "status": {"code": 100, "description": "Ended", "type": "finished"}, "winnerCode": 2, "homeTeam": {"name": "Naumenko A.", "slug": "naumenko-alexey", "shortName": "Naumenko A.", "userCount": 6, "nameCode": "NAL", "national": false, "type": 1, "id": 345380, "subTeams": [], "teamColors": {"primary": "#52b030", "secondary": "#52b030", "text": "#ffffff"}}, "awayTeam": {"name": "Nazarenko I.", "slug": "nazarenko-igor", "shortName": "Nazarenko I.", "userCount": 16, "nameCode": "NIG", "national": false, "type": 1, "id": 345576, "subTeams": [], "teamColors": {"primary": "#52b030", "secondary": "#52b030", "text": "#ffffff"}}, "homeScore": {"current": 1, "display": 1, "period1": 2, "period2": 7, "period3": 5, "normaltime": 1}, "awayScore": {"current": 2, "display": 2, "period1": 6, "period2": 5, "period3": 10, "normaltime": 2}, "time": {"current": 5494, "period1": 1882, "period2": 2863, "period3": 749, "currentPeriodStartTimestamp": 1587171121}, "changes": {"changes": ["status.code", "status.description", "status.type", "homeScore.period3", "homeScore.normaltime", "awayScore.current", "awayScore.display", "awayScore.period3", "awayScore.normaltime"], "changeTimestamp": 1587171304}, "hasGlobalHighlights": false, "id": 8625956, "startTimestamp": 1587160800, "slug": "nazarenko-naumenko", "periods": {"point": "Game", "current": "Match", "period1": "1st set", "period2": "2nd set", "period3": "3rd set", "period4": "4th set", "period5": "5th set"}, "finalResultOnly": false}], "hasNextPage": true}