{"events": [{"tournament": {"name": "Liga Pro", "slug": "liga-pro", "category": {"name": "Other", "slug": "other", "sport": {"name": "Tennis", "slug": "tennis", "id": 5}, "id": 1555, "flag": "other"}, "uniqueTournament": {"name": "Liga Pro", "slug": "liga-pro", "category": {"name": "Other", "slug": "other", "sport": {"name": "Tennis", "slug": "tennis", "id": 5}, "id": 1555, "flag": "other"}, "userCount": 98, "id": 14770, "hasEventPlayerStatistics": false}, "id": 79016}, "customId": "NLrbskfNc", "status": {"code": 100, "description": "Ended", "type": "finished"}, "winnerCode": 1, "homeTeam": {"name": "Sukhotski P.", "slug": "sukhotski-pavel", "shortName": "Sukhotski P.", "gender": "M", "userCount": 13, "nameCode": "SUK", "national": false, "type": 1, "id": 169338, "subTeams": [], "teamColors": {"primary": "#52b030", "secondary": "#52b030", "text": "#ffffff"}}, "awayTeam": {"name": "Ksenevich A.", "slug": "ksenevich-alexey", "shortName": "Ksenevich A.", "gender": "M", "userCount": 9, "nameCode": "KAL", "national": false, "type": 1, "id": 345260, "subTeams": [], "teamColors": {"primary": "#52b030", "secondary": "#52b030", "text": "#ffffff"}}, "homeScore": {"current": 2, "display": 2, "period1": 7, "period2": 7, "normaltime": 2}, "awayScore": {"current": 0, "display": 0, "period1": 6, "period2": 6, "normaltime": 0}, "time": {"currentPeriodStartTimestamp": 1586884781}, "changes": {"changes": ["homeScore.normaltime", "awayScore.normaltime"], "changeTimestamp": 1586884925}, "hasGlobalHighlights": false, "id": 8623708, "startTimestamp": 1586869200, "slug": "ksenevich-sukhotski", "periods": {"point": "Game", "current": "Match", "period1": "1st set", "period2": "2nd set", "period3": "3rd set", "period4": "4th set", "period5": "5th set"}, "finalResultOnly": false}, {"tournament": {"name": "Liga Pro", "slug": "liga-pro", "category": {"name": "Other", "slug": "other", "sport": {"name": "Tennis", "slug": "tennis", "id": 5}, "id": 1555, "flag": "other"}, "uniqueTournament": {"name": "Liga Pro", "slug": "liga-pro", "category": {"name": "Other", "slug": "other", "sport": {"name": "Tennis", "slug": "tennis", "id": 5}, "id": 1555, "flag": "other"}, "userCount": 98, "id": 14770, "hasEventPlayerStatistics": false}, "id": 79016}, "customId": "ThNcsRiNc", "status": {"code": 100, "description": "Ended", "type": "finished"}, "winnerCode": 2, "homeTeam": {"name": "Mihnevich N.", "slug": "mihnevich-nikita", "shortName": "Mihnevich N.", "userCount": 1, "nameCode": "MNI", "national": false, "type": 1, "id": 345442, "subTeams": [], "teamColors": {"primary": "#52b030", "secondary": "#52b030", "text": "#ffffff"}}, "awayTeam": {"name": "Maksimenko Y.", "slug": "maksimenko-yuriy", "shortName": "Maksimenko Y.", "userCount": 34, "nameCode": "MYU", "national": false, "type": 1, "id": 345393, "subTeams": [], "teamColors": {"primary": "#52b030", "secondary": "#52b030", "text": "#ffffff"}}, "homeScore": {"current": 0, "display": 0, "period1": 2, "period2": 2, "normaltime": 0}, "awayScore": {"current": 2, "display": 2, "period1": 6, "period2": 6, "normaltime": 2}, "time": {"currentPeriodStartTimestamp": 1586884781}, "changes": {"changes": ["homeScore.normaltime", "awayScore.normaltime"], "changeTimestamp": 1586884925}, "hasGlobalHighlights": false, "id": 8623707, "startTimestamp": 1586872800, "slug": "mihnevich-maksimenko", "periods": {"point": "Game", "current": "Match", "period1": "1st set", "period2": "2nd set", "period3": "3rd set", "period4": "4th set", "period5": "5th set"}, "finalResultOnly": false}, {"tournament": {"name": "Liga Pro", "slug": "liga-pro", "category": {"name": "Other", "slug": "other", "sport": {"name": "Tennis", "slug": "tennis", "id": 5}, "id": 1555, "flag": "other"}, "uniqueTournament": {"name": "Liga Pro", "slug": "liga-pro", "category": {"name": "Other", "slug": "other", "sport": {"name": "Tennis", "slug": "tennis", "id": 5}, "id": 1555, "flag": "other"}, "userCount": 98, "id": 14770, "hasEventPlayerStatistics": false}, "id": 79016}, "customId": "OcNcsbdNc", "status": {"code": 100, "description": "Ended", "type": "finished"}, "winnerCode": 2, "homeTeam": {"name": "Panasik A.", "slug": "panasik-aleksandr", "shortName": "Panasik A.", "userCount": 5, "nameCode": "PAL", "national": false, "type": 1, "id": 345151, "subTeams": [], "teamColors": {"primary": "#52b030", "secondary": "#52b030", "text": "#ffffff"}}, "awayTeam": {"name": "Geraskin N.", "slug": "geraskin-nikita", "shortName": "Geraskin N.", "gender": "M", "userCount": 18, "nameCode": "GNI", "national": false, "type": 1, "id": 345139, "subTeams": [], "teamColors": {"primary": "#52b030", "secondary": "#52b030", "text": "#ffffff"}}, "homeScore": {"current": 1, "display": 1, "period1": 6, "period2": 2, "period3": 2, "normaltime": 1}, "awayScore": {"current": 2, "display": 2, "period1": 4, "period2": 6, "period3": 10, "normaltime": 2}, "time": {"currentPeriodStartTimestamp": 1586889881}, "changes": {"changes": ["homeScore.normaltime", "awayScore.normaltime"], "changeTimestamp": 1586889965}, "hasGlobalHighlights": false, "id": 8623723, "startTimestamp": 1586878200, "slug": "panasik-geraskin", "periods": {"point": "Game", "current": "Match", "period1": "1st set", "period2": "2nd set", "period3": "3rd set", "period4": "4th set", "period5": "5th set"}, "finalResultOnly": false}], "hasNextPage": false}