{"events": [{"tournament": {"name": "Liga Pro", "slug": "liga-pro", "category": {"name": "Other", "slug": "other", "sport": {"name": "Tennis", "slug": "tennis", "id": 5}, "id": 1555, "flag": "other"}, "uniqueTournament": {"name": "Liga Pro", "slug": "liga-pro", "category": {"name": "Other", "slug": "other", "sport": {"name": "Tennis", "slug": "tennis", "id": 5}, "id": 1555, "flag": "other"}, "userCount": 98, "id": 14770, "hasEventPlayerStatistics": false}, "id": 79016}, "customId": "Pxfbslued", "status": {"code": 100, "description": "Ended", "type": "finished"}, "winnerCode": 2, "homeTeam": {"name": "Suvorov M.", "slug": "suvorov-mikhail", "shortName": "Suvorov M.", "userCount": 10, "nameCode": "SMI", "national": false, "type": 1, "id": 385961, "subTeams": [], "teamColors": {"primary": "#52b030", "secondary": "#52b030", "text": "#ffffff"}}, "awayTeam": {"name": "Korol I.", "slug": "korol-ivan", "shortName": "Korol I.", "userCount": 13, "nameCode": "KOR", "national": false, "type": 1, "id": 138640, "subTeams": [], "teamColors": {"primary": "#52b030", "secondary": "#52b030", "text": "#ffffff"}}, "homeScore": {"current": 0, "display": 0, "period1": 3, "period2": 3, "normaltime": 0}, "awayScore": {"current": 2, "display": 2, "period1": 6, "period2": 6, "normaltime": 2}, "time": {"current": 4483, "period1": 2213, "period2": 2270, "currentPeriodStartTimestamp": 1628401975}, "changes": {"changes": ["status.code", "status.description", "status.type", "homeScore.normaltime", "awayScore.current", "awayScore.display", "awayScore.period2", "awayScore.normaltime", "time.current", "time.period2"], "changeTimestamp": 1628402139}, "hasGlobalHighlights": false, "id": 9703311, "startTimestamp": 1628397000, "slug": "suvorov-korol", "periods": {"point": "Game", "current": "Match", "period1": "1st set", "period2": "2nd set", "period3": "3rd set", "period4": "4th set", "period5": "5th set"}, "finalResultOnly": false}, {"tournament": {"name": "Liga Pro", "slug": "liga-pro", "category": {"name": "Other", "slug": "other", "sport": {"name": "Tennis", "slug": "tennis", "id": 5}, "id": 1555, "flag": "other"}, "uniqueTournament": {"name": "Liga Pro", "slug": "liga-pro", "category": {"name": "Other", "slug": "other", "sport": {"name": "Tennis", "slug": "tennis", "id": 5}, "id": 1555, "flag": "other"}, "userCount": 98, "id": 14770, "hasEventPlayerStatistics": false}, "id": 79016}, "customId": "Pxfbslued", "status": {"code": 100, "description": "Ended", "type": "finished"}, "winnerCode": 1, "homeTeam": {"name": "Korol I.", "slug": "korol-ivan", "shortName": "Korol I.", "userCount": 13, "nameCode": "KOR", "national": false, "type": 1, "id": 138640, "subTeams": [], "teamColors": {"primary": "#52b030", "secondary": "#52b030", "text": "#ffffff"}}, "awayTeam": {"name": "Suvorov M.", "slug": "suvorov-mikhail", "shortName": "Suvorov M.", "userCount": 10, "nameCode": "SMI", "national": false, "type": 1, "id": 385961, "subTeams": [], "teamColors": {"primary": "#52b030", "secondary": "#52b030", "text": "#ffffff"}}, "homeScore": {"current": 2, "display": 2, "period1": 6, "period2": 7, "normaltime": 2}, "awayScore": {"current": 0, "display": 0, "period1": 4, "period2": 5, "normaltime": 0}, "time": {"current": 6160, "period1": 2509, "period2": 3651, "currentPeriodStartTimestamp": 1628408712}, "changes": {"changes": ["status.code", "status.description", "status.type", "homeScore.current", "homeScore.display", "homeScore.period2", "homeScore.normaltime", "awayScore.normaltime", "time.current", "time.period2"], "changeTimestamp": 1628408801}, "hasGlobalHighlights": false, "id": 9703312, "startTimestamp": 1628402400, "slug": "suvorov-korol", "periods": {"point": "Game", "current": "Match", "period1": "1st set", "period2": "2nd set", "period3": "3rd set", "period4": "4th set", "period5": "5th set"}, "finalResultOnly": false}, {"tournament": {"name": "Liga Pro", "slug": "liga-pro", "category": {"name": "Other", "slug": "other", "sport": {"name": "Tennis", "slug": "tennis", "id": 5}, "id": 1555, "flag": "other"}, "uniqueTournament": {"name": "Liga Pro", "slug": "liga-pro", "category": {"name": "Other", "slug": "other", "sport": {"name": "Tennis", "slug": "tennis", "id": 5}, "id": 1555, "flag": "other"}, "userCount": 98, "id": 14770, "hasEventPlayerStatistics": false}, "id": 79016}, "customId": "Dfedskued", "status": {"code": 100, "description": "Ended", "type": "finished"}, "winnerCode": 2, "homeTeam": {"name": "Kondrashov A.", "slug": "kondrashov-anton", "shortName": "Kondrashov A.", "userCount": 9, "nameCode": "KAN", "national": false, "type": 1, "id": 385960, "subTeams": [], "teamColors": {"primary": "#52b030", "secondary": "#52b030", "text": "#ffffff"}}, "awayTeam": {"name": "Minchenkov M.", "slug": "minchenkov-mihail", "shortName": "Minchenkov M.", "userCount": 7, "nameCode": "MMI", "national": false, "type": 1, "id": 385278, "subTeams": [], "teamColors": {"primary": "#52b030", "secondary": "#52b030", "text": "#ffffff"}}, "homeScore": {"current": 0, "display": 0, "period1": 4, "period2": 4, "normaltime": 0}, "awayScore": {"current": 2, "display": 2, "period1": 6, "period2": 6, "normaltime": 2}, "time": {"current": 7345, "period1": 3365, "period2": 3980, "currentPeriodStartTimestamp": 1628449639}, "changes": {"changes": ["status.code", "status.description", "status.type", "homeScore.normaltime", "awayScore.current", "awayScore.display", "awayScore.period2", "awayScore.normaltime", "time.current", "time.period2"], "changeTimestamp": 1628449664}, "hasGlobalHighlights": false, "id": 9703313, "startTimestamp": 1628442000, "slug": "kondrashov-minchenkov", "periods": {"point": "Game", "current": "Match", "period1": "1st set", "period2": "2nd set", "period3": "3rd set", "period4": "4th set", "period5": "5th set"}, "finalResultOnly": false}, {"tournament": {"name": "Liga Pro", "slug": "liga-pro", "category": {"name": "Other", "slug": "other", "sport": {"name": "Tennis", "slug": "tennis", "id": 5}, "id": 1555, "flag": "other"}, "uniqueTournament": {"name": "Liga Pro", "slug": "liga-pro", "category": {"name": "Other", "slug": "other", "sport": {"name": "Tennis", "slug": "tennis", "id": 5}, "id": 1555, "flag": "other"}, "userCount": 98, "id": 14770, "hasEventPlayerStatistics": false}, "id": 79016}, "customId": "Dfedskued", "status": {"code": 100, "description": "Ended", "type": "finished"}, "winnerCode": 1, "homeTeam": {"name": "Minchenkov M.", "slug": "minchenkov-mihail", "shortName": "Minchenkov M.", "userCount": 7, "nameCode": "MMI", "national": false, "type": 1, "id": 385278, "subTeams": [], "teamColors": {"primary": "#52b030", "secondary": "#52b030", "text": "#ffffff"}}, "awayTeam": {"name": "Kondrashov A.", "slug": "kondrashov-anton", "shortName": "Kondrashov A.", "userCount": 9, "nameCode": "KAN", "national": false, "type": 1, "id": 385960, "subTeams": [], "teamColors": {"primary": "#52b030", "secondary": "#52b030", "text": "#ffffff"}}, "homeScore": {"current": 2, "display": 2, "period1": 3, "period2": 6, "period3": 10, "normaltime": 2}, "awayScore": {"current": 1, "display": 1, "period1": 6, "period2": 3, "period3": 4, "normaltime": 1}, "time": {"current": 6977, "period1": 2929, "period2": 3336, "period3": 712, "currentPeriodStartTimestamp": 1628457404}, "changes": {"changes": ["status.code", "status.description", "status.type", "homeScore.current", "homeScore.display", "homeScore.period3", "homeScore.normaltime", "awayScore.period3", "awayScore.normaltime", "time.current", "time.period3"], "changeTimestamp": 1628457577}, "hasGlobalHighlights": false, "id": 9703314, "startTimestamp": 1628447400, "slug": "kondrashov-minchenkov", "periods": {"point": "Game", "current": "Match", "period1": "1st set", "period2": "2nd set", "period3": "3rd set", "period4": "4th set", "period5": "5th set"}, "finalResultOnly": false}, {"tournament": {"name": "Liga Pro", "slug": "liga-pro", "category": {"name": "Other", "slug": "other", "sport": {"name": "Tennis", "slug": "tennis", "id": 5}, "id": 1555, "flag": "other"}, "uniqueTournament": {"name": "Liga Pro", "slug": "liga-pro", "category": {"name": "Other", "slug": "other", "sport": {"name": "Tennis", "slug": "tennis", "id": 5}, "id": 1555, "flag": "other"}, "userCount": 98, "id": 14770, "hasEventPlayerStatistics": false}, "id": 79016}, "customId": "OGedsjHed", "status": {"code": 100, "description": "Ended", "type": "finished"}, "winnerCode": 1, "homeTeam": {"name": "Purygin A.", "slug": "purygin-andrey", "shortName": "Purygin A.", "userCount": 7, "nameCode": "PAN", "national": false, "type": 1, "id": 386589, "subTeams": [], "teamColors": {"primary": "#52b030", "secondary": "#52b030", "text": "#ffffff"}}, "awayTeam": {"name": "Dzemeshkevich A.", "slug": "dzemeshkevich-andrey", "shortName": "Dzemeshkevich A.", "userCount": 3, "nameCode": "DAN", "national": false, "type": 1, "id": 386609, "subTeams": [], "teamColors": {"primary": "#52b030", "secondary": "#52b030", "text": "#ffffff"}}, "homeScore": {"current": 2, "display": 2, "period1": 4, "period2": 6, "period3": 10, "normaltime": 2}, "awayScore": {"current": 1, "display": 1, "period1": 6, "period2": 4, "period3": 8, "normaltime": 1}, "time": {"current": 5487, "period1": 2168, "period2": 2302, "period3": 1017, "currentPeriodStartTimestamp": 1628489525}, "changes": {"changes": ["status.code", "status.description", "status.type", "homeScore.current", "homeScore.display", "homeScore.period3", "homeScore.normaltime", "awayScore.period3", "awayScore.normaltime", "time.current", "time.period3"], "changeTimestamp": 1628489621}, "hasGlobalHighlights": false, "id": 9708025, "startTimestamp": 1628483400, "slug": "dzemeshkevich-purygin", "periods": {"point": "Game", "current": "Match", "period1": "1st set", "period2": "2nd set", "period3": "3rd set", "period4": "4th set", "period5": "5th set"}, "finalResultOnly": false}, {"tournament": {"name": "Liga Pro", "slug": "liga-pro", "category": {"name": "Other", "slug": "other", "sport": {"name": "Tennis", "slug": "tennis", "id": 5}, "id": 1555, "flag": "other"}, "uniqueTournament": {"name": "Liga Pro", "slug": "liga-pro", "category": {"name": "Other", "slug": "other", "sport": {"name": "Tennis", "slug": "tennis", "id": 5}, "id": 1555, "flag": "other"}, "userCount": 98, "id": 14770, "hasEventPlayerStatistics": false}, "id": 79016}, "customId": "OGedsjHed", "status": {"code": 100, "description": "Ended", "type": "finished"}, "winnerCode": 1, "homeTeam": {"name": "Dzemeshkevich A.", "slug": "dzemeshkevich-andrey", "shortName": "Dzemeshkevich A.", "userCount": 3, "nameCode": "DAN", "national": false, "type": 1, "id": 386609, "subTeams": [], "teamColors": {"primary": "#52b030", "secondary": "#52b030", "text": "#ffffff"}}, "awayTeam": {"name": "Purygin A.", "slug": "purygin-andrey", "shortName": "Purygin A.", "userCount": 7, "nameCode": "PAN", "national": false, "type": 1, "id": 386589, "subTeams": [], "teamColors": {"primary": "#52b030", "secondary": "#52b030", "text": "#ffffff"}}, "homeScore": {"current": 2, "display": 2, "period1": 6, "period2": 2, "period3": 10, "normaltime": 2}, "awayScore": {"current": 1, "display": 1, "period1": 3, "period2": 6, "period3": 8, "normaltime": 1}, "time": {"current": 4581, "period1": 1869, "period2": 1929, "period3": 783, "currentPeriodStartTimestamp": 1628495132}, "changes": {"changes": ["status.code", "status.description", "status.type", "homeScore.current", "homeScore.display", "homeScore.period3", "homeScore.normaltime", "awayScore.period3", "awayScore.normaltime", "time.current", "time.period3"], "changeTimestamp": 1628495199}, "hasGlobalHighlights": false, "id": 9708026, "startTimestamp": 1628488800, "slug": "dzemeshkevich-purygin", "periods": {"point": "Game", "current": "Match", "period1": "1st set", "period2": "2nd set", "period3": "3rd set", "period4": "4th set", "period5": "5th set"}, "finalResultOnly": false}, {"tournament": {"name": "Liga Pro", "slug": "liga-pro", "category": {"name": "Other", "slug": "other", "sport": {"name": "Tennis", "slug": "tennis", "id": 5}, "id": 1555, "flag": "other"}, "uniqueTournament": {"name": "Liga Pro", "slug": "liga-pro", "category": {"name": "Other", "slug": "other", "sport": {"name": "Tennis", "slug": "tennis", "id": 5}, "id": 1555, "flag": "other"}, "userCount": 98, "id": 14770, "hasEventPlayerStatistics": false}, "id": 79016}, "customId": "wfedsRUed", "status": {"code": 100, "description": "Ended", "type": "finished"}, "winnerCode": 1, "homeTeam": {"name": "Zaychikov V.", "slug": "zaychikov-vitaliy", "shortName": "Zaychikov V.", "userCount": 4, "nameCode": "ZVI", "national": false, "type": 1, "id": 385271, "subTeams": [], "teamColors": {"primary": "#52b030", "secondary": "#52b030", "text": "#ffffff"}}, "awayTeam": {"name": "Morgovsky D.", "slug": "morgovsky-dmitry", "shortName": "Morgovsky D.", "userCount": 2, "nameCode": "MDM", "national": false, "type": 1, "id": 387242, "subTeams": [], "teamColors": {"primary": "#52b030", "secondary": "#52b030", "text": "#ffffff"}}, "homeScore": {"current": 2, "display": 2, "period1": 7, "period2": 6, "normaltime": 2}, "awayScore": {"current": 0, "display": 0, "period1": 6, "period2": 1, "normaltime": 0}, "time": {"current": 5892, "period1": 3941, "period2": 1951, "currentPeriodStartTimestamp": 1628535138}, "changes": {"changes": ["status.code", "status.description", "status.type", "homeScore.current", "homeScore.display", "homeScore.period2", "homeScore.normaltime", "awayScore.normaltime", "time.current", "time.period2"], "changeTimestamp": 1628535157}, "hasGlobalHighlights": false, "id": 9708027, "startTimestamp": 1628528400, "slug": "morgovsky-zaychikov", "periods": {"point": "Game", "current": "Match", "period1": "1st set", "period2": "2nd set", "period3": "3rd set", "period4": "4th set", "period5": "5th set"}, "finalResultOnly": false}, {"tournament": {"name": "Liga Pro", "slug": "liga-pro", "category": {"name": "Other", "slug": "other", "sport": {"name": "Tennis", "slug": "tennis", "id": 5}, "id": 1555, "flag": "other"}, "uniqueTournament": {"name": "Liga Pro", "slug": "liga-pro", "category": {"name": "Other", "slug": "other", "sport": {"name": "Tennis", "slug": "tennis", "id": 5}, "id": 1555, "flag": "other"}, "userCount": 98, "id": 14770, "hasEventPlayerStatistics": false}, "id": 79016}, "customId": "wfedsRUed", "status": {"code": 100, "description": "Ended", "type": "finished"}, "winnerCode": 2, "homeTeam": {"name": "Morgovsky D.", "slug": "morgovsky-dmitry", "shortName": "Morgovsky D.", "userCount": 2, "nameCode": "MDM", "national": false, "type": 1, "id": 387242, "subTeams": [], "teamColors": {"primary": "#52b030", "secondary": "#52b030", "text": "#ffffff"}}, "awayTeam": {"name": "Zaychikov V.", "slug": "zaychikov-vitaliy", "shortName": "Zaychikov V.", "userCount": 4, "nameCode": "ZVI", "national": false, "type": 1, "id": 385271, "subTeams": [], "teamColors": {"primary": "#52b030", "secondary": "#52b030", "text": "#ffffff"}}, "homeScore": {"current": 1, "display": 1, "period1": 5, "period2": 7, "period3": 7, "normaltime": 1}, "awayScore": {"current": 2, "display": 2, "period1": 7, "period2": 6, "period3": 10, "normaltime": 2}, "time": {"current": 6468, "period1": 2277, "period2": 3408, "period3": 783, "currentPeriodStartTimestamp": 1628542410}, "changes": {"changes": ["status.code", "status.description", "status.type", "homeScore.period3", "homeScore.normaltime", "awayScore.current", "awayScore.display", "awayScore.period3", "awayScore.normaltime", "time.current", "time.period3"], "changeTimestamp": 1628542541}, "hasGlobalHighlights": false, "id": 9708028, "startTimestamp": 1628533800, "slug": "morgovsky-zaychikov", "periods": {"point": "Game", "current": "Match", "period1": "1st set", "period2": "2nd set", "period3": "3rd set", "period4": "4th set", "period5": "5th set"}, "finalResultOnly": false}, {"tournament": {"name": "Liga Pro", "slug": "liga-pro", "category": {"name": "Other", "slug": "other", "sport": {"name": "Tennis", "slug": "tennis", "id": 5}, "id": 1555, "flag": "other"}, "uniqueTournament": {"name": "Liga Pro", "slug": "liga-pro", "category": {"name": "Other", "slug": "other", "sport": {"name": "Tennis", "slug": "tennis", "id": 5}, "id": 1555, "flag": "other"}, "userCount": 98, "id": 14770, "hasEventPlayerStatistics": false}, "id": 79016}, "customId": "JNgbslued", "status": {"code": 100, "description": "Ended", "type": "finished"}, "winnerCode": 1, "homeTeam": {"name": "Smirnov A.", "slug": "smirnov-andrei", "shortName": "Smirnov A.", "gender": "M", "userCount": 13, "nameCode": "SMI", "national": false, "type": 1, "id": 141934, "subTeams": [], "teamColors": {"primary": "#52b030", "secondary": "#52b030", "text": "#ffffff"}}, "awayTeam": {"name": "Suvorov M.", "slug": "suvorov-mikhail", "shortName": "Suvorov M.", "userCount": 10, "nameCode": "SMI", "national": false, "type": 1, "id": 385961, "subTeams": [], "teamColors": {"primary": "#52b030", "secondary": "#52b030", "text": "#ffffff"}}, "homeScore": {"current": 2, "display": 2, "period1": 6, "period2": 6, "normaltime": 2}, "awayScore": {"current": 0, "display": 0, "period1": 1, "period2": 3, "normaltime": 0}, "time": {"current": 4774, "period1": 2170, "period2": 2604, "currentPeriodStartTimestamp": 1628574850}, "changes": {"changes": ["status.code", "status.description", "status.type", "homeScore.current", "homeScore.display", "homeScore.period2", "homeScore.normaltime", "awayScore.normaltime", "time.current", "time.period2"], "changeTimestamp": 1628574941}, "hasGlobalHighlights": false, "id": 9709665, "startTimestamp": 1628569800, "slug": "suvorov-smirnov", "periods": {"point": "Game", "current": "Match", "period1": "1st set", "period2": "2nd set", "period3": "3rd set", "period4": "4th set", "period5": "5th set"}, "finalResultOnly": false}, {"tournament": {"name": "Liga Pro", "slug": "liga-pro", "category": {"name": "Other", "slug": "other", "sport": {"name": "Tennis", "slug": "tennis", "id": 5}, "id": 1555, "flag": "other"}, "uniqueTournament": {"name": "Liga Pro", "slug": "liga-pro", "category": {"name": "Other", "slug": "other", "sport": {"name": "Tennis", "slug": "tennis", "id": 5}, "id": 1555, "flag": "other"}, "userCount": 98, "id": 14770, "hasEventPlayerStatistics": false}, "id": 79016}, "customId": "JNgbslued", "status": {"code": 100, "description": "Ended", "type": "finished"}, "winnerCode": 2, "homeTeam": {"name": "Suvorov M.", "slug": "suvorov-mikhail", "shortName": "Suvorov M.", "userCount": 10, "nameCode": "SMI", "national": false, "type": 1, "id": 385961, "subTeams": [], "teamColors": {"primary": "#52b030", "secondary": "#52b030", "text": "#ffffff"}}, "awayTeam": {"name": "Smirnov A.", "slug": "smirnov-andrei", "shortName": "Smirnov A.", "gender": "M", "userCount": 13, "nameCode": "SMI", "national": false, "type": 1, "id": 141934, "subTeams": [], "teamColors": {"primary": "#52b030", "secondary": "#52b030", "text": "#ffffff"}}, "homeScore": {"current": 1, "display": 1, "period1": 4, "period2": 6, "period3": 5, "normaltime": 1}, "awayScore": {"current": 2, "display": 2, "period1": 6, "period2": 3, "period3": 10, "normaltime": 2}, "time": {"current": 5622, "period1": 3022, "period2": 1966, "period3": 634, "currentPeriodStartTimestamp": 1628581369}, "changes": {"changes": ["status.code", "status.description", "status.type", "homeScore.period3", "homeScore.normaltime", "awayScore.current", "awayScore.display", "awayScore.period3", "awayScore.normaltime", "time.current", "time.period3"], "changeTimestamp": 1628581416}, "hasGlobalHighlights": false, "id": 9709666, "startTimestamp": 1628575200, "slug": "suvorov-smirnov", "periods": {"point": "Game", "current": "Match", "period1": "1st set", "period2": "2nd set", "period3": "3rd set", "period4": "4th set", "period5": "5th set"}, "finalResultOnly": false}, {"tournament": {"name": "Liga Pro", "slug": "liga-pro", "category": {"name": "Other", "slug": "other", "sport": {"name": "Tennis", "slug": "tennis", "id": 5}, "id": 1555, "flag": "other"}, "uniqueTournament": {"name": "Liga Pro", "slug": "liga-pro", "category": {"name": "Other", "slug": "other", "sport": {"name": "Tennis", "slug": "tennis", "id": 5}, "id": 1555, "flag": "other"}, "userCount": 98, "id": 14770, "hasEventPlayerStatistics": false}, "id": 79016}, "customId": "DfedsFfed", "status": {"code": 100, "description": "Ended", "type": "finished"}, "winnerCode": 1, "homeTeam": {"name": "Gusev M.", "slug": "gusev-mikhail", "shortName": "Gusev M.", "userCount": 5, "nameCode": "GMI", "national": false, "type": 1, "id": 385280, "subTeams": [], "teamColors": {"primary": "#52b030", "secondary": "#52b030", "text": "#ffffff"}}, "awayTeam": {"name": "Minchenkov M.", "slug": "minchenkov-mihail", "shortName": "Minchenkov M.", "userCount": 7, "nameCode": "MMI", "national": false, "type": 1, "id": 385278, "subTeams": [], "teamColors": {"primary": "#52b030", "secondary": "#52b030", "text": "#ffffff"}}, "homeScore": {"current": 2, "display": 2, "period1": 6, "period2": 0, "period3": 10, "normaltime": 2}, "awayScore": {"current": 1, "display": 1, "period1": 4, "period2": 6, "period3": 7, "normaltime": 1}, "time": {"current": 5118, "period1": 2439, "period2": 1772, "period3": 907, "currentPeriodStartTimestamp": 1628620421}, "changes": {"changes": ["status.code", "status.description", "status.type", "homeScore.current", "homeScore.display", "homeScore.period3", "homeScore.normaltime", "awayScore.period3", "awayScore.normaltime", "time.current", "time.period3"], "changeTimestamp": 1628620477}, "hasGlobalHighlights": false, "id": 9709663, "startTimestamp": 1628614800, "slug": "gusev-minchenkov", "periods": {"point": "Game", "current": "Match", "period1": "1st set", "period2": "2nd set", "period3": "3rd set", "period4": "4th set", "period5": "5th set"}, "finalResultOnly": false}, {"tournament": {"name": "Liga Pro", "slug": "liga-pro", "category": {"name": "Other", "slug": "other", "sport": {"name": "Tennis", "slug": "tennis", "id": 5}, "id": 1555, "flag": "other"}, "uniqueTournament": {"name": "Liga Pro", "slug": "liga-pro", "category": {"name": "Other", "slug": "other", "sport": {"name": "Tennis", "slug": "tennis", "id": 5}, "id": 1555, "flag": "other"}, "userCount": 98, "id": 14770, "hasEventPlayerStatistics": false}, "id": 79016}, "customId": "DfedsFfed", "status": {"code": 100, "description": "Ended", "type": "finished"}, "winnerCode": 1, "homeTeam": {"name": "Minchenkov M.", "slug": "minchenkov-mihail", "shortName": "Minchenkov M.", "userCount": 7, "nameCode": "MMI", "national": false, "type": 1, "id": 385278, "subTeams": [], "teamColors": {"primary": "#52b030", "secondary": "#52b030", "text": "#ffffff"}}, "awayTeam": {"name": "Gusev M.", "slug": "gusev-mikhail", "shortName": "Gusev M.", "userCount": 5, "nameCode": "GMI", "national": false, "type": 1, "id": 385280, "subTeams": [], "teamColors": {"primary": "#52b030", "secondary": "#52b030", "text": "#ffffff"}}, "homeScore": {"current": 2, "display": 2, "period1": 6, "period2": 6, "normaltime": 2}, "awayScore": {"current": 0, "display": 0, "period1": 4, "period2": 0, "normaltime": 0}, "time": {"current": 4505, "period1": 2793, "period2": 1712, "currentPeriodStartTimestamp": 1628625965}, "changes": {"changes": ["status.code", "status.description", "status.type", "homeScore.current", "homeScore.display", "homeScore.period2", "homeScore.normaltime", "awayScore.normaltime", "time.current", "time.period2"], "changeTimestamp": 1628626057}, "hasGlobalHighlights": false, "id": 9709664, "startTimestamp": 1628620200, "slug": "gusev-minchenkov", "periods": {"point": "Game", "current": "Match", "period1": "1st set", "period2": "2nd set", "period3": "3rd set", "period4": "4th set", "period5": "5th set"}, "finalResultOnly": false}, {"tournament": {"name": "Liga Pro", "slug": "liga-pro", "category": {"name": "Other", "slug": "other", "sport": {"name": "Tennis", "slug": "tennis", "id": 5}, "id": 1555, "flag": "other"}, "uniqueTournament": {"name": "Liga Pro", "slug": "liga-pro", "category": {"name": "Other", "slug": "other", "sport": {"name": "Tennis", "slug": "tennis", "id": 5}, "id": 1555, "flag": "other"}, "userCount": 98, "id": 14770, "hasEventPlayerStatistics": false}, "id": 79016}, "customId": "OHMcsOGed", "status": {"code": 100, "description": "Ended", "type": "finished"}, "winnerCode": 2, "homeTeam": {"name": "Kozyakov K.", "slug": "kozyakov-kirill", "shortName": "Kozyakov K.", "userCount": 5, "nameCode": "KKI", "national": false, "type": 1, "id": 344139, "subTeams": [], "teamColors": {"primary": "#52b030", "secondary": "#52b030", "text": "#ffffff"}}, "awayTeam": {"name": "Purygin A.", "slug": "purygin-andrey", "shortName": "Purygin A.", "userCount": 7, "nameCode": "PAN", "national": false, "type": 1, "id": 386589, "subTeams": [], "teamColors": {"primary": "#52b030", "secondary": "#52b030", "text": "#ffffff"}}, "homeScore": {"current": 1, "display": 1, "period1": 5, "period2": 6, "period3": 7, "normaltime": 1}, "awayScore": {"current": 2, "display": 2, "period1": 7, "period2": 4, "period3": 10, "normaltime": 2}, "time": {"current": 6980, "period1": 2718, "period2": 3270, "period3": 992, "currentPeriodStartTimestamp": 1628663911}, "changes": {"changes": ["status.code", "status.description", "status.type", "homeScore.period3", "homeScore.normaltime", "awayScore.current", "awayScore.display", "awayScore.period3", "awayScore.normaltime", "time.current", "time.period3"], "changeTimestamp": 1628664033}, "hasGlobalHighlights": false, "id": 9710750, "startTimestamp": 1628656200, "slug": "purygin-kozyakov", "periods": {"point": "Game", "current": "Match", "period1": "1st set", "period2": "2nd set", "period3": "3rd set", "period4": "4th set", "period5": "5th set"}, "finalResultOnly": false}, {"tournament": {"name": "Liga Pro", "slug": "liga-pro", "category": {"name": "Other", "slug": "other", "sport": {"name": "Tennis", "slug": "tennis", "id": 5}, "id": 1555, "flag": "other"}, "uniqueTournament": {"name": "Liga Pro", "slug": "liga-pro", "category": {"name": "Other", "slug": "other", "sport": {"name": "Tennis", "slug": "tennis", "id": 5}, "id": 1555, "flag": "other"}, "userCount": 98, "id": 14770, "hasEventPlayerStatistics": false}, "id": 79016}, "customId": "OHMcsOGed", "status": {"code": 100, "description": "Ended", "type": "finished"}, "winnerCode": 2, "homeTeam": {"name": "Purygin A.", "slug": "purygin-andrey", "shortName": "Purygin A.", "userCount": 7, "nameCode": "PAN", "national": false, "type": 1, "id": 386589, "subTeams": [], "teamColors": {"primary": "#52b030", "secondary": "#52b030", "text": "#ffffff"}}, "awayTeam": {"name": "Kozyakov K.", "slug": "kozyakov-kirill", "shortName": "Kozyakov K.", "userCount": 5, "nameCode": "KKI", "national": false, "type": 1, "id": 344139, "subTeams": [], "teamColors": {"primary": "#52b030", "secondary": "#52b030", "text": "#ffffff"}}, "homeScore": {"current": 0, "display": 0, "period1": 2, "period2": 6, "normaltime": 0}, "awayScore": {"current": 2, "display": 2, "period1": 6, "period2": 7, "normaltime": 2}, "time": {"current": 5285, "period1": 1744, "period2": 3541, "currentPeriodStartTimestamp": 1628670020}, "changes": {"changes": ["status.code", "status.description", "status.type", "homeScore.normaltime", "awayScore.current", "awayScore.display", "awayScore.period2", "awayScore.normaltime", "time.current", "time.period2"], "changeTimestamp": 1628670154}, "hasGlobalHighlights": false, "id": 9710751, "startTimestamp": 1628661600, "slug": "purygin-kozyakov", "periods": {"point": "Game", "current": "Match", "period1": "1st set", "period2": "2nd set", "period3": "3rd set", "period4": "4th set", "period5": "5th set"}, "finalResultOnly": false}, {"tournament": {"name": "Liga Pro", "slug": "liga-pro", "category": {"name": "Other", "slug": "other", "sport": {"name": "Tennis", "slug": "tennis", "id": 5}, "id": 1555, "flag": "other"}, "uniqueTournament": {"name": "Liga Pro", "slug": "liga-pro", "category": {"name": "Other", "slug": "other", "sport": {"name": "Tennis", "slug": "tennis", "id": 5}, "id": 1555, "flag": "other"}, "userCount": 98, "id": 14770, "hasEventPlayerStatistics": false}, "id": 79016}, "customId": "wfedsPved", "status": {"code": 100, "description": "Ended", "type": "finished"}, "winnerCode": 1, "homeTeam": {"name": "Zaychikov V.", "slug": "zaychikov-vitaliy", "shortName": "Zaychikov V.", "userCount": 4, "nameCode": "ZVI", "national": false, "type": 1, "id": 385271, "subTeams": [], "teamColors": {"primary": "#52b030", "secondary": "#52b030", "text": "#ffffff"}}, "awayTeam": {"name": "Trifonov V.", "slug": "trifonov-vasily", "shortName": "Trifonov V.", "gender": "M", "userCount": 3, "nameCode": "TVA", "national": false, "type": 1, "id": 386040, "subTeams": [], "teamColors": {"primary": "#52b030", "secondary": "#52b030", "text": "#ffffff"}}, "homeScore": {"current": 2, "display": 2, "period1": 6, "period2": 7, "normaltime": 2}, "awayScore": {"current": 0, "display": 0, "period1": 3, "period2": 5, "normaltime": 0}, "time": {"current": 6117, "period1": 2078, "period2": 4039, "currentPeriodStartTimestamp": 1628708559}, "changes": {"changes": ["status.code", "status.description", "status.type", "homeScore.current", "homeScore.display", "homeScore.period2", "homeScore.normaltime", "awayScore.normaltime", "time.current", "time.period2"], "changeTimestamp": 1628708679}, "hasGlobalHighlights": false, "id": 9711023, "startTimestamp": 1628701200, "slug": "trifonov-zaychikov", "periods": {"point": "Game", "current": "Match", "period1": "1st set", "period2": "2nd set", "period3": "3rd set", "period4": "4th set", "period5": "5th set"}, "finalResultOnly": false}, {"tournament": {"name": "Liga Pro", "slug": "liga-pro", "category": {"name": "Other", "slug": "other", "sport": {"name": "Tennis", "slug": "tennis", "id": 5}, "id": 1555, "flag": "other"}, "uniqueTournament": {"name": "Liga Pro", "slug": "liga-pro", "category": {"name": "Other", "slug": "other", "sport": {"name": "Tennis", "slug": "tennis", "id": 5}, "id": 1555, "flag": "other"}, "userCount": 98, "id": 14770, "hasEventPlayerStatistics": false}, "id": 79016}, "customId": "wfedsPved", "status": {"code": 100, "description": "Ended", "type": "finished"}, "winnerCode": 2, "homeTeam": {"name": "Trifonov V.", "slug": "trifonov-vasily", "shortName": "Trifonov V.", "gender": "M", "userCount": 3, "nameCode": "TVA", "national": false, "type": 1, "id": 386040, "subTeams": [], "teamColors": {"primary": "#52b030", "secondary": "#52b030", "text": "#ffffff"}}, "awayTeam": {"name": "Zaychikov V.", "slug": "zaychikov-vitaliy", "shortName": "Zaychikov V.", "userCount": 4, "nameCode": "ZVI", "national": false, "type": 1, "id": 385271, "subTeams": [], "teamColors": {"primary": "#52b030", "secondary": "#52b030", "text": "#ffffff"}}, "homeScore": {"current": 1, "display": 1, "period1": 6, "period2": 1, "period3": 3, "normaltime": 1}, "awayScore": {"current": 2, "display": 2, "period1": 3, "period2": 6, "period3": 10, "normaltime": 2}, "time": {"current": 4204, "period1": 2044, "period2": 1624, "period3": 536, "currentPeriodStartTimestamp": 1628713449}, "changes": {"changes": ["status.code", "status.description", "status.type", "homeScore.period3", "homeScore.normaltime", "awayScore.current", "awayScore.display", "awayScore.period3", "awayScore.normaltime", "time.current", "time.period3"], "changeTimestamp": 1628713537}, "hasGlobalHighlights": false, "id": 9711196, "startTimestamp": 1628706600, "slug": "trifonov-zaychikov", "periods": {"point": "Game", "current": "Match", "period1": "1st set", "period2": "2nd set", "period3": "3rd set", "period4": "4th set", "period5": "5th set"}, "finalResultOnly": false}, {"tournament": {"name": "Liga Pro", "slug": "liga-pro", "category": {"name": "Other", "slug": "other", "sport": {"name": "Tennis", "slug": "tennis", "id": 5}, "id": 1555, "flag": "other"}, "uniqueTournament": {"name": "Liga Pro", "slug": "liga-pro", "category": {"name": "Other", "slug": "other", "sport": {"name": "Tennis", "slug": "tennis", "id": 5}, "id": 1555, "flag": "other"}, "userCount": 98, "id": 14770, "hasEventPlayerStatistics": false}, "id": 79016}, "customId": "PxfbsJNgb", "status": {"code": 100, "description": "Ended", "type": "finished"}, "winnerCode": 1, "homeTeam": {"name": "Korol I.", "slug": "korol-ivan", "shortName": "Korol I.", "userCount": 13, "nameCode": "KOR", "national": false, "type": 1, "id": 138640, "subTeams": [], "teamColors": {"primary": "#52b030", "secondary": "#52b030", "text": "#ffffff"}}, "awayTeam": {"name": "Smirnov A.", "slug": "smirnov-andrei", "shortName": "Smirnov A.", "gender": "M", "userCount": 13, "nameCode": "SMI", "national": false, "type": 1, "id": 141934, "subTeams": [], "teamColors": {"primary": "#52b030", "secondary": "#52b030", "text": "#ffffff"}}, "homeScore": {"current": 2, "display": 2, "period1": 6, "period2": 6, "normaltime": 2}, "awayScore": {"current": 0, "display": 0, "period1": 1, "period2": 4, "normaltime": 0}, "time": {"current": 5353, "period1": 2227, "period2": 3126, "currentPeriodStartTimestamp": 1628748131}, "changes": {"changes": ["status.code", "status.description", "status.type", "homeScore.current", "homeScore.display", "homeScore.period2", "homeScore.normaltime", "awayScore.normaltime", "time.current", "time.period2"], "changeTimestamp": 1628748276}, "hasGlobalHighlights": false, "id": 9711379, "startTimestamp": 1628742600, "slug": "smirnov-korol", "periods": {"point": "Game", "current": "Match", "period1": "1st set", "period2": "2nd set", "period3": "3rd set", "period4": "4th set", "period5": "5th set"}, "finalResultOnly": false}, {"tournament": {"name": "Liga Pro", "slug": "liga-pro", "category": {"name": "Other", "slug": "other", "sport": {"name": "Tennis", "slug": "tennis", "id": 5}, "id": 1555, "flag": "other"}, "uniqueTournament": {"name": "Liga Pro", "slug": "liga-pro", "category": {"name": "Other", "slug": "other", "sport": {"name": "Tennis", "slug": "tennis", "id": 5}, "id": 1555, "flag": "other"}, "userCount": 98, "id": 14770, "hasEventPlayerStatistics": false}, "id": 79016}, "customId": "PxfbsJNgb", "status": {"code": 100, "description": "Ended", "type": "finished"}, "winnerCode": 2, "homeTeam": {"name": "Smirnov A.", "slug": "smirnov-andrei", "shortName": "Smirnov A.", "gender": "M", "userCount": 13, "nameCode": "SMI", "national": false, "type": 1, "id": 141934, "subTeams": [], "teamColors": {"primary": "#52b030", "secondary": "#52b030", "text": "#ffffff"}}, "awayTeam": {"name": "Korol I.", "slug": "korol-ivan", "shortName": "Korol I.", "userCount": 13, "nameCode": "KOR", "national": false, "type": 1, "id": 138640, "subTeams": [], "teamColors": {"primary": "#52b030", "secondary": "#52b030", "text": "#ffffff"}}, "homeScore": {"current": 0, "display": 0, "period1": 2, "period2": 2, "normaltime": 0}, "awayScore": {"current": 2, "display": 2, "period1": 6, "period2": 6, "normaltime": 2}, "time": {"current": 4039, "period1": 2046, "period2": 1993, "currentPeriodStartTimestamp": 1628752997}, "changes": {"changes": ["status.code", "status.description", "status.type", "homeScore.normaltime", "awayScore.current", "awayScore.display", "awayScore.period2", "awayScore.normaltime", "time.current", "time.period2"], "changeTimestamp": 1628753136}, "hasGlobalHighlights": false, "id": 9711380, "startTimestamp": 1628748000, "slug": "smirnov-korol", "periods": {"point": "Game", "current": "Match", "period1": "1st set", "period2": "2nd set", "period3": "3rd set", "period4": "4th set", "period5": "5th set"}, "finalResultOnly": false}, {"tournament": {"name": "Liga Pro", "slug": "liga-pro", "category": {"name": "Other", "slug": "other", "sport": {"name": "Tennis", "slug": "tennis", "id": 5}, "id": 1555, "flag": "other"}, "uniqueTournament": {"name": "Liga Pro", "slug": "liga-pro", "category": {"name": "Other", "slug": "other", "sport": {"name": "Tennis", "slug": "tennis", "id": 5}, "id": 1555, "flag": "other"}, "userCount": 98, "id": 14770, "hasEventPlayerStatistics": false}, "id": 79016}, "customId": "Ffedskued", "status": {"code": 100, "description": "Ended", "type": "finished"}, "winnerCode": 2, "homeTeam": {"name": "Gusev M.", "slug": "gusev-mikhail", "shortName": "Gusev M.", "userCount": 5, "nameCode": "GMI", "national": false, "type": 1, "id": 385280, "subTeams": [], "teamColors": {"primary": "#52b030", "secondary": "#52b030", "text": "#ffffff"}}, "awayTeam": {"name": "Kondrashov A.", "slug": "kondrashov-anton", "shortName": "Kondrashov A.", "userCount": 9, "nameCode": "KAN", "national": false, "type": 1, "id": 385960, "subTeams": [], "teamColors": {"primary": "#52b030", "secondary": "#52b030", "text": "#ffffff"}}, "homeScore": {"current": 0, "display": 0, "period1": 0, "period2": 4, "normaltime": 0}, "awayScore": {"current": 2, "display": 2, "period1": 6, "period2": 6, "normaltime": 2}, "time": {"current": 4822, "period1": 1579, "period2": 3243, "currentPeriodStartTimestamp": 1628792571}, "changes": {"changes": ["status.code", "status.description", "status.type", "homeScore.normaltime", "awayScore.current", "awayScore.display", "awayScore.period2", "awayScore.normaltime", "time.current", "time.period2"], "changeTimestamp": 1628792739}, "hasGlobalHighlights": false, "id": 9711381, "startTimestamp": 1628787600, "slug": "kondrashov-gusev", "periods": {"point": "Game", "current": "Match", "period1": "1st set", "period2": "2nd set", "period3": "3rd set", "period4": "4th set", "period5": "5th set"}, "finalResultOnly": false}, {"tournament": {"name": "Liga Pro", "slug": "liga-pro", "category": {"name": "Other", "slug": "other", "sport": {"name": "Tennis", "slug": "tennis", "id": 5}, "id": 1555, "flag": "other"}, "uniqueTournament": {"name": "Liga Pro", "slug": "liga-pro", "category": {"name": "Other", "slug": "other", "sport": {"name": "Tennis", "slug": "tennis", "id": 5}, "id": 1555, "flag": "other"}, "userCount": 98, "id": 14770, "hasEventPlayerStatistics": false}, "id": 79016}, "customId": "Ffedskued", "status": {"code": 100, "description": "Ended", "type": "finished"}, "winnerCode": 2, "homeTeam": {"name": "Kondrashov A.", "slug": "kondrashov-anton", "shortName": "Kondrashov A.", "userCount": 9, "nameCode": "KAN", "national": false, "type": 1, "id": 385960, "subTeams": [], "teamColors": {"primary": "#52b030", "secondary": "#52b030", "text": "#ffffff"}}, "awayTeam": {"name": "Gusev M.", "slug": "gusev-mikhail", "shortName": "Gusev M.", "userCount": 5, "nameCode": "GMI", "national": false, "type": 1, "id": 385280, "subTeams": [], "teamColors": {"primary": "#52b030", "secondary": "#52b030", "text": "#ffffff"}}, "homeScore": {"current": 0, "display": 0, "period1": 5, "period2": 0, "normaltime": 0}, "awayScore": {"current": 2, "display": 2, "period1": 7, "period2": 6, "normaltime": 2}, "time": {"current": 5801, "period1": 4155, "period2": 1646, "currentPeriodStartTimestamp": 1628799057}, "changes": {"changes": ["status.code", "status.description", "status.type", "homeScore.normaltime", "awayScore.current", "awayScore.display", "awayScore.period2", "awayScore.normaltime", "time.current", "time.period2"], "changeTimestamp": 1628799219}, "hasGlobalHighlights": false, "id": 9711382, "startTimestamp": 1628793000, "slug": "kondrashov-gusev", "periods": {"point": "Game", "current": "Match", "period1": "1st set", "period2": "2nd set", "period3": "3rd set", "period4": "4th set", "period5": "5th set"}, "finalResultOnly": false}, {"tournament": {"name": "Liga Pro", "slug": "liga-pro", "category": {"name": "Other", "slug": "other", "sport": {"name": "Tennis", "slug": "tennis", "id": 5}, "id": 1555, "flag": "other"}, "uniqueTournament": {"name": "Liga Pro", "slug": "liga-pro", "category": {"name": "Other", "slug": "other", "sport": {"name": "Tennis", "slug": "tennis", "id": 5}, "id": 1555, "flag": "other"}, "userCount": 98, "id": 14770, "hasEventPlayerStatistics": false}, "id": 79016}, "customId": "OHMcsjHed", "status": {"code": 100, "description": "Ended", "type": "finished"}, "winnerCode": 2, "homeTeam": {"name": "Kozyakov K.", "slug": "kozyakov-kirill", "shortName": "Kozyakov K.", "userCount": 5, "nameCode": "KKI", "national": false, "type": 1, "id": 344139, "subTeams": [], "teamColors": {"primary": "#52b030", "secondary": "#52b030", "text": "#ffffff"}}, "awayTeam": {"name": "Dzemeshkevich A.", "slug": "dzemeshkevich-andrey", "shortName": "Dzemeshkevich A.", "userCount": 3, "nameCode": "DAN", "national": false, "type": 1, "id": 386609, "subTeams": [], "teamColors": {"primary": "#52b030", "secondary": "#52b030", "text": "#ffffff"}}, "homeScore": {"current": 1, "display": 1, "period1": 7, "period2": 3, "period3": 7, "normaltime": 1}, "awayScore": {"current": 2, "display": 2, "period1": 6, "period2": 6, "period3": 10, "normaltime": 2}, "time": {"current": 7136, "period1": 3680, "period2": 2624, "period3": 832, "currentPeriodStartTimestamp": 1628836811}, "changes": {"changes": ["status.code", "status.description", "status.type", "homeScore.period3", "homeScore.normaltime", "awayScore.current", "awayScore.display", "awayScore.period3", "awayScore.normaltime", "time.current", "time.period3"], "changeTimestamp": 1628836837}, "hasGlobalHighlights": false, "id": 9715731, "startTimestamp": 1628829000, "slug": "dzemeshkevich-kozyakov", "periods": {"point": "Game", "current": "Match", "period1": "1st set", "period2": "2nd set", "period3": "3rd set", "period4": "4th set", "period5": "5th set"}, "finalResultOnly": false}, {"tournament": {"name": "Liga Pro", "slug": "liga-pro", "category": {"name": "Other", "slug": "other", "sport": {"name": "Tennis", "slug": "tennis", "id": 5}, "id": 1555, "flag": "other"}, "uniqueTournament": {"name": "Liga Pro", "slug": "liga-pro", "category": {"name": "Other", "slug": "other", "sport": {"name": "Tennis", "slug": "tennis", "id": 5}, "id": 1555, "flag": "other"}, "userCount": 98, "id": 14770, "hasEventPlayerStatistics": false}, "id": 79016}, "customId": "OHMcsjHed", "status": {"code": 100, "description": "Ended", "type": "finished"}, "winnerCode": 2, "homeTeam": {"name": "Dzemeshkevich A.", "slug": "dzemeshkevich-andrey", "shortName": "Dzemeshkevich A.", "userCount": 3, "nameCode": "DAN", "national": false, "type": 1, "id": 386609, "subTeams": [], "teamColors": {"primary": "#52b030", "secondary": "#52b030", "text": "#ffffff"}}, "awayTeam": {"name": "Kozyakov K.", "slug": "kozyakov-kirill", "shortName": "Kozyakov K.", "userCount": 5, "nameCode": "KKI", "national": false, "type": 1, "id": 344139, "subTeams": [], "teamColors": {"primary": "#52b030", "secondary": "#52b030", "text": "#ffffff"}}, "homeScore": {"current": 0, "display": 0, "period1": 4, "period2": 1, "normaltime": 0}, "awayScore": {"current": 2, "display": 2, "period1": 6, "period2": 6, "normaltime": 2}, "time": {"current": 4337, "period1": 2248, "period2": 2089, "currentPeriodStartTimestamp": 1628842004}, "changes": {"changes": ["status.code", "status.description", "status.type", "homeScore.normaltime", "awayScore.current", "awayScore.display", "awayScore.period2", "awayScore.normaltime", "time.current", "time.period2"], "changeTimestamp": 1628842058}, "hasGlobalHighlights": false, "id": 9715727, "startTimestamp": 1628834400, "slug": "dzemeshkevich-kozyakov", "periods": {"point": "Game", "current": "Match", "period1": "1st set", "period2": "2nd set", "period3": "3rd set", "period4": "4th set", "period5": "5th set"}, "finalResultOnly": false}, {"tournament": {"name": "Liga Pro", "slug": "liga-pro", "category": {"name": "Other", "slug": "other", "sport": {"name": "Tennis", "slug": "tennis", "id": 5}, "id": 1555, "flag": "other"}, "uniqueTournament": {"name": "Liga Pro", "slug": "liga-pro", "category": {"name": "Other", "slug": "other", "sport": {"name": "Tennis", "slug": "tennis", "id": 5}, "id": 1555, "flag": "other"}, "userCount": 98, "id": 14770, "hasEventPlayerStatistics": false}, "id": 79016}, "customId": "PvedsRUed", "status": {"code": 100, "description": "Ended", "type": "finished"}, "winnerCode": 1, "homeTeam": {"name": "Trifonov V.", "slug": "trifonov-vasily", "shortName": "Trifonov V.", "gender": "M", "userCount": 3, "nameCode": "TVA", "national": false, "type": 1, "id": 386040, "subTeams": [], "teamColors": {"primary": "#52b030", "secondary": "#52b030", "text": "#ffffff"}}, "awayTeam": {"name": "Morgovsky D.", "slug": "morgovsky-dmitry", "shortName": "Morgovsky D.", "userCount": 2, "nameCode": "MDM", "national": false, "type": 1, "id": 387242, "subTeams": [], "teamColors": {"primary": "#52b030", "secondary": "#52b030", "text": "#ffffff"}}, "homeScore": {"current": 2, "display": 2, "period1": 2, "period2": 6, "period3": 10, "normaltime": 2}, "awayScore": {"current": 1, "display": 1, "period1": 6, "period2": 1, "period3": 6, "normaltime": 1}, "time": {"current": 4024, "period1": 1745, "period2": 1460, "period3": 819, "currentPeriodStartTimestamp": 1628878852}, "changes": {"changes": ["status.code", "status.description", "status.type", "homeScore.current", "homeScore.display", "homeScore.period3", "homeScore.normaltime", "awayScore.period3", "awayScore.normaltime", "time.current", "time.period3"], "changeTimestamp": 1628878961}, "hasGlobalHighlights": false, "id": 9715732, "startTimestamp": 1628874000, "slug": "morgovsky-trifonov", "periods": {"point": "Game", "current": "Match", "period1": "1st set", "period2": "2nd set", "period3": "3rd set", "period4": "4th set", "period5": "5th set"}, "finalResultOnly": false}, {"tournament": {"name": "Liga Pro", "slug": "liga-pro", "category": {"name": "Other", "slug": "other", "sport": {"name": "Tennis", "slug": "tennis", "id": 5}, "id": 1555, "flag": "other"}, "uniqueTournament": {"name": "Liga Pro", "slug": "liga-pro", "category": {"name": "Other", "slug": "other", "sport": {"name": "Tennis", "slug": "tennis", "id": 5}, "id": 1555, "flag": "other"}, "userCount": 98, "id": 14770, "hasEventPlayerStatistics": false}, "id": 79016}, "customId": "PvedsRUed", "status": {"code": 100, "description": "Ended", "type": "finished"}, "winnerCode": 2, "homeTeam": {"name": "Morgovsky D.", "slug": "morgovsky-dmitry", "shortName": "Morgovsky D.", "userCount": 2, "nameCode": "MDM", "national": false, "type": 1, "id": 387242, "subTeams": [], "teamColors": {"primary": "#52b030", "secondary": "#52b030", "text": "#ffffff"}}, "awayTeam": {"name": "Trifonov V.", "slug": "trifonov-vasily", "shortName": "Trifonov V.", "gender": "M", "userCount": 3, "nameCode": "TVA", "national": false, "type": 1, "id": 386040, "subTeams": [], "teamColors": {"primary": "#52b030", "secondary": "#52b030", "text": "#ffffff"}}, "homeScore": {"current": 0, "display": 0, "period1": 1, "period2": 2, "normaltime": 0}, "awayScore": {"current": 2, "display": 2, "period1": 6, "period2": 6, "normaltime": 2}, "time": {"current": 2999, "period1": 1296, "period2": 1703, "currentPeriodStartTimestamp": 1628882523}, "changes": {"changes": ["status.code", "status.description", "status.type", "homeScore.normaltime", "awayScore.current", "awayScore.display", "awayScore.period2", "awayScore.normaltime", "time.current", "time.period2"], "changeTimestamp": 1628882567}, "hasGlobalHighlights": false, "id": 9715728, "startTimestamp": 1628879400, "slug": "morgovsky-trifonov", "periods": {"point": "Game", "current": "Match", "period1": "1st set", "period2": "2nd set", "period3": "3rd set", "period4": "4th set", "period5": "5th set"}, "finalResultOnly": false}, {"tournament": {"name": "Liga Pro", "slug": "liga-pro", "category": {"name": "Other", "slug": "other", "sport": {"name": "Tennis", "slug": "tennis", "id": 5}, "id": 1555, "flag": "other"}, "uniqueTournament": {"name": "Liga Pro", "slug": "liga-pro", "category": {"name": "Other", "slug": "other", "sport": {"name": "Tennis", "slug": "tennis", "id": 5}, "id": 1555, "flag": "other"}, "userCount": 98, "id": 14770, "hasEventPlayerStatistics": false}, "id": 79016}, "customId": "luedshGed", "status": {"code": 92, "description": "Retired", "type": "finished"}, "winnerCode": 1, "homeTeam": {"name": "Suvorov M.", "slug": "suvorov-mikhail", "shortName": "Suvorov M.", "userCount": 10, "nameCode": "SMI", "national": false, "type": 1, "id": 385961, "subTeams": [], "teamColors": {"primary": "#52b030", "secondary": "#52b030", "text": "#ffffff"}}, "awayTeam": {"name": "Kapustin A.", "slug": "kapustin-andrey", "shortName": "Kapustin A.", "userCount": 11, "nameCode": "KAN", "national": false, "type": 1, "id": 386557, "subTeams": [], "teamColors": {"primary": "#52b030", "secondary": "#52b030", "text": "#ffffff"}}, "homeScore": {"current": 0, "display": 0, "period1": 3, "period2": 1}, "awayScore": {"current": 1, "display": 1, "period1": 6, "period2": 0}, "time": {"current": 4076, "period1": 2808, "period2": 1268, "currentPeriodStartTimestamp": 1628918872}, "changes": {"changes": ["status.code", "status.description", "status.type", "time.current", "time.period2"], "changeTimestamp": 1628918917}, "hasGlobalHighlights": false, "id": 9720826, "startTimestamp": 1628913600, "slug": "kapustin-suvorov", "periods": {"point": "Game", "current": "Match", "period1": "1st set", "period2": "2nd set", "period3": "3rd set", "period4": "4th set", "period5": "5th set"}, "finalResultOnly": false}, {"tournament": {"name": "Liga Pro", "slug": "liga-pro", "category": {"name": "Other", "slug": "other", "sport": {"name": "Tennis", "slug": "tennis", "id": 5}, "id": 1555, "flag": "other"}, "uniqueTournament": {"name": "Liga Pro", "slug": "liga-pro", "category": {"name": "Other", "slug": "other", "sport": {"name": "Tennis", "slug": "tennis", "id": 5}, "id": 1555, "flag": "other"}, "userCount": 98, "id": 14770, "hasEventPlayerStatistics": false}, "id": 79016}, "customId": "luedshGed", "status": {"code": 91, "description": "Walkover", "type": "finished"}, "winnerCode": 2, "homeTeam": {"name": "Kapustin A.", "slug": "kapustin-andrey", "shortName": "Kapustin A.", "userCount": 11, "nameCode": "KAN", "national": false, "type": 1, "id": 386557, "subTeams": [], "teamColors": {"primary": "#52b030", "secondary": "#52b030", "text": "#ffffff"}}, "awayTeam": {"name": "Suvorov M.", "slug": "suvorov-mikhail", "shortName": "Suvorov M.", "userCount": 10, "nameCode": "SMI", "national": false, "type": 1, "id": 385961, "subTeams": [], "teamColors": {"primary": "#52b030", "secondary": "#52b030", "text": "#ffffff"}}, "homeScore": {}, "awayScore": {}, "time": {"currentPeriodStartTimestamp": 1628919088}, "changes": {"changes": ["status.code", "status.description", "status.type"], "changeTimestamp": 1628919097}, "hasGlobalHighlights": false, "id": 9720827, "startTimestamp": 1628919000, "slug": "kapustin-suvorov", "periods": {"point": "Game", "current": "Match", "period1": "1st set", "period2": "2nd set", "period3": "3rd set", "period4": "4th set", "period5": "5th set"}, "finalResultOnly": false}, {"tournament": {"name": "Liga Pro", "slug": "liga-pro", "category": {"name": "Other", "slug": "other", "sport": {"name": "Tennis", "slug": "tennis", "id": 5}, "id": 1555, "flag": "other"}, "uniqueTournament": {"name": "Liga Pro", "slug": "liga-pro", "category": {"name": "Other", "slug": "other", "sport": {"name": "Tennis", "slug": "tennis", "id": 5}, "id": 1555, "flag": "other"}, "userCount": 98, "id": 14770, "hasEventPlayerStatistics": false}, "id": 79016}, "customId": "DfedsFfed", "status": {"code": 100, "description": "Ended", "type": "finished"}, "winnerCode": 1, "homeTeam": {"name": "Minchenkov M.", "slug": "minchenkov-mihail", "shortName": "Minchenkov M.", "userCount": 7, "nameCode": "MMI", "national": false, "type": 1, "id": 385278, "subTeams": [], "teamColors": {"primary": "#52b030", "secondary": "#52b030", "text": "#ffffff"}}, "awayTeam": {"name": "Gusev M.", "slug": "gusev-mikhail", "shortName": "Gusev M.", "userCount": 5, "nameCode": "GMI", "national": false, "type": 1, "id": 385280, "subTeams": [], "teamColors": {"primary": "#52b030", "secondary": "#52b030", "text": "#ffffff"}}, "homeScore": {"current": 2, "display": 2, "period1": 6, "period2": 6, "normaltime": 2}, "awayScore": {"current": 0, "display": 0, "period1": 3, "period2": 4, "normaltime": 0}, "time": {"current": 5511, "period1": 2712, "period2": 2799, "currentPeriodStartTimestamp": 1628966618}, "changes": {"changes": ["status.code", "status.description", "status.type", "homeScore.current", "homeScore.display", "homeScore.period2", "homeScore.normaltime", "awayScore.normaltime", "time.current", "time.period2"], "changeTimestamp": 1628966811}, "hasGlobalHighlights": false, "id": 9720829, "startTimestamp": 1628960400, "slug": "gusev-minchenkov", "periods": {"point": "Game", "current": "Match", "period1": "1st set", "period2": "2nd set", "period3": "3rd set", "period4": "4th set", "period5": "5th set"}, "finalResultOnly": false}, {"tournament": {"name": "Liga Pro", "slug": "liga-pro", "category": {"name": "Other", "slug": "other", "sport": {"name": "Tennis", "slug": "tennis", "id": 5}, "id": 1555, "flag": "other"}, "uniqueTournament": {"name": "Liga Pro", "slug": "liga-pro", "category": {"name": "Other", "slug": "other", "sport": {"name": "Tennis", "slug": "tennis", "id": 5}, "id": 1555, "flag": "other"}, "userCount": 98, "id": 14770, "hasEventPlayerStatistics": false}, "id": 79016}, "customId": "DfedsFfed", "status": {"code": 100, "description": "Ended", "type": "finished"}, "winnerCode": 2, "homeTeam": {"name": "Gusev M.", "slug": "gusev-mikhail", "shortName": "Gusev M.", "userCount": 5, "nameCode": "GMI", "national": false, "type": 1, "id": 385280, "subTeams": [], "teamColors": {"primary": "#52b030", "secondary": "#52b030", "text": "#ffffff"}}, "awayTeam": {"name": "Minchenkov M.", "slug": "minchenkov-mihail", "shortName": "Minchenkov M.", "userCount": 7, "nameCode": "MMI", "national": false, "type": 1, "id": 385278, "subTeams": [], "teamColors": {"primary": "#52b030", "secondary": "#52b030", "text": "#ffffff"}}, "homeScore": {"current": 1, "display": 1, "period1": 6, "period2": 5, "period3": 8, "normaltime": 1}, "awayScore": {"current": 2, "display": 2, "period1": 1, "period2": 7, "period3": 10, "normaltime": 2}, "time": {"current": 7858, "period1": 2699, "period2": 4482, "period3": 677, "currentPeriodStartTimestamp": 1628975273}, "changes": {"changes": ["status.code", "status.description", "status.type", "homeScore.period3", "homeScore.normaltime", "awayScore.current", "awayScore.display", "awayScore.period3", "awayScore.normaltime", "time.current", "time.period3"], "changeTimestamp": 1628975449}, "hasGlobalHighlights": false, "id": 9720830, "startTimestamp": 1628965800, "slug": "gusev-minchenkov", "periods": {"point": "Game", "current": "Match", "period1": "1st set", "period2": "2nd set", "period3": "3rd set", "period4": "4th set", "period5": "5th set"}, "finalResultOnly": false}, {"tournament": {"name": "Liga Pro", "slug": "liga-pro", "category": {"name": "Other", "slug": "other", "sport": {"name": "Tennis", "slug": "tennis", "id": 5}, "id": 1555, "flag": "other"}, "uniqueTournament": {"name": "Liga Pro", "slug": "liga-pro", "category": {"name": "Other", "slug": "other", "sport": {"name": "Tennis", "slug": "tennis", "id": 5}, "id": 1555, "flag": "other"}, "userCount": 98, "id": 14770, "hasEventPlayerStatistics": false}, "id": 79016}, "customId": "OHMcsjHed", "status": {"code": 100, "description": "Ended", "type": "finished"}, "winnerCode": 1, "homeTeam": {"name": "Kozyakov K.", "slug": "kozyakov-kirill", "shortName": "Kozyakov K.", "userCount": 5, "nameCode": "KKI", "national": false, "type": 1, "id": 344139, "subTeams": [], "teamColors": {"primary": "#52b030", "secondary": "#52b030", "text": "#ffffff"}}, "awayTeam": {"name": "Dzemeshkevich A.", "slug": "dzemeshkevich-andrey", "shortName": "Dzemeshkevich A.", "userCount": 3, "nameCode": "DAN", "national": false, "type": 1, "id": 386609, "subTeams": [], "teamColors": {"primary": "#52b030", "secondary": "#52b030", "text": "#ffffff"}}, "homeScore": {"current": 2, "display": 2, "period1": 6, "period2": 4, "period3": 10, "normaltime": 2}, "awayScore": {"current": 1, "display": 1, "period1": 4, "period2": 6, "period3": 5, "normaltime": 1}, "time": {"current": 7203, "period1": 2721, "period2": 3766, "period3": 716, "currentPeriodStartTimestamp": 1629009650}, "changes": {"changes": ["status.code", "status.description", "status.type", "homeScore.current", "homeScore.display", "homeScore.period3", "homeScore.normaltime", "awayScore.period3", "awayScore.normaltime", "time.current", "time.period3"], "changeTimestamp": 1629009818}, "hasGlobalHighlights": false, "id": 9722602, "startTimestamp": 1629001800, "slug": "dzemeshkevich-kozyakov", "periods": {"point": "Game", "current": "Match", "period1": "1st set", "period2": "2nd set", "period3": "3rd set", "period4": "4th set", "period5": "5th set"}, "finalResultOnly": false}, {"tournament": {"name": "Liga Pro", "slug": "liga-pro", "category": {"name": "Other", "slug": "other", "sport": {"name": "Tennis", "slug": "tennis", "id": 5}, "id": 1555, "flag": "other"}, "uniqueTournament": {"name": "Liga Pro", "slug": "liga-pro", "category": {"name": "Other", "slug": "other", "sport": {"name": "Tennis", "slug": "tennis", "id": 5}, "id": 1555, "flag": "other"}, "userCount": 98, "id": 14770, "hasEventPlayerStatistics": false}, "id": 79016}, "customId": "OHMcsjHed", "status": {"code": 100, "description": "Ended", "type": "finished"}, "winnerCode": 2, "homeTeam": {"name": "Dzemeshkevich A.", "slug": "dzemeshkevich-andrey", "shortName": "Dzemeshkevich A.", "userCount": 3, "nameCode": "DAN", "national": false, "type": 1, "id": 386609, "subTeams": [], "teamColors": {"primary": "#52b030", "secondary": "#52b030", "text": "#ffffff"}}, "awayTeam": {"name": "Kozyakov K.", "slug": "kozyakov-kirill", "shortName": "Kozyakov K.", "userCount": 5, "nameCode": "KKI", "national": false, "type": 1, "id": 344139, "subTeams": [], "teamColors": {"primary": "#52b030", "secondary": "#52b030", "text": "#ffffff"}}, "homeScore": {"current": 0, "display": 0, "period1": 2, "period2": 2, "normaltime": 0}, "awayScore": {"current": 2, "display": 2, "period1": 6, "period2": 6, "normaltime": 2}, "time": {"current": 4510, "period1": 1898, "period2": 2612, "currentPeriodStartTimestamp": 1629015467}, "changes": {"changes": ["status.code", "status.description", "status.type", "homeScore.normaltime", "awayScore.current", "awayScore.display", "awayScore.period2", "awayScore.normaltime", "time.current", "time.period2"], "changeTimestamp": 1629015578}, "hasGlobalHighlights": false, "id": 9722603, "startTimestamp": 1629007200, "slug": "dzemeshkevich-kozyakov", "periods": {"point": "Game", "current": "Match", "period1": "1st set", "period2": "2nd set", "period3": "3rd set", "period4": "4th set", "period5": "5th set"}, "finalResultOnly": false}], "hasNextPage": true}