{"events": [{"tournament": {"name": "Liga Pro", "slug": "liga-pro", "category": {"name": "Other", "slug": "other", "sport": {"name": "Tennis", "slug": "tennis", "id": 5}, "id": 1555, "flag": "other"}, "uniqueTournament": {"name": "Liga Pro", "slug": "liga-pro", "category": {"name": "Other", "slug": "other", "sport": {"name": "Tennis", "slug": "tennis", "id": 5}, "id": 1555, "flag": "other"}, "userCount": 98, "id": 14770, "hasEventPlayerStatistics": false}, "id": 79016}, "customId": "RxfbshGed", "status": {"code": 100, "description": "Ended", "type": "finished"}, "winnerCode": 1, "homeTeam": {"name": "Pryakhin V.", "slug": "pryakhin-vladislav", "shortName": "Pryakhin V.", "gender": "M", "userCount": 7, "nameCode": "PRY", "national": false, "type": 1, "id": 138642, "subTeams": [], "teamColors": {"primary": "#52b030", "secondary": "#52b030", "text": "#ffffff"}}, "awayTeam": {"name": "Kapustin A.", "slug": "kapustin-andrey", "shortName": "Kapustin A.", "userCount": 11, "nameCode": "KAN", "national": false, "type": 1, "id": 386557, "subTeams": [], "teamColors": {"primary": "#52b030", "secondary": "#52b030", "text": "#ffffff"}}, "homeScore": {"current": 2, "display": 2, "period1": 6, "period2": 1, "period3": 12, "normaltime": 2}, "awayScore": {"current": 1, "display": 1, "period1": 3, "period2": 6, "period3": 10, "normaltime": 1}, "time": {"current": 5841, "period1": 2630, "period2": 2020, "period3": 1191, "currentPeriodStartTimestamp": 1627712413}, "changes": {"changes": ["status.code", "status.description", "status.type", "homeScore.current", "homeScore.display", "homeScore.period3", "homeScore.normaltime", "awayScore.current", "awayScore.display", "awayScore.period3", "awayScore.normaltime", "time.current", "time.period3"], "changeTimestamp": 1627712515}, "hasGlobalHighlights": false, "id": 9688324, "startTimestamp": 1627705800, "slug": "kapustin-pryakhin", "periods": {"point": "Game", "current": "Match", "period1": "1st set", "period2": "2nd set", "period3": "3rd set", "period4": "4th set", "period5": "5th set"}, "finalResultOnly": false}, {"tournament": {"name": "Liga Pro", "slug": "liga-pro", "category": {"name": "Other", "slug": "other", "sport": {"name": "Tennis", "slug": "tennis", "id": 5}, "id": 1555, "flag": "other"}, "uniqueTournament": {"name": "Liga Pro", "slug": "liga-pro", "category": {"name": "Other", "slug": "other", "sport": {"name": "Tennis", "slug": "tennis", "id": 5}, "id": 1555, "flag": "other"}, "userCount": 98, "id": 14770, "hasEventPlayerStatistics": false}, "id": 79016}, "customId": "RxfbshGed", "status": {"code": 100, "description": "Ended", "type": "finished"}, "winnerCode": 2, "homeTeam": {"name": "Kapustin A.", "slug": "kapustin-andrey", "shortName": "Kapustin A.", "userCount": 11, "nameCode": "KAN", "national": false, "type": 1, "id": 386557, "subTeams": [], "teamColors": {"primary": "#52b030", "secondary": "#52b030", "text": "#ffffff"}}, "awayTeam": {"name": "Pryakhin V.", "slug": "pryakhin-vladislav", "shortName": "Pryakhin V.", "gender": "M", "userCount": 7, "nameCode": "PRY", "national": false, "type": 1, "id": 138642, "subTeams": [], "teamColors": {"primary": "#52b030", "secondary": "#52b030", "text": "#ffffff"}}, "homeScore": {"current": 0, "display": 0, "period1": 2, "period2": 2, "normaltime": 0}, "awayScore": {"current": 2, "display": 2, "period1": 6, "period2": 6, "normaltime": 2}, "time": {"current": 4008, "period1": 1875, "period2": 2133, "currentPeriodStartTimestamp": 1627717099}, "changes": {"changes": ["status.code", "status.description", "status.type", "homeScore.normaltime", "awayScore.current", "awayScore.display", "awayScore.period2", "awayScore.normaltime", "time.current", "time.period2"], "changeTimestamp": 1627717190}, "hasGlobalHighlights": false, "id": 9688326, "startTimestamp": 1627711200, "slug": "kapustin-pryakhin", "periods": {"point": "Game", "current": "Match", "period1": "1st set", "period2": "2nd set", "period3": "3rd set", "period4": "4th set", "period5": "5th set"}, "finalResultOnly": false}, {"tournament": {"name": "Liga Pro", "slug": "liga-pro", "category": {"name": "Other", "slug": "other", "sport": {"name": "Tennis", "slug": "tennis", "id": 5}, "id": 1555, "flag": "other"}, "uniqueTournament": {"name": "Liga Pro", "slug": "liga-pro", "category": {"name": "Other", "slug": "other", "sport": {"name": "Tennis", "slug": "tennis", "id": 5}, "id": 1555, "flag": "other"}, "userCount": 98, "id": 14770, "hasEventPlayerStatistics": false}, "id": 79016}, "customId": "CzPcsEfed", "status": {"code": 100, "description": "Ended", "type": "finished"}, "winnerCode": 1, "homeTeam": {"name": "Gorbachyov A.", "slug": "gorbachyov-aleksandr", "shortName": "Gorbachyov A.", "userCount": 5, "nameCode": "GAL", "national": false, "type": 1, "id": 385279, "subTeams": [], "teamColors": {"primary": "#52b030", "secondary": "#52b030", "text": "#ffffff"}}, "awayTeam": {"name": "Satvaldyev S.", "slug": "satvaldyev-sherali", "shortName": "Satvaldyev S.", "gender": "M", "userCount": 3, "nameCode": "SSH", "national": false, "type": 1, "id": 351227, "subTeams": [], "teamColors": {"primary": "#52b030", "secondary": "#52b030", "text": "#ffffff"}}, "homeScore": {"current": 2, "display": 2, "period1": 6, "period2": 6, "normaltime": 2}, "awayScore": {"current": 0, "display": 0, "period1": 4, "period2": 2, "normaltime": 0}, "time": {"current": 5391, "period1": 2946, "period2": 2445, "currentPeriodStartTimestamp": 1627756299}, "changes": {"changes": ["status.code", "status.description", "status.type", "homeScore.current", "homeScore.display", "homeScore.period2", "homeScore.normaltime", "awayScore.normaltime", "time.current", "time.period2"], "changeTimestamp": 1627756437}, "hasGlobalHighlights": false, "id": 9688296, "startTimestamp": 1627750800, "slug": "gorbachyov-satvaldyev", "periods": {"point": "Game", "current": "Match", "period1": "1st set", "period2": "2nd set", "period3": "3rd set", "period4": "4th set", "period5": "5th set"}, "finalResultOnly": false}, {"tournament": {"name": "Liga Pro", "slug": "liga-pro", "category": {"name": "Other", "slug": "other", "sport": {"name": "Tennis", "slug": "tennis", "id": 5}, "id": 1555, "flag": "other"}, "uniqueTournament": {"name": "Liga Pro", "slug": "liga-pro", "category": {"name": "Other", "slug": "other", "sport": {"name": "Tennis", "slug": "tennis", "id": 5}, "id": 1555, "flag": "other"}, "userCount": 98, "id": 14770, "hasEventPlayerStatistics": false}, "id": 79016}, "customId": "CzPcsEfed", "status": {"code": 100, "description": "Ended", "type": "finished"}, "winnerCode": 2, "homeTeam": {"name": "Satvaldyev S.", "slug": "satvaldyev-sherali", "shortName": "Satvaldyev S.", "gender": "M", "userCount": 3, "nameCode": "SSH", "national": false, "type": 1, "id": 351227, "subTeams": [], "teamColors": {"primary": "#52b030", "secondary": "#52b030", "text": "#ffffff"}}, "awayTeam": {"name": "Gorbachyov A.", "slug": "gorbachyov-aleksandr", "shortName": "Gorbachyov A.", "userCount": 5, "nameCode": "GAL", "national": false, "type": 1, "id": 385279, "subTeams": [], "teamColors": {"primary": "#52b030", "secondary": "#52b030", "text": "#ffffff"}}, "homeScore": {"current": 0, "display": 0, "period1": 1, "period2": 2, "normaltime": 0}, "awayScore": {"current": 2, "display": 2, "period1": 6, "period2": 6, "normaltime": 2}, "time": {"current": 3818, "period1": 1514, "period2": 2304, "currentPeriodStartTimestamp": 1627760790}, "changes": {"changes": ["status.code", "status.description", "status.type", "homeScore.normaltime", "awayScore.current", "awayScore.display", "awayScore.period2", "awayScore.normaltime", "time.current", "time.period2"], "changeTimestamp": 1627760935}, "hasGlobalHighlights": false, "id": 9688297, "startTimestamp": 1627756200, "slug": "gorbachyov-satvaldyev", "periods": {"point": "Game", "current": "Match", "period1": "1st set", "period2": "2nd set", "period3": "3rd set", "period4": "4th set", "period5": "5th set"}, "finalResultOnly": false}, {"tournament": {"name": "Liga Pro", "slug": "liga-pro", "category": {"name": "Other", "slug": "other", "sport": {"name": "Tennis", "slug": "tennis", "id": 5}, "id": 1555, "flag": "other"}, "uniqueTournament": {"name": "Liga Pro", "slug": "liga-pro", "category": {"name": "Other", "slug": "other", "sport": {"name": "Tennis", "slug": "tennis", "id": 5}, "id": 1555, "flag": "other"}, "userCount": 98, "id": 14770, "hasEventPlayerStatistics": false}, "id": 79016}, "customId": "JNgbslued", "status": {"code": 100, "description": "Ended", "type": "finished"}, "winnerCode": 2, "homeTeam": {"name": "Suvorov M.", "slug": "suvorov-mikhail", "shortName": "Suvorov M.", "userCount": 10, "nameCode": "SMI", "national": false, "type": 1, "id": 385961, "subTeams": [], "teamColors": {"primary": "#52b030", "secondary": "#52b030", "text": "#ffffff"}}, "awayTeam": {"name": "Smirnov A.", "slug": "smirnov-andrei", "shortName": "Smirnov A.", "gender": "M", "userCount": 13, "nameCode": "SMI", "national": false, "type": 1, "id": 141934, "subTeams": [], "teamColors": {"primary": "#52b030", "secondary": "#52b030", "text": "#ffffff"}}, "homeScore": {"current": 0, "display": 0, "period1": 3, "period2": 5, "normaltime": 0}, "awayScore": {"current": 2, "display": 2, "period1": 6, "period2": 7, "normaltime": 2}, "time": {"current": 6659, "period1": 2722, "period2": 3937, "currentPeriodStartTimestamp": 1627799188}, "changes": {"changes": ["status.code", "status.description", "status.type", "homeScore.normaltime", "awayScore.current", "awayScore.display", "awayScore.period2", "awayScore.normaltime", "time.current", "time.period2"], "changeTimestamp": 1627799269}, "hasGlobalHighlights": false, "id": 9688348, "startTimestamp": 1627792200, "slug": "suvorov-smirnov", "periods": {"point": "Game", "current": "Match", "period1": "1st set", "period2": "2nd set", "period3": "3rd set", "period4": "4th set", "period5": "5th set"}, "finalResultOnly": false}, {"tournament": {"name": "Liga Pro", "slug": "liga-pro", "category": {"name": "Other", "slug": "other", "sport": {"name": "Tennis", "slug": "tennis", "id": 5}, "id": 1555, "flag": "other"}, "uniqueTournament": {"name": "Liga Pro", "slug": "liga-pro", "category": {"name": "Other", "slug": "other", "sport": {"name": "Tennis", "slug": "tennis", "id": 5}, "id": 1555, "flag": "other"}, "userCount": 98, "id": 14770, "hasEventPlayerStatistics": false}, "id": 79016}, "customId": "JNgbslued", "status": {"code": 100, "description": "Ended", "type": "finished"}, "winnerCode": 1, "homeTeam": {"name": "Smirnov A.", "slug": "smirnov-andrei", "shortName": "Smirnov A.", "gender": "M", "userCount": 13, "nameCode": "SMI", "national": false, "type": 1, "id": 141934, "subTeams": [], "teamColors": {"primary": "#52b030", "secondary": "#52b030", "text": "#ffffff"}}, "awayTeam": {"name": "Suvorov M.", "slug": "suvorov-mikhail", "shortName": "Suvorov M.", "userCount": 10, "nameCode": "SMI", "national": false, "type": 1, "id": 385961, "subTeams": [], "teamColors": {"primary": "#52b030", "secondary": "#52b030", "text": "#ffffff"}}, "homeScore": {"current": 2, "display": 2, "period1": 7, "period2": 6, "normaltime": 2}, "awayScore": {"current": 0, "display": 0, "period1": 5, "period2": 1, "normaltime": 0}, "time": {"current": 5470, "period1": 3537, "period2": 1933, "currentPeriodStartTimestamp": 1627805862}, "changes": {"changes": ["status.code", "status.description", "status.type", "homeScore.current", "homeScore.display", "homeScore.period2", "homeScore.normaltime", "awayScore.normaltime", "time.current", "time.period2"], "changeTimestamp": 1627805929}, "hasGlobalHighlights": false, "id": 9688349, "startTimestamp": 1627797600, "slug": "suvorov-smirnov", "periods": {"point": "Game", "current": "Match", "period1": "1st set", "period2": "2nd set", "period3": "3rd set", "period4": "4th set", "period5": "5th set"}, "finalResultOnly": false}, {"tournament": {"name": "Liga Pro", "slug": "liga-pro", "category": {"name": "Other", "slug": "other", "sport": {"name": "Tennis", "slug": "tennis", "id": 5}, "id": 1555, "flag": "other"}, "uniqueTournament": {"name": "Liga Pro", "slug": "liga-pro", "category": {"name": "Other", "slug": "other", "sport": {"name": "Tennis", "slug": "tennis", "id": 5}, "id": 1555, "flag": "other"}, "userCount": 98, "id": 14770, "hasEventPlayerStatistics": false}, "id": 79016}, "customId": "cjedsGpfd", "status": {"code": 100, "description": "Ended", "type": "finished"}, "winnerCode": 1, "homeTeam": {"name": "Volkov D.", "slug": "volkov-dmitriy", "shortName": "Volkov D.", "userCount": 18, "nameCode": "VDM", "national": false, "type": 1, "id": 385452, "subTeams": [], "teamColors": {"primary": "#52b030", "secondary": "#52b030", "text": "#ffffff"}}, "awayTeam": {"name": "Khodor R.", "slug": "khodor-rodion", "shortName": "Khodor R.", "userCount": 5, "nameCode": "KRO", "national": false, "type": 1, "id": 388281, "subTeams": [], "teamColors": {"primary": "#52b030", "secondary": "#52b030", "text": "#ffffff"}}, "homeScore": {"current": 2, "display": 2, "period1": 7, "period2": 7, "normaltime": 2}, "awayScore": {"current": 0, "display": 0, "period1": 5, "period2": 5, "normaltime": 0}, "time": {"current": 9153, "period1": 3720, "period2": 5433, "currentPeriodStartTimestamp": 1627846706}, "changes": {"changes": ["status.code", "status.description", "status.type", "homeScore.current", "homeScore.display", "homeScore.period2", "homeScore.normaltime", "awayScore.normaltime", "time.current", "time.period2"], "changeTimestamp": 1627846788}, "hasGlobalHighlights": false, "id": 9688350, "startTimestamp": 1627837200, "slug": "khodor-volkov", "periods": {"point": "Game", "current": "Match", "period1": "1st set", "period2": "2nd set", "period3": "3rd set", "period4": "4th set", "period5": "5th set"}, "finalResultOnly": false}, {"tournament": {"name": "Liga Pro", "slug": "liga-pro", "category": {"name": "Other", "slug": "other", "sport": {"name": "Tennis", "slug": "tennis", "id": 5}, "id": 1555, "flag": "other"}, "uniqueTournament": {"name": "Liga Pro", "slug": "liga-pro", "category": {"name": "Other", "slug": "other", "sport": {"name": "Tennis", "slug": "tennis", "id": 5}, "id": 1555, "flag": "other"}, "userCount": 98, "id": 14770, "hasEventPlayerStatistics": false}, "id": 79016}, "customId": "cjedsGpfd", "status": {"code": 100, "description": "Ended", "type": "finished"}, "winnerCode": 1, "homeTeam": {"name": "Khodor R.", "slug": "khodor-rodion", "shortName": "Khodor R.", "userCount": 5, "nameCode": "KRO", "national": false, "type": 1, "id": 388281, "subTeams": [], "teamColors": {"primary": "#52b030", "secondary": "#52b030", "text": "#ffffff"}}, "awayTeam": {"name": "Volkov D.", "slug": "volkov-dmitriy", "shortName": "Volkov D.", "userCount": 18, "nameCode": "VDM", "national": false, "type": 1, "id": 385452, "subTeams": [], "teamColors": {"primary": "#52b030", "secondary": "#52b030", "text": "#ffffff"}}, "homeScore": {"current": 2, "display": 2, "period1": 7, "period2": 3, "period3": 10, "normaltime": 2}, "awayScore": {"current": 1, "display": 1, "period1": 6, "period2": 6, "period3": 5, "normaltime": 1}, "time": {"current": 8335, "period1": 4376, "period2": 3091, "period3": 868, "currentPeriodStartTimestamp": 1627856154}, "changes": {"changes": ["status.code", "status.description", "status.type", "homeScore.current", "homeScore.display", "homeScore.period3", "homeScore.normaltime", "awayScore.period3", "awayScore.normaltime", "time.current", "time.period3"], "changeTimestamp": 1627856327}, "hasGlobalHighlights": false, "id": 9688351, "startTimestamp": 1627842600, "slug": "khodor-volkov", "periods": {"point": "Game", "current": "Match", "period1": "1st set", "period2": "2nd set", "period3": "3rd set", "period4": "4th set", "period5": "5th set"}, "finalResultOnly": false}, {"tournament": {"name": "Liga Pro", "slug": "liga-pro", "category": {"name": "Other", "slug": "other", "sport": {"name": "Tennis", "slug": "tennis", "id": 5}, "id": 1555, "flag": "other"}, "uniqueTournament": {"name": "Liga Pro", "slug": "liga-pro", "category": {"name": "Other", "slug": "other", "sport": {"name": "Tennis", "slug": "tennis", "id": 5}, "id": 1555, "flag": "other"}, "userCount": 98, "id": 14770, "hasEventPlayerStatistics": false}, "id": 79016}, "customId": "nJQshGed", "status": {"code": 100, "description": "Ended", "type": "finished"}, "winnerCode": 1, "homeTeam": {"name": "Nikiforov A.", "slug": "nikiforov-alexey", "shortName": "Nikiforov A.", "gender": "M", "userCount": 19, "nameCode": "NIK", "national": false, "type": 1, "id": 104213, "subTeams": [], "teamColors": {"primary": "#52b030", "secondary": "#52b030", "text": "#ffffff"}}, "awayTeam": {"name": "Kapustin A.", "slug": "kapustin-andrey", "shortName": "Kapustin A.", "userCount": 11, "nameCode": "KAN", "national": false, "type": 1, "id": 386557, "subTeams": [], "teamColors": {"primary": "#52b030", "secondary": "#52b030", "text": "#ffffff"}}, "homeScore": {"current": 2, "display": 2, "period1": 7, "period2": 4, "period3": 10, "normaltime": 2}, "awayScore": {"current": 1, "display": 1, "period1": 5, "period2": 6, "period3": 5, "normaltime": 1}, "time": {"current": 5817, "period1": 2758, "period2": 2479, "period3": 580, "currentPeriodStartTimestamp": 1627884996}, "changes": {"changes": ["status.code", "status.description", "status.type", "homeScore.current", "homeScore.display", "homeScore.period3", "homeScore.normaltime", "awayScore.period3", "awayScore.normaltime", "time.current", "time.period3"], "changeTimestamp": 1627885126}, "hasGlobalHighlights": false, "id": 9691599, "startTimestamp": 1627878600, "slug": "kapustin-nikiforov", "periods": {"point": "Game", "current": "Match", "period1": "1st set", "period2": "2nd set", "period3": "3rd set", "period4": "4th set", "period5": "5th set"}, "finalResultOnly": false}, {"tournament": {"name": "Liga Pro", "slug": "liga-pro", "category": {"name": "Other", "slug": "other", "sport": {"name": "Tennis", "slug": "tennis", "id": 5}, "id": 1555, "flag": "other"}, "uniqueTournament": {"name": "Liga Pro", "slug": "liga-pro", "category": {"name": "Other", "slug": "other", "sport": {"name": "Tennis", "slug": "tennis", "id": 5}, "id": 1555, "flag": "other"}, "userCount": 98, "id": 14770, "hasEventPlayerStatistics": false}, "id": 79016}, "customId": "nJQshGed", "status": {"code": 100, "description": "Ended", "type": "finished"}, "winnerCode": 2, "homeTeam": {"name": "Kapustin A.", "slug": "kapustin-andrey", "shortName": "Kapustin A.", "userCount": 11, "nameCode": "KAN", "national": false, "type": 1, "id": 386557, "subTeams": [], "teamColors": {"primary": "#52b030", "secondary": "#52b030", "text": "#ffffff"}}, "awayTeam": {"name": "Nikiforov A.", "slug": "nikiforov-alexey", "shortName": "Nikiforov A.", "gender": "M", "userCount": 19, "nameCode": "NIK", "national": false, "type": 1, "id": 104213, "subTeams": [], "teamColors": {"primary": "#52b030", "secondary": "#52b030", "text": "#ffffff"}}, "homeScore": {"current": 0, "display": 0, "period1": 4, "period2": 4, "normaltime": 0}, "awayScore": {"current": 2, "display": 2, "period1": 6, "period2": 6, "normaltime": 2}, "time": {"current": 5125, "period1": 2391, "period2": 2734, "currentPeriodStartTimestamp": 1627891124}, "changes": {"changes": ["status.code", "status.description", "status.type", "homeScore.normaltime", "awayScore.current", "awayScore.display", "awayScore.period2", "awayScore.normaltime", "time.current", "time.period2"], "changeTimestamp": 1627891246}, "hasGlobalHighlights": false, "id": 9691600, "startTimestamp": 1627884000, "slug": "kapustin-nikiforov", "periods": {"point": "Game", "current": "Match", "period1": "1st set", "period2": "2nd set", "period3": "3rd set", "period4": "4th set", "period5": "5th set"}, "finalResultOnly": false}, {"tournament": {"name": "Liga Pro", "slug": "liga-pro", "category": {"name": "Other", "slug": "other", "sport": {"name": "Tennis", "slug": "tennis", "id": 5}, "id": 1555, "flag": "other"}, "uniqueTournament": {"name": "Liga Pro", "slug": "liga-pro", "category": {"name": "Other", "slug": "other", "sport": {"name": "Tennis", "slug": "tennis", "id": 5}, "id": 1555, "flag": "other"}, "userCount": 98, "id": 14770, "hasEventPlayerStatistics": false}, "id": 79016}, "customId": "EfedsWtfd", "status": {"code": 100, "description": "Ended", "type": "finished"}, "winnerCode": 1, "homeTeam": {"name": "Gorbachyov A.", "slug": "gorbachyov-aleksandr", "shortName": "Gorbachyov A.", "userCount": 5, "nameCode": "GAL", "national": false, "type": 1, "id": 385279, "subTeams": [], "teamColors": {"primary": "#52b030", "secondary": "#52b030", "text": "#ffffff"}}, "awayTeam": {"name": "Zhupan Y.", "slug": "zhupan-yury", "shortName": "Zhupan Y.", "userCount": 1, "nameCode": "ZYU", "national": false, "type": 1, "id": 388446, "subTeams": [], "teamColors": {"primary": "#52b030", "secondary": "#52b030", "text": "#ffffff"}}, "homeScore": {"current": 2, "display": 2, "period1": 6, "period2": 6, "normaltime": 2}, "awayScore": {"current": 0, "display": 0, "period1": 2, "period2": 1, "normaltime": 0}, "time": {"current": 4608, "period1": 2357, "period2": 2251, "currentPeriodStartTimestamp": 1627928304}, "changes": {"changes": ["status.code", "status.description", "status.type", "homeScore.current", "homeScore.display", "homeScore.period2", "homeScore.normaltime", "awayScore.normaltime", "time.current", "time.period2"], "changeTimestamp": 1627928331}, "hasGlobalHighlights": false, "id": 9691971, "startTimestamp": 1627923600, "slug": "zhupan-gorbachyov", "periods": {"point": "Game", "current": "Match", "period1": "1st set", "period2": "2nd set", "period3": "3rd set", "period4": "4th set", "period5": "5th set"}, "finalResultOnly": false}, {"tournament": {"name": "Liga Pro", "slug": "liga-pro", "category": {"name": "Other", "slug": "other", "sport": {"name": "Tennis", "slug": "tennis", "id": 5}, "id": 1555, "flag": "other"}, "uniqueTournament": {"name": "Liga Pro", "slug": "liga-pro", "category": {"name": "Other", "slug": "other", "sport": {"name": "Tennis", "slug": "tennis", "id": 5}, "id": 1555, "flag": "other"}, "userCount": 98, "id": 14770, "hasEventPlayerStatistics": false}, "id": 79016}, "customId": "CzPcsWtfd", "status": {"code": 70, "description": "Canceled", "type": "canceled"}, "winnerCode": 0, "homeTeam": {"name": "Satvaldyev S.", "slug": "satvaldyev-sherali", "shortName": "Satvaldyev S.", "gender": "M", "userCount": 3, "nameCode": "SSH", "national": false, "type": 1, "id": 351227, "subTeams": [], "teamColors": {"primary": "#52b030", "secondary": "#52b030", "text": "#ffffff"}}, "awayTeam": {"name": "Zhupan Y.", "slug": "zhupan-yury", "shortName": "Zhupan Y.", "userCount": 1, "nameCode": "ZYU", "national": false, "type": 1, "id": 388446, "subTeams": [], "teamColors": {"primary": "#52b030", "secondary": "#52b030", "text": "#ffffff"}}, "homeScore": {}, "awayScore": {}, "time": {"currentPeriodStartTimestamp": 1627883416}, "changes": {"changes": ["status.code", "status.description", "status.type"], "changeTimestamp": 1627883505}, "hasGlobalHighlights": false, "id": 9691604, "startTimestamp": 1627923600, "slug": "zhupan-satvaldyev", "periods": {"point": "Game", "current": "Match", "period1": "1st set", "period2": "2nd set", "period3": "3rd set", "period4": "4th set", "period5": "5th set"}, "finalResultOnly": false}, {"tournament": {"name": "Liga Pro", "slug": "liga-pro", "category": {"name": "Other", "slug": "other", "sport": {"name": "Tennis", "slug": "tennis", "id": 5}, "id": 1555, "flag": "other"}, "uniqueTournament": {"name": "Liga Pro", "slug": "liga-pro", "category": {"name": "Other", "slug": "other", "sport": {"name": "Tennis", "slug": "tennis", "id": 5}, "id": 1555, "flag": "other"}, "userCount": 98, "id": 14770, "hasEventPlayerStatistics": false}, "id": 79016}, "customId": "EfedsWtfd", "status": {"code": 100, "description": "Ended", "type": "finished"}, "winnerCode": 2, "homeTeam": {"name": "Zhupan Y.", "slug": "zhupan-yury", "shortName": "Zhupan Y.", "userCount": 1, "nameCode": "ZYU", "national": false, "type": 1, "id": 388446, "subTeams": [], "teamColors": {"primary": "#52b030", "secondary": "#52b030", "text": "#ffffff"}}, "awayTeam": {"name": "Gorbachyov A.", "slug": "gorbachyov-aleksandr", "shortName": "Gorbachyov A.", "userCount": 5, "nameCode": "GAL", "national": false, "type": 1, "id": 385279, "subTeams": [], "teamColors": {"primary": "#52b030", "secondary": "#52b030", "text": "#ffffff"}}, "homeScore": {"current": 0, "display": 0, "period1": 3, "period2": 1, "normaltime": 0}, "awayScore": {"current": 2, "display": 2, "period1": 6, "period2": 6, "normaltime": 2}, "time": {"current": 4341, "period1": 2651, "period2": 1690, "currentPeriodStartTimestamp": 1627933481}, "changes": {"changes": ["status.code", "status.description", "status.type", "homeScore.normaltime", "awayScore.current", "awayScore.display", "awayScore.period2", "awayScore.normaltime", "time.current", "time.period2"], "changeTimestamp": 1627933546}, "hasGlobalHighlights": false, "id": 9691972, "startTimestamp": 1627929000, "slug": "zhupan-gorbachyov", "periods": {"point": "Game", "current": "Match", "period1": "1st set", "period2": "2nd set", "period3": "3rd set", "period4": "4th set", "period5": "5th set"}, "finalResultOnly": false}, {"tournament": {"name": "Liga Pro", "slug": "liga-pro", "category": {"name": "Other", "slug": "other", "sport": {"name": "Tennis", "slug": "tennis", "id": 5}, "id": 1555, "flag": "other"}, "uniqueTournament": {"name": "Liga Pro", "slug": "liga-pro", "category": {"name": "Other", "slug": "other", "sport": {"name": "Tennis", "slug": "tennis", "id": 5}, "id": 1555, "flag": "other"}, "userCount": 98, "id": 14770, "hasEventPlayerStatistics": false}, "id": 79016}, "customId": "CzPcsWtfd", "status": {"code": 70, "description": "Canceled", "type": "canceled"}, "winnerCode": 0, "homeTeam": {"name": "Zhupan Y.", "slug": "zhupan-yury", "shortName": "Zhupan Y.", "userCount": 1, "nameCode": "ZYU", "national": false, "type": 1, "id": 388446, "subTeams": [], "teamColors": {"primary": "#52b030", "secondary": "#52b030", "text": "#ffffff"}}, "awayTeam": {"name": "Satvaldyev S.", "slug": "satvaldyev-sherali", "shortName": "Satvaldyev S.", "gender": "M", "userCount": 3, "nameCode": "SSH", "national": false, "type": 1, "id": 351227, "subTeams": [], "teamColors": {"primary": "#52b030", "secondary": "#52b030", "text": "#ffffff"}}, "homeScore": {}, "awayScore": {}, "time": {"currentPeriodStartTimestamp": 1627883416}, "changes": {"changes": ["status.code", "status.description", "status.type"], "changeTimestamp": 1627883505}, "hasGlobalHighlights": false, "id": 9691607, "startTimestamp": 1627929000, "slug": "zhupan-satvaldyev", "periods": {"point": "Game", "current": "Match", "period1": "1st set", "period2": "2nd set", "period3": "3rd set", "period4": "4th set", "period5": "5th set"}, "finalResultOnly": false}, {"tournament": {"name": "Liga Pro", "slug": "liga-pro", "category": {"name": "Other", "slug": "other", "sport": {"name": "Tennis", "slug": "tennis", "id": 5}, "id": 1555, "flag": "other"}, "uniqueTournament": {"name": "Liga Pro", "slug": "liga-pro", "category": {"name": "Other", "slug": "other", "sport": {"name": "Tennis", "slug": "tennis", "id": 5}, "id": 1555, "flag": "other"}, "userCount": 98, "id": 14770, "hasEventPlayerStatistics": false}, "id": 79016}, "customId": "ELTbslued", "status": {"code": 100, "description": "Ended", "type": "finished"}, "winnerCode": 1, "homeTeam": {"name": "Suvorov M.", "slug": "suvorov-mikhail", "shortName": "Suvorov M.", "userCount": 10, "nameCode": "SMI", "national": false, "type": 1, "id": 385961, "subTeams": [], "teamColors": {"primary": "#52b030", "secondary": "#52b030", "text": "#ffffff"}}, "awayTeam": {"name": "Kulikov V.", "slug": "kulikov-vladimir", "shortName": "Kulikov V.", "userCount": 12, "nameCode": "KUL", "national": false, "type": 1, "id": 234329, "subTeams": [], "teamColors": {"primary": "#52b030", "secondary": "#52b030", "text": "#ffffff"}}, "homeScore": {"current": 2, "display": 2, "period1": 6, "period2": 6, "normaltime": 2}, "awayScore": {"current": 0, "display": 0, "period1": 3, "period2": 2, "normaltime": 0}, "time": {"current": 4957, "period1": 2167, "period2": 2790, "currentPeriodStartTimestamp": 1627970748}, "changes": {"changes": ["status.code", "status.description", "status.type", "homeScore.current", "homeScore.display", "homeScore.period2", "homeScore.normaltime", "awayScore.normaltime", "time.current", "time.period2"], "changeTimestamp": 1627970809}, "hasGlobalHighlights": false, "id": 9694054, "startTimestamp": 1627965000, "slug": "suvorov-kulikov", "periods": {"point": "Game", "current": "Match", "period1": "1st set", "period2": "2nd set", "period3": "3rd set", "period4": "4th set", "period5": "5th set"}, "finalResultOnly": false}, {"tournament": {"name": "Liga Pro", "slug": "liga-pro", "category": {"name": "Other", "slug": "other", "sport": {"name": "Tennis", "slug": "tennis", "id": 5}, "id": 1555, "flag": "other"}, "uniqueTournament": {"name": "Liga Pro", "slug": "liga-pro", "category": {"name": "Other", "slug": "other", "sport": {"name": "Tennis", "slug": "tennis", "id": 5}, "id": 1555, "flag": "other"}, "userCount": 98, "id": 14770, "hasEventPlayerStatistics": false}, "id": 79016}, "customId": "ELTbslued", "status": {"code": 100, "description": "Ended", "type": "finished"}, "winnerCode": 2, "homeTeam": {"name": "Kulikov V.", "slug": "kulikov-vladimir", "shortName": "Kulikov V.", "userCount": 12, "nameCode": "KUL", "national": false, "type": 1, "id": 234329, "subTeams": [], "teamColors": {"primary": "#52b030", "secondary": "#52b030", "text": "#ffffff"}}, "awayTeam": {"name": "Suvorov M.", "slug": "suvorov-mikhail", "shortName": "Suvorov M.", "userCount": 10, "nameCode": "SMI", "national": false, "type": 1, "id": 385961, "subTeams": [], "teamColors": {"primary": "#52b030", "secondary": "#52b030", "text": "#ffffff"}}, "homeScore": {"current": 0, "display": 0, "period1": 3, "period2": 3, "normaltime": 0}, "awayScore": {"current": 2, "display": 2, "period1": 6, "period2": 6, "normaltime": 2}, "time": {"current": 4628, "period1": 2138, "period2": 2490, "currentPeriodStartTimestamp": 1627976497}, "changes": {"changes": ["status.code", "status.description", "status.type", "homeScore.normaltime", "awayScore.current", "awayScore.display", "awayScore.period2", "awayScore.normaltime", "time.current", "time.period2"], "changeTimestamp": 1627976571}, "hasGlobalHighlights": false, "id": 9694062, "startTimestamp": 1627970400, "slug": "suvorov-kulikov", "periods": {"point": "Game", "current": "Match", "period1": "1st set", "period2": "2nd set", "period3": "3rd set", "period4": "4th set", "period5": "5th set"}, "finalResultOnly": false}, {"tournament": {"name": "Liga Pro", "slug": "liga-pro", "category": {"name": "Other", "slug": "other", "sport": {"name": "Tennis", "slug": "tennis", "id": 5}, "id": 1555, "flag": "other"}, "uniqueTournament": {"name": "Liga Pro", "slug": "liga-pro", "category": {"name": "Other", "slug": "other", "sport": {"name": "Tennis", "slug": "tennis", "id": 5}, "id": 1555, "flag": "other"}, "userCount": 98, "id": 14770, "hasEventPlayerStatistics": false}, "id": 79016}, "customId": "cjedskHed", "status": {"code": 100, "description": "Ended", "type": "finished"}, "winnerCode": 1, "homeTeam": {"name": "Volkov D.", "slug": "volkov-dmitriy", "shortName": "Volkov D.", "userCount": 18, "nameCode": "VDM", "national": false, "type": 1, "id": 385452, "subTeams": [], "teamColors": {"primary": "#52b030", "secondary": "#52b030", "text": "#ffffff"}}, "awayTeam": {"name": "Kromin K.", "slug": "kromin-konstantin", "shortName": "Kromin K.", "userCount": 5, "nameCode": "KKO", "national": false, "type": 1, "id": 386610, "subTeams": [], "teamColors": {"primary": "#52b030", "secondary": "#52b030", "text": "#ffffff"}}, "homeScore": {"current": 2, "display": 2, "period1": 4, "period2": 6, "period3": 10, "normaltime": 2}, "awayScore": {"current": 1, "display": 1, "period1": 6, "period2": 2, "period3": 2, "normaltime": 1}, "time": {"current": 7261, "period1": 3698, "period2": 2581, "period3": 982, "currentPeriodStartTimestamp": 1628018011}, "changes": {"changes": ["status.code", "status.description", "status.type", "homeScore.current", "homeScore.display", "homeScore.period3", "homeScore.normaltime", "awayScore.period3", "awayScore.normaltime", "time.current", "time.period3"], "changeTimestamp": 1628018071}, "hasGlobalHighlights": false, "id": 9694507, "startTimestamp": 1628010000, "slug": "kromin-volkov", "periods": {"point": "Game", "current": "Match", "period1": "1st set", "period2": "2nd set", "period3": "3rd set", "period4": "4th set", "period5": "5th set"}, "finalResultOnly": false}, {"tournament": {"name": "Liga Pro", "slug": "liga-pro", "category": {"name": "Other", "slug": "other", "sport": {"name": "Tennis", "slug": "tennis", "id": 5}, "id": 1555, "flag": "other"}, "uniqueTournament": {"name": "Liga Pro", "slug": "liga-pro", "category": {"name": "Other", "slug": "other", "sport": {"name": "Tennis", "slug": "tennis", "id": 5}, "id": 1555, "flag": "other"}, "userCount": 98, "id": 14770, "hasEventPlayerStatistics": false}, "id": 79016}, "customId": "cjedskHed", "status": {"code": 100, "description": "Ended", "type": "finished"}, "winnerCode": 2, "homeTeam": {"name": "Kromin K.", "slug": "kromin-konstantin", "shortName": "Kromin K.", "userCount": 5, "nameCode": "KKO", "national": false, "type": 1, "id": 386610, "subTeams": [], "teamColors": {"primary": "#52b030", "secondary": "#52b030", "text": "#ffffff"}}, "awayTeam": {"name": "Volkov D.", "slug": "volkov-dmitriy", "shortName": "Volkov D.", "userCount": 18, "nameCode": "VDM", "national": false, "type": 1, "id": 385452, "subTeams": [], "teamColors": {"primary": "#52b030", "secondary": "#52b030", "text": "#ffffff"}}, "homeScore": {"current": 0, "display": 0, "period1": 1, "period2": 0, "normaltime": 0}, "awayScore": {"current": 2, "display": 2, "period1": 6, "period2": 6, "normaltime": 2}, "time": {"current": 3896, "period1": 2372, "period2": 1524, "currentPeriodStartTimestamp": 1628022979}, "changes": {"changes": ["status.code", "status.description", "status.type", "homeScore.normaltime", "awayScore.current", "awayScore.display", "awayScore.period2", "awayScore.normaltime", "time.current", "time.period2"], "changeTimestamp": 1628023102}, "hasGlobalHighlights": false, "id": 9694508, "startTimestamp": 1628015400, "slug": "kromin-volkov", "periods": {"point": "Game", "current": "Match", "period1": "1st set", "period2": "2nd set", "period3": "3rd set", "period4": "4th set", "period5": "5th set"}, "finalResultOnly": false}, {"tournament": {"name": "Liga Pro", "slug": "liga-pro", "category": {"name": "Other", "slug": "other", "sport": {"name": "Tennis", "slug": "tennis", "id": 5}, "id": 1555, "flag": "other"}, "uniqueTournament": {"name": "Liga Pro", "slug": "liga-pro", "category": {"name": "Other", "slug": "other", "sport": {"name": "Tennis", "slug": "tennis", "id": 5}, "id": 1555, "flag": "other"}, "userCount": 98, "id": 14770, "hasEventPlayerStatistics": false}, "id": 79016}, "customId": "nJQsRxfb", "status": {"code": 100, "description": "Ended", "type": "finished"}, "winnerCode": 1, "homeTeam": {"name": "Nikiforov A.", "slug": "nikiforov-alexey", "shortName": "Nikiforov A.", "gender": "M", "userCount": 19, "nameCode": "NIK", "national": false, "type": 1, "id": 104213, "subTeams": [], "teamColors": {"primary": "#52b030", "secondary": "#52b030", "text": "#ffffff"}}, "awayTeam": {"name": "Pryakhin V.", "slug": "pryakhin-vladislav", "shortName": "Pryakhin V.", "gender": "M", "userCount": 7, "nameCode": "PRY", "national": false, "type": 1, "id": 138642, "subTeams": [], "teamColors": {"primary": "#52b030", "secondary": "#52b030", "text": "#ffffff"}}, "homeScore": {"current": 2, "display": 2, "period1": 6, "period2": 6, "normaltime": 2}, "awayScore": {"current": 0, "display": 0, "period1": 3, "period2": 1, "normaltime": 0}, "time": {"current": 3252, "period1": 1820, "period2": 1432, "currentPeriodStartTimestamp": 1628055420}, "changes": {"changes": ["status.code", "status.description", "status.type", "homeScore.current", "homeScore.display", "homeScore.period2", "homeScore.normaltime", "awayScore.normaltime", "time.current", "time.period2"], "changeTimestamp": 1628055500}, "hasGlobalHighlights": false, "id": 9699000, "startTimestamp": 1628051400, "slug": "pryakhin-nikiforov", "periods": {"point": "Game", "current": "Match", "period1": "1st set", "period2": "2nd set", "period3": "3rd set", "period4": "4th set", "period5": "5th set"}, "finalResultOnly": false}, {"tournament": {"name": "Liga Pro", "slug": "liga-pro", "category": {"name": "Other", "slug": "other", "sport": {"name": "Tennis", "slug": "tennis", "id": 5}, "id": 1555, "flag": "other"}, "uniqueTournament": {"name": "Liga Pro", "slug": "liga-pro", "category": {"name": "Other", "slug": "other", "sport": {"name": "Tennis", "slug": "tennis", "id": 5}, "id": 1555, "flag": "other"}, "userCount": 98, "id": 14770, "hasEventPlayerStatistics": false}, "id": 79016}, "customId": "nJQsRxfb", "status": {"code": 100, "description": "Ended", "type": "finished"}, "winnerCode": 2, "homeTeam": {"name": "Pryakhin V.", "slug": "pryakhin-vladislav", "shortName": "Pryakhin V.", "gender": "M", "userCount": 7, "nameCode": "PRY", "national": false, "type": 1, "id": 138642, "subTeams": [], "teamColors": {"primary": "#52b030", "secondary": "#52b030", "text": "#ffffff"}}, "awayTeam": {"name": "Nikiforov A.", "slug": "nikiforov-alexey", "shortName": "Nikiforov A.", "gender": "M", "userCount": 19, "nameCode": "NIK", "national": false, "type": 1, "id": 104213, "subTeams": [], "teamColors": {"primary": "#52b030", "secondary": "#52b030", "text": "#ffffff"}}, "homeScore": {"current": 0, "display": 0, "period1": 4, "period2": 3, "normaltime": 0}, "awayScore": {"current": 2, "display": 2, "period1": 6, "period2": 6, "normaltime": 2}, "time": {"current": 4110, "period1": 2091, "period2": 2019, "currentPeriodStartTimestamp": 1628061065}, "changes": {"changes": ["status.code", "status.description", "status.type", "homeScore.normaltime", "awayScore.current", "awayScore.display", "awayScore.period2", "awayScore.normaltime", "time.current", "time.period2"], "changeTimestamp": 1628061082}, "hasGlobalHighlights": false, "id": 9699001, "startTimestamp": 1628056800, "slug": "pryakhin-nikiforov", "periods": {"point": "Game", "current": "Match", "period1": "1st set", "period2": "2nd set", "period3": "3rd set", "period4": "4th set", "period5": "5th set"}, "finalResultOnly": false}, {"tournament": {"name": "Liga Pro", "slug": "liga-pro", "category": {"name": "Other", "slug": "other", "sport": {"name": "Tennis", "slug": "tennis", "id": 5}, "id": 1555, "flag": "other"}, "uniqueTournament": {"name": "Liga Pro", "slug": "liga-pro", "category": {"name": "Other", "slug": "other", "sport": {"name": "Tennis", "slug": "tennis", "id": 5}, "id": 1555, "flag": "other"}, "userCount": 98, "id": 14770, "hasEventPlayerStatistics": false}, "id": 79016}, "customId": "CzPcsWtfd", "status": {"code": 100, "description": "Ended", "type": "finished"}, "winnerCode": 1, "homeTeam": {"name": "Satvaldyev S.", "slug": "satvaldyev-sherali", "shortName": "Satvaldyev S.", "gender": "M", "userCount": 3, "nameCode": "SSH", "national": false, "type": 1, "id": 351227, "subTeams": [], "teamColors": {"primary": "#52b030", "secondary": "#52b030", "text": "#ffffff"}}, "awayTeam": {"name": "Zhupan Y.", "slug": "zhupan-yury", "shortName": "Zhupan Y.", "userCount": 1, "nameCode": "ZYU", "national": false, "type": 1, "id": 388446, "subTeams": [], "teamColors": {"primary": "#52b030", "secondary": "#52b030", "text": "#ffffff"}}, "homeScore": {"current": 2, "display": 2, "period1": 1, "period2": 6, "period3": 10, "normaltime": 2}, "awayScore": {"current": 1, "display": 1, "period1": 6, "period2": 3, "period3": 2, "normaltime": 1}, "time": {"current": 4699, "period1": 1400, "period2": 2600, "period3": 699, "currentPeriodStartTimestamp": 1628101755}, "changes": {"changes": ["status.code", "status.description", "status.type", "homeScore.current", "homeScore.display", "homeScore.period3", "homeScore.normaltime", "awayScore.period3", "awayScore.normaltime", "time.current", "time.period3"], "changeTimestamp": 1628101944}, "hasGlobalHighlights": false, "id": 9699003, "startTimestamp": 1628096400, "slug": "zhupan-satvaldyev", "periods": {"point": "Game", "current": "Match", "period1": "1st set", "period2": "2nd set", "period3": "3rd set", "period4": "4th set", "period5": "5th set"}, "finalResultOnly": false}, {"tournament": {"name": "Liga Pro", "slug": "liga-pro", "category": {"name": "Other", "slug": "other", "sport": {"name": "Tennis", "slug": "tennis", "id": 5}, "id": 1555, "flag": "other"}, "uniqueTournament": {"name": "Liga Pro", "slug": "liga-pro", "category": {"name": "Other", "slug": "other", "sport": {"name": "Tennis", "slug": "tennis", "id": 5}, "id": 1555, "flag": "other"}, "userCount": 98, "id": 14770, "hasEventPlayerStatistics": false}, "id": 79016}, "customId": "CzPcsWtfd", "status": {"code": 100, "description": "Ended", "type": "finished"}, "winnerCode": 2, "homeTeam": {"name": "Zhupan Y.", "slug": "zhupan-yury", "shortName": "Zhupan Y.", "userCount": 1, "nameCode": "ZYU", "national": false, "type": 1, "id": 388446, "subTeams": [], "teamColors": {"primary": "#52b030", "secondary": "#52b030", "text": "#ffffff"}}, "awayTeam": {"name": "Satvaldyev S.", "slug": "satvaldyev-sherali", "shortName": "Satvaldyev S.", "gender": "M", "userCount": 3, "nameCode": "SSH", "national": false, "type": 1, "id": 351227, "subTeams": [], "teamColors": {"primary": "#52b030", "secondary": "#52b030", "text": "#ffffff"}}, "homeScore": {"current": 1, "display": 1, "period1": 6, "period2": 1, "period3": 8, "normaltime": 1}, "awayScore": {"current": 2, "display": 2, "period1": 4, "period2": 6, "period3": 10, "normaltime": 2}, "time": {"current": 4957, "period1": 2232, "period2": 1840, "period3": 885, "currentPeriodStartTimestamp": 1628107532}, "changes": {"changes": ["status.code", "status.description", "status.type", "homeScore.period3", "homeScore.normaltime", "awayScore.current", "awayScore.display", "awayScore.period3", "awayScore.normaltime", "time.current", "time.period3"], "changeTimestamp": 1628107702}, "hasGlobalHighlights": false, "id": 9699004, "startTimestamp": 1628101800, "slug": "zhupan-satvaldyev", "periods": {"point": "Game", "current": "Match", "period1": "1st set", "period2": "2nd set", "period3": "3rd set", "period4": "4th set", "period5": "5th set"}, "finalResultOnly": false}, {"tournament": {"name": "Liga Pro", "slug": "liga-pro", "category": {"name": "Other", "slug": "other", "sport": {"name": "Tennis", "slug": "tennis", "id": 5}, "id": 1555, "flag": "other"}, "uniqueTournament": {"name": "Liga Pro", "slug": "liga-pro", "category": {"name": "Other", "slug": "other", "sport": {"name": "Tennis", "slug": "tennis", "id": 5}, "id": 1555, "flag": "other"}, "userCount": 98, "id": 14770, "hasEventPlayerStatistics": false}, "id": 79016}, "customId": "JNgbslued", "status": {"code": 100, "description": "Ended", "type": "finished"}, "winnerCode": 1, "homeTeam": {"name": "Smirnov A.", "slug": "smirnov-andrei", "shortName": "Smirnov A.", "gender": "M", "userCount": 13, "nameCode": "SMI", "national": false, "type": 1, "id": 141934, "subTeams": [], "teamColors": {"primary": "#52b030", "secondary": "#52b030", "text": "#ffffff"}}, "awayTeam": {"name": "Suvorov M.", "slug": "suvorov-mikhail", "shortName": "Suvorov M.", "userCount": 10, "nameCode": "SMI", "national": false, "type": 1, "id": 385961, "subTeams": [], "teamColors": {"primary": "#52b030", "secondary": "#52b030", "text": "#ffffff"}}, "homeScore": {"current": 2, "display": 2, "period1": 6, "period2": 6, "normaltime": 2}, "awayScore": {"current": 0, "display": 0, "period1": 0, "period2": 3, "normaltime": 0}, "time": {"current": 4491, "period1": 1741, "period2": 2750, "currentPeriodStartTimestamp": 1628142793}, "changes": {"changes": ["status.code", "status.description", "status.type", "homeScore.current", "homeScore.display", "homeScore.period2", "homeScore.normaltime", "awayScore.normaltime", "time.current", "time.period2"], "changeTimestamp": 1628142809}, "hasGlobalHighlights": false, "id": 9700912, "startTimestamp": 1628137800, "slug": "suvorov-smirnov", "periods": {"point": "Game", "current": "Match", "period1": "1st set", "period2": "2nd set", "period3": "3rd set", "period4": "4th set", "period5": "5th set"}, "finalResultOnly": false}, {"tournament": {"name": "Liga Pro", "slug": "liga-pro", "category": {"name": "Other", "slug": "other", "sport": {"name": "Tennis", "slug": "tennis", "id": 5}, "id": 1555, "flag": "other"}, "uniqueTournament": {"name": "Liga Pro", "slug": "liga-pro", "category": {"name": "Other", "slug": "other", "sport": {"name": "Tennis", "slug": "tennis", "id": 5}, "id": 1555, "flag": "other"}, "userCount": 98, "id": 14770, "hasEventPlayerStatistics": false}, "id": 79016}, "customId": "JNgbslued", "status": {"code": 100, "description": "Ended", "type": "finished"}, "winnerCode": 2, "homeTeam": {"name": "Suvorov M.", "slug": "suvorov-mikhail", "shortName": "Suvorov M.", "userCount": 10, "nameCode": "SMI", "national": false, "type": 1, "id": 385961, "subTeams": [], "teamColors": {"primary": "#52b030", "secondary": "#52b030", "text": "#ffffff"}}, "awayTeam": {"name": "Smirnov A.", "slug": "smirnov-andrei", "shortName": "Smirnov A.", "gender": "M", "userCount": 13, "nameCode": "SMI", "national": false, "type": 1, "id": 141934, "subTeams": [], "teamColors": {"primary": "#52b030", "secondary": "#52b030", "text": "#ffffff"}}, "homeScore": {"current": 0, "display": 0, "period1": 1, "period2": 6, "normaltime": 0}, "awayScore": {"current": 2, "display": 2, "period1": 6, "period2": 7, "normaltime": 2}, "time": {"current": 5958, "period1": 2452, "period2": 3506, "currentPeriodStartTimestamp": 1628149729}, "changes": {"changes": ["status.code", "status.description", "status.type", "homeScore.normaltime", "awayScore.current", "awayScore.display", "awayScore.period2", "awayScore.normaltime", "time.current", "time.period2"], "changeTimestamp": 1628149822}, "hasGlobalHighlights": false, "id": 9700913, "startTimestamp": 1628143200, "slug": "suvorov-smirnov", "periods": {"point": "Game", "current": "Match", "period1": "1st set", "period2": "2nd set", "period3": "3rd set", "period4": "4th set", "period5": "5th set"}, "finalResultOnly": false}, {"tournament": {"name": "Liga Pro", "slug": "liga-pro", "category": {"name": "Other", "slug": "other", "sport": {"name": "Tennis", "slug": "tennis", "id": 5}, "id": 1555, "flag": "other"}, "uniqueTournament": {"name": "Liga Pro", "slug": "liga-pro", "category": {"name": "Other", "slug": "other", "sport": {"name": "Tennis", "slug": "tennis", "id": 5}, "id": 1555, "flag": "other"}, "userCount": 98, "id": 14770, "hasEventPlayerStatistics": false}, "id": 79016}, "customId": "kHedsGpfd", "status": {"code": 100, "description": "Ended", "type": "finished"}, "winnerCode": 2, "homeTeam": {"name": "Khodor R.", "slug": "khodor-rodion", "shortName": "Khodor R.", "userCount": 5, "nameCode": "KRO", "national": false, "type": 1, "id": 388281, "subTeams": [], "teamColors": {"primary": "#52b030", "secondary": "#52b030", "text": "#ffffff"}}, "awayTeam": {"name": "Kromin K.", "slug": "kromin-konstantin", "shortName": "Kromin K.", "userCount": 5, "nameCode": "KKO", "national": false, "type": 1, "id": 386610, "subTeams": [], "teamColors": {"primary": "#52b030", "secondary": "#52b030", "text": "#ffffff"}}, "homeScore": {"current": 0, "display": 0, "period1": 6, "period2": 3, "normaltime": 0}, "awayScore": {"current": 2, "display": 2, "period1": 7, "period2": 6, "normaltime": 2}, "time": {"current": 7522, "period1": 4402, "period2": 3120, "currentPeriodStartTimestamp": 1628191354}, "changes": {"changes": ["status.code", "status.description", "status.type", "homeScore.normaltime", "awayScore.current", "awayScore.display", "awayScore.period2", "awayScore.normaltime", "time.current", "time.period2"], "changeTimestamp": 1628191536}, "hasGlobalHighlights": false, "id": 9701717, "startTimestamp": 1628182800, "slug": "khodor-kromin", "periods": {"point": "Game", "current": "Match", "period1": "1st set", "period2": "2nd set", "period3": "3rd set", "period4": "4th set", "period5": "5th set"}, "finalResultOnly": false}, {"tournament": {"name": "Liga Pro", "slug": "liga-pro", "category": {"name": "Other", "slug": "other", "sport": {"name": "Tennis", "slug": "tennis", "id": 5}, "id": 1555, "flag": "other"}, "uniqueTournament": {"name": "Liga Pro", "slug": "liga-pro", "category": {"name": "Other", "slug": "other", "sport": {"name": "Tennis", "slug": "tennis", "id": 5}, "id": 1555, "flag": "other"}, "userCount": 98, "id": 14770, "hasEventPlayerStatistics": false}, "id": 79016}, "customId": "kHedsGpfd", "status": {"code": 100, "description": "Ended", "type": "finished"}, "winnerCode": 1, "homeTeam": {"name": "Kromin K.", "slug": "kromin-konstantin", "shortName": "Kromin K.", "userCount": 5, "nameCode": "KKO", "national": false, "type": 1, "id": 386610, "subTeams": [], "teamColors": {"primary": "#52b030", "secondary": "#52b030", "text": "#ffffff"}}, "awayTeam": {"name": "Khodor R.", "slug": "khodor-rodion", "shortName": "Khodor R.", "userCount": 5, "nameCode": "KRO", "national": false, "type": 1, "id": 388281, "subTeams": [], "teamColors": {"primary": "#52b030", "secondary": "#52b030", "text": "#ffffff"}}, "homeScore": {"current": 2, "display": 2, "period1": 6, "period2": 6, "normaltime": 2}, "awayScore": {"current": 0, "display": 0, "period1": 4, "period2": 1, "normaltime": 0}, "time": {"current": 5041, "period1": 2828, "period2": 2213, "currentPeriodStartTimestamp": 1628197127}, "changes": {"changes": ["status.code", "status.description", "status.type", "homeScore.current", "homeScore.display", "homeScore.period2", "homeScore.normaltime", "awayScore.normaltime", "time.current", "time.period2"], "changeTimestamp": 1628197295}, "hasGlobalHighlights": false, "id": 9700914, "startTimestamp": 1628188200, "slug": "khodor-kromin", "periods": {"point": "Game", "current": "Match", "period1": "1st set", "period2": "2nd set", "period3": "3rd set", "period4": "4th set", "period5": "5th set"}, "finalResultOnly": false}, {"tournament": {"name": "Liga Pro", "slug": "liga-pro", "category": {"name": "Other", "slug": "other", "sport": {"name": "Tennis", "slug": "tennis", "id": 5}, "id": 1555, "flag": "other"}, "uniqueTournament": {"name": "Liga Pro", "slug": "liga-pro", "category": {"name": "Other", "slug": "other", "sport": {"name": "Tennis", "slug": "tennis", "id": 5}, "id": 1555, "flag": "other"}, "userCount": 98, "id": 14770, "hasEventPlayerStatistics": false}, "id": 79016}, "customId": "PxfbsJNgb", "status": {"code": 100, "description": "Ended", "type": "finished"}, "winnerCode": 2, "homeTeam": {"name": "Smirnov A.", "slug": "smirnov-andrei", "shortName": "Smirnov A.", "gender": "M", "userCount": 13, "nameCode": "SMI", "national": false, "type": 1, "id": 141934, "subTeams": [], "teamColors": {"primary": "#52b030", "secondary": "#52b030", "text": "#ffffff"}}, "awayTeam": {"name": "Korol I.", "slug": "korol-ivan", "shortName": "Korol I.", "userCount": 13, "nameCode": "KOR", "national": false, "type": 1, "id": 138640, "subTeams": [], "teamColors": {"primary": "#52b030", "secondary": "#52b030", "text": "#ffffff"}}, "homeScore": {"current": 0, "display": 0, "period1": 0, "period2": 1, "normaltime": 0}, "awayScore": {"current": 2, "display": 2, "period1": 6, "period2": 6, "normaltime": 2}, "time": {"current": 2992, "period1": 1392, "period2": 1600, "currentPeriodStartTimestamp": 1628313778}, "changes": {"changes": ["status.code", "status.description", "status.type", "homeScore.normaltime", "awayScore.current", "awayScore.display", "awayScore.period2", "awayScore.normaltime", "time.current", "time.period2"], "changeTimestamp": 1628313935}, "hasGlobalHighlights": false, "id": 9703110, "startTimestamp": 1628308800, "slug": "smirnov-korol", "periods": {"point": "Game", "current": "Match", "period1": "1st set", "period2": "2nd set", "period3": "3rd set", "period4": "4th set", "period5": "5th set"}, "finalResultOnly": false}, {"tournament": {"name": "Liga Pro", "slug": "liga-pro", "category": {"name": "Other", "slug": "other", "sport": {"name": "Tennis", "slug": "tennis", "id": 5}, "id": 1555, "flag": "other"}, "uniqueTournament": {"name": "Liga Pro", "slug": "liga-pro", "category": {"name": "Other", "slug": "other", "sport": {"name": "Tennis", "slug": "tennis", "id": 5}, "id": 1555, "flag": "other"}, "userCount": 98, "id": 14770, "hasEventPlayerStatistics": false}, "id": 79016}, "customId": "PxfbsJNgb", "status": {"code": 100, "description": "Ended", "type": "finished"}, "winnerCode": 1, "homeTeam": {"name": "Korol I.", "slug": "korol-ivan", "shortName": "Korol I.", "userCount": 13, "nameCode": "KOR", "national": false, "type": 1, "id": 138640, "subTeams": [], "teamColors": {"primary": "#52b030", "secondary": "#52b030", "text": "#ffffff"}}, "awayTeam": {"name": "Smirnov A.", "slug": "smirnov-andrei", "shortName": "Smirnov A.", "gender": "M", "userCount": 13, "nameCode": "SMI", "national": false, "type": 1, "id": 141934, "subTeams": [], "teamColors": {"primary": "#52b030", "secondary": "#52b030", "text": "#ffffff"}}, "homeScore": {"current": 2, "display": 2, "period1": 6, "period2": 6, "normaltime": 2}, "awayScore": {"current": 0, "display": 0, "period1": 3, "period2": 2, "normaltime": 0}, "time": {"current": 3923, "period1": 2077, "period2": 1846, "currentPeriodStartTimestamp": 1628318304}, "changes": {"changes": ["status.code", "status.description", "status.type", "homeScore.current", "homeScore.display", "homeScore.period2", "homeScore.normaltime", "awayScore.normaltime", "time.current", "time.period2"], "changeTimestamp": 1628318442}, "hasGlobalHighlights": false, "id": 9703111, "startTimestamp": 1628314200, "slug": "smirnov-korol", "periods": {"point": "Game", "current": "Match", "period1": "1st set", "period2": "2nd set", "period3": "3rd set", "period4": "4th set", "period5": "5th set"}, "finalResultOnly": false}, {"tournament": {"name": "Liga Pro", "slug": "liga-pro", "category": {"name": "Other", "slug": "other", "sport": {"name": "Tennis", "slug": "tennis", "id": 5}, "id": 1555, "flag": "other"}, "uniqueTournament": {"name": "Liga Pro", "slug": "liga-pro", "category": {"name": "Other", "slug": "other", "sport": {"name": "Tennis", "slug": "tennis", "id": 5}, "id": 1555, "flag": "other"}, "userCount": 98, "id": 14770, "hasEventPlayerStatistics": false}, "id": 79016}, "customId": "cjedskHed", "status": {"code": 100, "description": "Ended", "type": "finished"}, "winnerCode": 1, "homeTeam": {"name": "Volkov D.", "slug": "volkov-dmitriy", "shortName": "Volkov D.", "userCount": 18, "nameCode": "VDM", "national": false, "type": 1, "id": 385452, "subTeams": [], "teamColors": {"primary": "#52b030", "secondary": "#52b030", "text": "#ffffff"}}, "awayTeam": {"name": "Kromin K.", "slug": "kromin-konstantin", "shortName": "Kromin K.", "userCount": 5, "nameCode": "KKO", "national": false, "type": 1, "id": 386610, "subTeams": [], "teamColors": {"primary": "#52b030", "secondary": "#52b030", "text": "#ffffff"}}, "homeScore": {"current": 2, "display": 2, "period1": 6, "period2": 7, "normaltime": 2}, "awayScore": {"current": 0, "display": 0, "period1": 4, "period2": 6, "normaltime": 0}, "time": {"current": 8969, "period1": 3186, "period2": 5783, "currentPeriodStartTimestamp": 1628364825}, "changes": {"changes": ["status.code", "status.description", "status.type", "homeScore.current", "homeScore.display", "homeScore.period2", "homeScore.normaltime", "awayScore.normaltime", "time.current", "time.period2"], "changeTimestamp": 1628364884}, "hasGlobalHighlights": false, "id": 9703116, "startTimestamp": 1628355600, "slug": "kromin-volkov", "periods": {"point": "Game", "current": "Match", "period1": "1st set", "period2": "2nd set", "period3": "3rd set", "period4": "4th set", "period5": "5th set"}, "finalResultOnly": false}, {"tournament": {"name": "Liga Pro", "slug": "liga-pro", "category": {"name": "Other", "slug": "other", "sport": {"name": "Tennis", "slug": "tennis", "id": 5}, "id": 1555, "flag": "other"}, "uniqueTournament": {"name": "Liga Pro", "slug": "liga-pro", "category": {"name": "Other", "slug": "other", "sport": {"name": "Tennis", "slug": "tennis", "id": 5}, "id": 1555, "flag": "other"}, "userCount": 98, "id": 14770, "hasEventPlayerStatistics": false}, "id": 79016}, "customId": "cjedskHed", "status": {"code": 100, "description": "Ended", "type": "finished"}, "winnerCode": 2, "homeTeam": {"name": "Kromin K.", "slug": "kromin-konstantin", "shortName": "Kromin K.", "userCount": 5, "nameCode": "KKO", "national": false, "type": 1, "id": 386610, "subTeams": [], "teamColors": {"primary": "#52b030", "secondary": "#52b030", "text": "#ffffff"}}, "awayTeam": {"name": "Volkov D.", "slug": "volkov-dmitriy", "shortName": "Volkov D.", "userCount": 18, "nameCode": "VDM", "national": false, "type": 1, "id": 385452, "subTeams": [], "teamColors": {"primary": "#52b030", "secondary": "#52b030", "text": "#ffffff"}}, "homeScore": {"current": 1, "display": 1, "period1": 6, "period2": 7, "period3": 7, "normaltime": 1}, "awayScore": {"current": 2, "display": 2, "period1": 7, "period2": 6, "period3": 10, "normaltime": 2}, "time": {"current": 8104, "period1": 3959, "period2": 3400, "period3": 745, "currentPeriodStartTimestamp": 1628373705}, "changes": {"changes": ["status.code", "status.description", "status.type", "homeScore.period3", "homeScore.normaltime", "awayScore.current", "awayScore.display", "awayScore.period3", "awayScore.normaltime", "time.current", "time.period3"], "changeTimestamp": 1628373882}, "hasGlobalHighlights": false, "id": 9703208, "startTimestamp": 1628361000, "slug": "kromin-volkov", "periods": {"point": "Game", "current": "Match", "period1": "1st set", "period2": "2nd set", "period3": "3rd set", "period4": "4th set", "period5": "5th set"}, "finalResultOnly": false}], "hasNextPage": true}