{"events": [{"tournament": {"name": "Liga Pro", "slug": "liga-pro", "category": {"name": "Other", "slug": "other", "sport": {"name": "Tennis", "slug": "tennis", "id": 5}, "id": 1555, "flag": "other"}, "uniqueTournament": {"name": "Liga Pro", "slug": "liga-pro", "category": {"name": "Other", "slug": "other", "sport": {"name": "Tennis", "slug": "tennis", "id": 5}, "id": 1555, "flag": "other"}, "userCount": 98, "id": 14770, "hasEventPlayerStatistics": false}, "id": 79016}, "customId": "ELTbslAMc", "status": {"code": 100, "description": "Ended", "type": "finished"}, "winnerCode": 2, "homeTeam": {"name": "Kuznetsov N.", "slug": "kuznetsov-nikita", "shortName": "Kuznetsov N.", "userCount": 7, "nameCode": "KNI", "national": false, "type": 1, "id": 343761, "subTeams": [], "teamColors": {"primary": "#52b030", "secondary": "#52b030", "text": "#ffffff"}}, "awayTeam": {"name": "Kulikov V.", "slug": "kulikov-vladimir", "shortName": "Kulikov V.", "userCount": 12, "nameCode": "KUL", "national": false, "type": 1, "id": 234329, "subTeams": [], "teamColors": {"primary": "#52b030", "secondary": "#52b030", "text": "#ffffff"}}, "homeScore": {"current": 1, "display": 1, "period1": 6, "period2": 4, "period3": 6, "normaltime": 1}, "awayScore": {"current": 2, "display": 2, "period1": 2, "period2": 6, "period3": 10, "normaltime": 2}, "time": {"current": 6451, "period1": 2025, "period2": 3334, "period3": 1092, "currentPeriodStartTimestamp": 1625813232}, "changes": {"changes": ["homeScore.period3", "awayScore.period3"], "changeTimestamp": 1625813970}, "hasGlobalHighlights": false, "id": 9619034, "startTimestamp": 1625805000, "slug": "kuznetsov-kulikov", "periods": {"point": "Game", "current": "Match", "period1": "1st set", "period2": "2nd set", "period3": "3rd set", "period4": "4th set", "period5": "5th set"}, "finalResultOnly": false}, {"tournament": {"name": "Liga Pro", "slug": "liga-pro", "category": {"name": "Other", "slug": "other", "sport": {"name": "Tennis", "slug": "tennis", "id": 5}, "id": 1555, "flag": "other"}, "uniqueTournament": {"name": "Liga Pro", "slug": "liga-pro", "category": {"name": "Other", "slug": "other", "sport": {"name": "Tennis", "slug": "tennis", "id": 5}, "id": 1555, "flag": "other"}, "userCount": 98, "id": 14770, "hasEventPlayerStatistics": false}, "id": 79016}, "customId": "ELTbslAMc", "status": {"code": 100, "description": "Ended", "type": "finished"}, "winnerCode": 2, "homeTeam": {"name": "Kulikov V.", "slug": "kulikov-vladimir", "shortName": "Kulikov V.", "userCount": 12, "nameCode": "KUL", "national": false, "type": 1, "id": 234329, "subTeams": [], "teamColors": {"primary": "#52b030", "secondary": "#52b030", "text": "#ffffff"}}, "awayTeam": {"name": "Kuznetsov N.", "slug": "kuznetsov-nikita", "shortName": "Kuznetsov N.", "userCount": 7, "nameCode": "KNI", "national": false, "type": 1, "id": 343761, "subTeams": [], "teamColors": {"primary": "#52b030", "secondary": "#52b030", "text": "#ffffff"}}, "homeScore": {"current": 0, "display": 0, "period1": 3, "period2": 3, "normaltime": 0}, "awayScore": {"current": 2, "display": 2, "period1": 6, "period2": 6, "normaltime": 2}, "time": {"current": 6036, "period1": 3192, "period2": 2844, "currentPeriodStartTimestamp": 1625819700}, "changes": {"changes": ["status.code", "status.description", "status.type", "homeScore.normaltime", "awayScore.current", "awayScore.display", "awayScore.period2", "awayScore.normaltime", "time.current", "time.period2"], "changeTimestamp": 1625819730}, "hasGlobalHighlights": false, "id": 9619035, "startTimestamp": 1625810400, "slug": "kuznetsov-kulikov", "periods": {"point": "Game", "current": "Match", "period1": "1st set", "period2": "2nd set", "period3": "3rd set", "period4": "4th set", "period5": "5th set"}, "finalResultOnly": false}, {"tournament": {"name": "Liga Pro", "slug": "liga-pro", "category": {"name": "Other", "slug": "other", "sport": {"name": "Tennis", "slug": "tennis", "id": 5}, "id": 1555, "flag": "other"}, "uniqueTournament": {"name": "Liga Pro", "slug": "liga-pro", "category": {"name": "Other", "slug": "other", "sport": {"name": "Tennis", "slug": "tennis", "id": 5}, "id": 1555, "flag": "other"}, "userCount": 98, "id": 14770, "hasEventPlayerStatistics": false}, "id": 79016}, "customId": "vfedsPved", "status": {"code": 100, "description": "Ended", "type": "finished"}, "winnerCode": 1, "homeTeam": {"name": "Oganov Z.", "slug": "oganov-zoriy", "shortName": "Oganov Z.", "userCount": 7, "nameCode": "OZO", "national": false, "type": 1, "id": 385270, "subTeams": [], "teamColors": {"primary": "#52b030", "secondary": "#52b030", "text": "#ffffff"}}, "awayTeam": {"name": "Trifonov V.", "slug": "trifonov-vasily", "shortName": "Trifonov V.", "gender": "M", "userCount": 3, "nameCode": "TVA", "national": false, "type": 1, "id": 386040, "subTeams": [], "teamColors": {"primary": "#52b030", "secondary": "#52b030", "text": "#ffffff"}}, "homeScore": {"current": 2, "display": 2, "period1": 6, "period2": 6, "normaltime": 2}, "awayScore": {"current": 0, "display": 0, "period1": 4, "period2": 4, "normaltime": 0}, "time": {"current": 5378, "period1": 2498, "period2": 2880, "currentPeriodStartTimestamp": 1625855893}, "changes": {"changes": ["status.code", "status.description", "status.type", "homeScore.current", "homeScore.display", "homeScore.period2", "homeScore.normaltime", "awayScore.normaltime", "time.current", "time.period2"], "changeTimestamp": 1625855910}, "hasGlobalHighlights": false, "id": 9619099, "startTimestamp": 1625850000, "slug": "trifonov-oganov", "periods": {"point": "Game", "current": "Match", "period1": "1st set", "period2": "2nd set", "period3": "3rd set", "period4": "4th set", "period5": "5th set"}, "finalResultOnly": false}, {"tournament": {"name": "Liga Pro", "slug": "liga-pro", "category": {"name": "Other", "slug": "other", "sport": {"name": "Tennis", "slug": "tennis", "id": 5}, "id": 1555, "flag": "other"}, "uniqueTournament": {"name": "Liga Pro", "slug": "liga-pro", "category": {"name": "Other", "slug": "other", "sport": {"name": "Tennis", "slug": "tennis", "id": 5}, "id": 1555, "flag": "other"}, "userCount": 98, "id": 14770, "hasEventPlayerStatistics": false}, "id": 79016}, "customId": "vfedsPved", "status": {"code": 100, "description": "Ended", "type": "finished"}, "winnerCode": 2, "homeTeam": {"name": "Trifonov V.", "slug": "trifonov-vasily", "shortName": "Trifonov V.", "gender": "M", "userCount": 3, "nameCode": "TVA", "national": false, "type": 1, "id": 386040, "subTeams": [], "teamColors": {"primary": "#52b030", "secondary": "#52b030", "text": "#ffffff"}}, "awayTeam": {"name": "Oganov Z.", "slug": "oganov-zoriy", "shortName": "Oganov Z.", "userCount": 7, "nameCode": "OZO", "national": false, "type": 1, "id": 385270, "subTeams": [], "teamColors": {"primary": "#52b030", "secondary": "#52b030", "text": "#ffffff"}}, "homeScore": {"current": 0, "display": 0, "period1": 3, "period2": 1, "normaltime": 0}, "awayScore": {"current": 2, "display": 2, "period1": 6, "period2": 6, "normaltime": 2}, "time": {"current": 5313, "period1": 3137, "period2": 2176, "currentPeriodStartTimestamp": 1625861948}, "changes": {"changes": ["status.code", "status.description", "status.type", "homeScore.normaltime", "awayScore.current", "awayScore.display", "awayScore.period2", "awayScore.normaltime", "time.current", "time.period2"], "changeTimestamp": 1625862031}, "hasGlobalHighlights": false, "id": 9619298, "startTimestamp": 1625855400, "slug": "trifonov-oganov", "periods": {"point": "Game", "current": "Match", "period1": "1st set", "period2": "2nd set", "period3": "3rd set", "period4": "4th set", "period5": "5th set"}, "finalResultOnly": false}, {"tournament": {"name": "Liga Pro", "slug": "liga-pro", "category": {"name": "Other", "slug": "other", "sport": {"name": "Tennis", "slug": "tennis", "id": 5}, "id": 1555, "flag": "other"}, "uniqueTournament": {"name": "Liga Pro", "slug": "liga-pro", "category": {"name": "Other", "slug": "other", "sport": {"name": "Tennis", "slug": "tennis", "id": 5}, "id": 1555, "flag": "other"}, "userCount": 98, "id": 14770, "hasEventPlayerStatistics": false}, "id": 79016}, "customId": "hfedsjHed", "status": {"code": 100, "description": "Ended", "type": "finished"}, "winnerCode": 1, "homeTeam": {"name": "Belousov A.", "slug": "belousov-artem", "shortName": "Belousov A.", "userCount": 9, "nameCode": "BAR", "national": false, "type": 1, "id": 385257, "subTeams": [], "teamColors": {"primary": "#52b030", "secondary": "#52b030", "text": "#ffffff"}}, "awayTeam": {"name": "Dzemeshkevich A.", "slug": "dzemeshkevich-andrey", "shortName": "Dzemeshkevich A.", "userCount": 3, "nameCode": "DAN", "national": false, "type": 1, "id": 386609, "subTeams": [], "teamColors": {"primary": "#52b030", "secondary": "#52b030", "text": "#ffffff"}}, "homeScore": {"current": 2, "display": 2, "period1": 6, "period2": 5, "period3": 10, "normaltime": 2}, "awayScore": {"current": 1, "display": 1, "period1": 2, "period2": 7, "period3": 7, "normaltime": 1}, "time": {"current": 5118, "period1": 737, "period2": 3638, "period3": 743, "currentPeriodStartTimestamp": 1625898542}, "changes": {"changes": ["status.code", "status.description", "status.type", "homeScore.current", "homeScore.display", "homeScore.period3", "homeScore.normaltime", "awayScore.period3", "awayScore.normaltime", "time.current", "time.period3"], "changeTimestamp": 1625898563}, "hasGlobalHighlights": false, "id": 9619452, "startTimestamp": 1625891400, "slug": "dzemeshkevich-belousov", "periods": {"point": "Game", "current": "Match", "period1": "1st set", "period2": "2nd set", "period3": "3rd set", "period4": "4th set", "period5": "5th set"}, "finalResultOnly": false}, {"tournament": {"name": "Liga Pro", "slug": "liga-pro", "category": {"name": "Other", "slug": "other", "sport": {"name": "Tennis", "slug": "tennis", "id": 5}, "id": 1555, "flag": "other"}, "uniqueTournament": {"name": "Liga Pro", "slug": "liga-pro", "category": {"name": "Other", "slug": "other", "sport": {"name": "Tennis", "slug": "tennis", "id": 5}, "id": 1555, "flag": "other"}, "userCount": 98, "id": 14770, "hasEventPlayerStatistics": false}, "id": 79016}, "customId": "hfedsjHed", "status": {"code": 100, "description": "Ended", "type": "finished"}, "winnerCode": 2, "homeTeam": {"name": "Dzemeshkevich A.", "slug": "dzemeshkevich-andrey", "shortName": "Dzemeshkevich A.", "userCount": 3, "nameCode": "DAN", "national": false, "type": 1, "id": 386609, "subTeams": [], "teamColors": {"primary": "#52b030", "secondary": "#52b030", "text": "#ffffff"}}, "awayTeam": {"name": "Belousov A.", "slug": "belousov-artem", "shortName": "Belousov A.", "userCount": 9, "nameCode": "BAR", "national": false, "type": 1, "id": 385257, "subTeams": [], "teamColors": {"primary": "#52b030", "secondary": "#52b030", "text": "#ffffff"}}, "homeScore": {"current": 0, "display": 0, "period1": 4, "period2": 3, "normaltime": 0}, "awayScore": {"current": 2, "display": 2, "period1": 6, "period2": 6, "normaltime": 2}, "time": {"current": 4838, "period1": 2169, "period2": 2669, "currentPeriodStartTimestamp": 1625904177}, "changes": {"changes": ["status.code", "status.description", "status.type", "homeScore.normaltime", "awayScore.current", "awayScore.display", "awayScore.period2", "awayScore.normaltime", "time.current", "time.period2"], "changeTimestamp": 1625904328}, "hasGlobalHighlights": false, "id": 9619453, "startTimestamp": 1625896800, "slug": "dzemeshkevich-belousov", "periods": {"point": "Game", "current": "Match", "period1": "1st set", "period2": "2nd set", "period3": "3rd set", "period4": "4th set", "period5": "5th set"}, "finalResultOnly": false}, {"tournament": {"name": "Liga Pro", "slug": "liga-pro", "category": {"name": "Other", "slug": "other", "sport": {"name": "Tennis", "slug": "tennis", "id": 5}, "id": 1555, "flag": "other"}, "uniqueTournament": {"name": "Liga Pro", "slug": "liga-pro", "category": {"name": "Other", "slug": "other", "sport": {"name": "Tennis", "slug": "tennis", "id": 5}, "id": 1555, "flag": "other"}, "userCount": 98, "id": 14770, "hasEventPlayerStatistics": false}, "id": 79016}, "customId": "gwPcskHed", "status": {"code": 100, "description": "Ended", "type": "finished"}, "winnerCode": 1, "homeTeam": {"name": "Repin A.", "slug": "repin-alexander", "shortName": "Repin A.", "gender": "M", "userCount": 8, "nameCode": "RAL", "national": false, "type": 1, "id": 351056, "subTeams": [], "teamColors": {"primary": "#52b030", "secondary": "#52b030", "text": "#ffffff"}}, "awayTeam": {"name": "Kromin K.", "slug": "kromin-konstantin", "shortName": "Kromin K.", "userCount": 5, "nameCode": "KKO", "national": false, "type": 1, "id": 386610, "subTeams": [], "teamColors": {"primary": "#52b030", "secondary": "#52b030", "text": "#ffffff"}}, "homeScore": {"current": 2, "display": 2, "period1": 6, "period2": 6, "normaltime": 2}, "awayScore": {"current": 0, "display": 0, "period1": 4, "period2": 3, "normaltime": 0}, "time": {"current": 4445, "period1": 2329, "period2": 2116, "currentPeriodStartTimestamp": 1625941470}, "changes": {"changes": ["status.code", "status.description", "status.type", "homeScore.current", "homeScore.display", "homeScore.period2", "homeScore.normaltime", "awayScore.normaltime", "time.current", "time.period2"], "changeTimestamp": 1625941590}, "hasGlobalHighlights": false, "id": 9619454, "startTimestamp": 1625936400, "slug": "kromin-repin", "periods": {"point": "Game", "current": "Match", "period1": "1st set", "period2": "2nd set", "period3": "3rd set", "period4": "4th set", "period5": "5th set"}, "finalResultOnly": false}, {"tournament": {"name": "Liga Pro", "slug": "liga-pro", "category": {"name": "Other", "slug": "other", "sport": {"name": "Tennis", "slug": "tennis", "id": 5}, "id": 1555, "flag": "other"}, "uniqueTournament": {"name": "Liga Pro", "slug": "liga-pro", "category": {"name": "Other", "slug": "other", "sport": {"name": "Tennis", "slug": "tennis", "id": 5}, "id": 1555, "flag": "other"}, "userCount": 98, "id": 14770, "hasEventPlayerStatistics": false}, "id": 79016}, "customId": "gwPcskHed", "status": {"code": 100, "description": "Ended", "type": "finished"}, "winnerCode": 2, "homeTeam": {"name": "Kromin K.", "slug": "kromin-konstantin", "shortName": "Kromin K.", "userCount": 5, "nameCode": "KKO", "national": false, "type": 1, "id": 386610, "subTeams": [], "teamColors": {"primary": "#52b030", "secondary": "#52b030", "text": "#ffffff"}}, "awayTeam": {"name": "Repin A.", "slug": "repin-alexander", "shortName": "Repin A.", "gender": "M", "userCount": 8, "nameCode": "RAL", "national": false, "type": 1, "id": 351056, "subTeams": [], "teamColors": {"primary": "#52b030", "secondary": "#52b030", "text": "#ffffff"}}, "homeScore": {"current": 0, "display": 0, "period1": 4, "period2": 4, "normaltime": 0}, "awayScore": {"current": 2, "display": 2, "period1": 6, "period2": 6, "normaltime": 2}, "time": {"current": 6063, "period1": 2742, "period2": 3321, "currentPeriodStartTimestamp": 1625948275}, "changes": {"changes": ["status.code", "status.description", "status.type", "homeScore.normaltime", "awayScore.current", "awayScore.display", "awayScore.period2", "awayScore.normaltime", "time.current", "time.period2"], "changeTimestamp": 1625948427}, "hasGlobalHighlights": false, "id": 9619455, "startTimestamp": 1625941800, "slug": "kromin-repin", "periods": {"point": "Game", "current": "Match", "period1": "1st set", "period2": "2nd set", "period3": "3rd set", "period4": "4th set", "period5": "5th set"}, "finalResultOnly": false}, {"tournament": {"name": "Liga Pro", "slug": "liga-pro", "category": {"name": "Other", "slug": "other", "sport": {"name": "Tennis", "slug": "tennis", "id": 5}, "id": 1555, "flag": "other"}, "uniqueTournament": {"name": "Liga Pro", "slug": "liga-pro", "category": {"name": "Other", "slug": "other", "sport": {"name": "Tennis", "slug": "tennis", "id": 5}, "id": 1555, "flag": "other"}, "userCount": 98, "id": 14770, "hasEventPlayerStatistics": false}, "id": 79016}, "customId": "lAMcshGed", "status": {"code": 100, "description": "Ended", "type": "finished"}, "winnerCode": 1, "homeTeam": {"name": "Kuznetsov N.", "slug": "kuznetsov-nikita", "shortName": "Kuznetsov N.", "userCount": 7, "nameCode": "KNI", "national": false, "type": 1, "id": 343761, "subTeams": [], "teamColors": {"primary": "#52b030", "secondary": "#52b030", "text": "#ffffff"}}, "awayTeam": {"name": "Kapustin A.", "slug": "kapustin-andrey", "shortName": "Kapustin A.", "userCount": 11, "nameCode": "KAN", "national": false, "type": 1, "id": 386557, "subTeams": [], "teamColors": {"primary": "#52b030", "secondary": "#52b030", "text": "#ffffff"}}, "homeScore": {"current": 2, "display": 2, "period1": 6, "period2": 6, "normaltime": 2}, "awayScore": {"current": 0, "display": 0, "period1": 3, "period2": 4, "normaltime": 0}, "time": {"current": 7202, "period1": 2977, "period2": 4225, "currentPeriodStartTimestamp": 1625985772}, "changes": {"changes": ["status.code", "status.description", "status.type", "homeScore.current", "homeScore.display", "homeScore.period2", "homeScore.normaltime", "awayScore.normaltime", "time.current", "time.period2"], "changeTimestamp": 1625985865}, "hasGlobalHighlights": false, "id": 9623394, "startTimestamp": 1625977800, "slug": "kapustin-kuznetsov", "periods": {"point": "Game", "current": "Match", "period1": "1st set", "period2": "2nd set", "period3": "3rd set", "period4": "4th set", "period5": "5th set"}, "finalResultOnly": false}, {"tournament": {"name": "Liga Pro", "slug": "liga-pro", "category": {"name": "Other", "slug": "other", "sport": {"name": "Tennis", "slug": "tennis", "id": 5}, "id": 1555, "flag": "other"}, "uniqueTournament": {"name": "Liga Pro", "slug": "liga-pro", "category": {"name": "Other", "slug": "other", "sport": {"name": "Tennis", "slug": "tennis", "id": 5}, "id": 1555, "flag": "other"}, "userCount": 98, "id": 14770, "hasEventPlayerStatistics": false}, "id": 79016}, "customId": "lAMcshGed", "status": {"code": 100, "description": "Ended", "type": "finished"}, "winnerCode": 1, "homeTeam": {"name": "Kapustin A.", "slug": "kapustin-andrey", "shortName": "Kapustin A.", "userCount": 11, "nameCode": "KAN", "national": false, "type": 1, "id": 386557, "subTeams": [], "teamColors": {"primary": "#52b030", "secondary": "#52b030", "text": "#ffffff"}}, "awayTeam": {"name": "Kuznetsov N.", "slug": "kuznetsov-nikita", "shortName": "Kuznetsov N.", "userCount": 7, "nameCode": "KNI", "national": false, "type": 1, "id": 343761, "subTeams": [], "teamColors": {"primary": "#52b030", "secondary": "#52b030", "text": "#ffffff"}}, "homeScore": {"current": 2, "display": 2, "period1": 5, "period2": 6, "period3": 10, "normaltime": 2}, "awayScore": {"current": 1, "display": 1, "period1": 7, "period2": 2, "period3": 5, "normaltime": 1}, "time": {"current": 8233, "period1": 4885, "period2": 2520, "period3": 828, "currentPeriodStartTimestamp": 1625995112}, "changes": {"changes": ["status.code", "status.description", "status.type", "homeScore.current", "homeScore.display", "homeScore.period3", "homeScore.normaltime", "awayScore.period3", "awayScore.normaltime", "time.current", "time.period3"], "changeTimestamp": 1625995226}, "hasGlobalHighlights": false, "id": 9623395, "startTimestamp": 1625983200, "slug": "kapustin-kuznetsov", "periods": {"point": "Game", "current": "Match", "period1": "1st set", "period2": "2nd set", "period3": "3rd set", "period4": "4th set", "period5": "5th set"}, "finalResultOnly": false}, {"tournament": {"name": "Liga Pro", "slug": "liga-pro", "category": {"name": "Other", "slug": "other", "sport": {"name": "Tennis", "slug": "tennis", "id": 5}, "id": 1555, "flag": "other"}, "uniqueTournament": {"name": "Liga Pro", "slug": "liga-pro", "category": {"name": "Other", "slug": "other", "sport": {"name": "Tennis", "slug": "tennis", "id": 5}, "id": 1555, "flag": "other"}, "userCount": 98, "id": 14770, "hasEventPlayerStatistics": false}, "id": 79016}, "customId": "wfedsPved", "status": {"code": 100, "description": "Ended", "type": "finished"}, "winnerCode": 1, "homeTeam": {"name": "Zaychikov V.", "slug": "zaychikov-vitaliy", "shortName": "Zaychikov V.", "userCount": 4, "nameCode": "ZVI", "national": false, "type": 1, "id": 385271, "subTeams": [], "teamColors": {"primary": "#52b030", "secondary": "#52b030", "text": "#ffffff"}}, "awayTeam": {"name": "Trifonov V.", "slug": "trifonov-vasily", "shortName": "Trifonov V.", "gender": "M", "userCount": 3, "nameCode": "TVA", "national": false, "type": 1, "id": 386040, "subTeams": [], "teamColors": {"primary": "#52b030", "secondary": "#52b030", "text": "#ffffff"}}, "homeScore": {"current": 2, "display": 2, "period1": 6, "period2": 6, "normaltime": 2}, "awayScore": {"current": 0, "display": 0, "period1": 3, "period2": 3, "normaltime": 0}, "time": {"current": 6090, "period1": 2926, "period2": 3164, "currentPeriodStartTimestamp": 1626029046}, "changes": {"changes": ["status.code", "status.description", "status.type", "homeScore.current", "homeScore.display", "homeScore.period2", "homeScore.normaltime", "awayScore.normaltime", "time.current", "time.period2"], "changeTimestamp": 1626029064}, "hasGlobalHighlights": false, "id": 9623496, "startTimestamp": 1626022800, "slug": "trifonov-zaychikov", "periods": {"point": "Game", "current": "Match", "period1": "1st set", "period2": "2nd set", "period3": "3rd set", "period4": "4th set", "period5": "5th set"}, "finalResultOnly": false}, {"tournament": {"name": "Liga Pro", "slug": "liga-pro", "category": {"name": "Other", "slug": "other", "sport": {"name": "Tennis", "slug": "tennis", "id": 5}, "id": 1555, "flag": "other"}, "uniqueTournament": {"name": "Liga Pro", "slug": "liga-pro", "category": {"name": "Other", "slug": "other", "sport": {"name": "Tennis", "slug": "tennis", "id": 5}, "id": 1555, "flag": "other"}, "userCount": 98, "id": 14770, "hasEventPlayerStatistics": false}, "id": 79016}, "customId": "wfedsPved", "status": {"code": 100, "description": "Ended", "type": "finished"}, "winnerCode": 2, "homeTeam": {"name": "Trifonov V.", "slug": "trifonov-vasily", "shortName": "Trifonov V.", "gender": "M", "userCount": 3, "nameCode": "TVA", "national": false, "type": 1, "id": 386040, "subTeams": [], "teamColors": {"primary": "#52b030", "secondary": "#52b030", "text": "#ffffff"}}, "awayTeam": {"name": "Zaychikov V.", "slug": "zaychikov-vitaliy", "shortName": "Zaychikov V.", "userCount": 4, "nameCode": "ZVI", "national": false, "type": 1, "id": 385271, "subTeams": [], "teamColors": {"primary": "#52b030", "secondary": "#52b030", "text": "#ffffff"}}, "homeScore": {"current": 1, "display": 1, "period1": 1, "period2": 6, "period3": 6, "normaltime": 1}, "awayScore": {"current": 2, "display": 2, "period1": 6, "period2": 4, "period3": 10, "normaltime": 2}, "time": {"current": 5309, "period1": 1557, "period2": 2956, "period3": 796, "currentPeriodStartTimestamp": 1626035236}, "changes": {"changes": ["status.code", "status.description", "status.type", "homeScore.period3", "homeScore.normaltime", "awayScore.current", "awayScore.display", "awayScore.period3", "awayScore.normaltime", "time.current", "time.period3"], "changeTimestamp": 1626035362}, "hasGlobalHighlights": false, "id": 9623840, "startTimestamp": 1626028200, "slug": "trifonov-zaychikov", "periods": {"point": "Game", "current": "Match", "period1": "1st set", "period2": "2nd set", "period3": "3rd set", "period4": "4th set", "period5": "5th set"}, "finalResultOnly": false}, {"tournament": {"name": "Liga Pro", "slug": "liga-pro", "category": {"name": "Other", "slug": "other", "sport": {"name": "Tennis", "slug": "tennis", "id": 5}, "id": 1555, "flag": "other"}, "uniqueTournament": {"name": "Liga Pro", "slug": "liga-pro", "category": {"name": "Other", "slug": "other", "sport": {"name": "Tennis", "slug": "tennis", "id": 5}, "id": 1555, "flag": "other"}, "userCount": 98, "id": 14770, "hasEventPlayerStatistics": false}, "id": 79016}, "customId": "OGedsjHed", "status": {"code": 100, "description": "Ended", "type": "finished"}, "winnerCode": 2, "homeTeam": {"name": "Purygin A.", "slug": "purygin-andrey", "shortName": "Purygin A.", "userCount": 7, "nameCode": "PAN", "national": false, "type": 1, "id": 386589, "subTeams": [], "teamColors": {"primary": "#52b030", "secondary": "#52b030", "text": "#ffffff"}}, "awayTeam": {"name": "Dzemeshkevich A.", "slug": "dzemeshkevich-andrey", "shortName": "Dzemeshkevich A.", "userCount": 3, "nameCode": "DAN", "national": false, "type": 1, "id": 386609, "subTeams": [], "teamColors": {"primary": "#52b030", "secondary": "#52b030", "text": "#ffffff"}}, "homeScore": {"current": 1, "display": 1, "period1": 4, "period2": 6, "period3": 10, "normaltime": 1}, "awayScore": {"current": 2, "display": 2, "period1": 6, "period2": 4, "period3": 12, "normaltime": 2}, "time": {"current": 5051, "period1": 1885, "period2": 2230, "period3": 936, "currentPeriodStartTimestamp": 1626069524}, "changes": {"changes": ["status.code", "status.description", "status.type", "homeScore.period3", "homeScore.normaltime", "awayScore.current", "awayScore.display", "awayScore.period3", "awayScore.normaltime", "time.current", "time.period3"], "changeTimestamp": 1626069563}, "hasGlobalHighlights": false, "id": 9625542, "startTimestamp": 1626064200, "slug": "dzemeshkevich-purygin", "periods": {"point": "Game", "current": "Match", "period1": "1st set", "period2": "2nd set", "period3": "3rd set", "period4": "4th set", "period5": "5th set"}, "finalResultOnly": false}, {"tournament": {"name": "Liga Pro", "slug": "liga-pro", "category": {"name": "Other", "slug": "other", "sport": {"name": "Tennis", "slug": "tennis", "id": 5}, "id": 1555, "flag": "other"}, "uniqueTournament": {"name": "Liga Pro", "slug": "liga-pro", "category": {"name": "Other", "slug": "other", "sport": {"name": "Tennis", "slug": "tennis", "id": 5}, "id": 1555, "flag": "other"}, "userCount": 98, "id": 14770, "hasEventPlayerStatistics": false}, "id": 79016}, "customId": "OGedsjHed", "status": {"code": 100, "description": "Ended", "type": "finished"}, "winnerCode": 2, "homeTeam": {"name": "Dzemeshkevich A.", "slug": "dzemeshkevich-andrey", "shortName": "Dzemeshkevich A.", "userCount": 3, "nameCode": "DAN", "national": false, "type": 1, "id": 386609, "subTeams": [], "teamColors": {"primary": "#52b030", "secondary": "#52b030", "text": "#ffffff"}}, "awayTeam": {"name": "Purygin A.", "slug": "purygin-andrey", "shortName": "Purygin A.", "userCount": 7, "nameCode": "PAN", "national": false, "type": 1, "id": 386589, "subTeams": [], "teamColors": {"primary": "#52b030", "secondary": "#52b030", "text": "#ffffff"}}, "homeScore": {"current": 1, "display": 1, "period1": 6, "period2": 4, "period3": 4, "normaltime": 1}, "awayScore": {"current": 2, "display": 2, "period1": 2, "period2": 6, "period3": 10, "normaltime": 2}, "time": {"current": 5747, "period1": 1990, "period2": 2814, "period3": 943, "currentPeriodStartTimestamp": 1626076359}, "changes": {"changes": ["status.code", "status.description", "status.type", "homeScore.period3", "homeScore.normaltime", "awayScore.current", "awayScore.display", "awayScore.period3", "awayScore.normaltime", "time.current", "time.period3"], "changeTimestamp": 1626076402}, "hasGlobalHighlights": false, "id": 9625543, "startTimestamp": 1626069600, "slug": "dzemeshkevich-purygin", "periods": {"point": "Game", "current": "Match", "period1": "1st set", "period2": "2nd set", "period3": "3rd set", "period4": "4th set", "period5": "5th set"}, "finalResultOnly": false}, {"tournament": {"name": "Liga Pro", "slug": "liga-pro", "category": {"name": "Other", "slug": "other", "sport": {"name": "Tennis", "slug": "tennis", "id": 5}, "id": 1555, "flag": "other"}, "uniqueTournament": {"name": "Liga Pro", "slug": "liga-pro", "category": {"name": "Other", "slug": "other", "sport": {"name": "Tennis", "slug": "tennis", "id": 5}, "id": 1555, "flag": "other"}, "userCount": 98, "id": 14770, "hasEventPlayerStatistics": false}, "id": 79016}, "customId": "ifedskHed", "status": {"code": 100, "description": "Ended", "type": "finished"}, "winnerCode": 1, "homeTeam": {"name": "Simashev A.", "slug": "simashev-artem", "shortName": "Simashev A.", "userCount": 2, "nameCode": "SAR", "national": false, "type": 1, "id": 385258, "subTeams": [], "teamColors": {"primary": "#52b030", "secondary": "#52b030", "text": "#ffffff"}}, "awayTeam": {"name": "Kromin K.", "slug": "kromin-konstantin", "shortName": "Kromin K.", "userCount": 5, "nameCode": "KKO", "national": false, "type": 1, "id": 386610, "subTeams": [], "teamColors": {"primary": "#52b030", "secondary": "#52b030", "text": "#ffffff"}}, "homeScore": {"current": 2, "display": 2, "period1": 6, "period2": 6, "normaltime": 2}, "awayScore": {"current": 0, "display": 0, "period1": 4, "period2": 0, "normaltime": 0}, "time": {"current": 4573, "period1": 2737, "period2": 1836, "currentPeriodStartTimestamp": 1626114066}, "changes": {"changes": ["status.code", "status.description", "status.type", "homeScore.current", "homeScore.display", "homeScore.period2", "homeScore.normaltime", "awayScore.normaltime", "time.current", "time.period2"], "changeTimestamp": 1626114206}, "hasGlobalHighlights": false, "id": 9625545, "startTimestamp": 1626109200, "slug": "kromin-simashev", "periods": {"point": "Game", "current": "Match", "period1": "1st set", "period2": "2nd set", "period3": "3rd set", "period4": "4th set", "period5": "5th set"}, "finalResultOnly": false}, {"tournament": {"name": "Liga Pro", "slug": "liga-pro", "category": {"name": "Other", "slug": "other", "sport": {"name": "Tennis", "slug": "tennis", "id": 5}, "id": 1555, "flag": "other"}, "uniqueTournament": {"name": "Liga Pro", "slug": "liga-pro", "category": {"name": "Other", "slug": "other", "sport": {"name": "Tennis", "slug": "tennis", "id": 5}, "id": 1555, "flag": "other"}, "userCount": 98, "id": 14770, "hasEventPlayerStatistics": false}, "id": 79016}, "customId": "ifedskHed", "status": {"code": 100, "description": "Ended", "type": "finished"}, "winnerCode": 2, "homeTeam": {"name": "Kromin K.", "slug": "kromin-konstantin", "shortName": "Kromin K.", "userCount": 5, "nameCode": "KKO", "national": false, "type": 1, "id": 386610, "subTeams": [], "teamColors": {"primary": "#52b030", "secondary": "#52b030", "text": "#ffffff"}}, "awayTeam": {"name": "Simashev A.", "slug": "simashev-artem", "shortName": "Simashev A.", "userCount": 2, "nameCode": "SAR", "national": false, "type": 1, "id": 385258, "subTeams": [], "teamColors": {"primary": "#52b030", "secondary": "#52b030", "text": "#ffffff"}}, "homeScore": {"current": 0, "display": 0, "period1": 1, "period2": 4, "normaltime": 0}, "awayScore": {"current": 2, "display": 2, "period1": 6, "period2": 6, "normaltime": 2}, "time": {"current": 3838, "period1": 1733, "period2": 2105, "currentPeriodStartTimestamp": 1626118613}, "changes": {"changes": ["status.code", "status.description", "status.type", "homeScore.normaltime", "awayScore.current", "awayScore.display", "awayScore.period2", "awayScore.normaltime", "time.current", "time.period2"], "changeTimestamp": 1626118701}, "hasGlobalHighlights": false, "id": 9625546, "startTimestamp": 1626114600, "slug": "kromin-simashev", "periods": {"point": "Game", "current": "Match", "period1": "1st set", "period2": "2nd set", "period3": "3rd set", "period4": "4th set", "period5": "5th set"}, "finalResultOnly": false}, {"tournament": {"name": "Liga Pro", "slug": "liga-pro", "category": {"name": "Other", "slug": "other", "sport": {"name": "Tennis", "slug": "tennis", "id": 5}, "id": 1555, "flag": "other"}, "uniqueTournament": {"name": "Liga Pro", "slug": "liga-pro", "category": {"name": "Other", "slug": "other", "sport": {"name": "Tennis", "slug": "tennis", "id": 5}, "id": 1555, "flag": "other"}, "userCount": 98, "id": 14770, "hasEventPlayerStatistics": false}, "id": 79016}, "customId": "lAMcshGed", "status": {"code": 100, "description": "Ended", "type": "finished"}, "winnerCode": 2, "homeTeam": {"name": "Kuznetsov N.", "slug": "kuznetsov-nikita", "shortName": "Kuznetsov N.", "userCount": 7, "nameCode": "KNI", "national": false, "type": 1, "id": 343761, "subTeams": [], "teamColors": {"primary": "#52b030", "secondary": "#52b030", "text": "#ffffff"}}, "awayTeam": {"name": "Kapustin A.", "slug": "kapustin-andrey", "shortName": "Kapustin A.", "userCount": 11, "nameCode": "KAN", "national": false, "type": 1, "id": 386557, "subTeams": [], "teamColors": {"primary": "#52b030", "secondary": "#52b030", "text": "#ffffff"}}, "homeScore": {"current": 0, "display": 0, "period1": 3, "period2": 3, "normaltime": 0}, "awayScore": {"current": 2, "display": 2, "period1": 6, "period2": 6, "normaltime": 2}, "time": {"current": 4952, "period1": 2323, "period2": 2629, "currentPeriodStartTimestamp": 1626156129}, "changes": {"changes": ["status.code", "status.description", "status.type", "homeScore.normaltime", "awayScore.current", "awayScore.display", "awayScore.period2", "awayScore.normaltime", "time.current", "time.period2"], "changeTimestamp": 1626156146}, "hasGlobalHighlights": false, "id": 9634559, "startTimestamp": 1626150600, "slug": "kapustin-kuznetsov", "periods": {"point": "Game", "current": "Match", "period1": "1st set", "period2": "2nd set", "period3": "3rd set", "period4": "4th set", "period5": "5th set"}, "finalResultOnly": false}, {"tournament": {"name": "Liga Pro", "slug": "liga-pro", "category": {"name": "Other", "slug": "other", "sport": {"name": "Tennis", "slug": "tennis", "id": 5}, "id": 1555, "flag": "other"}, "uniqueTournament": {"name": "Liga Pro", "slug": "liga-pro", "category": {"name": "Other", "slug": "other", "sport": {"name": "Tennis", "slug": "tennis", "id": 5}, "id": 1555, "flag": "other"}, "userCount": 98, "id": 14770, "hasEventPlayerStatistics": false}, "id": 79016}, "customId": "lAMcshGed", "status": {"code": 100, "description": "Ended", "type": "finished"}, "winnerCode": 1, "homeTeam": {"name": "Kapustin A.", "slug": "kapustin-andrey", "shortName": "Kapustin A.", "userCount": 11, "nameCode": "KAN", "national": false, "type": 1, "id": 386557, "subTeams": [], "teamColors": {"primary": "#52b030", "secondary": "#52b030", "text": "#ffffff"}}, "awayTeam": {"name": "Kuznetsov N.", "slug": "kuznetsov-nikita", "shortName": "Kuznetsov N.", "userCount": 7, "nameCode": "KNI", "national": false, "type": 1, "id": 343761, "subTeams": [], "teamColors": {"primary": "#52b030", "secondary": "#52b030", "text": "#ffffff"}}, "homeScore": {"current": 2, "display": 2, "period1": 6, "period2": 6, "normaltime": 2}, "awayScore": {"current": 0, "display": 0, "period1": 2, "period2": 1, "normaltime": 0}, "time": {"current": 4054, "period1": 2227, "period2": 1827, "currentPeriodStartTimestamp": 1626161026}, "changes": {"changes": ["status.code", "status.description", "status.type", "homeScore.current", "homeScore.display", "homeScore.period2", "homeScore.normaltime", "awayScore.normaltime", "time.current", "time.period2"], "changeTimestamp": 1626161183}, "hasGlobalHighlights": false, "id": 9634560, "startTimestamp": 1626156000, "slug": "kapustin-kuznetsov", "periods": {"point": "Game", "current": "Match", "period1": "1st set", "period2": "2nd set", "period3": "3rd set", "period4": "4th set", "period5": "5th set"}, "finalResultOnly": false}, {"tournament": {"name": "Liga Pro", "slug": "liga-pro", "category": {"name": "Other", "slug": "other", "sport": {"name": "Tennis", "slug": "tennis", "id": 5}, "id": 1555, "flag": "other"}, "uniqueTournament": {"name": "Liga Pro", "slug": "liga-pro", "category": {"name": "Other", "slug": "other", "sport": {"name": "Tennis", "slug": "tennis", "id": 5}, "id": 1555, "flag": "other"}, "userCount": 98, "id": 14770, "hasEventPlayerStatistics": false}, "id": 79016}, "customId": "vfedswfed", "status": {"code": 100, "description": "Ended", "type": "finished"}, "winnerCode": 2, "homeTeam": {"name": "Oganov Z.", "slug": "oganov-zoriy", "shortName": "Oganov Z.", "userCount": 7, "nameCode": "OZO", "national": false, "type": 1, "id": 385270, "subTeams": [], "teamColors": {"primary": "#52b030", "secondary": "#52b030", "text": "#ffffff"}}, "awayTeam": {"name": "Zaychikov V.", "slug": "zaychikov-vitaliy", "shortName": "Zaychikov V.", "userCount": 4, "nameCode": "ZVI", "national": false, "type": 1, "id": 385271, "subTeams": [], "teamColors": {"primary": "#52b030", "secondary": "#52b030", "text": "#ffffff"}}, "homeScore": {"current": 1, "display": 1, "period1": 6, "period2": 2, "period3": 4, "normaltime": 1}, "awayScore": {"current": 2, "display": 2, "period1": 4, "period2": 6, "period3": 10, "normaltime": 2}, "time": {"current": 6735, "period1": 3276, "period2": 2624, "period3": 835, "currentPeriodStartTimestamp": 1626202487}, "changes": {"changes": ["status.code", "status.description", "status.type", "homeScore.period3", "homeScore.normaltime", "awayScore.current", "awayScore.display", "awayScore.period3", "awayScore.normaltime", "time.current", "time.period3"], "changeTimestamp": 1626202585}, "hasGlobalHighlights": false, "id": 9634561, "startTimestamp": 1626195600, "slug": "zaychikov-oganov", "periods": {"point": "Game", "current": "Match", "period1": "1st set", "period2": "2nd set", "period3": "3rd set", "period4": "4th set", "period5": "5th set"}, "finalResultOnly": false}, {"tournament": {"name": "Liga Pro", "slug": "liga-pro", "category": {"name": "Other", "slug": "other", "sport": {"name": "Tennis", "slug": "tennis", "id": 5}, "id": 1555, "flag": "other"}, "uniqueTournament": {"name": "Liga Pro", "slug": "liga-pro", "category": {"name": "Other", "slug": "other", "sport": {"name": "Tennis", "slug": "tennis", "id": 5}, "id": 1555, "flag": "other"}, "userCount": 98, "id": 14770, "hasEventPlayerStatistics": false}, "id": 79016}, "customId": "vfedswfed", "status": {"code": 100, "description": "Ended", "type": "finished"}, "winnerCode": 2, "homeTeam": {"name": "Zaychikov V.", "slug": "zaychikov-vitaliy", "shortName": "Zaychikov V.", "userCount": 4, "nameCode": "ZVI", "national": false, "type": 1, "id": 385271, "subTeams": [], "teamColors": {"primary": "#52b030", "secondary": "#52b030", "text": "#ffffff"}}, "awayTeam": {"name": "Oganov Z.", "slug": "oganov-zoriy", "shortName": "Oganov Z.", "userCount": 7, "nameCode": "OZO", "national": false, "type": 1, "id": 385270, "subTeams": [], "teamColors": {"primary": "#52b030", "secondary": "#52b030", "text": "#ffffff"}}, "homeScore": {"current": 0, "display": 0, "period1": 3, "period2": 4, "normaltime": 0}, "awayScore": {"current": 2, "display": 2, "period1": 6, "period2": 6, "normaltime": 2}, "time": {"current": 6278, "period1": 2603, "period2": 3675, "currentPeriodStartTimestamp": 1626209785}, "changes": {"changes": ["status.code", "status.description", "status.type", "homeScore.normaltime", "awayScore.current", "awayScore.display", "awayScore.period2", "awayScore.normaltime", "time.current", "time.period2"], "changeTimestamp": 1626209961}, "hasGlobalHighlights": false, "id": 9634562, "startTimestamp": 1626201000, "slug": "zaychikov-oganov", "periods": {"point": "Game", "current": "Match", "period1": "1st set", "period2": "2nd set", "period3": "3rd set", "period4": "4th set", "period5": "5th set"}, "finalResultOnly": false}, {"tournament": {"name": "Liga Pro", "slug": "liga-pro", "category": {"name": "Other", "slug": "other", "sport": {"name": "Tennis", "slug": "tennis", "id": 5}, "id": 1555, "flag": "other"}, "uniqueTournament": {"name": "Liga Pro", "slug": "liga-pro", "category": {"name": "Other", "slug": "other", "sport": {"name": "Tennis", "slug": "tennis", "id": 5}, "id": 1555, "flag": "other"}, "userCount": 98, "id": 14770, "hasEventPlayerStatistics": false}, "id": 79016}, "customId": "hfedsOGed", "status": {"code": 100, "description": "Ended", "type": "finished"}, "winnerCode": 2, "homeTeam": {"name": "Belousov A.", "slug": "belousov-artem", "shortName": "Belousov A.", "userCount": 9, "nameCode": "BAR", "national": false, "type": 1, "id": 385257, "subTeams": [], "teamColors": {"primary": "#52b030", "secondary": "#52b030", "text": "#ffffff"}}, "awayTeam": {"name": "Purygin A.", "slug": "purygin-andrey", "shortName": "Purygin A.", "userCount": 7, "nameCode": "PAN", "national": false, "type": 1, "id": 386589, "subTeams": [], "teamColors": {"primary": "#52b030", "secondary": "#52b030", "text": "#ffffff"}}, "homeScore": {"current": 1, "display": 1, "period1": 6, "period2": 5, "period3": 5, "normaltime": 1}, "awayScore": {"current": 2, "display": 2, "period1": 3, "period2": 7, "period3": 10, "normaltime": 2}, "time": {"current": 6149, "period1": 2461, "period2": 2996, "period3": 692, "currentPeriodStartTimestamp": 1626244349}, "changes": {"changes": ["status.code", "status.description", "status.type", "homeScore.period3", "homeScore.normaltime", "awayScore.current", "awayScore.display", "awayScore.period3", "awayScore.normaltime", "time.current", "time.period3"], "changeTimestamp": 1626244522}, "hasGlobalHighlights": false, "id": 9643152, "startTimestamp": 1626237000, "slug": "purygin-belousov", "periods": {"point": "Game", "current": "Match", "period1": "1st set", "period2": "2nd set", "period3": "3rd set", "period4": "4th set", "period5": "5th set"}, "finalResultOnly": false}, {"tournament": {"name": "Liga Pro", "slug": "liga-pro", "category": {"name": "Other", "slug": "other", "sport": {"name": "Tennis", "slug": "tennis", "id": 5}, "id": 1555, "flag": "other"}, "uniqueTournament": {"name": "Liga Pro", "slug": "liga-pro", "category": {"name": "Other", "slug": "other", "sport": {"name": "Tennis", "slug": "tennis", "id": 5}, "id": 1555, "flag": "other"}, "userCount": 98, "id": 14770, "hasEventPlayerStatistics": false}, "id": 79016}, "customId": "hfedsOGed", "status": {"code": 100, "description": "Ended", "type": "finished"}, "winnerCode": 1, "homeTeam": {"name": "Purygin A.", "slug": "purygin-andrey", "shortName": "Purygin A.", "userCount": 7, "nameCode": "PAN", "national": false, "type": 1, "id": 386589, "subTeams": [], "teamColors": {"primary": "#52b030", "secondary": "#52b030", "text": "#ffffff"}}, "awayTeam": {"name": "Belousov A.", "slug": "belousov-artem", "shortName": "Belousov A.", "userCount": 9, "nameCode": "BAR", "national": false, "type": 1, "id": 385257, "subTeams": [], "teamColors": {"primary": "#52b030", "secondary": "#52b030", "text": "#ffffff"}}, "homeScore": {"current": 2, "display": 2, "period1": 0, "period2": 6, "period3": 11, "normaltime": 2}, "awayScore": {"current": 1, "display": 1, "period1": 6, "period2": 4, "period3": 9, "normaltime": 1}, "time": {"current": 5417, "period1": 1510, "period2": 2596, "period3": 1311, "currentPeriodStartTimestamp": 1626250834}, "changes": {"changes": ["status.code", "status.description", "status.type", "homeScore.current", "homeScore.display", "homeScore.period3", "homeScore.normaltime", "awayScore.period3", "awayScore.normaltime", "time.current", "time.period3"], "changeTimestamp": 1626251008}, "hasGlobalHighlights": false, "id": 9643153, "startTimestamp": 1626242400, "slug": "purygin-belousov", "periods": {"point": "Game", "current": "Match", "period1": "1st set", "period2": "2nd set", "period3": "3rd set", "period4": "4th set", "period5": "5th set"}, "finalResultOnly": false}, {"tournament": {"name": "Liga Pro", "slug": "liga-pro", "category": {"name": "Other", "slug": "other", "sport": {"name": "Tennis", "slug": "tennis", "id": 5}, "id": 1555, "flag": "other"}, "uniqueTournament": {"name": "Liga Pro", "slug": "liga-pro", "category": {"name": "Other", "slug": "other", "sport": {"name": "Tennis", "slug": "tennis", "id": 5}, "id": 1555, "flag": "other"}, "userCount": 98, "id": 14770, "hasEventPlayerStatistics": false}, "id": 79016}, "customId": "gwPcsifed", "status": {"code": 100, "description": "Ended", "type": "finished"}, "winnerCode": 2, "homeTeam": {"name": "Simashev A.", "slug": "simashev-artem", "shortName": "Simashev A.", "userCount": 2, "nameCode": "SAR", "national": false, "type": 1, "id": 385258, "subTeams": [], "teamColors": {"primary": "#52b030", "secondary": "#52b030", "text": "#ffffff"}}, "awayTeam": {"name": "Repin A.", "slug": "repin-alexander", "shortName": "Repin A.", "gender": "M", "userCount": 8, "nameCode": "RAL", "national": false, "type": 1, "id": 351056, "subTeams": [], "teamColors": {"primary": "#52b030", "secondary": "#52b030", "text": "#ffffff"}}, "homeScore": {"current": 0, "display": 0, "period1": 5, "period2": 4, "normaltime": 0}, "awayScore": {"current": 2, "display": 2, "period1": 7, "period2": 6, "normaltime": 2}, "time": {"current": 5314, "period1": 2865, "period2": 2449, "currentPeriodStartTimestamp": 1626287507}, "changes": {"changes": ["status.code", "status.description", "status.type", "homeScore.normaltime", "awayScore.current", "awayScore.display", "awayScore.period2", "awayScore.normaltime", "time.current", "time.period2"], "changeTimestamp": 1626287541}, "hasGlobalHighlights": false, "id": 9643154, "startTimestamp": 1626282000, "slug": "simashev-repin", "periods": {"point": "Game", "current": "Match", "period1": "1st set", "period2": "2nd set", "period3": "3rd set", "period4": "4th set", "period5": "5th set"}, "finalResultOnly": false}, {"tournament": {"name": "Liga Pro", "slug": "liga-pro", "category": {"name": "Other", "slug": "other", "sport": {"name": "Tennis", "slug": "tennis", "id": 5}, "id": 1555, "flag": "other"}, "uniqueTournament": {"name": "Liga Pro", "slug": "liga-pro", "category": {"name": "Other", "slug": "other", "sport": {"name": "Tennis", "slug": "tennis", "id": 5}, "id": 1555, "flag": "other"}, "userCount": 98, "id": 14770, "hasEventPlayerStatistics": false}, "id": 79016}, "customId": "gwPcsifed", "status": {"code": 100, "description": "Ended", "type": "finished"}, "winnerCode": 1, "homeTeam": {"name": "Repin A.", "slug": "repin-alexander", "shortName": "Repin A.", "gender": "M", "userCount": 8, "nameCode": "RAL", "national": false, "type": 1, "id": 351056, "subTeams": [], "teamColors": {"primary": "#52b030", "secondary": "#52b030", "text": "#ffffff"}}, "awayTeam": {"name": "Simashev A.", "slug": "simashev-artem", "shortName": "Simashev A.", "userCount": 2, "nameCode": "SAR", "national": false, "type": 1, "id": 385258, "subTeams": [], "teamColors": {"primary": "#52b030", "secondary": "#52b030", "text": "#ffffff"}}, "homeScore": {"current": 2, "display": 2, "period1": 7, "period2": 4, "period3": 10, "normaltime": 2}, "awayScore": {"current": 1, "display": 1, "period1": 6, "period2": 6, "period3": 4, "normaltime": 1}, "time": {"current": 6976, "period1": 3657, "period2": 2755, "period3": 564, "currentPeriodStartTimestamp": 1626295223}, "changes": {"changes": ["status.code", "status.description", "status.type", "homeScore.current", "homeScore.display", "homeScore.period3", "homeScore.normaltime", "awayScore.period3", "awayScore.normaltime", "time.current", "time.period3"], "changeTimestamp": 1626295289}, "hasGlobalHighlights": false, "id": 9643155, "startTimestamp": 1626287400, "slug": "simashev-repin", "periods": {"point": "Game", "current": "Match", "period1": "1st set", "period2": "2nd set", "period3": "3rd set", "period4": "4th set", "period5": "5th set"}, "finalResultOnly": false}, {"tournament": {"name": "Liga Pro", "slug": "liga-pro", "category": {"name": "Other", "slug": "other", "sport": {"name": "Tennis", "slug": "tennis", "id": 5}, "id": 1555, "flag": "other"}, "uniqueTournament": {"name": "Liga Pro", "slug": "liga-pro", "category": {"name": "Other", "slug": "other", "sport": {"name": "Tennis", "slug": "tennis", "id": 5}, "id": 1555, "flag": "other"}, "userCount": 98, "id": 14770, "hasEventPlayerStatistics": false}, "id": 79016}, "customId": "Efedscjed", "status": {"code": 100, "description": "Ended", "type": "finished"}, "winnerCode": 2, "homeTeam": {"name": "Volkov D.", "slug": "volkov-dmitriy", "shortName": "Volkov D.", "userCount": 18, "nameCode": "VDM", "national": false, "type": 1, "id": 385452, "subTeams": [], "teamColors": {"primary": "#52b030", "secondary": "#52b030", "text": "#ffffff"}}, "awayTeam": {"name": "Gorbachyov A.", "slug": "gorbachyov-aleksandr", "shortName": "Gorbachyov A.", "userCount": 5, "nameCode": "GAL", "national": false, "type": 1, "id": 385279, "subTeams": [], "teamColors": {"primary": "#52b030", "secondary": "#52b030", "text": "#ffffff"}}, "homeScore": {"current": 1, "display": 1, "period1": 4, "period2": 6, "period3": 7, "normaltime": 1}, "awayScore": {"current": 2, "display": 2, "period1": 6, "period2": 3, "period3": 10, "normaltime": 2}, "time": {"current": 6178, "period1": 2363, "period2": 2991, "period3": 824, "currentPeriodStartTimestamp": 1626330046}, "changes": {"changes": ["status.code", "status.description", "status.type", "homeScore.period3", "homeScore.normaltime", "awayScore.current", "awayScore.display", "awayScore.period3", "awayScore.normaltime", "time.current", "time.period3"], "changeTimestamp": 1626330201}, "hasGlobalHighlights": false, "id": 9644223, "startTimestamp": 1626323400, "slug": "volkov-gorbachyov", "periods": {"point": "Game", "current": "Match", "period1": "1st set", "period2": "2nd set", "period3": "3rd set", "period4": "4th set", "period5": "5th set"}, "finalResultOnly": false}, {"tournament": {"name": "Liga Pro", "slug": "liga-pro", "category": {"name": "Other", "slug": "other", "sport": {"name": "Tennis", "slug": "tennis", "id": 5}, "id": 1555, "flag": "other"}, "uniqueTournament": {"name": "Liga Pro", "slug": "liga-pro", "category": {"name": "Other", "slug": "other", "sport": {"name": "Tennis", "slug": "tennis", "id": 5}, "id": 1555, "flag": "other"}, "userCount": 98, "id": 14770, "hasEventPlayerStatistics": false}, "id": 79016}, "customId": "Efedscjed", "status": {"code": 100, "description": "Ended", "type": "finished"}, "winnerCode": 2, "homeTeam": {"name": "Gorbachyov A.", "slug": "gorbachyov-aleksandr", "shortName": "Gorbachyov A.", "userCount": 5, "nameCode": "GAL", "national": false, "type": 1, "id": 385279, "subTeams": [], "teamColors": {"primary": "#52b030", "secondary": "#52b030", "text": "#ffffff"}}, "awayTeam": {"name": "Volkov D.", "slug": "volkov-dmitriy", "shortName": "Volkov D.", "userCount": 18, "nameCode": "VDM", "national": false, "type": 1, "id": 385452, "subTeams": [], "teamColors": {"primary": "#52b030", "secondary": "#52b030", "text": "#ffffff"}}, "homeScore": {"current": 0, "display": 0, "period1": 1, "period2": 6, "normaltime": 0}, "awayScore": {"current": 2, "display": 2, "period1": 6, "period2": 7, "normaltime": 2}, "time": {"current": 7248, "period1": 2193, "period2": 5055, "currentPeriodStartTimestamp": 1626338403}, "changes": {"changes": ["status.code", "status.description", "status.type", "homeScore.normaltime", "awayScore.current", "awayScore.display", "awayScore.period2", "awayScore.normaltime", "time.current", "time.period2"], "changeTimestamp": 1626338484}, "hasGlobalHighlights": false, "id": 9644222, "startTimestamp": 1626328800, "slug": "volkov-gorbachyov", "periods": {"point": "Game", "current": "Match", "period1": "1st set", "period2": "2nd set", "period3": "3rd set", "period4": "4th set", "period5": "5th set"}, "finalResultOnly": false}, {"tournament": {"name": "Liga Pro", "slug": "liga-pro", "category": {"name": "Other", "slug": "other", "sport": {"name": "Tennis", "slug": "tennis", "id": 5}, "id": 1555, "flag": "other"}, "uniqueTournament": {"name": "Liga Pro", "slug": "liga-pro", "category": {"name": "Other", "slug": "other", "sport": {"name": "Tennis", "slug": "tennis", "id": 5}, "id": 1555, "flag": "other"}, "userCount": 98, "id": 14770, "hasEventPlayerStatistics": false}, "id": 79016}, "customId": "MhicsvTed", "status": {"code": 100, "description": "Ended", "type": "finished"}, "winnerCode": 2, "homeTeam": {"name": "Ashikhmin R.", "slug": "ashikhmin-roman", "shortName": "Ashikhmin R.", "userCount": 4, "nameCode": "ARO", "national": false, "type": 1, "id": 270387, "subTeams": [], "teamColors": {"primary": "#52b030", "secondary": "#52b030", "text": "#ffffff"}}, "awayTeam": {"name": "Burcev R.", "slug": "burcev-rudolf", "shortName": "Burcev R.", "userCount": 1, "nameCode": "BRU", "national": false, "type": 1, "id": 387170, "subTeams": [], "teamColors": {"primary": "#52b030", "secondary": "#52b030", "text": "#ffffff"}}, "homeScore": {"current": 1, "display": 1, "period1": 6, "period2": 4, "period3": 7, "normaltime": 1}, "awayScore": {"current": 2, "display": 2, "period1": 2, "period2": 6, "period3": 10, "normaltime": 2}, "time": {"current": 6390, "period1": 2182, "period2": 3319, "period3": 889, "currentPeriodStartTimestamp": 1626375416}, "changes": {"changes": ["status.code", "status.description", "status.type", "homeScore.period3", "homeScore.normaltime", "awayScore.current", "awayScore.display", "awayScore.period3", "awayScore.normaltime", "time.current", "time.period3"], "changeTimestamp": 1626375563}, "hasGlobalHighlights": false, "id": 9646547, "startTimestamp": 1626368400, "slug": "burcev-ashikhmin", "periods": {"point": "Game", "current": "Match", "period1": "1st set", "period2": "2nd set", "period3": "3rd set", "period4": "4th set", "period5": "5th set"}, "finalResultOnly": false}, {"tournament": {"name": "Liga Pro", "slug": "liga-pro", "category": {"name": "Other", "slug": "other", "sport": {"name": "Tennis", "slug": "tennis", "id": 5}, "id": 1555, "flag": "other"}, "uniqueTournament": {"name": "Liga Pro", "slug": "liga-pro", "category": {"name": "Other", "slug": "other", "sport": {"name": "Tennis", "slug": "tennis", "id": 5}, "id": 1555, "flag": "other"}, "userCount": 98, "id": 14770, "hasEventPlayerStatistics": false}, "id": 79016}, "customId": "MhicsvTed", "status": {"code": 100, "description": "Ended", "type": "finished"}, "winnerCode": 2, "homeTeam": {"name": "Burcev R.", "slug": "burcev-rudolf", "shortName": "Burcev R.", "userCount": 1, "nameCode": "BRU", "national": false, "type": 1, "id": 387170, "subTeams": [], "teamColors": {"primary": "#52b030", "secondary": "#52b030", "text": "#ffffff"}}, "awayTeam": {"name": "Ashikhmin R.", "slug": "ashikhmin-roman", "shortName": "Ashikhmin R.", "userCount": 4, "nameCode": "ARO", "national": false, "type": 1, "id": 270387, "subTeams": [], "teamColors": {"primary": "#52b030", "secondary": "#52b030", "text": "#ffffff"}}, "homeScore": {"current": 0, "display": 0, "period1": 4, "period2": 1, "normaltime": 0}, "awayScore": {"current": 2, "display": 2, "period1": 6, "period2": 6, "normaltime": 2}, "time": {"current": 5706, "period1": 3451, "period2": 2255, "currentPeriodStartTimestamp": 1626382165}, "changes": {"changes": ["status.code", "status.description", "status.type", "homeScore.normaltime", "awayScore.current", "awayScore.display", "awayScore.period2", "awayScore.normaltime", "time.current", "time.period2"], "changeTimestamp": 1626382226}, "hasGlobalHighlights": false, "id": 9646548, "startTimestamp": 1626373800, "slug": "burcev-ashikhmin", "periods": {"point": "Game", "current": "Match", "period1": "1st set", "period2": "2nd set", "period3": "3rd set", "period4": "4th set", "period5": "5th set"}, "finalResultOnly": false}, {"tournament": {"name": "Liga Pro", "slug": "liga-pro", "category": {"name": "Other", "slug": "other", "sport": {"name": "Tennis", "slug": "tennis", "id": 5}, "id": 1555, "flag": "other"}, "uniqueTournament": {"name": "Liga Pro", "slug": "liga-pro", "category": {"name": "Other", "slug": "other", "sport": {"name": "Tennis", "slug": "tennis", "id": 5}, "id": 1555, "flag": "other"}, "userCount": 98, "id": 14770, "hasEventPlayerStatistics": false}, "id": 79016}, "customId": "nJQsJNgb", "status": {"code": 100, "description": "Ended", "type": "finished"}, "winnerCode": 1, "homeTeam": {"name": "Nikiforov A.", "slug": "nikiforov-alexey", "shortName": "Nikiforov A.", "gender": "M", "userCount": 19, "nameCode": "NIK", "national": false, "type": 1, "id": 104213, "subTeams": [], "teamColors": {"primary": "#52b030", "secondary": "#52b030", "text": "#ffffff"}}, "awayTeam": {"name": "Smirnov A.", "slug": "smirnov-andrei", "shortName": "Smirnov A.", "gender": "M", "userCount": 13, "nameCode": "SMI", "national": false, "type": 1, "id": 141934, "subTeams": [], "teamColors": {"primary": "#52b030", "secondary": "#52b030", "text": "#ffffff"}}, "homeScore": {"current": 2, "display": 2, "period1": 6, "period2": 6, "normaltime": 2}, "awayScore": {"current": 0, "display": 0, "period1": 3, "period2": 0, "normaltime": 0}, "time": {"current": 4596, "period1": 2360, "period2": 2236, "currentPeriodStartTimestamp": 1626415092}, "changes": {"changes": ["status.code", "status.description", "status.type", "homeScore.current", "homeScore.display", "homeScore.period2", "homeScore.normaltime", "awayScore.normaltime", "time.current", "time.period2"], "changeTimestamp": 1626415165}, "hasGlobalHighlights": false, "id": 9645600, "startTimestamp": 1626409800, "slug": "smirnov-nikiforov", "periods": {"point": "Game", "current": "Match", "period1": "1st set", "period2": "2nd set", "period3": "3rd set", "period4": "4th set", "period5": "5th set"}, "finalResultOnly": false}, {"tournament": {"name": "Liga Pro", "slug": "liga-pro", "category": {"name": "Other", "slug": "other", "sport": {"name": "Tennis", "slug": "tennis", "id": 5}, "id": 1555, "flag": "other"}, "uniqueTournament": {"name": "Liga Pro", "slug": "liga-pro", "category": {"name": "Other", "slug": "other", "sport": {"name": "Tennis", "slug": "tennis", "id": 5}, "id": 1555, "flag": "other"}, "userCount": 98, "id": 14770, "hasEventPlayerStatistics": false}, "id": 79016}, "customId": "nJQsJNgb", "status": {"code": 100, "description": "Ended", "type": "finished"}, "winnerCode": 1, "homeTeam": {"name": "Smirnov A.", "slug": "smirnov-andrei", "shortName": "Smirnov A.", "gender": "M", "userCount": 13, "nameCode": "SMI", "national": false, "type": 1, "id": 141934, "subTeams": [], "teamColors": {"primary": "#52b030", "secondary": "#52b030", "text": "#ffffff"}}, "awayTeam": {"name": "Nikiforov A.", "slug": "nikiforov-alexey", "shortName": "Nikiforov A.", "gender": "M", "userCount": 19, "nameCode": "NIK", "national": false, "type": 1, "id": 104213, "subTeams": [], "teamColors": {"primary": "#52b030", "secondary": "#52b030", "text": "#ffffff"}}, "homeScore": {"current": 2, "display": 2, "period1": 6, "period2": 4, "period3": 10, "normaltime": 2}, "awayScore": {"current": 1, "display": 1, "period1": 2, "period2": 6, "period3": 7, "normaltime": 1}, "time": {"current": 6780, "period1": 3050, "period2": 2977, "period3": 753, "currentPeriodStartTimestamp": 1626423212}, "changes": {"changes": ["status.code", "status.description", "status.type", "homeScore.current", "homeScore.display", "homeScore.period3", "homeScore.normaltime", "awayScore.period3", "awayScore.normaltime", "time.current", "time.period3"], "changeTimestamp": 1626423270}, "hasGlobalHighlights": false, "id": 9645601, "startTimestamp": 1626415200, "slug": "smirnov-nikiforov", "periods": {"point": "Game", "current": "Match", "period1": "1st set", "period2": "2nd set", "period3": "3rd set", "period4": "4th set", "period5": "5th set"}, "finalResultOnly": false}], "hasNextPage": true}