{"events": [{"tournament": {"name": "Liga Pro", "slug": "liga-pro", "category": {"name": "Other", "slug": "other", "sport": {"name": "Tennis", "slug": "tennis", "id": 5}, "id": 1555, "flag": "other"}, "uniqueTournament": {"name": "Liga Pro", "slug": "liga-pro", "category": {"name": "Other", "slug": "other", "sport": {"name": "Tennis", "slug": "tennis", "id": 5}, "id": 1555, "flag": "other"}, "userCount": 98, "id": 14770, "hasEventPlayerStatistics": false}, "id": 79016}, "customId": "cjedspned", "status": {"code": 100, "description": "Ended", "type": "finished"}, "winnerCode": 1, "homeTeam": {"name": "Berezhnov S.", "slug": "berezhnov-sergey", "shortName": "Berezhnov S.", "userCount": 9, "nameCode": "BSE", "national": false, "type": 1, "id": 385665, "subTeams": [], "teamColors": {"primary": "#52b030", "secondary": "#52b030", "text": "#ffffff"}}, "awayTeam": {"name": "Volkov D.", "slug": "volkov-dmitriy", "shortName": "Volkov D.", "userCount": 18, "nameCode": "VDM", "national": false, "type": 1, "id": 385452, "subTeams": [], "teamColors": {"primary": "#52b030", "secondary": "#52b030", "text": "#ffffff"}}, "homeScore": {"current": 2, "display": 2, "period1": 6, "period2": 6, "normaltime": 2}, "awayScore": {"current": 0, "display": 0, "period1": 3, "period2": 3, "normaltime": 0}, "time": {"current": 5284, "period1": 2444, "period2": 2840, "currentPeriodStartTimestamp": 1625164479}, "changes": {"changes": ["status.code", "status.description", "status.type", "homeScore.current", "homeScore.display", "homeScore.period2", "homeScore.normaltime", "awayScore.normaltime", "time.current", "time.period2"], "changeTimestamp": 1625164524}, "hasGlobalHighlights": false, "id": 9602793, "startTimestamp": 1625158800, "slug": "berezhnov-volkov", "periods": {"point": "Game", "current": "Match", "period1": "1st set", "period2": "2nd set", "period3": "3rd set", "period4": "4th set", "period5": "5th set"}, "finalResultOnly": false}, {"tournament": {"name": "Liga Pro", "slug": "liga-pro", "category": {"name": "Other", "slug": "other", "sport": {"name": "Tennis", "slug": "tennis", "id": 5}, "id": 1555, "flag": "other"}, "uniqueTournament": {"name": "Liga Pro", "slug": "liga-pro", "category": {"name": "Other", "slug": "other", "sport": {"name": "Tennis", "slug": "tennis", "id": 5}, "id": 1555, "flag": "other"}, "userCount": 98, "id": 14770, "hasEventPlayerStatistics": false}, "id": 79016}, "customId": "cjedspned", "status": {"code": 100, "description": "Ended", "type": "finished"}, "winnerCode": 2, "homeTeam": {"name": "Volkov D.", "slug": "volkov-dmitriy", "shortName": "Volkov D.", "userCount": 18, "nameCode": "VDM", "national": false, "type": 1, "id": 385452, "subTeams": [], "teamColors": {"primary": "#52b030", "secondary": "#52b030", "text": "#ffffff"}}, "awayTeam": {"name": "Berezhnov S.", "slug": "berezhnov-sergey", "shortName": "Berezhnov S.", "userCount": 9, "nameCode": "BSE", "national": false, "type": 1, "id": 385665, "subTeams": [], "teamColors": {"primary": "#52b030", "secondary": "#52b030", "text": "#ffffff"}}, "homeScore": {"current": 0, "display": 0, "period1": 3, "period2": 3, "normaltime": 0}, "awayScore": {"current": 2, "display": 2, "period1": 6, "period2": 6, "normaltime": 2}, "time": {"current": 5661, "period1": 2547, "period2": 3114, "currentPeriodStartTimestamp": 1625171038}, "changes": {"changes": ["status.code", "status.description", "status.type", "homeScore.normaltime", "awayScore.current", "awayScore.display", "awayScore.period2", "awayScore.normaltime", "time.current", "time.period2"], "changeTimestamp": 1625171187}, "hasGlobalHighlights": false, "id": 9602760, "startTimestamp": 1625164200, "slug": "berezhnov-volkov", "periods": {"point": "Game", "current": "Match", "period1": "1st set", "period2": "2nd set", "period3": "3rd set", "period4": "4th set", "period5": "5th set"}, "finalResultOnly": false}, {"tournament": {"name": "Liga Pro", "slug": "liga-pro", "category": {"name": "Other", "slug": "other", "sport": {"name": "Tennis", "slug": "tennis", "id": 5}, "id": 1555, "flag": "other"}, "uniqueTournament": {"name": "Liga Pro", "slug": "liga-pro", "category": {"name": "Other", "slug": "other", "sport": {"name": "Tennis", "slug": "tennis", "id": 5}, "id": 1555, "flag": "other"}, "userCount": 98, "id": 14770, "hasEventPlayerStatistics": false}, "id": 79016}, "customId": "nJQsRxfb", "status": {"code": 100, "description": "Ended", "type": "finished"}, "winnerCode": 2, "homeTeam": {"name": "Pryakhin V.", "slug": "pryakhin-vladislav", "shortName": "Pryakhin V.", "gender": "M", "userCount": 7, "nameCode": "PRY", "national": false, "type": 1, "id": 138642, "subTeams": [], "teamColors": {"primary": "#52b030", "secondary": "#52b030", "text": "#ffffff"}}, "awayTeam": {"name": "Nikiforov A.", "slug": "nikiforov-alexey", "shortName": "Nikiforov A.", "gender": "M", "userCount": 19, "nameCode": "NIK", "national": false, "type": 1, "id": 104213, "subTeams": [], "teamColors": {"primary": "#52b030", "secondary": "#52b030", "text": "#ffffff"}}, "homeScore": {"current": 0, "display": 0, "period1": 2, "period2": 4, "normaltime": 0}, "awayScore": {"current": 2, "display": 2, "period1": 6, "period2": 6, "normaltime": 2}, "time": {"current": 4151, "period1": 1555, "period2": 2596, "currentPeriodStartTimestamp": 1625204851}, "changes": {"changes": ["status.code", "status.description", "status.type", "homeScore.normaltime", "awayScore.current", "awayScore.display", "awayScore.period2", "awayScore.normaltime", "time.current", "time.period2"], "changeTimestamp": 1625205029}, "hasGlobalHighlights": false, "id": 9605518, "startTimestamp": 1625200200, "slug": "pryakhin-nikiforov", "periods": {"point": "Game", "current": "Match", "period1": "1st set", "period2": "2nd set", "period3": "3rd set", "period4": "4th set", "period5": "5th set"}, "finalResultOnly": false}, {"tournament": {"name": "Liga Pro", "slug": "liga-pro", "category": {"name": "Other", "slug": "other", "sport": {"name": "Tennis", "slug": "tennis", "id": 5}, "id": 1555, "flag": "other"}, "uniqueTournament": {"name": "Liga Pro", "slug": "liga-pro", "category": {"name": "Other", "slug": "other", "sport": {"name": "Tennis", "slug": "tennis", "id": 5}, "id": 1555, "flag": "other"}, "userCount": 98, "id": 14770, "hasEventPlayerStatistics": false}, "id": 79016}, "customId": "nJQsRxfb", "status": {"code": 100, "description": "Ended", "type": "finished"}, "winnerCode": 1, "homeTeam": {"name": "Nikiforov A.", "slug": "nikiforov-alexey", "shortName": "Nikiforov A.", "gender": "M", "userCount": 19, "nameCode": "NIK", "national": false, "type": 1, "id": 104213, "subTeams": [], "teamColors": {"primary": "#52b030", "secondary": "#52b030", "text": "#ffffff"}}, "awayTeam": {"name": "Pryakhin V.", "slug": "pryakhin-vladislav", "shortName": "Pryakhin V.", "gender": "M", "userCount": 7, "nameCode": "PRY", "national": false, "type": 1, "id": 138642, "subTeams": [], "teamColors": {"primary": "#52b030", "secondary": "#52b030", "text": "#ffffff"}}, "homeScore": {"current": 2, "display": 2, "period1": 6, "period2": 6, "normaltime": 2}, "awayScore": {"current": 0, "display": 0, "period1": 0, "period2": 3, "normaltime": 0}, "time": {"current": 2235, "period1": 287, "period2": 1948, "currentPeriodStartTimestamp": 1625208850}, "changes": {"changes": ["status.code", "status.description", "status.type", "homeScore.current", "homeScore.display", "homeScore.period2", "homeScore.normaltime", "awayScore.normaltime", "time.current", "time.period2"], "changeTimestamp": 1625208984}, "hasGlobalHighlights": false, "id": 9605534, "startTimestamp": 1625205600, "slug": "pryakhin-nikiforov", "periods": {"point": "Game", "current": "Match", "period1": "1st set", "period2": "2nd set", "period3": "3rd set", "period4": "4th set", "period5": "5th set"}, "finalResultOnly": false}, {"tournament": {"name": "Liga Pro", "slug": "liga-pro", "category": {"name": "Other", "slug": "other", "sport": {"name": "Tennis", "slug": "tennis", "id": 5}, "id": 1555, "flag": "other"}, "uniqueTournament": {"name": "Liga Pro", "slug": "liga-pro", "category": {"name": "Other", "slug": "other", "sport": {"name": "Tennis", "slug": "tennis", "id": 5}, "id": 1555, "flag": "other"}, "userCount": 98, "id": 14770, "hasEventPlayerStatistics": false}, "id": 79016}, "customId": "hfedsPved", "status": {"code": 100, "description": "Ended", "type": "finished"}, "winnerCode": 2, "homeTeam": {"name": "Belousov A.", "slug": "belousov-artem", "shortName": "Belousov A.", "userCount": 9, "nameCode": "BAR", "national": false, "type": 1, "id": 385257, "subTeams": [], "teamColors": {"primary": "#52b030", "secondary": "#52b030", "text": "#ffffff"}}, "awayTeam": {"name": "Trifonov V.", "slug": "trifonov-vasily", "shortName": "Trifonov V.", "gender": "M", "userCount": 3, "nameCode": "TVA", "national": false, "type": 1, "id": 386040, "subTeams": [], "teamColors": {"primary": "#52b030", "secondary": "#52b030", "text": "#ffffff"}}, "homeScore": {"current": 0, "display": 0, "period1": 1, "period2": 3, "normaltime": 0}, "awayScore": {"current": 2, "display": 2, "period1": 6, "period2": 6, "normaltime": 2}, "time": {"current": 4420, "period1": 1641, "period2": 2779, "currentPeriodStartTimestamp": 1625251311}, "changes": {"changes": ["status.code", "status.description", "status.type", "homeScore.normaltime", "awayScore.current", "awayScore.display", "awayScore.period2", "awayScore.normaltime", "time.current", "time.period2"], "changeTimestamp": 1625251463}, "hasGlobalHighlights": false, "id": 9605779, "startTimestamp": 1625245200, "slug": "trifonov-belousov", "periods": {"point": "Game", "current": "Match", "period1": "1st set", "period2": "2nd set", "period3": "3rd set", "period4": "4th set", "period5": "5th set"}, "finalResultOnly": false}, {"tournament": {"name": "Liga Pro", "slug": "liga-pro", "category": {"name": "Other", "slug": "other", "sport": {"name": "Tennis", "slug": "tennis", "id": 5}, "id": 1555, "flag": "other"}, "uniqueTournament": {"name": "Liga Pro", "slug": "liga-pro", "category": {"name": "Other", "slug": "other", "sport": {"name": "Tennis", "slug": "tennis", "id": 5}, "id": 1555, "flag": "other"}, "userCount": 98, "id": 14770, "hasEventPlayerStatistics": false}, "id": 79016}, "customId": "hfedsPved", "status": {"code": 100, "description": "Ended", "type": "finished"}, "winnerCode": 2, "homeTeam": {"name": "Trifonov V.", "slug": "trifonov-vasily", "shortName": "Trifonov V.", "gender": "M", "userCount": 3, "nameCode": "TVA", "national": false, "type": 1, "id": 386040, "subTeams": [], "teamColors": {"primary": "#52b030", "secondary": "#52b030", "text": "#ffffff"}}, "awayTeam": {"name": "Belousov A.", "slug": "belousov-artem", "shortName": "Belousov A.", "userCount": 9, "nameCode": "BAR", "national": false, "type": 1, "id": 385257, "subTeams": [], "teamColors": {"primary": "#52b030", "secondary": "#52b030", "text": "#ffffff"}}, "homeScore": {"current": 1, "display": 1, "period1": 2, "period2": 6, "period3": 5, "normaltime": 1}, "awayScore": {"current": 2, "display": 2, "period1": 6, "period2": 3, "period3": 10, "normaltime": 2}, "time": {"current": 6475, "period1": 3004, "period2": 2719, "period3": 752, "currentPeriodStartTimestamp": 1625258642}, "changes": {"changes": ["status.code", "status.description", "status.type", "homeScore.period3", "homeScore.normaltime", "awayScore.current", "awayScore.display", "awayScore.period3", "awayScore.normaltime", "time.current", "time.period3"], "changeTimestamp": 1625258665}, "hasGlobalHighlights": false, "id": 9605704, "startTimestamp": 1625250600, "slug": "trifonov-belousov", "periods": {"point": "Game", "current": "Match", "period1": "1st set", "period2": "2nd set", "period3": "3rd set", "period4": "4th set", "period5": "5th set"}, "finalResultOnly": false}, {"tournament": {"name": "Liga Pro", "slug": "liga-pro", "category": {"name": "Other", "slug": "other", "sport": {"name": "Tennis", "slug": "tennis", "id": 5}, "id": 1555, "flag": "other"}, "uniqueTournament": {"name": "Liga Pro", "slug": "liga-pro", "category": {"name": "Other", "slug": "other", "sport": {"name": "Tennis", "slug": "tennis", "id": 5}, "id": 1555, "flag": "other"}, "userCount": 98, "id": 14770, "hasEventPlayerStatistics": false}, "id": 79016}, "customId": "glPcsoued", "status": {"code": 100, "description": "Ended", "type": "finished"}, "winnerCode": 2, "homeTeam": {"name": "Chuvilgin L.", "slug": "chuvilgin-leonid", "shortName": "Chuvilgin L.", "userCount": 7, "nameCode": "CLE", "national": false, "type": 1, "id": 350556, "subTeams": [], "teamColors": {"primary": "#52b030", "secondary": "#52b030", "text": "#ffffff"}}, "awayTeam": {"name": "Krylov I.", "slug": "krylov-igor", "shortName": "Krylov I.", "userCount": 10, "nameCode": "KIG", "national": false, "type": 1, "id": 385964, "subTeams": [], "teamColors": {"primary": "#52b030", "secondary": "#52b030", "text": "#ffffff"}}, "homeScore": {"current": 1, "display": 1, "period1": 6, "period2": 2, "period3": 12, "normaltime": 1}, "awayScore": {"current": 2, "display": 2, "period1": 4, "period2": 6, "period3": 14, "normaltime": 2}, "time": {"current": 5607, "period1": 2158, "period2": 2341, "period3": 1108, "currentPeriodStartTimestamp": 1625292563}, "changes": {"changes": ["status.code", "status.description", "status.type", "homeScore.period3", "homeScore.normaltime", "awayScore.current", "awayScore.display", "awayScore.period3", "awayScore.normaltime", "time.current", "time.period3"], "changeTimestamp": 1625292684}, "hasGlobalHighlights": false, "id": 9607020, "startTimestamp": 1625286600, "slug": "krylov-chuvilgin", "periods": {"point": "Game", "current": "Match", "period1": "1st set", "period2": "2nd set", "period3": "3rd set", "period4": "4th set", "period5": "5th set"}, "finalResultOnly": false}, {"tournament": {"name": "Liga Pro", "slug": "liga-pro", "category": {"name": "Other", "slug": "other", "sport": {"name": "Tennis", "slug": "tennis", "id": 5}, "id": 1555, "flag": "other"}, "uniqueTournament": {"name": "Liga Pro", "slug": "liga-pro", "category": {"name": "Other", "slug": "other", "sport": {"name": "Tennis", "slug": "tennis", "id": 5}, "id": 1555, "flag": "other"}, "userCount": 98, "id": 14770, "hasEventPlayerStatistics": false}, "id": 79016}, "customId": "glPcsoued", "status": {"code": 100, "description": "Ended", "type": "finished"}, "winnerCode": 1, "homeTeam": {"name": "Krylov I.", "slug": "krylov-igor", "shortName": "Krylov I.", "userCount": 10, "nameCode": "KIG", "national": false, "type": 1, "id": 385964, "subTeams": [], "teamColors": {"primary": "#52b030", "secondary": "#52b030", "text": "#ffffff"}}, "awayTeam": {"name": "Chuvilgin L.", "slug": "chuvilgin-leonid", "shortName": "Chuvilgin L.", "userCount": 7, "nameCode": "CLE", "national": false, "type": 1, "id": 350556, "subTeams": [], "teamColors": {"primary": "#52b030", "secondary": "#52b030", "text": "#ffffff"}}, "homeScore": {"current": 2, "display": 2, "period1": 6, "period2": 6, "normaltime": 2}, "awayScore": {"current": 0, "display": 0, "period1": 2, "period2": 3, "normaltime": 0}, "time": {"current": 3585, "period1": 1720, "period2": 1865, "currentPeriodStartTimestamp": 1625296839}, "changes": {"changes": ["status.code", "status.description", "status.type", "homeScore.current", "homeScore.display", "homeScore.period2", "homeScore.normaltime", "awayScore.normaltime", "time.current", "time.period2"], "changeTimestamp": 1625297002}, "hasGlobalHighlights": false, "id": 9607021, "startTimestamp": 1625292000, "slug": "krylov-chuvilgin", "periods": {"point": "Game", "current": "Match", "period1": "1st set", "period2": "2nd set", "period3": "3rd set", "period4": "4th set", "period5": "5th set"}, "finalResultOnly": false}, {"tournament": {"name": "Liga Pro", "slug": "liga-pro", "category": {"name": "Other", "slug": "other", "sport": {"name": "Tennis", "slug": "tennis", "id": 5}, "id": 1555, "flag": "other"}, "uniqueTournament": {"name": "Liga Pro", "slug": "liga-pro", "category": {"name": "Other", "slug": "other", "sport": {"name": "Tennis", "slug": "tennis", "id": 5}, "id": 1555, "flag": "other"}, "userCount": 98, "id": 14770, "hasEventPlayerStatistics": false}, "id": 79016}, "customId": "cjedskued", "status": {"code": 100, "description": "Ended", "type": "finished"}, "winnerCode": 2, "homeTeam": {"name": "Kondrashov A.", "slug": "kondrashov-anton", "shortName": "Kondrashov A.", "userCount": 9, "nameCode": "KAN", "national": false, "type": 1, "id": 385960, "subTeams": [], "teamColors": {"primary": "#52b030", "secondary": "#52b030", "text": "#ffffff"}}, "awayTeam": {"name": "Volkov D.", "slug": "volkov-dmitriy", "shortName": "Volkov D.", "userCount": 18, "nameCode": "VDM", "national": false, "type": 1, "id": 385452, "subTeams": [], "teamColors": {"primary": "#52b030", "secondary": "#52b030", "text": "#ffffff"}}, "homeScore": {"current": 0, "display": 0, "period1": 2, "period2": 1, "normaltime": 0}, "awayScore": {"current": 2, "display": 2, "period1": 6, "period2": 6, "normaltime": 2}, "time": {"current": 3720, "period1": 1791, "period2": 1929, "currentPeriodStartTimestamp": 1625335718}, "changes": {"changes": ["status.code", "status.description", "status.type", "homeScore.normaltime", "awayScore.current", "awayScore.display", "awayScore.period2", "awayScore.normaltime", "time.current", "time.period2"], "changeTimestamp": 1625335888}, "hasGlobalHighlights": false, "id": 9607022, "startTimestamp": 1625331600, "slug": "kondrashov-volkov", "periods": {"point": "Game", "current": "Match", "period1": "1st set", "period2": "2nd set", "period3": "3rd set", "period4": "4th set", "period5": "5th set"}, "finalResultOnly": false}, {"tournament": {"name": "Liga Pro", "slug": "liga-pro", "category": {"name": "Other", "slug": "other", "sport": {"name": "Tennis", "slug": "tennis", "id": 5}, "id": 1555, "flag": "other"}, "uniqueTournament": {"name": "Liga Pro", "slug": "liga-pro", "category": {"name": "Other", "slug": "other", "sport": {"name": "Tennis", "slug": "tennis", "id": 5}, "id": 1555, "flag": "other"}, "userCount": 98, "id": 14770, "hasEventPlayerStatistics": false}, "id": 79016}, "customId": "cjedskued", "status": {"code": 100, "description": "Ended", "type": "finished"}, "winnerCode": 2, "homeTeam": {"name": "Volkov D.", "slug": "volkov-dmitriy", "shortName": "Volkov D.", "userCount": 18, "nameCode": "VDM", "national": false, "type": 1, "id": 385452, "subTeams": [], "teamColors": {"primary": "#52b030", "secondary": "#52b030", "text": "#ffffff"}}, "awayTeam": {"name": "Kondrashov A.", "slug": "kondrashov-anton", "shortName": "Kondrashov A.", "userCount": 9, "nameCode": "KAN", "national": false, "type": 1, "id": 385960, "subTeams": [], "teamColors": {"primary": "#52b030", "secondary": "#52b030", "text": "#ffffff"}}, "homeScore": {"current": 0, "display": 0, "period1": 4, "period2": 4, "normaltime": 0}, "awayScore": {"current": 2, "display": 2, "period1": 6, "period2": 6, "normaltime": 2}, "time": {"current": 6179, "period1": 2544, "period2": 3635, "currentPeriodStartTimestamp": 1625343249}, "changes": {"changes": ["status.code", "status.description", "status.type", "homeScore.normaltime", "awayScore.current", "awayScore.display", "awayScore.period2", "awayScore.normaltime", "time.current", "time.period2"], "changeTimestamp": 1625343263}, "hasGlobalHighlights": false, "id": 9607151, "startTimestamp": 1625337000, "slug": "kondrashov-volkov", "periods": {"point": "Game", "current": "Match", "period1": "1st set", "period2": "2nd set", "period3": "3rd set", "period4": "4th set", "period5": "5th set"}, "finalResultOnly": false}, {"tournament": {"name": "Liga Pro", "slug": "liga-pro", "category": {"name": "Other", "slug": "other", "sport": {"name": "Tennis", "slug": "tennis", "id": 5}, "id": 1555, "flag": "other"}, "uniqueTournament": {"name": "Liga Pro", "slug": "liga-pro", "category": {"name": "Other", "slug": "other", "sport": {"name": "Tennis", "slug": "tennis", "id": 5}, "id": 1555, "flag": "other"}, "userCount": 98, "id": 14770, "hasEventPlayerStatistics": false}, "id": 79016}, "customId": "nJQslued", "status": {"code": 100, "description": "Ended", "type": "finished"}, "winnerCode": 2, "homeTeam": {"name": "Suvorov M.", "slug": "suvorov-mikhail", "shortName": "Suvorov M.", "userCount": 10, "nameCode": "SMI", "national": false, "type": 1, "id": 385961, "subTeams": [], "teamColors": {"primary": "#52b030", "secondary": "#52b030", "text": "#ffffff"}}, "awayTeam": {"name": "Nikiforov A.", "slug": "nikiforov-alexey", "shortName": "Nikiforov A.", "gender": "M", "userCount": 19, "nameCode": "NIK", "national": false, "type": 1, "id": 104213, "subTeams": [], "teamColors": {"primary": "#52b030", "secondary": "#52b030", "text": "#ffffff"}}, "homeScore": {"current": 0, "display": 0, "period1": 5, "period2": 4, "normaltime": 0}, "awayScore": {"current": 2, "display": 2, "period1": 7, "period2": 6, "normaltime": 2}, "time": {"current": 6332, "period1": 3531, "period2": 2801, "currentPeriodStartTimestamp": 1625380008}, "changes": {"changes": ["status.code", "status.description", "status.type", "homeScore.normaltime", "awayScore.current", "awayScore.display", "awayScore.period2", "awayScore.normaltime", "time.current", "time.period2"], "changeTimestamp": 1625380169}, "hasGlobalHighlights": false, "id": 9609369, "startTimestamp": 1625373000, "slug": "suvorov-nikiforov", "periods": {"point": "Game", "current": "Match", "period1": "1st set", "period2": "2nd set", "period3": "3rd set", "period4": "4th set", "period5": "5th set"}, "finalResultOnly": false}, {"tournament": {"name": "Liga Pro", "slug": "liga-pro", "category": {"name": "Other", "slug": "other", "sport": {"name": "Tennis", "slug": "tennis", "id": 5}, "id": 1555, "flag": "other"}, "uniqueTournament": {"name": "Liga Pro", "slug": "liga-pro", "category": {"name": "Other", "slug": "other", "sport": {"name": "Tennis", "slug": "tennis", "id": 5}, "id": 1555, "flag": "other"}, "userCount": 98, "id": 14770, "hasEventPlayerStatistics": false}, "id": 79016}, "customId": "nJQslued", "status": {"code": 100, "description": "Ended", "type": "finished"}, "winnerCode": 2, "homeTeam": {"name": "Nikiforov A.", "slug": "nikiforov-alexey", "shortName": "Nikiforov A.", "gender": "M", "userCount": 19, "nameCode": "NIK", "national": false, "type": 1, "id": 104213, "subTeams": [], "teamColors": {"primary": "#52b030", "secondary": "#52b030", "text": "#ffffff"}}, "awayTeam": {"name": "Suvorov M.", "slug": "suvorov-mikhail", "shortName": "Suvorov M.", "userCount": 10, "nameCode": "SMI", "national": false, "type": 1, "id": 385961, "subTeams": [], "teamColors": {"primary": "#52b030", "secondary": "#52b030", "text": "#ffffff"}}, "homeScore": {"current": 1, "display": 1, "period1": 6, "period2": 5, "period3": 10, "normaltime": 1}, "awayScore": {"current": 2, "display": 2, "period1": 2, "period2": 7, "period3": 12, "normaltime": 2}, "time": {"current": 5743, "period1": 2337, "period2": 2626, "period3": 780, "currentPeriodStartTimestamp": 1625386808}, "changes": {"changes": ["status.code", "status.description", "status.type", "homeScore.period3", "homeScore.normaltime", "awayScore.current", "awayScore.display", "awayScore.period3", "awayScore.normaltime", "time.current", "time.period3"], "changeTimestamp": 1625386824}, "hasGlobalHighlights": false, "id": 9609370, "startTimestamp": 1625378400, "slug": "suvorov-nikiforov", "periods": {"point": "Game", "current": "Match", "period1": "1st set", "period2": "2nd set", "period3": "3rd set", "period4": "4th set", "period5": "5th set"}, "finalResultOnly": false}, {"tournament": {"name": "Liga Pro", "slug": "liga-pro", "category": {"name": "Other", "slug": "other", "sport": {"name": "Tennis", "slug": "tennis", "id": 5}, "id": 1555, "flag": "other"}, "uniqueTournament": {"name": "Liga Pro", "slug": "liga-pro", "category": {"name": "Other", "slug": "other", "sport": {"name": "Tennis", "slug": "tennis", "id": 5}, "id": 1555, "flag": "other"}, "userCount": 98, "id": 14770, "hasEventPlayerStatistics": false}, "id": 79016}, "customId": "EuedsPved", "status": {"code": 100, "description": "Ended", "type": "finished"}, "winnerCode": 1, "homeTeam": {"name": "Batalov V.", "slug": "batalov-vitaly", "shortName": "Batalov V.", "userCount": 2, "nameCode": "BVI", "national": false, "type": 1, "id": 385979, "subTeams": [], "teamColors": {"primary": "#52b030", "secondary": "#52b030", "text": "#ffffff"}}, "awayTeam": {"name": "Trifonov V.", "slug": "trifonov-vasily", "shortName": "Trifonov V.", "gender": "M", "userCount": 3, "nameCode": "TVA", "national": false, "type": 1, "id": 386040, "subTeams": [], "teamColors": {"primary": "#52b030", "secondary": "#52b030", "text": "#ffffff"}}, "homeScore": {"current": 2, "display": 2, "period1": 6, "period2": 6, "normaltime": 2}, "awayScore": {"current": 0, "display": 0, "period1": 2, "period2": 1, "normaltime": 0}, "time": {"current": 5306, "period1": 2357, "period2": 2949, "currentPeriodStartTimestamp": 1625423674}, "changes": {"changes": ["status.code", "status.description", "status.type", "homeScore.current", "homeScore.display", "homeScore.period2", "homeScore.normaltime", "awayScore.normaltime", "time.current", "time.period2"], "changeTimestamp": 1625423727}, "hasGlobalHighlights": false, "id": 9609371, "startTimestamp": 1625418000, "slug": "trifonov-batalov", "periods": {"point": "Game", "current": "Match", "period1": "1st set", "period2": "2nd set", "period3": "3rd set", "period4": "4th set", "period5": "5th set"}, "finalResultOnly": false}, {"tournament": {"name": "Liga Pro", "slug": "liga-pro", "category": {"name": "Other", "slug": "other", "sport": {"name": "Tennis", "slug": "tennis", "id": 5}, "id": 1555, "flag": "other"}, "uniqueTournament": {"name": "Liga Pro", "slug": "liga-pro", "category": {"name": "Other", "slug": "other", "sport": {"name": "Tennis", "slug": "tennis", "id": 5}, "id": 1555, "flag": "other"}, "userCount": 98, "id": 14770, "hasEventPlayerStatistics": false}, "id": 79016}, "customId": "EuedsPved", "status": {"code": 100, "description": "Ended", "type": "finished"}, "winnerCode": 1, "homeTeam": {"name": "Trifonov V.", "slug": "trifonov-vasily", "shortName": "Trifonov V.", "gender": "M", "userCount": 3, "nameCode": "TVA", "national": false, "type": 1, "id": 386040, "subTeams": [], "teamColors": {"primary": "#52b030", "secondary": "#52b030", "text": "#ffffff"}}, "awayTeam": {"name": "Batalov V.", "slug": "batalov-vitaly", "shortName": "Batalov V.", "userCount": 2, "nameCode": "BVI", "national": false, "type": 1, "id": 385979, "subTeams": [], "teamColors": {"primary": "#52b030", "secondary": "#52b030", "text": "#ffffff"}}, "homeScore": {"current": 2, "display": 2, "period1": 6, "period2": 2, "period3": 10, "normaltime": 2}, "awayScore": {"current": 1, "display": 1, "period1": 2, "period2": 6, "period3": 6, "normaltime": 1}, "time": {"current": 5364, "period1": 2381, "period2": 2260, "period3": 723, "currentPeriodStartTimestamp": 1625430090}, "changes": {"changes": ["status.code", "status.description", "status.type", "homeScore.current", "homeScore.display", "homeScore.period3", "homeScore.normaltime", "awayScore.period3", "awayScore.normaltime", "time.current", "time.period3"], "changeTimestamp": 1625430204}, "hasGlobalHighlights": false, "id": 9609372, "startTimestamp": 1625423400, "slug": "trifonov-batalov", "periods": {"point": "Game", "current": "Match", "period1": "1st set", "period2": "2nd set", "period3": "3rd set", "period4": "4th set", "period5": "5th set"}, "finalResultOnly": false}, {"tournament": {"name": "Liga Pro", "slug": "liga-pro", "category": {"name": "Other", "slug": "other", "sport": {"name": "Tennis", "slug": "tennis", "id": 5}, "id": 1555, "flag": "other"}, "uniqueTournament": {"name": "Liga Pro", "slug": "liga-pro", "category": {"name": "Other", "slug": "other", "sport": {"name": "Tennis", "slug": "tennis", "id": 5}, "id": 1555, "flag": "other"}, "userCount": 98, "id": 14770, "hasEventPlayerStatistics": false}, "id": 79016}, "customId": "nuedsoued", "status": {"code": 100, "description": "Ended", "type": "finished"}, "winnerCode": 1, "homeTeam": {"name": "Ovechkin A.", "slug": "ovechkin-andrey", "shortName": "Ovechkin A.", "userCount": 10, "nameCode": "OAN", "national": false, "type": 1, "id": 385963, "subTeams": [], "teamColors": {"primary": "#52b030", "secondary": "#52b030", "text": "#ffffff"}}, "awayTeam": {"name": "Krylov I.", "slug": "krylov-igor", "shortName": "Krylov I.", "userCount": 10, "nameCode": "KIG", "national": false, "type": 1, "id": 385964, "subTeams": [], "teamColors": {"primary": "#52b030", "secondary": "#52b030", "text": "#ffffff"}}, "homeScore": {"current": 2, "display": 2, "period1": 6, "period2": 6, "normaltime": 2}, "awayScore": {"current": 0, "display": 0, "period1": 3, "period2": 0, "normaltime": 0}, "time": {"current": 3157, "period1": 1476, "period2": 1681, "currentPeriodStartTimestamp": 1625463006}, "changes": {"changes": ["status.code", "status.description", "status.type", "homeScore.current", "homeScore.display", "homeScore.period2", "homeScore.normaltime", "awayScore.normaltime", "time.current", "time.period2"], "changeTimestamp": 1625463146}, "hasGlobalHighlights": false, "id": 9610014, "startTimestamp": 1625459400, "slug": "krylov-ovechkin", "periods": {"point": "Game", "current": "Match", "period1": "1st set", "period2": "2nd set", "period3": "3rd set", "period4": "4th set", "period5": "5th set"}, "finalResultOnly": false}, {"tournament": {"name": "Liga Pro", "slug": "liga-pro", "category": {"name": "Other", "slug": "other", "sport": {"name": "Tennis", "slug": "tennis", "id": 5}, "id": 1555, "flag": "other"}, "uniqueTournament": {"name": "Liga Pro", "slug": "liga-pro", "category": {"name": "Other", "slug": "other", "sport": {"name": "Tennis", "slug": "tennis", "id": 5}, "id": 1555, "flag": "other"}, "userCount": 98, "id": 14770, "hasEventPlayerStatistics": false}, "id": 79016}, "customId": "nuedsoued", "status": {"code": 100, "description": "Ended", "type": "finished"}, "winnerCode": 1, "homeTeam": {"name": "Krylov I.", "slug": "krylov-igor", "shortName": "Krylov I.", "userCount": 10, "nameCode": "KIG", "national": false, "type": 1, "id": 385964, "subTeams": [], "teamColors": {"primary": "#52b030", "secondary": "#52b030", "text": "#ffffff"}}, "awayTeam": {"name": "Ovechkin A.", "slug": "ovechkin-andrey", "shortName": "Ovechkin A.", "userCount": 10, "nameCode": "OAN", "national": false, "type": 1, "id": 385963, "subTeams": [], "teamColors": {"primary": "#52b030", "secondary": "#52b030", "text": "#ffffff"}}, "homeScore": {"current": 2, "display": 2, "period1": 2, "period2": 7, "period3": 10, "normaltime": 2}, "awayScore": {"current": 1, "display": 1, "period1": 6, "period2": 6, "period3": 2, "normaltime": 1}, "time": {"current": 5809, "period1": 1697, "period2": 3597, "period3": 515, "currentPeriodStartTimestamp": 1625470644}, "changes": {"changes": ["status.code", "status.description", "status.type", "homeScore.current", "homeScore.display", "homeScore.period3", "homeScore.normaltime", "awayScore.period3", "awayScore.normaltime", "time.current", "time.period3"], "changeTimestamp": 1625470704}, "hasGlobalHighlights": false, "id": 9610015, "startTimestamp": 1625464800, "slug": "krylov-ovechkin", "periods": {"point": "Game", "current": "Match", "period1": "1st set", "period2": "2nd set", "period3": "3rd set", "period4": "4th set", "period5": "5th set"}, "finalResultOnly": false}, {"tournament": {"name": "Liga Pro", "slug": "liga-pro", "category": {"name": "Other", "slug": "other", "sport": {"name": "Tennis", "slug": "tennis", "id": 5}, "id": 1555, "flag": "other"}, "uniqueTournament": {"name": "Liga Pro", "slug": "liga-pro", "category": {"name": "Other", "slug": "other", "sport": {"name": "Tennis", "slug": "tennis", "id": 5}, "id": 1555, "flag": "other"}, "userCount": 98, "id": 14770, "hasEventPlayerStatistics": false}, "id": 79016}, "customId": "pnedskued", "status": {"code": 100, "description": "Ended", "type": "finished"}, "winnerCode": 1, "homeTeam": {"name": "Kondrashov A.", "slug": "kondrashov-anton", "shortName": "Kondrashov A.", "userCount": 9, "nameCode": "KAN", "national": false, "type": 1, "id": 385960, "subTeams": [], "teamColors": {"primary": "#52b030", "secondary": "#52b030", "text": "#ffffff"}}, "awayTeam": {"name": "Berezhnov S.", "slug": "berezhnov-sergey", "shortName": "Berezhnov S.", "userCount": 9, "nameCode": "BSE", "national": false, "type": 1, "id": 385665, "subTeams": [], "teamColors": {"primary": "#52b030", "secondary": "#52b030", "text": "#ffffff"}}, "homeScore": {"current": 2, "display": 2, "period1": 6, "period2": 6, "normaltime": 2}, "awayScore": {"current": 0, "display": 0, "period1": 3, "period2": 3, "normaltime": 0}, "time": {"current": 4915, "period1": 2576, "period2": 2339, "currentPeriodStartTimestamp": 1625509759}, "changes": {"changes": ["status.code", "status.description", "status.type", "homeScore.current", "homeScore.display", "homeScore.period2", "homeScore.normaltime", "awayScore.normaltime", "time.current", "time.period2"], "changeTimestamp": 1625509943}, "hasGlobalHighlights": false, "id": 9610137, "startTimestamp": 1625504400, "slug": "kondrashov-berezhnov", "periods": {"point": "Game", "current": "Match", "period1": "1st set", "period2": "2nd set", "period3": "3rd set", "period4": "4th set", "period5": "5th set"}, "finalResultOnly": false}, {"tournament": {"name": "Liga Pro", "slug": "liga-pro", "category": {"name": "Other", "slug": "other", "sport": {"name": "Tennis", "slug": "tennis", "id": 5}, "id": 1555, "flag": "other"}, "uniqueTournament": {"name": "Liga Pro", "slug": "liga-pro", "category": {"name": "Other", "slug": "other", "sport": {"name": "Tennis", "slug": "tennis", "id": 5}, "id": 1555, "flag": "other"}, "userCount": 98, "id": 14770, "hasEventPlayerStatistics": false}, "id": 79016}, "customId": "pnedskued", "status": {"code": 100, "description": "Ended", "type": "finished"}, "winnerCode": 2, "homeTeam": {"name": "Berezhnov S.", "slug": "berezhnov-sergey", "shortName": "Berezhnov S.", "userCount": 9, "nameCode": "BSE", "national": false, "type": 1, "id": 385665, "subTeams": [], "teamColors": {"primary": "#52b030", "secondary": "#52b030", "text": "#ffffff"}}, "awayTeam": {"name": "Kondrashov A.", "slug": "kondrashov-anton", "shortName": "Kondrashov A.", "userCount": 9, "nameCode": "KAN", "national": false, "type": 1, "id": 385960, "subTeams": [], "teamColors": {"primary": "#52b030", "secondary": "#52b030", "text": "#ffffff"}}, "homeScore": {"current": 0, "display": 0, "period1": 0, "period2": 4, "normaltime": 0}, "awayScore": {"current": 2, "display": 2, "period1": 6, "period2": 6, "normaltime": 2}, "time": {"current": 4953, "period1": 2004, "period2": 2949, "currentPeriodStartTimestamp": 1625515578}, "changes": {"changes": ["status.code", "status.description", "status.type", "homeScore.normaltime", "awayScore.current", "awayScore.display", "awayScore.period2", "awayScore.normaltime", "time.current", "time.period2"], "changeTimestamp": 1625515704}, "hasGlobalHighlights": false, "id": 9610454, "startTimestamp": 1625509800, "slug": "kondrashov-berezhnov", "periods": {"point": "Game", "current": "Match", "period1": "1st set", "period2": "2nd set", "period3": "3rd set", "period4": "4th set", "period5": "5th set"}, "finalResultOnly": false}, {"tournament": {"name": "Liga Pro", "slug": "liga-pro", "category": {"name": "Other", "slug": "other", "sport": {"name": "Tennis", "slug": "tennis", "id": 5}, "id": 1555, "flag": "other"}, "uniqueTournament": {"name": "Liga Pro", "slug": "liga-pro", "category": {"name": "Other", "slug": "other", "sport": {"name": "Tennis", "slug": "tennis", "id": 5}, "id": 1555, "flag": "other"}, "userCount": 98, "id": 14770, "hasEventPlayerStatistics": false}, "id": 79016}, "customId": "nJQsRxfb", "status": {"code": 100, "description": "Ended", "type": "finished"}, "winnerCode": 1, "homeTeam": {"name": "Nikiforov A.", "slug": "nikiforov-alexey", "shortName": "Nikiforov A.", "gender": "M", "userCount": 19, "nameCode": "NIK", "national": false, "type": 1, "id": 104213, "subTeams": [], "teamColors": {"primary": "#52b030", "secondary": "#52b030", "text": "#ffffff"}}, "awayTeam": {"name": "Pryakhin V.", "slug": "pryakhin-vladislav", "shortName": "Pryakhin V.", "gender": "M", "userCount": 7, "nameCode": "PRY", "national": false, "type": 1, "id": 138642, "subTeams": [], "teamColors": {"primary": "#52b030", "secondary": "#52b030", "text": "#ffffff"}}, "homeScore": {"current": 2, "display": 2, "period1": 6, "period2": 6, "normaltime": 2}, "awayScore": {"current": 0, "display": 0, "period1": 4, "period2": 3, "normaltime": 0}, "time": {"current": 5302, "period1": 2573, "period2": 2729, "currentPeriodStartTimestamp": 1625551527}, "changes": {"changes": ["status.code", "status.description", "status.type", "homeScore.current", "homeScore.display", "homeScore.period2", "homeScore.normaltime", "awayScore.normaltime", "time.current", "time.period2"], "changeTimestamp": 1625551707}, "hasGlobalHighlights": false, "id": 9612292, "startTimestamp": 1625545800, "slug": "pryakhin-nikiforov", "periods": {"point": "Game", "current": "Match", "period1": "1st set", "period2": "2nd set", "period3": "3rd set", "period4": "4th set", "period5": "5th set"}, "finalResultOnly": false}, {"tournament": {"name": "Liga Pro", "slug": "liga-pro", "category": {"name": "Other", "slug": "other", "sport": {"name": "Tennis", "slug": "tennis", "id": 5}, "id": 1555, "flag": "other"}, "uniqueTournament": {"name": "Liga Pro", "slug": "liga-pro", "category": {"name": "Other", "slug": "other", "sport": {"name": "Tennis", "slug": "tennis", "id": 5}, "id": 1555, "flag": "other"}, "userCount": 98, "id": 14770, "hasEventPlayerStatistics": false}, "id": 79016}, "customId": "nJQsRxfb", "status": {"code": 100, "description": "Ended", "type": "finished"}, "winnerCode": 2, "homeTeam": {"name": "Pryakhin V.", "slug": "pryakhin-vladislav", "shortName": "Pryakhin V.", "gender": "M", "userCount": 7, "nameCode": "PRY", "national": false, "type": 1, "id": 138642, "subTeams": [], "teamColors": {"primary": "#52b030", "secondary": "#52b030", "text": "#ffffff"}}, "awayTeam": {"name": "Nikiforov A.", "slug": "nikiforov-alexey", "shortName": "Nikiforov A.", "gender": "M", "userCount": 19, "nameCode": "NIK", "national": false, "type": 1, "id": 104213, "subTeams": [], "teamColors": {"primary": "#52b030", "secondary": "#52b030", "text": "#ffffff"}}, "homeScore": {"current": 0, "display": 0, "period1": 2, "period2": 2, "normaltime": 0}, "awayScore": {"current": 2, "display": 2, "period1": 6, "period2": 6, "normaltime": 2}, "time": {"current": 3740, "period1": 1851, "period2": 1889, "currentPeriodStartTimestamp": 1625556366}, "changes": {"changes": ["status.code", "status.description", "status.type", "homeScore.normaltime", "awayScore.current", "awayScore.display", "awayScore.period2", "awayScore.normaltime", "time.current", "time.period2"], "changeTimestamp": 1625556383}, "hasGlobalHighlights": false, "id": 9612300, "startTimestamp": 1625551200, "slug": "pryakhin-nikiforov", "periods": {"point": "Game", "current": "Match", "period1": "1st set", "period2": "2nd set", "period3": "3rd set", "period4": "4th set", "period5": "5th set"}, "finalResultOnly": false}, {"tournament": {"name": "Liga Pro", "slug": "liga-pro", "category": {"name": "Other", "slug": "other", "sport": {"name": "Tennis", "slug": "tennis", "id": 5}, "id": 1555, "flag": "other"}, "uniqueTournament": {"name": "Liga Pro", "slug": "liga-pro", "category": {"name": "Other", "slug": "other", "sport": {"name": "Tennis", "slug": "tennis", "id": 5}, "id": 1555, "flag": "other"}, "userCount": 98, "id": 14770, "hasEventPlayerStatistics": false}, "id": 79016}, "customId": "EuedsPved", "status": {"code": 100, "description": "Ended", "type": "finished"}, "winnerCode": 1, "homeTeam": {"name": "Batalov V.", "slug": "batalov-vitaly", "shortName": "Batalov V.", "userCount": 2, "nameCode": "BVI", "national": false, "type": 1, "id": 385979, "subTeams": [], "teamColors": {"primary": "#52b030", "secondary": "#52b030", "text": "#ffffff"}}, "awayTeam": {"name": "Trifonov V.", "slug": "trifonov-vasily", "shortName": "Trifonov V.", "gender": "M", "userCount": 3, "nameCode": "TVA", "national": false, "type": 1, "id": 386040, "subTeams": [], "teamColors": {"primary": "#52b030", "secondary": "#52b030", "text": "#ffffff"}}, "homeScore": {"current": 2, "display": 2, "period1": 6, "period2": 6, "normaltime": 2}, "awayScore": {"current": 0, "display": 0, "period1": 1, "period2": 2, "normaltime": 0}, "time": {"current": 3996, "period1": 1671, "period2": 2325, "currentPeriodStartTimestamp": 1625595226}, "changes": {"changes": ["status.code", "status.description", "status.type", "homeScore.current", "homeScore.display", "homeScore.period2", "homeScore.normaltime", "awayScore.normaltime", "time.current", "time.period2"], "changeTimestamp": 1625595264}, "hasGlobalHighlights": false, "id": 9612301, "startTimestamp": 1625590800, "slug": "trifonov-batalov", "periods": {"point": "Game", "current": "Match", "period1": "1st set", "period2": "2nd set", "period3": "3rd set", "period4": "4th set", "period5": "5th set"}, "finalResultOnly": false}, {"tournament": {"name": "Liga Pro", "slug": "liga-pro", "category": {"name": "Other", "slug": "other", "sport": {"name": "Tennis", "slug": "tennis", "id": 5}, "id": 1555, "flag": "other"}, "uniqueTournament": {"name": "Liga Pro", "slug": "liga-pro", "category": {"name": "Other", "slug": "other", "sport": {"name": "Tennis", "slug": "tennis", "id": 5}, "id": 1555, "flag": "other"}, "userCount": 98, "id": 14770, "hasEventPlayerStatistics": false}, "id": 79016}, "customId": "EuedsPved", "status": {"code": 100, "description": "Ended", "type": "finished"}, "winnerCode": 2, "homeTeam": {"name": "Trifonov V.", "slug": "trifonov-vasily", "shortName": "Trifonov V.", "gender": "M", "userCount": 3, "nameCode": "TVA", "national": false, "type": 1, "id": 386040, "subTeams": [], "teamColors": {"primary": "#52b030", "secondary": "#52b030", "text": "#ffffff"}}, "awayTeam": {"name": "Batalov V.", "slug": "batalov-vitaly", "shortName": "Batalov V.", "userCount": 2, "nameCode": "BVI", "national": false, "type": 1, "id": 385979, "subTeams": [], "teamColors": {"primary": "#52b030", "secondary": "#52b030", "text": "#ffffff"}}, "homeScore": {"current": 0, "display": 0, "period1": 1, "period2": 4, "normaltime": 0}, "awayScore": {"current": 2, "display": 2, "period1": 6, "period2": 6, "normaltime": 2}, "time": {"current": 4093, "period1": 1750, "period2": 2343, "currentPeriodStartTimestamp": 1625600428}, "changes": {"changes": ["status.code", "status.description", "status.type", "homeScore.normaltime", "awayScore.current", "awayScore.display", "awayScore.period2", "awayScore.normaltime", "time.current", "time.period2"], "changeTimestamp": 1625600487}, "hasGlobalHighlights": false, "id": 9612302, "startTimestamp": 1625596200, "slug": "trifonov-batalov", "periods": {"point": "Game", "current": "Match", "period1": "1st set", "period2": "2nd set", "period3": "3rd set", "period4": "4th set", "period5": "5th set"}, "finalResultOnly": false}, {"tournament": {"name": "Liga Pro", "slug": "liga-pro", "category": {"name": "Other", "slug": "other", "sport": {"name": "Tennis", "slug": "tennis", "id": 5}, "id": 1555, "flag": "other"}, "uniqueTournament": {"name": "Liga Pro", "slug": "liga-pro", "category": {"name": "Other", "slug": "other", "sport": {"name": "Tennis", "slug": "tennis", "id": 5}, "id": 1555, "flag": "other"}, "userCount": 98, "id": 14770, "hasEventPlayerStatistics": false}, "id": 79016}, "customId": "ELTbshGed", "status": {"code": 100, "description": "Ended", "type": "finished"}, "winnerCode": 2, "homeTeam": {"name": "Kulikov V.", "slug": "kulikov-vladimir", "shortName": "Kulikov V.", "userCount": 12, "nameCode": "KUL", "national": false, "type": 1, "id": 234329, "subTeams": [], "teamColors": {"primary": "#52b030", "secondary": "#52b030", "text": "#ffffff"}}, "awayTeam": {"name": "Kapustin A.", "slug": "kapustin-andrey", "shortName": "Kapustin A.", "userCount": 11, "nameCode": "KAN", "national": false, "type": 1, "id": 386557, "subTeams": [], "teamColors": {"primary": "#52b030", "secondary": "#52b030", "text": "#ffffff"}}, "homeScore": {"current": 1, "display": 1, "period1": 7, "period2": 1, "period3": 7, "normaltime": 1}, "awayScore": {"current": 2, "display": 2, "period1": 5, "period2": 6, "period3": 10, "normaltime": 2}, "time": {"current": 6981, "period1": 3483, "period2": 2431, "period3": 1067, "currentPeriodStartTimestamp": 1625639608}, "changes": {"changes": ["status.code", "status.description", "status.type", "homeScore.period3", "homeScore.normaltime", "awayScore.current", "awayScore.display", "awayScore.period3", "awayScore.normaltime", "time.current", "time.period3"], "changeTimestamp": 1625639728}, "hasGlobalHighlights": false, "id": 9614484, "startTimestamp": 1625632200, "slug": "kapustin-kulikov", "periods": {"point": "Game", "current": "Match", "period1": "1st set", "period2": "2nd set", "period3": "3rd set", "period4": "4th set", "period5": "5th set"}, "finalResultOnly": false}, {"tournament": {"name": "Liga Pro", "slug": "liga-pro", "category": {"name": "Other", "slug": "other", "sport": {"name": "Tennis", "slug": "tennis", "id": 5}, "id": 1555, "flag": "other"}, "uniqueTournament": {"name": "Liga Pro", "slug": "liga-pro", "category": {"name": "Other", "slug": "other", "sport": {"name": "Tennis", "slug": "tennis", "id": 5}, "id": 1555, "flag": "other"}, "userCount": 98, "id": 14770, "hasEventPlayerStatistics": false}, "id": 79016}, "customId": "ELTbshGed", "status": {"code": 100, "description": "Ended", "type": "finished"}, "winnerCode": 1, "homeTeam": {"name": "Kapustin A.", "slug": "kapustin-andrey", "shortName": "Kapustin A.", "userCount": 11, "nameCode": "KAN", "national": false, "type": 1, "id": 386557, "subTeams": [], "teamColors": {"primary": "#52b030", "secondary": "#52b030", "text": "#ffffff"}}, "awayTeam": {"name": "Kulikov V.", "slug": "kulikov-vladimir", "shortName": "Kulikov V.", "userCount": 12, "nameCode": "KUL", "national": false, "type": 1, "id": 234329, "subTeams": [], "teamColors": {"primary": "#52b030", "secondary": "#52b030", "text": "#ffffff"}}, "homeScore": {"current": 2, "display": 2, "period1": 7, "period2": 6, "normaltime": 2}, "awayScore": {"current": 0, "display": 0, "period1": 6, "period2": 3, "normaltime": 0}, "time": {"current": 7795, "period1": 5064, "period2": 2731, "currentPeriodStartTimestamp": 1625648527}, "changes": {"changes": ["status.code", "status.description", "status.type", "homeScore.current", "homeScore.display", "homeScore.period2", "homeScore.normaltime", "awayScore.normaltime", "time.current", "time.period2"], "changeTimestamp": 1625648547}, "hasGlobalHighlights": false, "id": 9614697, "startTimestamp": 1625637600, "slug": "kapustin-kulikov", "periods": {"point": "Game", "current": "Match", "period1": "1st set", "period2": "2nd set", "period3": "3rd set", "period4": "4th set", "period5": "5th set"}, "finalResultOnly": false}, {"tournament": {"name": "Liga Pro", "slug": "liga-pro", "category": {"name": "Other", "slug": "other", "sport": {"name": "Tennis", "slug": "tennis", "id": 5}, "id": 1555, "flag": "other"}, "uniqueTournament": {"name": "Liga Pro", "slug": "liga-pro", "category": {"name": "Other", "slug": "other", "sport": {"name": "Tennis", "slug": "tennis", "id": 5}, "id": 1555, "flag": "other"}, "userCount": 98, "id": 14770, "hasEventPlayerStatistics": false}, "id": 79016}, "customId": "vfedswfed", "status": {"code": 100, "description": "Ended", "type": "finished"}, "winnerCode": 1, "homeTeam": {"name": "Oganov Z.", "slug": "oganov-zoriy", "shortName": "Oganov Z.", "userCount": 7, "nameCode": "OZO", "national": false, "type": 1, "id": 385270, "subTeams": [], "teamColors": {"primary": "#52b030", "secondary": "#52b030", "text": "#ffffff"}}, "awayTeam": {"name": "Zaychikov V.", "slug": "zaychikov-vitaliy", "shortName": "Zaychikov V.", "userCount": 4, "nameCode": "ZVI", "national": false, "type": 1, "id": 385271, "subTeams": [], "teamColors": {"primary": "#52b030", "secondary": "#52b030", "text": "#ffffff"}}, "homeScore": {"current": 2, "display": 2, "period1": 7, "period2": 7, "normaltime": 2}, "awayScore": {"current": 0, "display": 0, "period1": 5, "period2": 6, "normaltime": 0}, "time": {"current": 8336, "period1": 3378, "period2": 4958, "currentPeriodStartTimestamp": 1625685664}, "changes": {"changes": ["status.code", "status.description", "status.type", "homeScore.current", "homeScore.display", "homeScore.period2", "homeScore.normaltime", "awayScore.normaltime", "time.current", "time.period2"], "changeTimestamp": 1625685804}, "hasGlobalHighlights": false, "id": 9614698, "startTimestamp": 1625677200, "slug": "zaychikov-oganov", "periods": {"point": "Game", "current": "Match", "period1": "1st set", "period2": "2nd set", "period3": "3rd set", "period4": "4th set", "period5": "5th set"}, "finalResultOnly": false}, {"tournament": {"name": "Liga Pro", "slug": "liga-pro", "category": {"name": "Other", "slug": "other", "sport": {"name": "Tennis", "slug": "tennis", "id": 5}, "id": 1555, "flag": "other"}, "uniqueTournament": {"name": "Liga Pro", "slug": "liga-pro", "category": {"name": "Other", "slug": "other", "sport": {"name": "Tennis", "slug": "tennis", "id": 5}, "id": 1555, "flag": "other"}, "userCount": 98, "id": 14770, "hasEventPlayerStatistics": false}, "id": 79016}, "customId": "vfedswfed", "status": {"code": 100, "description": "Ended", "type": "finished"}, "winnerCode": 1, "homeTeam": {"name": "Zaychikov V.", "slug": "zaychikov-vitaliy", "shortName": "Zaychikov V.", "userCount": 4, "nameCode": "ZVI", "national": false, "type": 1, "id": 385271, "subTeams": [], "teamColors": {"primary": "#52b030", "secondary": "#52b030", "text": "#ffffff"}}, "awayTeam": {"name": "Oganov Z.", "slug": "oganov-zoriy", "shortName": "Oganov Z.", "userCount": 7, "nameCode": "OZO", "national": false, "type": 1, "id": 385270, "subTeams": [], "teamColors": {"primary": "#52b030", "secondary": "#52b030", "text": "#ffffff"}}, "homeScore": {"current": 2, "display": 2, "period1": 6, "period2": 7, "normaltime": 2}, "awayScore": {"current": 0, "display": 0, "period1": 3, "period2": 6, "normaltime": 0}, "time": {"current": 5694, "period1": 1830, "period2": 3864, "currentPeriodStartTimestamp": 1625692395}, "changes": {"changes": ["status.code", "status.description", "status.type", "homeScore.current", "homeScore.display", "homeScore.period2", "homeScore.normaltime", "awayScore.normaltime", "time.current", "time.period2"], "changeTimestamp": 1625692469}, "hasGlobalHighlights": false, "id": 9614699, "startTimestamp": 1625682600, "slug": "zaychikov-oganov", "periods": {"point": "Game", "current": "Match", "period1": "1st set", "period2": "2nd set", "period3": "3rd set", "period4": "4th set", "period5": "5th set"}, "finalResultOnly": false}, {"tournament": {"name": "Liga Pro", "slug": "liga-pro", "category": {"name": "Other", "slug": "other", "sport": {"name": "Tennis", "slug": "tennis", "id": 5}, "id": 1555, "flag": "other"}, "uniqueTournament": {"name": "Liga Pro", "slug": "liga-pro", "category": {"name": "Other", "slug": "other", "sport": {"name": "Tennis", "slug": "tennis", "id": 5}, "id": 1555, "flag": "other"}, "userCount": 98, "id": 14770, "hasEventPlayerStatistics": false}, "id": 79016}, "customId": "hfedsOGed", "status": {"code": 100, "description": "Ended", "type": "finished"}, "winnerCode": 1, "homeTeam": {"name": "Purygin A.", "slug": "purygin-andrey", "shortName": "Purygin A.", "userCount": 7, "nameCode": "PAN", "national": false, "type": 1, "id": 386589, "subTeams": [], "teamColors": {"primary": "#52b030", "secondary": "#52b030", "text": "#ffffff"}}, "awayTeam": {"name": "Belousov A.", "slug": "belousov-artem", "shortName": "Belousov A.", "userCount": 9, "nameCode": "BAR", "national": false, "type": 1, "id": 385257, "subTeams": [], "teamColors": {"primary": "#52b030", "secondary": "#52b030", "text": "#ffffff"}}, "homeScore": {"current": 2, "display": 2, "period1": 6, "period2": 6, "normaltime": 2}, "awayScore": {"current": 0, "display": 0, "period1": 3, "period2": 4, "normaltime": 0}, "time": {"current": 5089, "period1": 2068, "period2": 3021, "currentPeriodStartTimestamp": 1625724324}, "changes": {"changes": ["status.code", "status.description", "status.type", "homeScore.current", "homeScore.display", "homeScore.period2", "homeScore.normaltime", "awayScore.normaltime", "time.current", "time.period2"], "changeTimestamp": 1625724503}, "hasGlobalHighlights": false, "id": 9617263, "startTimestamp": 1625718600, "slug": "purygin-belousov", "periods": {"point": "Game", "current": "Match", "period1": "1st set", "period2": "2nd set", "period3": "3rd set", "period4": "4th set", "period5": "5th set"}, "finalResultOnly": false}, {"tournament": {"name": "Liga Pro", "slug": "liga-pro", "category": {"name": "Other", "slug": "other", "sport": {"name": "Tennis", "slug": "tennis", "id": 5}, "id": 1555, "flag": "other"}, "uniqueTournament": {"name": "Liga Pro", "slug": "liga-pro", "category": {"name": "Other", "slug": "other", "sport": {"name": "Tennis", "slug": "tennis", "id": 5}, "id": 1555, "flag": "other"}, "userCount": 98, "id": 14770, "hasEventPlayerStatistics": false}, "id": 79016}, "customId": "hfedsOGed", "status": {"code": 100, "description": "Ended", "type": "finished"}, "winnerCode": 1, "homeTeam": {"name": "Belousov A.", "slug": "belousov-artem", "shortName": "Belousov A.", "userCount": 9, "nameCode": "BAR", "national": false, "type": 1, "id": 385257, "subTeams": [], "teamColors": {"primary": "#52b030", "secondary": "#52b030", "text": "#ffffff"}}, "awayTeam": {"name": "Purygin A.", "slug": "purygin-andrey", "shortName": "Purygin A.", "userCount": 7, "nameCode": "PAN", "national": false, "type": 1, "id": 386589, "subTeams": [], "teamColors": {"primary": "#52b030", "secondary": "#52b030", "text": "#ffffff"}}, "homeScore": {"current": 2, "display": 2, "period1": 6, "period2": 6, "normaltime": 2}, "awayScore": {"current": 0, "display": 0, "period1": 1, "period2": 2, "normaltime": 0}, "time": {"current": 3739, "period1": 1903, "period2": 1836, "currentPeriodStartTimestamp": 1625729028}, "changes": {"changes": ["status.code", "status.description", "status.type", "homeScore.current", "homeScore.display", "homeScore.period2", "homeScore.normaltime", "awayScore.normaltime", "time.current", "time.period2"], "changeTimestamp": 1625729183}, "hasGlobalHighlights": false, "id": 9617264, "startTimestamp": 1625724000, "slug": "purygin-belousov", "periods": {"point": "Game", "current": "Match", "period1": "1st set", "period2": "2nd set", "period3": "3rd set", "period4": "4th set", "period5": "5th set"}, "finalResultOnly": false}, {"tournament": {"name": "Liga Pro", "slug": "liga-pro", "category": {"name": "Other", "slug": "other", "sport": {"name": "Tennis", "slug": "tennis", "id": 5}, "id": 1555, "flag": "other"}, "uniqueTournament": {"name": "Liga Pro", "slug": "liga-pro", "category": {"name": "Other", "slug": "other", "sport": {"name": "Tennis", "slug": "tennis", "id": 5}, "id": 1555, "flag": "other"}, "userCount": 98, "id": 14770, "hasEventPlayerStatistics": false}, "id": 79016}, "customId": "gwPcsifed", "status": {"code": 100, "description": "Ended", "type": "finished"}, "winnerCode": 1, "homeTeam": {"name": "Simashev A.", "slug": "simashev-artem", "shortName": "Simashev A.", "userCount": 2, "nameCode": "SAR", "national": false, "type": 1, "id": 385258, "subTeams": [], "teamColors": {"primary": "#52b030", "secondary": "#52b030", "text": "#ffffff"}}, "awayTeam": {"name": "Repin A.", "slug": "repin-alexander", "shortName": "Repin A.", "gender": "M", "userCount": 8, "nameCode": "RAL", "national": false, "type": 1, "id": 351056, "subTeams": [], "teamColors": {"primary": "#52b030", "secondary": "#52b030", "text": "#ffffff"}}, "homeScore": {"current": 2, "display": 2, "period1": 6, "period2": 3, "period3": 10, "normaltime": 2}, "awayScore": {"current": 1, "display": 1, "period1": 4, "period2": 6, "period3": 6, "normaltime": 1}, "time": {"current": 5117, "period1": 2134, "period2": 2196, "period3": 787, "currentPeriodStartTimestamp": 1625769226}, "changes": {"changes": ["status.code", "status.description", "status.type", "homeScore.current", "homeScore.display", "homeScore.period3", "homeScore.normaltime", "awayScore.period3", "awayScore.normaltime", "time.current", "time.period3"], "changeTimestamp": 1625769326}, "hasGlobalHighlights": false, "id": 9617265, "startTimestamp": 1625763600, "slug": "simashev-repin", "periods": {"point": "Game", "current": "Match", "period1": "1st set", "period2": "2nd set", "period3": "3rd set", "period4": "4th set", "period5": "5th set"}, "finalResultOnly": false}, {"tournament": {"name": "Liga Pro", "slug": "liga-pro", "category": {"name": "Other", "slug": "other", "sport": {"name": "Tennis", "slug": "tennis", "id": 5}, "id": 1555, "flag": "other"}, "uniqueTournament": {"name": "Liga Pro", "slug": "liga-pro", "category": {"name": "Other", "slug": "other", "sport": {"name": "Tennis", "slug": "tennis", "id": 5}, "id": 1555, "flag": "other"}, "userCount": 98, "id": 14770, "hasEventPlayerStatistics": false}, "id": 79016}, "customId": "gwPcsifed", "status": {"code": 100, "description": "Ended", "type": "finished"}, "winnerCode": 2, "homeTeam": {"name": "Repin A.", "slug": "repin-alexander", "shortName": "Repin A.", "gender": "M", "userCount": 8, "nameCode": "RAL", "national": false, "type": 1, "id": 351056, "subTeams": [], "teamColors": {"primary": "#52b030", "secondary": "#52b030", "text": "#ffffff"}}, "awayTeam": {"name": "Simashev A.", "slug": "simashev-artem", "shortName": "Simashev A.", "userCount": 2, "nameCode": "SAR", "national": false, "type": 1, "id": 385258, "subTeams": [], "teamColors": {"primary": "#52b030", "secondary": "#52b030", "text": "#ffffff"}}, "homeScore": {"current": 1, "display": 1, "period1": 4, "period2": 6, "period3": 4, "normaltime": 1}, "awayScore": {"current": 2, "display": 2, "period1": 6, "period2": 2, "period3": 10, "normaltime": 2}, "time": {"current": 5791, "period1": 2244, "period2": 2647, "period3": 900, "currentPeriodStartTimestamp": 1625776020}, "changes": {"changes": ["status.code", "status.description", "status.type", "homeScore.period3", "homeScore.normaltime", "awayScore.current", "awayScore.display", "awayScore.period3", "awayScore.normaltime", "time.current", "time.period3"], "changeTimestamp": 1625776162}, "hasGlobalHighlights": false, "id": 9617266, "startTimestamp": 1625769000, "slug": "simashev-repin", "periods": {"point": "Game", "current": "Match", "period1": "1st set", "period2": "2nd set", "period3": "3rd set", "period4": "4th set", "period5": "5th set"}, "finalResultOnly": false}], "hasNextPage": true}