{"statistics": [{"period": "ALL", "groups": [{"groupName": "Service", "statisticsItems": [{"name": "Aces", "home": "1", "away": "1", "compareCode": 3}, {"name": "Double faults", "home": "1", "away": "0", "compareCode": 1}, {"name": "First serve", "home": "39/46 (85%)", "away": "46/53 (87%)", "compareCode": 2}, {"name": "Second serve", "home": "6/7 (86%)", "away": "7/7 (100%)", "compareCode": 2}, {"name": "First serve points", "home": "19/39 (49%)", "away": "31/46 (67%)", "compareCode": 2}, {"name": "Second serve points", "home": "2/7 (29%)", "away": "3/7 (43%)", "compareCode": 2}, {"name": "Break points saved", "home": "4/9 (44%)", "away": "4/4 (100%)", "compareCode": 2}, {"name": "Service games played", "home": "7", "away": "7", "compareCode": 3}]}, {"groupName": "Return", "statisticsItems": [{"name": "First serve return points", "home": "15/46 (32%)", "away": "20/39 (51%)", "compareCode": 2}, {"name": "Second serve return points", "home": "4/7 (57%)", "away": "5/7 (71%)", "compareCode": 3}, {"name": "Break points converted", "home": "0", "away": "5", "compareCode": 2}, {"name": "Return games played", "home": "7", "away": "7", "compareCode": 3}]}, {"groupName": "Points", "statisticsItems": [{"name": "Service points won", "home": "21", "away": "34", "compareCode": 2}, {"name": "Receiver points won", "home": "19", "away": "25", "compareCode": 2}, {"name": "Total points won", "home": "40", "away": "59", "compareCode": 2}, {"name": "Max points in a row", "home": "4", "away": "4", "compareCode": 3}]}]}, {"period": "1ST", "groups": [{"groupName": "Service", "statisticsItems": [{"name": "Aces", "home": "0", "away": "0", "compareCode": 3}, {"name": "Double faults", "home": "0", "away": "0", "compareCode": 3}, {"name": "First serve", "home": "16/20 (80%)", "away": "22/23 (96%)", "compareCode": 2}, {"name": "Second serve", "home": "4/4 (100%)", "away": "1/1 (100%)", "compareCode": 3}, {"name": "First serve points", "home": "9/16 (56%)", "away": "15/22 (68%)", "compareCode": 2}, {"name": "Second serve points", "home": "1/4 (25%)", "away": "1/1 (100%)", "compareCode": 3}, {"name": "Break points saved", "home": "3/5 (60%)", "away": "0/0 (0%)", "compareCode": 2}, {"name": "Service games played", "home": "3", "away": "4", "compareCode": 2}]}, {"groupName": "Return", "statisticsItems": [{"name": "First serve return points", "home": "7/22 (31%)", "away": "7/16 (43%)", "compareCode": 2}, {"name": "Second serve return points", "home": "0/1 (0%)", "away": "3/4 (75%)", "compareCode": 1}, {"name": "Break points converted", "home": "0", "away": "2", "compareCode": 2}, {"name": "Return games played", "home": "4", "away": "3", "compareCode": 2}]}, {"groupName": "Points", "statisticsItems": [{"name": "Service points won", "home": "10", "away": "16", "compareCode": 2}, {"name": "Receiver points won", "home": "7", "away": "10", "compareCode": 2}, {"name": "Total points won", "home": "17", "away": "26", "compareCode": 2}, {"name": "Max points in a row", "home": "4", "away": "4", "compareCode": 3}]}]}, {"period": "2ND", "groups": [{"groupName": "Service", "statisticsItems": [{"name": "Aces", "home": "1", "away": "1", "compareCode": 3}, {"name": "Double faults", "home": "1", "away": "0", "compareCode": 1}, {"name": "First serve", "home": "23/26 (88%)", "away": "24/30 (80%)", "compareCode": 1}, {"name": "Second serve", "home": "2/3 (67%)", "away": "6/6 (100%)", "compareCode": 2}, {"name": "First serve points", "home": "10/23 (43%)", "away": "16/24 (67%)", "compareCode": 2}, {"name": "Second serve points", "home": "1/3 (33%)", "away": "2/6 (33%)", "compareCode": 2}, {"name": "Break points saved", "home": "1/4 (25%)", "away": "4/4 (100%)", "compareCode": 3}, {"name": "Service games played", "home": "4", "away": "3", "compareCode": 1}]}, {"groupName": "Return", "statisticsItems": [{"name": "First serve return points", "home": "8/24 (33%)", "away": "13/23 (56%)", "compareCode": 2}, {"name": "Second serve return points", "home": "4/6 (66%)", "away": "2/3 (66%)", "compareCode": 2}, {"name": "Break points converted", "home": "0", "away": "3", "compareCode": 2}, {"name": "Return games played", "home": "3", "away": "4", "compareCode": 1}]}, {"groupName": "Points", "statisticsItems": [{"name": "Service points won", "home": "11", "away": "18", "compareCode": 2}, {"name": "Receiver points won", "home": "12", "away": "15", "compareCode": 2}, {"name": "Total points won", "home": "23", "away": "33", "compareCode": 2}, {"name": "Max points in a row", "home": "2", "away": "4", "compareCode": 2}]}]}]}