{"statistics": [{"period": "ALL", "groups": [{"groupName": "Service", "statisticsItems": [{"name": "Aces", "home": "1", "away": "0", "compareCode": 1}, {"name": "Double faults", "home": "3", "away": "1", "compareCode": 1}, {"name": "First serve", "home": "70/90 (78%)", "away": "54/67 (81%)", "compareCode": 2}, {"name": "Second serve", "home": "17/20 (85%)", "away": "12/13 (92%)", "compareCode": 2}, {"name": "First serve points", "home": "41/70 (59%)", "away": "23/54 (43%)", "compareCode": 1}, {"name": "Second serve points", "home": "9/20 (45%)", "away": "5/13 (38%)", "compareCode": 1}, {"name": "Break points saved", "home": "5/9 (55%)", "away": "10/16 (62%)", "compareCode": 1}, {"name": "Service games played", "home": "10", "away": "9", "compareCode": 1}]}, {"groupName": "Return", "statisticsItems": [{"name": "First serve return points", "home": "31/54 (57%)", "away": "29/70 (41%)", "compareCode": 1}, {"name": "Second serve return points", "home": "8/13 (61%)", "away": "11/20 (55%)", "compareCode": 1}, {"name": "Break points converted", "home": "6", "away": "4", "compareCode": 1}, {"name": "Return games played", "home": "9", "away": "10", "compareCode": 1}]}, {"groupName": "Points", "statisticsItems": [{"name": "Service points won", "home": "50", "away": "28", "compareCode": 1}, {"name": "Receiver points won", "home": "39", "away": "40", "compareCode": 2}, {"name": "Total points won", "home": "89", "away": "68", "compareCode": 1}, {"name": "Max points in a row", "home": "9", "away": "5", "compareCode": 1}]}]}, {"period": "1ST", "groups": [{"groupName": "Service", "statisticsItems": [{"name": "Aces", "home": "0", "away": "0", "compareCode": 3}, {"name": "Double faults", "home": "2", "away": "1", "compareCode": 1}, {"name": "First serve", "home": "49/67 (73%)", "away": "39/50 (78%)", "compareCode": 2}, {"name": "Second serve", "home": "16/18 (89%)", "away": "10/11 (91%)", "compareCode": 2}, {"name": "First serve points", "home": "26/49 (53%)", "away": "18/39 (46%)", "compareCode": 1}, {"name": "Second serve points", "home": "9/18 (50%)", "away": "5/11 (45%)", "compareCode": 1}, {"name": "Break points saved", "home": "5/8 (62%)", "away": "8/11 (72%)", "compareCode": 1}, {"name": "Service games played", "home": "6", "away": "6", "compareCode": 3}]}, {"groupName": "Return", "statisticsItems": [{"name": "First serve return points", "home": "21/39 (53%)", "away": "23/49 (46%)", "compareCode": 1}, {"name": "Second serve return points", "home": "6/11 (54%)", "away": "9/18 (50%)", "compareCode": 1}, {"name": "Break points converted", "home": "3", "away": "3", "compareCode": 3}, {"name": "Return games played", "home": "6", "away": "6", "compareCode": 3}]}, {"groupName": "Points", "statisticsItems": [{"name": "Service points won", "home": "35", "away": "23", "compareCode": 1}, {"name": "Receiver points won", "home": "27", "away": "32", "compareCode": 2}, {"name": "Total points won", "home": "62", "away": "55", "compareCode": 1}, {"name": "Max points in a row", "home": "6", "away": "5", "compareCode": 1}]}]}, {"period": "2ND", "groups": [{"groupName": "Service", "statisticsItems": [{"name": "Aces", "home": "1", "away": "0", "compareCode": 1}, {"name": "Double faults", "home": "1", "away": "0", "compareCode": 1}, {"name": "First serve", "home": "21/23 (91%)", "away": "15/17 (88%)", "compareCode": 1}, {"name": "Second serve", "home": "1/2 (50%)", "away": "2/2 (100%)", "compareCode": 2}, {"name": "First serve points", "home": "15/21 (71%)", "away": "5/15 (33%)", "compareCode": 1}, {"name": "Second serve points", "home": "0/2 (0%)", "away": "0/2 (0%)", "compareCode": 3}, {"name": "Break points saved", "home": "0/1 (0%)", "away": "2/5 (40%)", "compareCode": 1}, {"name": "Service games played", "home": "4", "away": "3", "compareCode": 1}]}, {"groupName": "Return", "statisticsItems": [{"name": "First serve return points", "home": "10/15 (66%)", "away": "6/21 (28%)", "compareCode": 1}, {"name": "Second serve return points", "home": "2/2 (100%)", "away": "2/2 (100%)", "compareCode": 3}, {"name": "Break points converted", "home": "3", "away": "1", "compareCode": 1}, {"name": "Return games played", "home": "3", "away": "4", "compareCode": 1}]}, {"groupName": "Points", "statisticsItems": [{"name": "Service points won", "home": "15", "away": "5", "compareCode": 1}, {"name": "Receiver points won", "home": "12", "away": "8", "compareCode": 1}, {"name": "Total points won", "home": "27", "away": "13", "compareCode": 1}, {"name": "Max points in a row", "home": "6", "away": "3", "compareCode": 1}]}]}]}