{"statistics": [{"period": "ALL", "groups": [{"groupName": "Service", "statisticsItems": [{"name": "Aces", "home": "0", "away": "0", "compareCode": 3}, {"name": "Double faults", "home": "5", "away": "3", "compareCode": 1}, {"name": "First serve", "home": "53/71 (75%)", "away": "62/75 (83%)", "compareCode": 2}, {"name": "Second serve", "home": "13/18 (72%)", "away": "10/13 (77%)", "compareCode": 2}, {"name": "First serve points", "home": "29/53 (55%)", "away": "34/62 (55%)", "compareCode": 2}, {"name": "Second serve points", "home": "9/18 (50%)", "away": "7/13 (54%)", "compareCode": 1}, {"name": "Break points saved", "home": "4/8 (50%)", "away": "6/11 (54%)", "compareCode": 1}, {"name": "Service games played", "home": "9", "away": "10", "compareCode": 2}]}, {"groupName": "Return", "statisticsItems": [{"name": "First serve return points", "home": "28/62 (45%)", "away": "24/53 (45%)", "compareCode": 2}, {"name": "Second serve return points", "home": "6/13 (46%)", "away": "9/18 (50%)", "compareCode": 1}, {"name": "Break points converted", "home": "5", "away": "4", "compareCode": 1}, {"name": "Return games played", "home": "10", "away": "9", "compareCode": 2}]}, {"groupName": "Points", "statisticsItems": [{"name": "Service points won", "home": "38", "away": "41", "compareCode": 2}, {"name": "Receiver points won", "home": "34", "away": "33", "compareCode": 1}, {"name": "Total points won", "home": "72", "away": "74", "compareCode": 2}, {"name": "Max points in a row", "home": "6", "away": "5", "compareCode": 1}]}]}, {"period": "1ST", "groups": [{"groupName": "Service", "statisticsItems": [{"name": "Aces", "home": "0", "away": "0", "compareCode": 3}, {"name": "Double faults", "home": "2", "away": "0", "compareCode": 1}, {"name": "First serve", "home": "24/29 (83%)", "away": "34/37 (92%)", "compareCode": 2}, {"name": "Second serve", "home": "3/5 (60%)", "away": "3/3 (100%)", "compareCode": 2}, {"name": "First serve points", "home": "12/24 (50%)", "away": "13/34 (38%)", "compareCode": 2}, {"name": "Second serve points", "home": "3/5 (60%)", "away": "2/3 (67%)", "compareCode": 1}, {"name": "Break points saved", "home": "4/6 (66%)", "away": "3/7 (42%)", "compareCode": 1}, {"name": "Service games played", "home": "4", "away": "5", "compareCode": 2}]}, {"groupName": "Return", "statisticsItems": [{"name": "First serve return points", "home": "21/34 (61%)", "away": "12/24 (50%)", "compareCode": 2}, {"name": "Second serve return points", "home": "1/3 (33%)", "away": "2/5 (40%)", "compareCode": 1}, {"name": "Break points converted", "home": "4", "away": "2", "compareCode": 1}, {"name": "Return games played", "home": "5", "away": "4", "compareCode": 2}]}, {"groupName": "Points", "statisticsItems": [{"name": "Service points won", "home": "15", "away": "15", "compareCode": 3}, {"name": "Receiver points won", "home": "22", "away": "14", "compareCode": 1}, {"name": "Total points won", "home": "37", "away": "29", "compareCode": 1}, {"name": "Max points in a row", "home": "5", "away": "5", "compareCode": 3}]}]}, {"period": "2ND", "groups": [{"groupName": "Service", "statisticsItems": [{"name": "Aces", "home": "0", "away": "0", "compareCode": 3}, {"name": "Double faults", "home": "3", "away": "3", "compareCode": 3}, {"name": "First serve", "home": "25/35 (71%)", "away": "23/32 (72%)", "compareCode": 2}, {"name": "Second serve", "home": "7/10 (70%)", "away": "6/9 (67%)", "compareCode": 1}, {"name": "First serve points", "home": "15/25 (60%)", "away": "16/23 (70%)", "compareCode": 2}, {"name": "Second serve points", "home": "5/10 (50%)", "away": "4/9 (44%)", "compareCode": 1}, {"name": "Break points saved", "home": "0/2 (0%)", "away": "3/4 (75%)", "compareCode": 1}, {"name": "Service games played", "home": "5", "away": "5", "compareCode": 3}]}, {"groupName": "Return", "statisticsItems": [{"name": "First serve return points", "home": "7/23 (30%)", "away": "10/25 (40%)", "compareCode": 1}, {"name": "Second serve return points", "home": "5/9 (55%)", "away": "5/10 (50%)", "compareCode": 1}, {"name": "Break points converted", "home": "1", "away": "2", "compareCode": 2}, {"name": "Return games played", "home": "5", "away": "5", "compareCode": 3}]}, {"groupName": "Points", "statisticsItems": [{"name": "Service points won", "home": "20", "away": "20", "compareCode": 3}, {"name": "Receiver points won", "home": "12", "away": "15", "compareCode": 2}, {"name": "Total points won", "home": "32", "away": "35", "compareCode": 2}, {"name": "Max points in a row", "home": "4", "away": "5", "compareCode": 2}]}]}, {"period": "3RD", "groups": [{"groupName": "Service", "statisticsItems": [{"name": "Aces", "home": "0", "away": "0", "compareCode": 3}, {"name": "Double faults", "home": "0", "away": "0", "compareCode": 3}, {"name": "First serve", "home": "4/7 (57%)", "away": "5/6 (83%)", "compareCode": 2}, {"name": "Second serve", "home": "3/3 (100%)", "away": "1/1 (100%)", "compareCode": 3}, {"name": "First serve points", "home": "2/4 (50%)", "away": "5/5 (100%)", "compareCode": 2}, {"name": "Second serve points", "home": "1/3 (33%)", "away": "1/1 (100%)", "compareCode": 3}, {"name": "Break points saved", "home": "0/0 (0%)", "away": "0/0 (0%)", "compareCode": 3}, {"name": "Service games played", "home": "0", "away": "0", "compareCode": 3}]}, {"groupName": "Return", "statisticsItems": [{"name": "First serve return points", "home": "0/5 (0%)", "away": "2/4 (50%)", "compareCode": 1}, {"name": "Second serve return points", "home": "0/1 (0%)", "away": "2/3 (66%)", "compareCode": 1}, {"name": "Break points converted", "home": "0", "away": "0", "compareCode": 3}, {"name": "Return games played", "home": "0", "away": "0", "compareCode": 3}]}, {"groupName": "Points", "statisticsItems": [{"name": "Service points won", "home": "3", "away": "6", "compareCode": 2}, {"name": "Receiver points won", "home": "0", "away": "4", "compareCode": 2}, {"name": "Total points won", "home": "3", "away": "10", "compareCode": 2}, {"name": "Max points in a row", "home": "1", "away": "4", "compareCode": 2}]}]}]}