{"statistics": [{"period": "ALL", "groups": [{"groupName": "Service", "statisticsItems": [{"name": "Aces", "home": "0", "away": "0", "compareCode": 3}, {"name": "Double faults", "home": "2", "away": "1", "compareCode": 1}, {"name": "First serve", "home": "46/53 (87%)", "away": "50/61 (82%)", "compareCode": 1}, {"name": "Second serve", "home": "5/7 (71%)", "away": "10/11 (91%)", "compareCode": 2}, {"name": "First serve points", "home": "22/46 (48%)", "away": "36/50 (72%)", "compareCode": 2}, {"name": "Second serve points", "home": "3/7 (43%)", "away": "5/11 (45%)", "compareCode": 2}, {"name": "Break points saved", "home": "3/7 (42%)", "away": "4/4 (100%)", "compareCode": 2}, {"name": "Service games played", "home": "7", "away": "8", "compareCode": 2}]}, {"groupName": "Return", "statisticsItems": [{"name": "First serve return points", "home": "14/50 (28%)", "away": "24/46 (52%)", "compareCode": 2}, {"name": "Second serve return points", "home": "6/11 (54%)", "away": "4/7 (57%)", "compareCode": 2}, {"name": "Break points converted", "home": "0", "away": "4", "compareCode": 2}, {"name": "Return games played", "home": "8", "away": "7", "compareCode": 2}]}, {"groupName": "Points", "statisticsItems": [{"name": "Service points won", "home": "25", "away": "41", "compareCode": 2}, {"name": "Receiver points won", "home": "20", "away": "28", "compareCode": 2}, {"name": "Total points won", "home": "45", "away": "69", "compareCode": 2}, {"name": "Max points in a row", "home": "3", "away": "7", "compareCode": 2}]}]}, {"period": "1ST", "groups": [{"groupName": "Service", "statisticsItems": [{"name": "Aces", "home": "0", "away": "0", "compareCode": 3}, {"name": "Double faults", "home": "1", "away": "0", "compareCode": 1}, {"name": "First serve", "home": "30/34 (88%)", "away": "24/27 (89%)", "compareCode": 2}, {"name": "Second serve", "home": "3/4 (75%)", "away": "3/3 (100%)", "compareCode": 2}, {"name": "First serve points", "home": "15/30 (50%)", "away": "17/24 (71%)", "compareCode": 2}, {"name": "Second serve points", "home": "2/4 (50%)", "away": "1/3 (33%)", "compareCode": 1}, {"name": "Break points saved", "home": "2/4 (50%)", "away": "0/0 (0%)", "compareCode": 2}, {"name": "Service games played", "home": "4", "away": "4", "compareCode": 3}]}, {"groupName": "Return", "statisticsItems": [{"name": "First serve return points", "home": "7/24 (29%)", "away": "15/30 (50%)", "compareCode": 1}, {"name": "Second serve return points", "home": "2/3 (66%)", "away": "2/4 (50%)", "compareCode": 1}, {"name": "Break points converted", "home": "0", "away": "2", "compareCode": 2}, {"name": "Return games played", "home": "4", "away": "4", "compareCode": 3}]}, {"groupName": "Points", "statisticsItems": [{"name": "Service points won", "home": "17", "away": "18", "compareCode": 2}, {"name": "Receiver points won", "home": "9", "away": "17", "compareCode": 2}, {"name": "Total points won", "home": "26", "away": "35", "compareCode": 2}, {"name": "Max points in a row", "home": "3", "away": "4", "compareCode": 2}]}]}, {"period": "2ND", "groups": [{"groupName": "Service", "statisticsItems": [{"name": "Aces", "home": "0", "away": "0", "compareCode": 3}, {"name": "Double faults", "home": "1", "away": "1", "compareCode": 3}, {"name": "First serve", "home": "16/19 (84%)", "away": "26/34 (76%)", "compareCode": 1}, {"name": "Second serve", "home": "2/3 (67%)", "away": "7/8 (88%)", "compareCode": 2}, {"name": "First serve points", "home": "7/16 (44%)", "away": "19/26 (73%)", "compareCode": 2}, {"name": "Second serve points", "home": "1/3 (33%)", "away": "4/8 (50%)", "compareCode": 2}, {"name": "Break points saved", "home": "1/3 (33%)", "away": "4/4 (100%)", "compareCode": 1}, {"name": "Service games played", "home": "3", "away": "4", "compareCode": 2}]}, {"groupName": "Return", "statisticsItems": [{"name": "First serve return points", "home": "7/26 (26%)", "away": "9/16 (56%)", "compareCode": 2}, {"name": "Second serve return points", "home": "4/8 (50%)", "away": "2/3 (66%)", "compareCode": 2}, {"name": "Break points converted", "home": "0", "away": "2", "compareCode": 2}, {"name": "Return games played", "home": "4", "away": "3", "compareCode": 2}]}, {"groupName": "Points", "statisticsItems": [{"name": "Service points won", "home": "8", "away": "23", "compareCode": 2}, {"name": "Receiver points won", "home": "11", "away": "11", "compareCode": 3}, {"name": "Total points won", "home": "19", "away": "34", "compareCode": 2}, {"name": "Max points in a row", "home": "3", "away": "7", "compareCode": 2}]}]}]}