{"statistics": [{"period": "ALL", "groups": [{"groupName": "Service", "statisticsItems": [{"name": "Aces", "home": "3", "away": "0", "compareCode": 1}, {"name": "Double faults", "home": "4", "away": "1", "compareCode": 1}, {"name": "First serve", "home": "52/65 (80%)", "away": "39/42 (93%)", "compareCode": 2}, {"name": "Second serve", "home": "9/13 (69%)", "away": "2/3 (67%)", "compareCode": 1}, {"name": "First serve points", "home": "23/52 (44%)", "away": "25/39 (64%)", "compareCode": 2}, {"name": "Second serve points", "home": "4/13 (31%)", "away": "2/3 (67%)", "compareCode": 1}, {"name": "Break points saved", "home": "9/15 (60%)", "away": "2/4 (50%)", "compareCode": 2}, {"name": "Service games played", "home": "8", "away": "8", "compareCode": 3}]}, {"groupName": "Return", "statisticsItems": [{"name": "First serve return points", "home": "14/39 (35%)", "away": "29/52 (55%)", "compareCode": 1}, {"name": "Second serve return points", "home": "1/3 (33%)", "away": "9/13 (69%)", "compareCode": 1}, {"name": "Break points converted", "home": "2", "away": "6", "compareCode": 2}, {"name": "Return games played", "home": "8", "away": "8", "compareCode": 3}]}, {"groupName": "Points", "statisticsItems": [{"name": "Service points won", "home": "27", "away": "27", "compareCode": 3}, {"name": "Receiver points won", "home": "15", "away": "38", "compareCode": 2}, {"name": "Total points won", "home": "42", "away": "65", "compareCode": 2}, {"name": "Max points in a row", "home": "6", "away": "8", "compareCode": 2}]}]}, {"period": "1ST", "groups": [{"groupName": "Service", "statisticsItems": [{"name": "Aces", "home": "0", "away": "0", "compareCode": 3}, {"name": "Double faults", "home": "2", "away": "1", "compareCode": 1}, {"name": "First serve", "home": "27/32 (84%)", "away": "22/23 (96%)", "compareCode": 2}, {"name": "Second serve", "home": "3/5 (60%)", "away": "0/1 (0%)", "compareCode": 1}, {"name": "First serve points", "home": "10/27 (37%)", "away": "14/22 (64%)", "compareCode": 2}, {"name": "Second serve points", "home": "3/5 (60%)", "away": "0/1 (0%)", "compareCode": 1}, {"name": "Break points saved", "home": "5/8 (62%)", "away": "2/3 (66%)", "compareCode": 2}, {"name": "Service games played", "home": "4", "away": "4", "compareCode": 3}]}, {"groupName": "Return", "statisticsItems": [{"name": "First serve return points", "home": "8/22 (36%)", "away": "17/27 (62%)", "compareCode": 1}, {"name": "Second serve return points", "home": "1/1 (100%)", "away": "2/5 (40%)", "compareCode": 1}, {"name": "Break points converted", "home": "1", "away": "3", "compareCode": 2}, {"name": "Return games played", "home": "4", "away": "4", "compareCode": 3}]}, {"groupName": "Points", "statisticsItems": [{"name": "Service points won", "home": "13", "away": "14", "compareCode": 2}, {"name": "Receiver points won", "home": "9", "away": "19", "compareCode": 2}, {"name": "Total points won", "home": "22", "away": "33", "compareCode": 2}, {"name": "Max points in a row", "home": "6", "away": "5", "compareCode": 1}]}]}, {"period": "2ND", "groups": [{"groupName": "Service", "statisticsItems": [{"name": "Aces", "home": "3", "away": "0", "compareCode": 1}, {"name": "Double faults", "home": "2", "away": "0", "compareCode": 1}, {"name": "First serve", "home": "25/33 (76%)", "away": "17/19 (89%)", "compareCode": 2}, {"name": "Second serve", "home": "6/8 (75%)", "away": "2/2 (100%)", "compareCode": 2}, {"name": "First serve points", "home": "13/25 (52%)", "away": "11/17 (65%)", "compareCode": 1}, {"name": "Second serve points", "home": "1/8 (13%)", "away": "2/2 (100%)", "compareCode": 2}, {"name": "Break points saved", "home": "4/7 (57%)", "away": "0/1 (0%)", "compareCode": 2}, {"name": "Service games played", "home": "4", "away": "4", "compareCode": 3}]}, {"groupName": "Return", "statisticsItems": [{"name": "First serve return points", "home": "6/17 (35%)", "away": "12/25 (48%)", "compareCode": 1}, {"name": "Second serve return points", "home": "0/2 (0%)", "away": "7/8 (87%)", "compareCode": 1}, {"name": "Break points converted", "home": "1", "away": "3", "compareCode": 2}, {"name": "Return games played", "home": "4", "away": "4", "compareCode": 3}]}, {"groupName": "Points", "statisticsItems": [{"name": "Service points won", "home": "14", "away": "13", "compareCode": 1}, {"name": "Receiver points won", "home": "6", "away": "19", "compareCode": 2}, {"name": "Total points won", "home": "20", "away": "32", "compareCode": 2}, {"name": "Max points in a row", "home": "4", "away": "8", "compareCode": 2}]}]}]}