{"statistics": [{"period": "ALL", "groups": [{"groupName": "Service", "statisticsItems": [{"name": "Aces", "home": "3", "away": "3", "compareCode": 3}, {"name": "Double faults", "home": "20", "away": "1", "compareCode": 1}, {"name": "First serve", "home": "41/81 (51%)", "away": "38/55 (69%)", "compareCode": 2}, {"name": "Second serve", "home": "20/40 (50%)", "away": "16/17 (94%)", "compareCode": 2}, {"name": "First serve points", "home": "23/41 (56%)", "away": "19/38 (50%)", "compareCode": 1}, {"name": "Second serve points", "home": "13/40 (33%)", "away": "9/17 (53%)", "compareCode": 1}, {"name": "Break points saved", "home": "2/8 (25%)", "away": "3/8 (37%)", "compareCode": 3}, {"name": "Service games played", "home": "10", "away": "9", "compareCode": 1}]}, {"groupName": "Return", "statisticsItems": [{"name": "First serve return points", "home": "19/38 (50%)", "away": "18/41 (43%)", "compareCode": 1}, {"name": "Second serve return points", "home": "8/17 (47%)", "away": "27/40 (67%)", "compareCode": 1}, {"name": "Break points converted", "home": "5", "away": "6", "compareCode": 2}, {"name": "Return games played", "home": "9", "away": "10", "compareCode": 1}]}, {"groupName": "Points", "statisticsItems": [{"name": "Service points won", "home": "36", "away": "28", "compareCode": 1}, {"name": "Receiver points won", "home": "27", "away": "45", "compareCode": 2}, {"name": "Total points won", "home": "63", "away": "73", "compareCode": 2}, {"name": "Max points in a row", "home": "6", "away": "7", "compareCode": 2}]}]}, {"period": "1ST", "groups": [{"groupName": "Service", "statisticsItems": [{"name": "Aces", "home": "2", "away": "1", "compareCode": 1}, {"name": "Double faults", "home": "6", "away": "1", "compareCode": 1}, {"name": "First serve", "home": "11/30 (37%)", "away": "19/27 (70%)", "compareCode": 2}, {"name": "Second serve", "home": "13/19 (68%)", "away": "7/8 (88%)", "compareCode": 2}, {"name": "First serve points", "home": "8/11 (73%)", "away": "10/19 (53%)", "compareCode": 2}, {"name": "Second serve points", "home": "8/19 (42%)", "away": "3/8 (38%)", "compareCode": 1}, {"name": "Break points saved", "home": "0/2 (0%)", "away": "1/4 (25%)", "compareCode": 1}, {"name": "Service games played", "home": "5", "away": "5", "compareCode": 3}]}, {"groupName": "Return", "statisticsItems": [{"name": "First serve return points", "home": "9/19 (47%)", "away": "3/11 (27%)", "compareCode": 1}, {"name": "Second serve return points", "home": "5/8 (62%)", "away": "11/19 (57%)", "compareCode": 1}, {"name": "Break points converted", "home": "3", "away": "2", "compareCode": 1}, {"name": "Return games played", "home": "5", "away": "5", "compareCode": 3}]}, {"groupName": "Points", "statisticsItems": [{"name": "Service points won", "home": "16", "away": "13", "compareCode": 1}, {"name": "Receiver points won", "home": "14", "away": "14", "compareCode": 3}, {"name": "Total points won", "home": "30", "away": "27", "compareCode": 1}, {"name": "Max points in a row", "home": "6", "away": "7", "compareCode": 2}]}]}, {"period": "2ND", "groups": [{"groupName": "Service", "statisticsItems": [{"name": "Aces", "home": "1", "away": "1", "compareCode": 3}, {"name": "Double faults", "home": "11", "away": "0", "compareCode": 1}, {"name": "First serve", "home": "26/44 (59%)", "away": "14/21 (67%)", "compareCode": 2}, {"name": "Second serve", "home": "7/18 (39%)", "away": "7/7 (100%)", "compareCode": 2}, {"name": "First serve points", "home": "14/26 (54%)", "away": "7/14 (50%)", "compareCode": 1}, {"name": "Second serve points", "home": "5/18 (28%)", "away": "4/7 (57%)", "compareCode": 1}, {"name": "Break points saved", "home": "2/6 (33%)", "away": "2/4 (50%)", "compareCode": 2}, {"name": "Service games played", "home": "5", "away": "4", "compareCode": 1}]}, {"groupName": "Return", "statisticsItems": [{"name": "First serve return points", "home": "7/14 (50%)", "away": "12/26 (46%)", "compareCode": 1}, {"name": "Second serve return points", "home": "3/7 (42%)", "away": "13/18 (72%)", "compareCode": 1}, {"name": "Break points converted", "home": "2", "away": "4", "compareCode": 2}, {"name": "Return games played", "home": "4", "away": "5", "compareCode": 1}]}, {"groupName": "Points", "statisticsItems": [{"name": "Service points won", "home": "19", "away": "11", "compareCode": 1}, {"name": "Receiver points won", "home": "10", "away": "25", "compareCode": 2}, {"name": "Total points won", "home": "29", "away": "36", "compareCode": 2}, {"name": "Max points in a row", "home": "6", "away": "5", "compareCode": 1}]}]}, {"period": "3RD", "groups": [{"groupName": "Service", "statisticsItems": [{"name": "Aces", "home": "0", "away": "1", "compareCode": 2}, {"name": "Double faults", "home": "3", "away": "0", "compareCode": 1}, {"name": "First serve", "home": "4/7 (57%)", "away": "5/7 (71%)", "compareCode": 2}, {"name": "Second serve", "home": "0/3 (0%)", "away": "2/2 (100%)", "compareCode": 2}, {"name": "First serve points", "home": "1/4 (25%)", "away": "2/5 (40%)", "compareCode": 2}, {"name": "Second serve points", "home": "0/3 (0%)", "away": "2/2 (100%)", "compareCode": 2}, {"name": "Break points saved", "home": "0/0 (0%)", "away": "0/0 (0%)", "compareCode": 3}, {"name": "Service games played", "home": "0", "away": "0", "compareCode": 3}]}, {"groupName": "Return", "statisticsItems": [{"name": "First serve return points", "home": "3/5 (60%)", "away": "3/4 (75%)", "compareCode": 3}, {"name": "Second serve return points", "home": "0/2 (0%)", "away": "3/3 (100%)", "compareCode": 1}, {"name": "Break points converted", "home": "0", "away": "0", "compareCode": 3}, {"name": "Return games played", "home": "0", "away": "0", "compareCode": 3}]}, {"groupName": "Points", "statisticsItems": [{"name": "Service points won", "home": "1", "away": "4", "compareCode": 2}, {"name": "Receiver points won", "home": "3", "away": "6", "compareCode": 2}, {"name": "Total points won", "home": "4", "away": "10", "compareCode": 2}, {"name": "Max points in a row", "home": "2", "away": "5", "compareCode": 2}]}]}]}