{"statistics": [{"period": "ALL", "groups": [{"groupName": "Service", "statisticsItems": [{"name": "Aces", "home": "0", "away": "2", "compareCode": 2}, {"name": "Double faults", "home": "1", "away": "2", "compareCode": 2}, {"name": "First serve", "home": "75/80 (94%)", "away": "58/66 (88%)", "compareCode": 1}, {"name": "Second serve", "home": "4/5 (80%)", "away": "6/8 (75%)", "compareCode": 1}, {"name": "First serve points", "home": "51/75 (68%)", "away": "38/58 (66%)", "compareCode": 1}, {"name": "Second serve points", "home": "2/5 (40%)", "away": "3/8 (38%)", "compareCode": 2}, {"name": "Break points saved", "home": "2/3 (66%)", "away": "2/4 (50%)", "compareCode": 1}, {"name": "Service games played", "home": "11", "away": "11", "compareCode": 3}]}, {"groupName": "Return", "statisticsItems": [{"name": "First serve return points", "home": "20/58 (34%)", "away": "24/75 (32%)", "compareCode": 1}, {"name": "Second serve return points", "home": "5/8 (62%)", "away": "3/5 (60%)", "compareCode": 2}, {"name": "Break points converted", "home": "2", "away": "1", "compareCode": 1}, {"name": "Return games played", "home": "11", "away": "11", "compareCode": 3}]}, {"groupName": "Points", "statisticsItems": [{"name": "Service points won", "home": "53", "away": "41", "compareCode": 1}, {"name": "Receiver points won", "home": "25", "away": "27", "compareCode": 2}, {"name": "Total points won", "home": "78", "away": "68", "compareCode": 1}, {"name": "Max points in a row", "home": "10", "away": "5", "compareCode": 1}]}]}, {"period": "1ST", "groups": [{"groupName": "Service", "statisticsItems": [{"name": "Aces", "home": "0", "away": "0", "compareCode": 3}, {"name": "Double faults", "home": "1", "away": "0", "compareCode": 1}, {"name": "First serve", "home": "44/45 (98%)", "away": "35/35 (100%)", "compareCode": 2}, {"name": "Second serve", "home": "0/1 (0%)", "away": "0/0 (0%)", "compareCode": 3}, {"name": "First serve points", "home": "31/44 (70%)", "away": "26/35 (74%)", "compareCode": 1}, {"name": "Second serve points", "home": "0/1 (0%)", "away": "0/0 (0%)", "compareCode": 3}, {"name": "Break points saved", "home": "1/1 (100%)", "away": "0/0 (0%)", "compareCode": 2}, {"name": "Service games played", "home": "6", "away": "6", "compareCode": 3}]}, {"groupName": "Return", "statisticsItems": [{"name": "First serve return points", "home": "9/35 (25%)", "away": "13/44 (29%)", "compareCode": 1}, {"name": "Second serve return points", "home": "0/0 (0%)", "away": "1/1 (100%)", "compareCode": 1}, {"name": "Break points converted", "home": "0", "away": "0", "compareCode": 3}, {"name": "Return games played", "home": "6", "away": "6", "compareCode": 3}]}, {"groupName": "Points", "statisticsItems": [{"name": "Service points won", "home": "31", "away": "26", "compareCode": 1}, {"name": "Receiver points won", "home": "9", "away": "14", "compareCode": 2}, {"name": "Total points won", "home": "40", "away": "40", "compareCode": 3}, {"name": "Max points in a row", "home": "7", "away": "5", "compareCode": 1}]}]}, {"period": "2ND", "groups": [{"groupName": "Service", "statisticsItems": [{"name": "Aces", "home": "0", "away": "2", "compareCode": 2}, {"name": "Double faults", "home": "0", "away": "2", "compareCode": 2}, {"name": "First serve", "home": "31/35 (89%)", "away": "23/31 (74%)", "compareCode": 1}, {"name": "Second serve", "home": "4/4 (100%)", "away": "6/8 (75%)", "compareCode": 1}, {"name": "First serve points", "home": "20/31 (65%)", "away": "12/23 (52%)", "compareCode": 1}, {"name": "Second serve points", "home": "2/4 (50%)", "away": "3/8 (38%)", "compareCode": 2}, {"name": "Break points saved", "home": "1/2 (50%)", "away": "2/4 (50%)", "compareCode": 1}, {"name": "Service games played", "home": "5", "away": "5", "compareCode": 3}]}, {"groupName": "Return", "statisticsItems": [{"name": "First serve return points", "home": "11/23 (47%)", "away": "11/31 (35%)", "compareCode": 1}, {"name": "Second serve return points", "home": "5/8 (62%)", "away": "2/4 (50%)", "compareCode": 2}, {"name": "Break points converted", "home": "2", "away": "1", "compareCode": 1}, {"name": "Return games played", "home": "5", "away": "5", "compareCode": 3}]}, {"groupName": "Points", "statisticsItems": [{"name": "Service points won", "home": "22", "away": "15", "compareCode": 1}, {"name": "Receiver points won", "home": "16", "away": "13", "compareCode": 1}, {"name": "Total points won", "home": "38", "away": "28", "compareCode": 1}, {"name": "Max points in a row", "home": "10", "away": "4", "compareCode": 1}]}]}]}