{"statistics": [{"period": "ALL", "groups": [{"groupName": "Service", "statisticsItems": [{"name": "Aces", "home": "1", "away": "0", "compareCode": 1}, {"name": "Double faults", "home": "3", "away": "3", "compareCode": 3}, {"name": "First serve", "home": "47/61 (77%)", "away": "44/67 (66%)", "compareCode": 1}, {"name": "Second serve", "home": "11/14 (79%)", "away": "20/23 (87%)", "compareCode": 2}, {"name": "First serve points", "home": "33/47 (70%)", "away": "27/44 (61%)", "compareCode": 1}, {"name": "Second serve points", "home": "7/14 (50%)", "away": "8/23 (35%)", "compareCode": 2}, {"name": "Break points saved", "home": "5/7 (71%)", "away": "0/5 (0%)", "compareCode": 2}, {"name": "Service games played", "home": "10", "away": "11", "compareCode": 2}]}, {"groupName": "Return", "statisticsItems": [{"name": "First serve return points", "home": "17/44 (38%)", "away": "14/47 (29%)", "compareCode": 2}, {"name": "Second serve return points", "home": "15/23 (65%)", "away": "7/14 (50%)", "compareCode": 2}, {"name": "Break points converted", "home": "5", "away": "2", "compareCode": 1}, {"name": "Return games played", "home": "11", "away": "10", "compareCode": 2}]}, {"groupName": "Points", "statisticsItems": [{"name": "Service points won", "home": "40", "away": "35", "compareCode": 1}, {"name": "Receiver points won", "home": "32", "away": "21", "compareCode": 1}, {"name": "Total points won", "home": "72", "away": "56", "compareCode": 1}, {"name": "Max points in a row", "home": "8", "away": "4", "compareCode": 1}]}]}, {"period": "1ST", "groups": [{"groupName": "Service", "statisticsItems": [{"name": "Aces", "home": "1", "away": "0", "compareCode": 1}, {"name": "Double faults", "home": "0", "away": "2", "compareCode": 2}, {"name": "First serve", "home": "18/20 (90%)", "away": "19/29 (66%)", "compareCode": 1}, {"name": "Second serve", "home": "2/2 (100%)", "away": "8/10 (80%)", "compareCode": 1}, {"name": "First serve points", "home": "15/18 (83%)", "away": "11/19 (58%)", "compareCode": 1}, {"name": "Second serve points", "home": "1/2 (50%)", "away": "5/10 (50%)", "compareCode": 2}, {"name": "Break points saved", "home": "0/0 (0%)", "away": "0/2 (0%)", "compareCode": 1}, {"name": "Service games played", "home": "4", "away": "5", "compareCode": 2}]}, {"groupName": "Return", "statisticsItems": [{"name": "First serve return points", "home": "8/19 (42%)", "away": "3/18 (16%)", "compareCode": 2}, {"name": "Second serve return points", "home": "5/10 (50%)", "away": "1/2 (50%)", "compareCode": 2}, {"name": "Break points converted", "home": "2", "away": "0", "compareCode": 1}, {"name": "Return games played", "home": "5", "away": "4", "compareCode": 2}]}, {"groupName": "Points", "statisticsItems": [{"name": "Service points won", "home": "16", "away": "16", "compareCode": 3}, {"name": "Receiver points won", "home": "13", "away": "4", "compareCode": 1}, {"name": "Total points won", "home": "29", "away": "20", "compareCode": 1}, {"name": "Max points in a row", "home": "5", "away": "3", "compareCode": 1}]}]}, {"period": "2ND", "groups": [{"groupName": "Service", "statisticsItems": [{"name": "Aces", "home": "0", "away": "0", "compareCode": 3}, {"name": "Double faults", "home": "3", "away": "1", "compareCode": 1}, {"name": "First serve", "home": "29/41 (71%)", "away": "25/38 (66%)", "compareCode": 1}, {"name": "Second serve", "home": "9/12 (75%)", "away": "12/13 (92%)", "compareCode": 2}, {"name": "First serve points", "home": "18/29 (62%)", "away": "16/25 (64%)", "compareCode": 1}, {"name": "Second serve points", "home": "6/12 (50%)", "away": "3/13 (23%)", "compareCode": 1}, {"name": "Break points saved", "home": "5/7 (71%)", "away": "0/3 (0%)", "compareCode": 2}, {"name": "Service games played", "home": "6", "away": "6", "compareCode": 3}]}, {"groupName": "Return", "statisticsItems": [{"name": "First serve return points", "home": "9/25 (36%)", "away": "11/29 (37%)", "compareCode": 1}, {"name": "Second serve return points", "home": "10/13 (76%)", "away": "6/12 (50%)", "compareCode": 2}, {"name": "Break points converted", "home": "3", "away": "2", "compareCode": 1}, {"name": "Return games played", "home": "6", "away": "6", "compareCode": 3}]}, {"groupName": "Points", "statisticsItems": [{"name": "Service points won", "home": "24", "away": "19", "compareCode": 1}, {"name": "Receiver points won", "home": "19", "away": "17", "compareCode": 1}, {"name": "Total points won", "home": "43", "away": "36", "compareCode": 1}, {"name": "Max points in a row", "home": "8", "away": "4", "compareCode": 1}]}]}]}