{"statistics": [{"period": "ALL", "groups": [{"groupName": "Service", "statisticsItems": [{"name": "Aces", "home": "1", "away": "0", "compareCode": 1}, {"name": "Double faults", "home": "1", "away": "3", "compareCode": 2}, {"name": "First serve", "home": "33/43 (77%)", "away": "35/47 (74%)", "compareCode": 1}, {"name": "Second serve", "home": "9/10 (90%)", "away": "9/12 (75%)", "compareCode": 1}, {"name": "First serve points", "home": "22/33 (67%)", "away": "15/35 (43%)", "compareCode": 1}, {"name": "Second serve points", "home": "6/10 (60%)", "away": "6/12 (50%)", "compareCode": 3}, {"name": "Break points saved", "home": "1/3 (33%)", "away": "7/13 (53%)", "compareCode": 1}, {"name": "Service games played", "home": "8", "away": "8", "compareCode": 3}]}, {"groupName": "Return", "statisticsItems": [{"name": "First serve return points", "home": "20/35 (57%)", "away": "11/33 (33%)", "compareCode": 2}, {"name": "Second serve return points", "home": "6/12 (50%)", "away": "4/10 (40%)", "compareCode": 2}, {"name": "Break points converted", "home": "6", "away": "2", "compareCode": 1}, {"name": "Return games played", "home": "8", "away": "8", "compareCode": 3}]}, {"groupName": "Points", "statisticsItems": [{"name": "Service points won", "home": "28", "away": "21", "compareCode": 1}, {"name": "Receiver points won", "home": "26", "away": "15", "compareCode": 1}, {"name": "Total points won", "home": "54", "away": "36", "compareCode": 1}, {"name": "Max points in a row", "home": "5", "away": "5", "compareCode": 3}]}]}, {"period": "1ST", "groups": [{"groupName": "Service", "statisticsItems": [{"name": "Aces", "home": "0", "away": "0", "compareCode": 3}, {"name": "Double faults", "home": "1", "away": "0", "compareCode": 1}, {"name": "First serve", "home": "14/18 (78%)", "away": "22/27 (81%)", "compareCode": 2}, {"name": "Second serve", "home": "3/4 (75%)", "away": "5/5 (100%)", "compareCode": 2}, {"name": "First serve points", "home": "11/14 (79%)", "away": "11/22 (50%)", "compareCode": 3}, {"name": "Second serve points", "home": "2/4 (50%)", "away": "3/5 (60%)", "compareCode": 2}, {"name": "Break points saved", "home": "0/1 (0%)", "away": "3/6 (50%)", "compareCode": 1}, {"name": "Service games played", "home": "4", "away": "5", "compareCode": 2}]}, {"groupName": "Return", "statisticsItems": [{"name": "First serve return points", "home": "11/22 (50%)", "away": "3/14 (21%)", "compareCode": 2}, {"name": "Second serve return points", "home": "2/5 (40%)", "away": "2/4 (50%)", "compareCode": 2}, {"name": "Break points converted", "home": "3", "away": "1", "compareCode": 1}, {"name": "Return games played", "home": "5", "away": "4", "compareCode": 2}]}, {"groupName": "Points", "statisticsItems": [{"name": "Service points won", "home": "13", "away": "14", "compareCode": 2}, {"name": "Receiver points won", "home": "13", "away": "5", "compareCode": 1}, {"name": "Total points won", "home": "26", "away": "19", "compareCode": 1}, {"name": "Max points in a row", "home": "5", "away": "5", "compareCode": 3}]}]}, {"period": "2ND", "groups": [{"groupName": "Service", "statisticsItems": [{"name": "Aces", "home": "1", "away": "0", "compareCode": 1}, {"name": "Double faults", "home": "0", "away": "3", "compareCode": 2}, {"name": "First serve", "home": "19/25 (76%)", "away": "13/20 (65%)", "compareCode": 1}, {"name": "Second serve", "home": "6/6 (100%)", "away": "4/7 (57%)", "compareCode": 1}, {"name": "First serve points", "home": "11/19 (58%)", "away": "4/13 (31%)", "compareCode": 1}, {"name": "Second serve points", "home": "4/6 (67%)", "away": "3/7 (43%)", "compareCode": 1}, {"name": "Break points saved", "home": "1/2 (50%)", "away": "4/7 (57%)", "compareCode": 1}, {"name": "Service games played", "home": "4", "away": "3", "compareCode": 1}]}, {"groupName": "Return", "statisticsItems": [{"name": "First serve return points", "home": "9/13 (69%)", "away": "8/19 (42%)", "compareCode": 1}, {"name": "Second serve return points", "home": "4/7 (57%)", "away": "2/6 (33%)", "compareCode": 2}, {"name": "Break points converted", "home": "3", "away": "1", "compareCode": 1}, {"name": "Return games played", "home": "3", "away": "4", "compareCode": 1}]}, {"groupName": "Points", "statisticsItems": [{"name": "Service points won", "home": "15", "away": "7", "compareCode": 1}, {"name": "Receiver points won", "home": "13", "away": "10", "compareCode": 1}, {"name": "Total points won", "home": "28", "away": "17", "compareCode": 1}, {"name": "Max points in a row", "home": "5", "away": "3", "compareCode": 1}]}]}]}