{"statistics": [{"period": "ALL", "groups": [{"groupName": "Service", "statisticsItems": [{"name": "Aces", "home": "0", "away": "1", "compareCode": 2}, {"name": "Double faults", "home": "5", "away": "2", "compareCode": 1}, {"name": "First serve", "home": "61/79 (77%)", "away": "76/89 (85%)", "compareCode": 2}, {"name": "Second serve", "home": "13/18 (72%)", "away": "11/13 (85%)", "compareCode": 2}, {"name": "First serve points", "home": "29/61 (48%)", "away": "39/76 (51%)", "compareCode": 2}, {"name": "Second serve points", "home": "5/18 (28%)", "away": "7/13 (54%)", "compareCode": 2}, {"name": "Break points saved", "home": "0/5 (0%)", "away": "9/16 (56%)", "compareCode": 1}, {"name": "Service games played", "home": "10", "away": "11", "compareCode": 2}]}, {"groupName": "Return", "statisticsItems": [{"name": "First serve return points", "home": "37/76 (48%)", "away": "32/61 (52%)", "compareCode": 2}, {"name": "Second serve return points", "home": "6/13 (46%)", "away": "13/18 (72%)", "compareCode": 1}, {"name": "Break points converted", "home": "7", "away": "5", "compareCode": 1}, {"name": "Return games played", "home": "11", "away": "10", "compareCode": 2}]}, {"groupName": "Points", "statisticsItems": [{"name": "Service points won", "home": "34", "away": "46", "compareCode": 2}, {"name": "Receiver points won", "home": "43", "away": "45", "compareCode": 2}, {"name": "Total points won", "home": "77", "away": "91", "compareCode": 2}, {"name": "Max points in a row", "home": "7", "away": "10", "compareCode": 2}]}]}, {"period": "1ST", "groups": [{"groupName": "Service", "statisticsItems": [{"name": "Aces", "home": "0", "away": "0", "compareCode": 3}, {"name": "Double faults", "home": "3", "away": "1", "compareCode": 1}, {"name": "First serve", "home": "24/30 (80%)", "away": "29/35 (83%)", "compareCode": 2}, {"name": "Second serve", "home": "3/6 (50%)", "away": "5/6 (83%)", "compareCode": 2}, {"name": "First serve points", "home": "14/24 (58%)", "away": "11/29 (38%)", "compareCode": 1}, {"name": "Second serve points", "home": "1/6 (17%)", "away": "4/6 (67%)", "compareCode": 2}, {"name": "Break points saved", "home": "0/2 (0%)", "away": "4/8 (50%)", "compareCode": 1}, {"name": "Service games played", "home": "4", "away": "5", "compareCode": 2}]}, {"groupName": "Return", "statisticsItems": [{"name": "First serve return points", "home": "18/29 (62%)", "away": "10/24 (41%)", "compareCode": 2}, {"name": "Second serve return points", "home": "2/6 (33%)", "away": "5/6 (83%)", "compareCode": 3}, {"name": "Break points converted", "home": "4", "away": "2", "compareCode": 1}, {"name": "Return games played", "home": "5", "away": "4", "compareCode": 2}]}, {"groupName": "Points", "statisticsItems": [{"name": "Service points won", "home": "15", "away": "15", "compareCode": 3}, {"name": "Receiver points won", "home": "20", "away": "15", "compareCode": 1}, {"name": "Total points won", "home": "35", "away": "30", "compareCode": 1}, {"name": "Max points in a row", "home": "6", "away": "5", "compareCode": 1}]}]}, {"period": "2ND", "groups": [{"groupName": "Service", "statisticsItems": [{"name": "Aces", "home": "0", "away": "0", "compareCode": 3}, {"name": "Double faults", "home": "1", "away": "1", "compareCode": 3}, {"name": "First serve", "home": "33/42 (79%)", "away": "40/47 (85%)", "compareCode": 2}, {"name": "Second serve", "home": "8/9 (89%)", "away": "6/7 (86%)", "compareCode": 1}, {"name": "First serve points", "home": "14/33 (42%)", "away": "24/40 (60%)", "compareCode": 2}, {"name": "Second serve points", "home": "4/9 (44%)", "away": "3/7 (43%)", "compareCode": 1}, {"name": "Break points saved", "home": "0/3 (0%)", "away": "5/8 (62%)", "compareCode": 1}, {"name": "Service games played", "home": "6", "away": "6", "compareCode": 3}]}, {"groupName": "Return", "statisticsItems": [{"name": "First serve return points", "home": "16/40 (40%)", "away": "19/33 (57%)", "compareCode": 2}, {"name": "Second serve return points", "home": "4/7 (57%)", "away": "5/9 (55%)", "compareCode": 1}, {"name": "Break points converted", "home": "3", "away": "3", "compareCode": 3}, {"name": "Return games played", "home": "6", "away": "6", "compareCode": 3}]}, {"groupName": "Points", "statisticsItems": [{"name": "Service points won", "home": "18", "away": "27", "compareCode": 2}, {"name": "Receiver points won", "home": "20", "away": "24", "compareCode": 2}, {"name": "Total points won", "home": "38", "away": "51", "compareCode": 2}, {"name": "Max points in a row", "home": "7", "away": "10", "compareCode": 2}]}]}, {"period": "3RD", "groups": [{"groupName": "Service", "statisticsItems": [{"name": "Aces", "home": "0", "away": "1", "compareCode": 2}, {"name": "Double faults", "home": "1", "away": "0", "compareCode": 1}, {"name": "First serve", "home": "4/7 (57%)", "away": "7/7 (100%)", "compareCode": 2}, {"name": "Second serve", "home": "2/3 (67%)", "away": "0/0 (0%)", "compareCode": 1}, {"name": "First serve points", "home": "1/4 (25%)", "away": "4/7 (57%)", "compareCode": 2}, {"name": "Second serve points", "home": "0/3 (0%)", "away": "0/0 (0%)", "compareCode": 3}, {"name": "Break points saved", "home": "0/0 (0%)", "away": "0/0 (0%)", "compareCode": 3}, {"name": "Service games played", "home": "0", "away": "0", "compareCode": 3}]}, {"groupName": "Return", "statisticsItems": [{"name": "First serve return points", "home": "3/7 (42%)", "away": "3/4 (75%)", "compareCode": 3}, {"name": "Second serve return points", "home": "0/0 (0%)", "away": "3/3 (100%)", "compareCode": 1}, {"name": "Break points converted", "home": "0", "away": "0", "compareCode": 3}, {"name": "Return games played", "home": "0", "away": "0", "compareCode": 3}]}, {"groupName": "Points", "statisticsItems": [{"name": "Service points won", "home": "1", "away": "4", "compareCode": 2}, {"name": "Receiver points won", "home": "3", "away": "6", "compareCode": 2}, {"name": "Total points won", "home": "4", "away": "10", "compareCode": 2}, {"name": "Max points in a row", "home": "1", "away": "3", "compareCode": 2}]}]}]}