{"statistics": [{"period": "ALL", "groups": [{"groupName": "Service", "statisticsItems": [{"name": "Aces", "home": "4", "away": "0", "compareCode": 1}, {"name": "Double faults", "home": "4", "away": "1", "compareCode": 1}, {"name": "First serve", "home": "46/68 (68%)", "away": "69/82 (84%)", "compareCode": 2}, {"name": "Second serve", "home": "18/22 (82%)", "away": "12/13 (92%)", "compareCode": 2}, {"name": "First serve points", "home": "30/46 (65%)", "away": "37/69 (54%)", "compareCode": 2}, {"name": "Second serve points", "home": "13/22 (59%)", "away": "8/13 (62%)", "compareCode": 1}, {"name": "Break points saved", "home": "2/4 (50%)", "away": "4/9 (44%)", "compareCode": 1}, {"name": "Service games played", "home": "9", "away": "10", "compareCode": 2}]}, {"groupName": "Return", "statisticsItems": [{"name": "First serve return points", "home": "32/69 (46%)", "away": "16/46 (34%)", "compareCode": 2}, {"name": "Second serve return points", "home": "5/13 (38%)", "away": "9/22 (40%)", "compareCode": 1}, {"name": "Break points converted", "home": "5", "away": "2", "compareCode": 1}, {"name": "Return games played", "home": "10", "away": "9", "compareCode": 2}]}, {"groupName": "Points", "statisticsItems": [{"name": "Service points won", "home": "43", "away": "45", "compareCode": 2}, {"name": "Receiver points won", "home": "37", "away": "25", "compareCode": 1}, {"name": "Total points won", "home": "80", "away": "70", "compareCode": 1}, {"name": "Max points in a row", "home": "9", "away": "5", "compareCode": 1}]}]}, {"period": "1ST", "groups": [{"groupName": "Service", "statisticsItems": [{"name": "Aces", "home": "2", "away": "0", "compareCode": 1}, {"name": "Double faults", "home": "4", "away": "1", "compareCode": 1}, {"name": "First serve", "home": "28/44 (64%)", "away": "40/48 (83%)", "compareCode": 2}, {"name": "Second serve", "home": "12/16 (75%)", "away": "7/8 (88%)", "compareCode": 2}, {"name": "First serve points", "home": "18/28 (64%)", "away": "24/40 (60%)", "compareCode": 2}, {"name": "Second serve points", "home": "9/16 (56%)", "away": "5/8 (63%)", "compareCode": 1}, {"name": "Break points saved", "home": "2/4 (50%)", "away": "3/5 (60%)", "compareCode": 1}, {"name": "Service games played", "home": "6", "away": "6", "compareCode": 3}]}, {"groupName": "Return", "statisticsItems": [{"name": "First serve return points", "home": "16/40 (40%)", "away": "10/28 (35%)", "compareCode": 2}, {"name": "Second serve return points", "home": "3/8 (37%)", "away": "7/16 (43%)", "compareCode": 1}, {"name": "Break points converted", "home": "2", "away": "2", "compareCode": 3}, {"name": "Return games played", "home": "6", "away": "6", "compareCode": 3}]}, {"groupName": "Points", "statisticsItems": [{"name": "Service points won", "home": "27", "away": "29", "compareCode": 2}, {"name": "Receiver points won", "home": "19", "away": "17", "compareCode": 1}, {"name": "Total points won", "home": "46", "away": "46", "compareCode": 3}, {"name": "Max points in a row", "home": "9", "away": "5", "compareCode": 1}]}]}, {"period": "2ND", "groups": [{"groupName": "Service", "statisticsItems": [{"name": "Aces", "home": "1", "away": "0", "compareCode": 1}, {"name": "Double faults", "home": "0", "away": "0", "compareCode": 3}, {"name": "First serve", "home": "11/15 (73%)", "away": "21/25 (84%)", "compareCode": 2}, {"name": "Second serve", "home": "4/4 (100%)", "away": "4/4 (100%)", "compareCode": 3}, {"name": "First serve points", "home": "9/11 (82%)", "away": "9/21 (43%)", "compareCode": 3}, {"name": "Second serve points", "home": "3/4 (75%)", "away": "2/4 (50%)", "compareCode": 1}, {"name": "Break points saved", "home": "0/0 (0%)", "away": "1/4 (25%)", "compareCode": 1}, {"name": "Service games played", "home": "3", "away": "4", "compareCode": 2}]}, {"groupName": "Return", "statisticsItems": [{"name": "First serve return points", "home": "12/21 (57%)", "away": "2/11 (18%)", "compareCode": 2}, {"name": "Second serve return points", "home": "2/4 (50%)", "away": "1/4 (25%)", "compareCode": 3}, {"name": "Break points converted", "home": "3", "away": "0", "compareCode": 1}, {"name": "Return games played", "home": "4", "away": "3", "compareCode": 2}]}, {"groupName": "Points", "statisticsItems": [{"name": "Service points won", "home": "12", "away": "11", "compareCode": 1}, {"name": "Receiver points won", "home": "14", "away": "3", "compareCode": 1}, {"name": "Total points won", "home": "26", "away": "14", "compareCode": 1}, {"name": "Max points in a row", "home": "6", "away": "3", "compareCode": 1}]}]}, {"period": "3RD", "groups": [{"groupName": "Service", "statisticsItems": [{"name": "Aces", "home": "1", "away": "0", "compareCode": 1}, {"name": "Double faults", "home": "0", "away": "0", "compareCode": 3}, {"name": "First serve", "home": "7/9 (78%)", "away": "8/9 (89%)", "compareCode": 2}, {"name": "Second serve", "home": "2/2 (100%)", "away": "1/1 (100%)", "compareCode": 3}, {"name": "First serve points", "home": "3/7 (43%)", "away": "4/8 (50%)", "compareCode": 2}, {"name": "Second serve points", "home": "1/2 (50%)", "away": "1/1 (100%)", "compareCode": 3}, {"name": "Break points saved", "home": "0/0 (0%)", "away": "0/0 (0%)", "compareCode": 3}, {"name": "Service games played", "home": "0", "away": "0", "compareCode": 3}]}, {"groupName": "Return", "statisticsItems": [{"name": "First serve return points", "home": "4/8 (50%)", "away": "4/7 (57%)", "compareCode": 3}, {"name": "Second serve return points", "home": "0/1 (0%)", "away": "1/2 (50%)", "compareCode": 1}, {"name": "Break points converted", "home": "0", "away": "0", "compareCode": 3}, {"name": "Return games played", "home": "0", "away": "0", "compareCode": 3}]}, {"groupName": "Points", "statisticsItems": [{"name": "Service points won", "home": "4", "away": "5", "compareCode": 2}, {"name": "Receiver points won", "home": "4", "away": "5", "compareCode": 2}, {"name": "Total points won", "home": "8", "away": "10", "compareCode": 2}, {"name": "Max points in a row", "home": "3", "away": "3", "compareCode": 3}]}]}]}