{"statistics": [{"period": "ALL", "groups": [{"groupName": "Service", "statisticsItems": [{"name": "Aces", "home": "0", "away": "2", "compareCode": 2}, {"name": "Double faults", "home": "1", "away": "1", "compareCode": 3}, {"name": "First serve", "home": "50/63 (79%)", "away": "67/86 (78%)", "compareCode": 1}, {"name": "Second serve", "home": "12/13 (92%)", "away": "18/19 (95%)", "compareCode": 2}, {"name": "First serve points", "home": "29/50 (58%)", "away": "34/67 (51%)", "compareCode": 2}, {"name": "Second serve points", "home": "7/13 (54%)", "away": "7/19 (37%)", "compareCode": 3}, {"name": "Break points saved", "home": "5/9 (55%)", "away": "5/11 (45%)", "compareCode": 1}, {"name": "Service games played", "home": "11", "away": "11", "compareCode": 3}]}, {"groupName": "Return", "statisticsItems": [{"name": "First serve return points", "home": "33/67 (49%)", "away": "21/50 (42%)", "compareCode": 2}, {"name": "Second serve return points", "home": "12/19 (63%)", "away": "6/13 (46%)", "compareCode": 2}, {"name": "Break points converted", "home": "6", "away": "4", "compareCode": 1}, {"name": "Return games played", "home": "11", "away": "11", "compareCode": 3}]}, {"groupName": "Points", "statisticsItems": [{"name": "Service points won", "home": "36", "away": "41", "compareCode": 2}, {"name": "Receiver points won", "home": "45", "away": "27", "compareCode": 1}, {"name": "Total points won", "home": "81", "away": "68", "compareCode": 1}, {"name": "Max points in a row", "home": "8", "away": "6", "compareCode": 1}]}]}, {"period": "1ST", "groups": [{"groupName": "Service", "statisticsItems": [{"name": "Aces", "home": "0", "away": "1", "compareCode": 2}, {"name": "Double faults", "home": "0", "away": "1", "compareCode": 2}, {"name": "First serve", "home": "21/28 (75%)", "away": "24/32 (75%)", "compareCode": 3}, {"name": "Second serve", "home": "7/7 (100%)", "away": "7/8 (88%)", "compareCode": 1}, {"name": "First serve points", "home": "14/21 (67%)", "away": "12/24 (50%)", "compareCode": 1}, {"name": "Second serve points", "home": "4/7 (57%)", "away": "4/8 (50%)", "compareCode": 3}, {"name": "Break points saved", "home": "1/2 (50%)", "away": "1/3 (33%)", "compareCode": 1}, {"name": "Service games played", "home": "5", "away": "5", "compareCode": 3}]}, {"groupName": "Return", "statisticsItems": [{"name": "First serve return points", "home": "12/24 (50%)", "away": "7/21 (33%)", "compareCode": 2}, {"name": "Second serve return points", "home": "4/8 (50%)", "away": "3/7 (42%)", "compareCode": 2}, {"name": "Break points converted", "home": "2", "away": "1", "compareCode": 1}, {"name": "Return games played", "home": "5", "away": "5", "compareCode": 3}]}, {"groupName": "Points", "statisticsItems": [{"name": "Service points won", "home": "18", "away": "16", "compareCode": 1}, {"name": "Receiver points won", "home": "16", "away": "10", "compareCode": 1}, {"name": "Total points won", "home": "34", "away": "26", "compareCode": 1}, {"name": "Max points in a row", "home": "6", "away": "4", "compareCode": 1}]}]}, {"period": "2ND", "groups": [{"groupName": "Service", "statisticsItems": [{"name": "Aces", "home": "0", "away": "1", "compareCode": 2}, {"name": "Double faults", "home": "1", "away": "0", "compareCode": 1}, {"name": "First serve", "home": "29/35 (83%)", "away": "43/54 (80%)", "compareCode": 1}, {"name": "Second serve", "home": "5/6 (83%)", "away": "11/11 (100%)", "compareCode": 2}, {"name": "First serve points", "home": "15/29 (52%)", "away": "22/43 (51%)", "compareCode": 2}, {"name": "Second serve points", "home": "3/6 (50%)", "away": "3/11 (27%)", "compareCode": 3}, {"name": "Break points saved", "home": "4/7 (57%)", "away": "4/8 (50%)", "compareCode": 1}, {"name": "Service games played", "home": "6", "away": "6", "compareCode": 3}]}, {"groupName": "Return", "statisticsItems": [{"name": "First serve return points", "home": "21/43 (48%)", "away": "14/29 (48%)", "compareCode": 2}, {"name": "Second serve return points", "home": "8/11 (72%)", "away": "3/6 (50%)", "compareCode": 2}, {"name": "Break points converted", "home": "4", "away": "3", "compareCode": 1}, {"name": "Return games played", "home": "6", "away": "6", "compareCode": 3}]}, {"groupName": "Points", "statisticsItems": [{"name": "Service points won", "home": "18", "away": "25", "compareCode": 2}, {"name": "Receiver points won", "home": "29", "away": "17", "compareCode": 1}, {"name": "Total points won", "home": "47", "away": "42", "compareCode": 1}, {"name": "Max points in a row", "home": "8", "away": "6", "compareCode": 1}]}]}]}