{"statistics": [{"period": "ALL", "groups": [{"groupName": "Service", "statisticsItems": [{"name": "Aces", "home": "0", "away": "0", "compareCode": 3}, {"name": "First serve", "home": "53/55 (96%)", "away": "51/57 (89%)", "compareCode": 1}, {"name": "Second serve", "home": "2/2 (100%)", "away": "6/6 (100%)", "compareCode": 3}, {"name": "First serve points", "home": "23/53 (43%)", "away": "30/51 (59%)", "compareCode": 2}, {"name": "Second serve points", "home": "1/2 (50%)", "away": "4/6 (67%)", "compareCode": 2}, {"name": "Break points saved", "home": "1/6 (16%)", "away": "4/6 (66%)", "compareCode": 3}, {"name": "Service games played", "home": "9", "away": "9", "compareCode": 3}]}, {"groupName": "Return", "statisticsItems": [{"name": "First serve return points", "home": "21/51 (41%)", "away": "30/53 (56%)", "compareCode": 2}, {"name": "Second serve return points", "home": "2/6 (33%)", "away": "1/2 (50%)", "compareCode": 2}, {"name": "Break points converted", "home": "2", "away": "5", "compareCode": 2}, {"name": "Return games played", "home": "9", "away": "9", "compareCode": 3}]}, {"groupName": "Points", "statisticsItems": [{"name": "Service points won", "home": "24", "away": "34", "compareCode": 2}, {"name": "Receiver points won", "home": "23", "away": "31", "compareCode": 2}, {"name": "Total points won", "home": "47", "away": "65", "compareCode": 2}, {"name": "Max points in a row", "home": "6", "away": "8", "compareCode": 2}]}]}, {"period": "1ST", "groups": [{"groupName": "Service", "statisticsItems": [{"name": "Aces", "home": "0", "away": "0", "compareCode": 3}, {"name": "Double faults", "home": "0", "away": "0", "compareCode": 3}, {"name": "First serve", "home": "30/30 (100%)", "away": "30/35 (86%)", "compareCode": 1}, {"name": "Second serve", "home": "0/0 (0%)", "away": "5/5 (100%)", "compareCode": 2}, {"name": "First serve points", "home": "17/30 (57%)", "away": "20/30 (67%)", "compareCode": 2}, {"name": "Second serve points", "home": "0/0 (0%)", "away": "3/5 (60%)", "compareCode": 2}, {"name": "Break points saved", "home": "0/1 (0%)", "away": "4/4 (100%)", "compareCode": 1}, {"name": "Service games played", "home": "4", "away": "5", "compareCode": 2}]}, {"groupName": "Return", "statisticsItems": [{"name": "First serve return points", "home": "10/30 (33%)", "away": "13/30 (43%)", "compareCode": 2}, {"name": "Second serve return points", "home": "2/5 (40%)", "away": "0/0 (0%)", "compareCode": 2}, {"name": "Break points converted", "home": "0", "away": "1", "compareCode": 2}, {"name": "Return games played", "home": "5", "away": "4", "compareCode": 2}]}, {"groupName": "Points", "statisticsItems": [{"name": "Service points won", "home": "17", "away": "23", "compareCode": 2}, {"name": "Receiver points won", "home": "12", "away": "13", "compareCode": 2}, {"name": "Total points won", "home": "29", "away": "36", "compareCode": 2}, {"name": "Max points in a row", "home": "6", "away": "3", "compareCode": 1}]}]}, {"period": "2ND", "groups": [{"groupName": "Service", "statisticsItems": [{"name": "Aces", "home": "0", "away": "0", "compareCode": 3}, {"name": "Double faults", "home": "0", "away": "0", "compareCode": 3}, {"name": "First serve", "home": "23/25 (92%)", "away": "21/22 (95%)", "compareCode": 2}, {"name": "Second serve", "home": "2/2 (100%)", "away": "1/1 (100%)", "compareCode": 3}, {"name": "First serve points", "home": "6/23 (26%)", "away": "10/21 (48%)", "compareCode": 2}, {"name": "Second serve points", "home": "1/2 (50%)", "away": "1/1 (100%)", "compareCode": 3}, {"name": "Break points saved", "home": "1/5 (20%)", "away": "0/2 (0%)", "compareCode": 2}, {"name": "Service games played", "home": "5", "away": "4", "compareCode": 1}]}, {"groupName": "Return", "statisticsItems": [{"name": "First serve return points", "home": "11/21 (52%)", "away": "17/23 (73%)", "compareCode": 1}, {"name": "Second serve return points", "home": "0/1 (0%)", "away": "1/2 (50%)", "compareCode": 1}, {"name": "Break points converted", "home": "2", "away": "4", "compareCode": 2}, {"name": "Return games played", "home": "4", "away": "5", "compareCode": 1}]}, {"groupName": "Points", "statisticsItems": [{"name": "Service points won", "home": "7", "away": "11", "compareCode": 2}, {"name": "Receiver points won", "home": "11", "away": "18", "compareCode": 2}, {"name": "Total points won", "home": "18", "away": "29", "compareCode": 2}, {"name": "Max points in a row", "home": "4", "away": "8", "compareCode": 2}]}]}]}