{"statistics": [{"period": "ALL", "groups": [{"groupName": "Service", "statisticsItems": [{"name": "Aces", "home": "0", "away": "2", "compareCode": 2}, {"name": "Double faults", "home": "6", "away": "2", "compareCode": 1}, {"name": "First serve", "home": "18/38 (47%)", "away": "31/44 (70%)", "compareCode": 2}, {"name": "Second serve", "home": "14/20 (70%)", "away": "11/13 (85%)", "compareCode": 2}, {"name": "First serve points", "home": "8/18 (44%)", "away": "22/31 (71%)", "compareCode": 2}, {"name": "Second serve points", "home": "5/20 (25%)", "away": "7/13 (54%)", "compareCode": 2}, {"name": "Break points saved", "home": "4/10 (40%)", "away": "2/3 (66%)", "compareCode": 2}, {"name": "Service games played", "home": "7", "away": "7", "compareCode": 3}]}, {"groupName": "Return", "statisticsItems": [{"name": "First serve return points", "home": "9/31 (29%)", "away": "10/18 (55%)", "compareCode": 2}, {"name": "Second serve return points", "home": "6/13 (46%)", "away": "15/20 (75%)", "compareCode": 1}, {"name": "Break points converted", "home": "1", "away": "6", "compareCode": 2}, {"name": "Return games played", "home": "7", "away": "7", "compareCode": 3}]}, {"groupName": "Points", "statisticsItems": [{"name": "Service points won", "home": "13", "away": "29", "compareCode": 2}, {"name": "Receiver points won", "home": "15", "away": "25", "compareCode": 2}, {"name": "Total points won", "home": "28", "away": "54", "compareCode": 2}, {"name": "Max points in a row", "home": "4", "away": "7", "compareCode": 2}]}]}, {"period": "1ST", "groups": [{"groupName": "Service", "statisticsItems": [{"name": "Aces", "home": "0", "away": "2", "compareCode": 2}, {"name": "Double faults", "home": "2", "away": "1", "compareCode": 1}, {"name": "First serve", "home": "7/16 (44%)", "away": "19/27 (70%)", "compareCode": 2}, {"name": "Second serve", "home": "7/9 (78%)", "away": "7/8 (88%)", "compareCode": 2}, {"name": "First serve points", "home": "2/7 (29%)", "away": "13/19 (68%)", "compareCode": 2}, {"name": "Second serve points", "home": "2/9 (22%)", "away": "4/8 (50%)", "compareCode": 2}, {"name": "Break points saved", "home": "3/6 (50%)", "away": "2/3 (66%)", "compareCode": 2}, {"name": "Service games played", "home": "3", "away": "4", "compareCode": 2}]}, {"groupName": "Return", "statisticsItems": [{"name": "First serve return points", "home": "6/19 (31%)", "away": "5/7 (71%)", "compareCode": 2}, {"name": "Second serve return points", "home": "4/8 (50%)", "away": "7/9 (77%)", "compareCode": 1}, {"name": "Break points converted", "home": "1", "away": "3", "compareCode": 2}, {"name": "Return games played", "home": "4", "away": "3", "compareCode": 2}]}, {"groupName": "Points", "statisticsItems": [{"name": "Service points won", "home": "4", "away": "17", "compareCode": 2}, {"name": "Receiver points won", "home": "10", "away": "12", "compareCode": 2}, {"name": "Total points won", "home": "14", "away": "29", "compareCode": 2}, {"name": "Max points in a row", "home": "3", "away": "7", "compareCode": 2}]}]}, {"period": "2ND", "groups": [{"groupName": "Service", "statisticsItems": [{"name": "Aces", "home": "0", "away": "0", "compareCode": 3}, {"name": "Double faults", "home": "4", "away": "1", "compareCode": 1}, {"name": "First serve", "home": "11/22 (50%)", "away": "12/17 (71%)", "compareCode": 2}, {"name": "Second serve", "home": "7/11 (64%)", "away": "4/5 (80%)", "compareCode": 2}, {"name": "First serve points", "home": "6/11 (55%)", "away": "9/12 (75%)", "compareCode": 2}, {"name": "Second serve points", "home": "3/11 (27%)", "away": "3/5 (60%)", "compareCode": 3}, {"name": "Break points saved", "home": "1/4 (25%)", "away": "0/0 (0%)", "compareCode": 2}, {"name": "Service games played", "home": "4", "away": "3", "compareCode": 1}]}, {"groupName": "Return", "statisticsItems": [{"name": "First serve return points", "home": "3/12 (25%)", "away": "5/11 (45%)", "compareCode": 1}, {"name": "Second serve return points", "home": "2/5 (40%)", "away": "8/11 (72%)", "compareCode": 1}, {"name": "Break points converted", "home": "0", "away": "3", "compareCode": 2}, {"name": "Return games played", "home": "3", "away": "4", "compareCode": 1}]}, {"groupName": "Points", "statisticsItems": [{"name": "Service points won", "home": "9", "away": "12", "compareCode": 2}, {"name": "Receiver points won", "home": "5", "away": "13", "compareCode": 2}, {"name": "Total points won", "home": "14", "away": "25", "compareCode": 2}, {"name": "Max points in a row", "home": "4", "away": "4", "compareCode": 3}]}]}]}