{"statistics": [{"period": "ALL", "groups": [{"groupName": "Service", "statisticsItems": [{"name": "Aces", "home": "0", "away": "1", "compareCode": 2}, {"name": "Double faults", "home": "0", "away": "1", "compareCode": 2}, {"name": "First serve", "home": "82/98 (84%)", "away": "88/104 (85%)", "compareCode": 2}, {"name": "Second serve", "home": "16/16 (100%)", "away": "15/16 (94%)", "compareCode": 1}, {"name": "First serve points", "home": "49/82 (60%)", "away": "51/88 (58%)", "compareCode": 2}, {"name": "Second serve points", "home": "9/16 (56%)", "away": "6/16 (38%)", "compareCode": 1}, {"name": "Break points saved", "home": "9/13 (69%)", "away": "11/15 (73%)", "compareCode": 1}, {"name": "Service games played", "home": "12", "away": "12", "compareCode": 3}]}, {"groupName": "Return", "statisticsItems": [{"name": "First serve return points", "home": "37/88 (42%)", "away": "33/82 (40%)", "compareCode": 2}, {"name": "Second serve return points", "home": "10/16 (62%)", "away": "7/16 (43%)", "compareCode": 3}, {"name": "Break points converted", "home": "4", "away": "4", "compareCode": 3}, {"name": "Return games played", "home": "12", "away": "12", "compareCode": 3}]}, {"groupName": "Points", "statisticsItems": [{"name": "Service points won", "home": "58", "away": "57", "compareCode": 1}, {"name": "Receiver points won", "home": "47", "away": "40", "compareCode": 1}, {"name": "Total points won", "home": "105", "away": "97", "compareCode": 1}, {"name": "Max points in a row", "home": "6", "away": "5", "compareCode": 1}]}]}, {"period": "1ST", "groups": [{"groupName": "Service", "statisticsItems": [{"name": "Aces", "home": "0", "away": "1", "compareCode": 2}, {"name": "Double faults", "home": "0", "away": "0", "compareCode": 3}, {"name": "First serve", "home": "45/50 (90%)", "away": "46/50 (92%)", "compareCode": 2}, {"name": "Second serve", "home": "5/5 (100%)", "away": "4/4 (100%)", "compareCode": 3}, {"name": "First serve points", "home": "29/45 (64%)", "away": "29/46 (63%)", "compareCode": 3}, {"name": "Second serve points", "home": "3/5 (60%)", "away": "1/4 (25%)", "compareCode": 1}, {"name": "Break points saved", "home": "4/5 (80%)", "away": "7/8 (87%)", "compareCode": 1}, {"name": "Service games played", "home": "6", "away": "6", "compareCode": 3}]}, {"groupName": "Return", "statisticsItems": [{"name": "First serve return points", "home": "17/46 (36%)", "away": "16/45 (35%)", "compareCode": 3}, {"name": "Second serve return points", "home": "3/4 (75%)", "away": "2/5 (40%)", "compareCode": 1}, {"name": "Break points converted", "home": "1", "away": "1", "compareCode": 3}, {"name": "Return games played", "home": "6", "away": "6", "compareCode": 3}]}, {"groupName": "Points", "statisticsItems": [{"name": "Service points won", "home": "32", "away": "30", "compareCode": 1}, {"name": "Receiver points won", "home": "20", "away": "18", "compareCode": 1}, {"name": "Total points won", "home": "52", "away": "48", "compareCode": 1}, {"name": "Max points in a row", "home": "6", "away": "5", "compareCode": 1}]}]}, {"period": "2ND", "groups": [{"groupName": "Service", "statisticsItems": [{"name": "Aces", "home": "0", "away": "0", "compareCode": 3}, {"name": "Double faults", "home": "0", "away": "1", "compareCode": 2}, {"name": "First serve", "home": "37/48 (77%)", "away": "42/54 (78%)", "compareCode": 2}, {"name": "Second serve", "home": "11/11 (100%)", "away": "11/12 (92%)", "compareCode": 1}, {"name": "First serve points", "home": "20/37 (54%)", "away": "22/42 (52%)", "compareCode": 2}, {"name": "Second serve points", "home": "6/11 (55%)", "away": "5/12 (42%)", "compareCode": 1}, {"name": "Break points saved", "home": "5/8 (62%)", "away": "4/7 (57%)", "compareCode": 2}, {"name": "Service games played", "home": "6", "away": "6", "compareCode": 3}]}, {"groupName": "Return", "statisticsItems": [{"name": "First serve return points", "home": "20/42 (47%)", "away": "17/37 (45%)", "compareCode": 2}, {"name": "Second serve return points", "home": "7/12 (58%)", "away": "5/11 (45%)", "compareCode": 2}, {"name": "Break points converted", "home": "3", "away": "3", "compareCode": 3}, {"name": "Return games played", "home": "6", "away": "6", "compareCode": 3}]}, {"groupName": "Points", "statisticsItems": [{"name": "Service points won", "home": "26", "away": "27", "compareCode": 2}, {"name": "Receiver points won", "home": "27", "away": "22", "compareCode": 1}, {"name": "Total points won", "home": "53", "away": "49", "compareCode": 1}, {"name": "Max points in a row", "home": "5", "away": "5", "compareCode": 3}]}]}]}