{"statistics": [{"period": "ALL", "groups": [{"groupName": "Service", "statisticsItems": [{"name": "Aces", "home": "2", "away": "12", "compareCode": 2}, {"name": "Double faults", "home": "3", "away": "3", "compareCode": 3}, {"name": "First serve", "home": "36/63 (57%)", "away": "51/81 (63%)", "compareCode": 2}, {"name": "Second serve", "home": "24/27 (89%)", "away": "27/30 (90%)", "compareCode": 2}, {"name": "First serve points", "home": "25/36 (69%)", "away": "37/51 (73%)", "compareCode": 2}, {"name": "Second serve points", "home": "13/27 (48%)", "away": "14/30 (47%)", "compareCode": 2}, {"name": "Break points saved", "home": "4/7 (57%)", "away": "10/12 (83%)", "compareCode": 1}, {"name": "Service games played", "home": "10", "away": "11", "compareCode": 2}]}, {"groupName": "Return", "statisticsItems": [{"name": "First serve return points", "home": "14/51 (27%)", "away": "11/36 (30%)", "compareCode": 2}, {"name": "Second serve return points", "home": "16/30 (53%)", "away": "14/27 (51%)", "compareCode": 2}, {"name": "Break points converted", "home": "2", "away": "3", "compareCode": 2}, {"name": "Return games played", "home": "11", "away": "10", "compareCode": 2}]}, {"groupName": "Points", "statisticsItems": [{"name": "Service points won", "home": "38", "away": "51", "compareCode": 2}, {"name": "Receiver points won", "home": "30", "away": "25", "compareCode": 1}, {"name": "Total points won", "home": "68", "away": "76", "compareCode": 2}, {"name": "Max points in a row", "home": "8", "away": "7", "compareCode": 1}]}]}, {"period": "1ST", "groups": [{"groupName": "Service", "statisticsItems": [{"name": "Aces", "home": "1", "away": "5", "compareCode": 2}, {"name": "Double faults", "home": "2", "away": "2", "compareCode": 3}, {"name": "First serve", "home": "25/46 (54%)", "away": "25/46 (54%)", "compareCode": 3}, {"name": "Second serve", "home": "19/21 (90%)", "away": "19/21 (90%)", "compareCode": 3}, {"name": "First serve points", "home": "19/25 (76%)", "away": "19/25 (76%)", "compareCode": 3}, {"name": "Second serve points", "home": "10/21 (48%)", "away": "11/21 (52%)", "compareCode": 2}, {"name": "Break points saved", "home": "4/5 (80%)", "away": "6/7 (85%)", "compareCode": 1}, {"name": "Service games played", "home": "6", "away": "6", "compareCode": 3}]}, {"groupName": "Return", "statisticsItems": [{"name": "First serve return points", "home": "6/25 (24%)", "away": "6/25 (24%)", "compareCode": 3}, {"name": "Second serve return points", "home": "10/21 (47%)", "away": "11/21 (52%)", "compareCode": 3}, {"name": "Break points converted", "home": "1", "away": "1", "compareCode": 3}, {"name": "Return games played", "home": "6", "away": "6", "compareCode": 3}]}, {"groupName": "Points", "statisticsItems": [{"name": "Service points won", "home": "29", "away": "30", "compareCode": 2}, {"name": "Receiver points won", "home": "16", "away": "17", "compareCode": 2}, {"name": "Total points won", "home": "45", "away": "47", "compareCode": 2}, {"name": "Max points in a row", "home": "5", "away": "7", "compareCode": 2}]}]}, {"period": "2ND", "groups": [{"groupName": "Service", "statisticsItems": [{"name": "Aces", "home": "1", "away": "7", "compareCode": 2}, {"name": "Double faults", "home": "1", "away": "1", "compareCode": 3}, {"name": "First serve", "home": "11/17 (65%)", "away": "26/35 (74%)", "compareCode": 2}, {"name": "Second serve", "home": "5/6 (83%)", "away": "8/9 (89%)", "compareCode": 2}, {"name": "First serve points", "home": "6/11 (55%)", "away": "18/26 (69%)", "compareCode": 2}, {"name": "Second serve points", "home": "3/6 (50%)", "away": "3/9 (33%)", "compareCode": 3}, {"name": "Break points saved", "home": "0/2 (0%)", "away": "4/5 (80%)", "compareCode": 1}, {"name": "Service games played", "home": "4", "away": "5", "compareCode": 2}]}, {"groupName": "Return", "statisticsItems": [{"name": "First serve return points", "home": "8/26 (30%)", "away": "5/11 (45%)", "compareCode": 2}, {"name": "Second serve return points", "home": "6/9 (66%)", "away": "3/6 (50%)", "compareCode": 2}, {"name": "Break points converted", "home": "1", "away": "2", "compareCode": 2}, {"name": "Return games played", "home": "5", "away": "4", "compareCode": 2}]}, {"groupName": "Points", "statisticsItems": [{"name": "Service points won", "home": "9", "away": "21", "compareCode": 2}, {"name": "Receiver points won", "home": "14", "away": "8", "compareCode": 1}, {"name": "Total points won", "home": "23", "away": "29", "compareCode": 2}, {"name": "Max points in a row", "home": "8", "away": "6", "compareCode": 1}]}]}]}