{"statistics": [{"period": "ALL", "groups": [{"groupName": "Service", "statisticsItems": [{"name": "Aces", "home": "1", "away": "1", "compareCode": 3}, {"name": "Double faults", "home": "7", "away": "0", "compareCode": 1}, {"name": "First serve", "home": "50/77 (65%)", "away": "51/74 (69%)", "compareCode": 2}, {"name": "Second serve", "home": "20/27 (74%)", "away": "23/23 (100%)", "compareCode": 2}, {"name": "First serve points", "home": "23/50 (46%)", "away": "25/51 (49%)", "compareCode": 2}, {"name": "Second serve points", "home": "12/27 (44%)", "away": "12/23 (52%)", "compareCode": 3}, {"name": "Break points saved", "home": "5/11 (45%)", "away": "5/10 (50%)", "compareCode": 2}, {"name": "Service games played", "home": "10", "away": "10", "compareCode": 3}]}, {"groupName": "Return", "statisticsItems": [{"name": "First serve return points", "home": "26/51 (50%)", "away": "27/50 (54%)", "compareCode": 1}, {"name": "Second serve return points", "home": "11/23 (47%)", "away": "15/27 (55%)", "compareCode": 1}, {"name": "Break points converted", "home": "5", "away": "6", "compareCode": 2}, {"name": "Return games played", "home": "10", "away": "10", "compareCode": 3}]}, {"groupName": "Points", "statisticsItems": [{"name": "Service points won", "home": "35", "away": "37", "compareCode": 2}, {"name": "Receiver points won", "home": "37", "away": "42", "compareCode": 2}, {"name": "Total points won", "home": "72", "away": "79", "compareCode": 2}, {"name": "Max points in a row", "home": "6", "away": "5", "compareCode": 1}]}]}, {"period": "1ST", "groups": [{"groupName": "Service", "statisticsItems": [{"name": "Aces", "home": "0", "away": "0", "compareCode": 3}, {"name": "Double faults", "home": "5", "away": "0", "compareCode": 1}, {"name": "First serve", "home": "22/35 (63%)", "away": "14/24 (58%)", "compareCode": 1}, {"name": "Second serve", "home": "8/13 (62%)", "away": "10/10 (100%)", "compareCode": 2}, {"name": "First serve points", "home": "9/22 (41%)", "away": "6/14 (43%)", "compareCode": 1}, {"name": "Second serve points", "home": "4/13 (31%)", "away": "6/10 (60%)", "compareCode": 2}, {"name": "Break points saved", "home": "5/9 (55%)", "away": "0/2 (0%)", "compareCode": 2}, {"name": "Service games played", "home": "4", "away": "4", "compareCode": 3}]}, {"groupName": "Return", "statisticsItems": [{"name": "First serve return points", "home": "8/14 (57%)", "away": "13/22 (59%)", "compareCode": 1}, {"name": "Second serve return points", "home": "4/10 (40%)", "away": "9/13 (69%)", "compareCode": 1}, {"name": "Break points converted", "home": "2", "away": "4", "compareCode": 2}, {"name": "Return games played", "home": "4", "away": "4", "compareCode": 3}]}, {"groupName": "Points", "statisticsItems": [{"name": "Service points won", "home": "13", "away": "12", "compareCode": 1}, {"name": "Receiver points won", "home": "12", "away": "22", "compareCode": 2}, {"name": "Total points won", "home": "25", "away": "34", "compareCode": 2}, {"name": "Max points in a row", "home": "4", "away": "5", "compareCode": 2}]}]}, {"period": "2ND", "groups": [{"groupName": "Service", "statisticsItems": [{"name": "Aces", "home": "1", "away": "1", "compareCode": 3}, {"name": "Double faults", "home": "2", "away": "0", "compareCode": 1}, {"name": "First serve", "home": "21/34 (62%)", "away": "30/43 (70%)", "compareCode": 2}, {"name": "Second serve", "home": "11/13 (85%)", "away": "13/13 (100%)", "compareCode": 2}, {"name": "First serve points", "home": "13/21 (62%)", "away": "16/30 (53%)", "compareCode": 2}, {"name": "Second serve points", "home": "8/13 (62%)", "away": "6/13 (46%)", "compareCode": 1}, {"name": "Break points saved", "home": "0/2 (0%)", "away": "5/8 (62%)", "compareCode": 1}, {"name": "Service games played", "home": "6", "away": "6", "compareCode": 3}]}, {"groupName": "Return", "statisticsItems": [{"name": "First serve return points", "home": "14/30 (46%)", "away": "8/21 (38%)", "compareCode": 2}, {"name": "Second serve return points", "home": "7/13 (53%)", "away": "5/13 (38%)", "compareCode": 3}, {"name": "Break points converted", "home": "3", "away": "2", "compareCode": 1}, {"name": "Return games played", "home": "6", "away": "6", "compareCode": 3}]}, {"groupName": "Points", "statisticsItems": [{"name": "Service points won", "home": "21", "away": "22", "compareCode": 2}, {"name": "Receiver points won", "home": "21", "away": "13", "compareCode": 1}, {"name": "Total points won", "home": "42", "away": "35", "compareCode": 1}, {"name": "Max points in a row", "home": "6", "away": "5", "compareCode": 1}]}]}, {"period": "3RD", "groups": [{"groupName": "Service", "statisticsItems": [{"name": "Aces", "home": "0", "away": "0", "compareCode": 3}, {"name": "Double faults", "home": "0", "away": "0", "compareCode": 3}, {"name": "First serve", "home": "7/8 (88%)", "away": "7/7 (100%)", "compareCode": 2}, {"name": "Second serve", "home": "1/1 (100%)", "away": "0/0 (0%)", "compareCode": 1}, {"name": "First serve points", "home": "1/7 (14%)", "away": "3/7 (43%)", "compareCode": 2}, {"name": "Second serve points", "home": "0/1 (0%)", "away": "0/0 (0%)", "compareCode": 3}, {"name": "Break points saved", "home": "0/0 (0%)", "away": "0/0 (0%)", "compareCode": 3}, {"name": "Service games played", "home": "0", "away": "0", "compareCode": 3}]}, {"groupName": "Return", "statisticsItems": [{"name": "First serve return points", "home": "4/7 (57%)", "away": "6/7 (85%)", "compareCode": 1}, {"name": "Second serve return points", "home": "0/0 (0%)", "away": "1/1 (100%)", "compareCode": 1}, {"name": "Break points converted", "home": "0", "away": "0", "compareCode": 3}, {"name": "Return games played", "home": "0", "away": "0", "compareCode": 3}]}, {"groupName": "Points", "statisticsItems": [{"name": "Service points won", "home": "1", "away": "3", "compareCode": 2}, {"name": "Receiver points won", "home": "4", "away": "7", "compareCode": 2}, {"name": "Total points won", "home": "5", "away": "10", "compareCode": 2}, {"name": "Max points in a row", "home": "2", "away": "3", "compareCode": 2}]}]}]}