{"statistics": [{"period": "ALL", "groups": [{"groupName": "Service", "statisticsItems": [{"name": "Aces", "home": "3", "away": "2", "compareCode": 1}, {"name": "Double faults", "home": "2", "away": "0", "compareCode": 1}, {"name": "First serve", "home": "34/49 (69%)", "away": "35/48 (73%)", "compareCode": 2}, {"name": "Second serve", "home": "13/15 (87%)", "away": "13/13 (100%)", "compareCode": 2}, {"name": "First serve points", "home": "20/34 (59%)", "away": "29/35 (83%)", "compareCode": 2}, {"name": "Second serve points", "home": "8/15 (53%)", "away": "8/13 (62%)", "compareCode": 3}, {"name": "Break points saved", "home": "4/7 (57%)", "away": "2/2 (100%)", "compareCode": 2}, {"name": "Service games played", "home": "8", "away": "9", "compareCode": 2}]}, {"groupName": "Return", "statisticsItems": [{"name": "First serve return points", "home": "6/35 (17%)", "away": "14/34 (41%)", "compareCode": 1}, {"name": "Second serve return points", "home": "5/13 (38%)", "away": "7/15 (46%)", "compareCode": 1}, {"name": "Break points converted", "home": "0", "away": "3", "compareCode": 2}, {"name": "Return games played", "home": "9", "away": "8", "compareCode": 2}]}, {"groupName": "Points", "statisticsItems": [{"name": "Service points won", "home": "28", "away": "37", "compareCode": 2}, {"name": "Receiver points won", "home": "11", "away": "21", "compareCode": 2}, {"name": "Total points won", "home": "39", "away": "58", "compareCode": 2}, {"name": "Max points in a row", "home": "6", "away": "7", "compareCode": 2}]}]}, {"period": "1ST", "groups": [{"groupName": "Service", "statisticsItems": [{"name": "Aces", "home": "3", "away": "2", "compareCode": 1}, {"name": "Double faults", "home": "2", "away": "0", "compareCode": 1}, {"name": "First serve", "home": "16/27 (59%)", "away": "20/27 (74%)", "compareCode": 2}, {"name": "Second serve", "home": "9/11 (82%)", "away": "7/7 (100%)", "compareCode": 2}, {"name": "First serve points", "home": "12/16 (75%)", "away": "17/20 (85%)", "compareCode": 2}, {"name": "Second serve points", "home": "5/11 (45%)", "away": "4/7 (57%)", "compareCode": 1}, {"name": "Break points saved", "home": "3/4 (75%)", "away": "2/2 (100%)", "compareCode": 2}, {"name": "Service games played", "home": "4", "away": "5", "compareCode": 2}]}, {"groupName": "Return", "statisticsItems": [{"name": "First serve return points", "home": "3/20 (15%)", "away": "4/16 (25%)", "compareCode": 3}, {"name": "Second serve return points", "home": "3/7 (42%)", "away": "6/11 (54%)", "compareCode": 1}, {"name": "Break points converted", "home": "0", "away": "1", "compareCode": 2}, {"name": "Return games played", "home": "5", "away": "4", "compareCode": 2}]}, {"groupName": "Points", "statisticsItems": [{"name": "Service points won", "home": "17", "away": "21", "compareCode": 2}, {"name": "Receiver points won", "home": "6", "away": "10", "compareCode": 2}, {"name": "Total points won", "home": "23", "away": "31", "compareCode": 2}, {"name": "Max points in a row", "home": "6", "away": "6", "compareCode": 3}]}]}, {"period": "2ND", "groups": [{"groupName": "Service", "statisticsItems": [{"name": "Aces", "home": "0", "away": "0", "compareCode": 3}, {"name": "Double faults", "home": "0", "away": "0", "compareCode": 3}, {"name": "First serve", "home": "18/22 (82%)", "away": "15/21 (71%)", "compareCode": 1}, {"name": "Second serve", "home": "4/4 (100%)", "away": "6/6 (100%)", "compareCode": 3}, {"name": "First serve points", "home": "8/18 (44%)", "away": "12/15 (80%)", "compareCode": 2}, {"name": "Second serve points", "home": "3/4 (75%)", "away": "4/6 (67%)", "compareCode": 2}, {"name": "Break points saved", "home": "1/3 (33%)", "away": "0/0 (0%)", "compareCode": 2}, {"name": "Service games played", "home": "4", "away": "4", "compareCode": 3}]}, {"groupName": "Return", "statisticsItems": [{"name": "First serve return points", "home": "3/15 (20%)", "away": "10/18 (55%)", "compareCode": 1}, {"name": "Second serve return points", "home": "2/6 (33%)", "away": "1/4 (25%)", "compareCode": 2}, {"name": "Break points converted", "home": "0", "away": "2", "compareCode": 2}, {"name": "Return games played", "home": "4", "away": "4", "compareCode": 3}]}, {"groupName": "Points", "statisticsItems": [{"name": "Service points won", "home": "11", "away": "16", "compareCode": 2}, {"name": "Receiver points won", "home": "5", "away": "11", "compareCode": 2}, {"name": "Total points won", "home": "16", "away": "27", "compareCode": 2}, {"name": "Max points in a row", "home": "3", "away": "7", "compareCode": 2}]}]}]}