{"statistics": [{"period": "ALL", "groups": [{"groupName": "Service", "statisticsItems": [{"name": "Aces", "home": "0", "away": "1", "compareCode": 2}, {"name": "Double faults", "home": "1", "away": "0", "compareCode": 1}, {"name": "First serve", "home": "69/78 (88%)", "away": "74/80 (93%)", "compareCode": 2}, {"name": "Second serve", "home": "8/9 (89%)", "away": "6/6 (100%)", "compareCode": 2}, {"name": "First serve points", "home": "37/69 (54%)", "away": "40/74 (54%)", "compareCode": 2}, {"name": "Second serve points", "home": "3/9 (33%)", "away": "4/6 (67%)", "compareCode": 2}, {"name": "Break points saved", "home": "3/8 (37%)", "away": "5/10 (50%)", "compareCode": 1}, {"name": "Service games played", "home": "11", "away": "11", "compareCode": 3}]}, {"groupName": "Return", "statisticsItems": [{"name": "First serve return points", "home": "34/74 (45%)", "away": "32/69 (46%)", "compareCode": 2}, {"name": "Second serve return points", "home": "2/6 (33%)", "away": "6/9 (66%)", "compareCode": 1}, {"name": "Break points converted", "home": "5", "away": "5", "compareCode": 3}, {"name": "Return games played", "home": "11", "away": "11", "compareCode": 3}]}, {"groupName": "Points", "statisticsItems": [{"name": "Service points won", "home": "40", "away": "44", "compareCode": 2}, {"name": "Receiver points won", "home": "36", "away": "38", "compareCode": 2}, {"name": "Total points won", "home": "76", "away": "82", "compareCode": 2}, {"name": "Max points in a row", "home": "6", "away": "5", "compareCode": 1}]}]}, {"period": "1ST", "groups": [{"groupName": "Service", "statisticsItems": [{"name": "Aces", "home": "0", "away": "0", "compareCode": 3}, {"name": "Double faults", "home": "0", "away": "0", "compareCode": 3}, {"name": "First serve", "home": "26/30 (87%)", "away": "33/35 (94%)", "compareCode": 2}, {"name": "Second serve", "home": "4/4 (100%)", "away": "2/2 (100%)", "compareCode": 3}, {"name": "First serve points", "home": "16/26 (62%)", "away": "16/33 (48%)", "compareCode": 3}, {"name": "Second serve points", "home": "1/4 (25%)", "away": "1/2 (50%)", "compareCode": 3}, {"name": "Break points saved", "home": "1/3 (33%)", "away": "4/7 (57%)", "compareCode": 1}, {"name": "Service games played", "home": "5", "away": "5", "compareCode": 3}]}, {"groupName": "Return", "statisticsItems": [{"name": "First serve return points", "home": "17/33 (51%)", "away": "10/26 (38%)", "compareCode": 2}, {"name": "Second serve return points", "home": "1/2 (50%)", "away": "3/4 (75%)", "compareCode": 1}, {"name": "Break points converted", "home": "3", "away": "2", "compareCode": 1}, {"name": "Return games played", "home": "5", "away": "5", "compareCode": 3}]}, {"groupName": "Points", "statisticsItems": [{"name": "Service points won", "home": "17", "away": "17", "compareCode": 3}, {"name": "Receiver points won", "home": "18", "away": "13", "compareCode": 1}, {"name": "Total points won", "home": "35", "away": "30", "compareCode": 1}, {"name": "Max points in a row", "home": "5", "away": "3", "compareCode": 1}]}]}, {"period": "2ND", "groups": [{"groupName": "Service", "statisticsItems": [{"name": "Aces", "home": "0", "away": "1", "compareCode": 2}, {"name": "Double faults", "home": "1", "away": "0", "compareCode": 1}, {"name": "First serve", "home": "37/40 (93%)", "away": "33/36 (92%)", "compareCode": 1}, {"name": "Second serve", "home": "2/3 (67%)", "away": "3/3 (100%)", "compareCode": 2}, {"name": "First serve points", "home": "18/37 (49%)", "away": "20/33 (61%)", "compareCode": 2}, {"name": "Second serve points", "home": "2/3 (67%)", "away": "2/3 (67%)", "compareCode": 3}, {"name": "Break points saved", "home": "2/5 (40%)", "away": "1/3 (33%)", "compareCode": 2}, {"name": "Service games played", "home": "6", "away": "6", "compareCode": 3}]}, {"groupName": "Return", "statisticsItems": [{"name": "First serve return points", "home": "13/33 (39%)", "away": "19/37 (51%)", "compareCode": 1}, {"name": "Second serve return points", "home": "1/3 (33%)", "away": "1/3 (33%)", "compareCode": 3}, {"name": "Break points converted", "home": "2", "away": "3", "compareCode": 2}, {"name": "Return games played", "home": "6", "away": "6", "compareCode": 3}]}, {"groupName": "Points", "statisticsItems": [{"name": "Service points won", "home": "20", "away": "22", "compareCode": 2}, {"name": "Receiver points won", "home": "14", "away": "20", "compareCode": 2}, {"name": "Total points won", "home": "34", "away": "42", "compareCode": 2}, {"name": "Max points in a row", "home": "6", "away": "5", "compareCode": 1}]}]}, {"period": "3RD", "groups": [{"groupName": "Service", "statisticsItems": [{"name": "Aces", "home": "0", "away": "0", "compareCode": 3}, {"name": "Double faults", "home": "0", "away": "0", "compareCode": 3}, {"name": "First serve", "home": "6/8 (75%)", "away": "8/9 (89%)", "compareCode": 2}, {"name": "Second serve", "home": "2/2 (100%)", "away": "1/1 (100%)", "compareCode": 3}, {"name": "First serve points", "home": "3/6 (50%)", "away": "4/8 (50%)", "compareCode": 2}, {"name": "Second serve points", "home": "0/2 (0%)", "away": "1/1 (100%)", "compareCode": 2}, {"name": "Break points saved", "home": "0/0 (0%)", "away": "0/0 (0%)", "compareCode": 3}, {"name": "Service games played", "home": "0", "away": "0", "compareCode": 3}]}, {"groupName": "Return", "statisticsItems": [{"name": "First serve return points", "home": "4/8 (50%)", "away": "3/6 (50%)", "compareCode": 2}, {"name": "Second serve return points", "home": "0/1 (0%)", "away": "2/2 (100%)", "compareCode": 1}, {"name": "Break points converted", "home": "0", "away": "0", "compareCode": 3}, {"name": "Return games played", "home": "0", "away": "0", "compareCode": 3}]}, {"groupName": "Points", "statisticsItems": [{"name": "Service points won", "home": "3", "away": "5", "compareCode": 2}, {"name": "Receiver points won", "home": "4", "away": "5", "compareCode": 2}, {"name": "Total points won", "home": "7", "away": "10", "compareCode": 2}, {"name": "Max points in a row", "home": "2", "away": "3", "compareCode": 2}]}]}]}