{"statistics": [{"period": "ALL", "groups": [{"groupName": "Service", "statisticsItems": [{"name": "Aces", "home": "1", "away": "1", "compareCode": 3}, {"name": "Double faults", "home": "0", "away": "1", "compareCode": 2}, {"name": "First serve", "home": "57/62 (92%)", "away": "69/82 (84%)", "compareCode": 1}, {"name": "Second serve", "home": "5/5 (100%)", "away": "12/13 (92%)", "compareCode": 1}, {"name": "First serve points", "home": "36/57 (63%)", "away": "39/69 (57%)", "compareCode": 2}, {"name": "Second serve points", "home": "2/5 (40%)", "away": "7/13 (54%)", "compareCode": 2}, {"name": "Break points saved", "home": "3/7 (42%)", "away": "8/10 (80%)", "compareCode": 1}, {"name": "Service games played", "home": "10", "away": "10", "compareCode": 3}]}, {"groupName": "Return", "statisticsItems": [{"name": "First serve return points", "home": "30/69 (43%)", "away": "21/57 (36%)", "compareCode": 2}, {"name": "Second serve return points", "home": "6/13 (46%)", "away": "3/5 (60%)", "compareCode": 2}, {"name": "Break points converted", "home": "2", "away": "4", "compareCode": 2}, {"name": "Return games played", "home": "10", "away": "10", "compareCode": 3}]}, {"groupName": "Points", "statisticsItems": [{"name": "Service points won", "home": "38", "away": "46", "compareCode": 2}, {"name": "Receiver points won", "home": "36", "away": "24", "compareCode": 1}, {"name": "Total points won", "home": "74", "away": "70", "compareCode": 1}, {"name": "Max points in a row", "home": "6", "away": "4", "compareCode": 1}]}]}, {"period": "1ST", "groups": [{"groupName": "Service", "statisticsItems": [{"name": "Aces", "home": "0", "away": "1", "compareCode": 2}, {"name": "Double faults", "home": "0", "away": "1", "compareCode": 2}, {"name": "First serve", "home": "32/34 (94%)", "away": "43/54 (80%)", "compareCode": 1}, {"name": "Second serve", "home": "2/2 (100%)", "away": "10/11 (91%)", "compareCode": 1}, {"name": "First serve points", "home": "20/32 (63%)", "away": "22/43 (51%)", "compareCode": 2}, {"name": "Second serve points", "home": "1/2 (50%)", "away": "6/11 (55%)", "compareCode": 2}, {"name": "Break points saved", "home": "2/4 (50%)", "away": "8/10 (80%)", "compareCode": 1}, {"name": "Service games played", "home": "6", "away": "6", "compareCode": 3}]}, {"groupName": "Return", "statisticsItems": [{"name": "First serve return points", "home": "21/43 (48%)", "away": "12/32 (37%)", "compareCode": 2}, {"name": "Second serve return points", "home": "5/11 (45%)", "away": "1/2 (50%)", "compareCode": 2}, {"name": "Break points converted", "home": "2", "away": "2", "compareCode": 3}, {"name": "Return games played", "home": "6", "away": "6", "compareCode": 3}]}, {"groupName": "Points", "statisticsItems": [{"name": "Service points won", "home": "21", "away": "28", "compareCode": 2}, {"name": "Receiver points won", "home": "26", "away": "13", "compareCode": 1}, {"name": "Total points won", "home": "47", "away": "41", "compareCode": 1}, {"name": "Max points in a row", "home": "5", "away": "4", "compareCode": 1}]}]}, {"period": "2ND", "groups": [{"groupName": "Service", "statisticsItems": [{"name": "Aces", "home": "0", "away": "0", "compareCode": 3}, {"name": "Double faults", "home": "0", "away": "0", "compareCode": 3}, {"name": "First serve", "home": "19/21 (90%)", "away": "21/22 (95%)", "compareCode": 2}, {"name": "Second serve", "home": "2/2 (100%)", "away": "1/1 (100%)", "compareCode": 3}, {"name": "First serve points", "home": "10/19 (53%)", "away": "15/21 (71%)", "compareCode": 2}, {"name": "Second serve points", "home": "1/2 (50%)", "away": "1/1 (100%)", "compareCode": 3}, {"name": "Break points saved", "home": "1/3 (33%)", "away": "0/0 (0%)", "compareCode": 2}, {"name": "Service games played", "home": "4", "away": "4", "compareCode": 3}]}, {"groupName": "Return", "statisticsItems": [{"name": "First serve return points", "home": "6/21 (28%)", "away": "9/19 (47%)", "compareCode": 2}, {"name": "Second serve return points", "home": "0/1 (0%)", "away": "1/2 (50%)", "compareCode": 1}, {"name": "Break points converted", "home": "0", "away": "2", "compareCode": 2}, {"name": "Return games played", "home": "4", "away": "4", "compareCode": 3}]}, {"groupName": "Points", "statisticsItems": [{"name": "Service points won", "home": "11", "away": "16", "compareCode": 2}, {"name": "Receiver points won", "home": "6", "away": "10", "compareCode": 2}, {"name": "Total points won", "home": "17", "away": "26", "compareCode": 2}, {"name": "Max points in a row", "home": "4", "away": "4", "compareCode": 3}]}]}, {"period": "3RD", "groups": [{"groupName": "Service", "statisticsItems": [{"name": "Aces", "home": "1", "away": "0", "compareCode": 1}, {"name": "Double faults", "home": "0", "away": "0", "compareCode": 3}, {"name": "First serve", "home": "6/7 (86%)", "away": "5/6 (83%)", "compareCode": 1}, {"name": "Second serve", "home": "1/1 (100%)", "away": "1/1 (100%)", "compareCode": 3}, {"name": "First serve points", "home": "6/6 (100%)", "away": "2/5 (40%)", "compareCode": 1}, {"name": "Second serve points", "home": "0/1 (0%)", "away": "0/1 (0%)", "compareCode": 3}, {"name": "Break points saved", "home": "0/0 (0%)", "away": "0/0 (0%)", "compareCode": 3}, {"name": "Service games played", "home": "0", "away": "0", "compareCode": 3}]}, {"groupName": "Return", "statisticsItems": [{"name": "First serve return points", "home": "3/5 (60%)", "away": "0/6 (0%)", "compareCode": 1}, {"name": "Second serve return points", "home": "1/1 (100%)", "away": "1/1 (100%)", "compareCode": 3}, {"name": "Break points converted", "home": "0", "away": "0", "compareCode": 3}, {"name": "Return games played", "home": "0", "away": "0", "compareCode": 3}]}, {"groupName": "Points", "statisticsItems": [{"name": "Service points won", "home": "6", "away": "2", "compareCode": 1}, {"name": "Receiver points won", "home": "4", "away": "1", "compareCode": 1}, {"name": "Total points won", "home": "10", "away": "3", "compareCode": 1}, {"name": "Max points in a row", "home": "4", "away": "1", "compareCode": 1}]}]}]}