{"statistics": [{"period": "ALL", "groups": [{"groupName": "Service", "statisticsItems": [{"name": "Aces", "home": "0", "away": "0", "compareCode": 3}, {"name": "Double faults", "home": "2", "away": "5", "compareCode": 2}, {"name": "First serve", "home": "38/50 (76%)", "away": "31/48 (65%)", "compareCode": 1}, {"name": "Second serve", "home": "10/12 (83%)", "away": "12/17 (71%)", "compareCode": 1}, {"name": "First serve points", "home": "25/38 (66%)", "away": "14/31 (45%)", "compareCode": 1}, {"name": "Second serve points", "home": "6/12 (50%)", "away": "4/17 (24%)", "compareCode": 1}, {"name": "Break points saved", "home": "0/2 (0%)", "away": "1/7 (14%)", "compareCode": 1}, {"name": "Service games played", "home": "8", "away": "8", "compareCode": 3}]}, {"groupName": "Return", "statisticsItems": [{"name": "First serve return points", "home": "17/31 (54%)", "away": "13/38 (34%)", "compareCode": 1}, {"name": "Second serve return points", "home": "13/17 (76%)", "away": "6/12 (50%)", "compareCode": 2}, {"name": "Break points converted", "home": "6", "away": "2", "compareCode": 1}, {"name": "Return games played", "home": "8", "away": "8", "compareCode": 3}]}, {"groupName": "Points", "statisticsItems": [{"name": "Service points won", "home": "31", "away": "18", "compareCode": 1}, {"name": "Receiver points won", "home": "30", "away": "19", "compareCode": 1}, {"name": "Total points won", "home": "61", "away": "37", "compareCode": 1}, {"name": "Max points in a row", "home": "6", "away": "4", "compareCode": 1}]}]}, {"period": "1ST", "groups": [{"groupName": "Service", "statisticsItems": [{"name": "Aces", "home": "0", "away": "0", "compareCode": 3}, {"name": "Double faults", "home": "1", "away": "3", "compareCode": 2}, {"name": "First serve", "home": "19/28 (68%)", "away": "15/24 (63%)", "compareCode": 1}, {"name": "Second serve", "home": "8/9 (89%)", "away": "6/9 (67%)", "compareCode": 1}, {"name": "First serve points", "home": "12/19 (63%)", "away": "7/15 (47%)", "compareCode": 1}, {"name": "Second serve points", "home": "5/9 (56%)", "away": "3/9 (33%)", "compareCode": 1}, {"name": "Break points saved", "home": "0/1 (0%)", "away": "0/3 (0%)", "compareCode": 1}, {"name": "Service games played", "home": "4", "away": "4", "compareCode": 3}]}, {"groupName": "Return", "statisticsItems": [{"name": "First serve return points", "home": "8/15 (53%)", "away": "7/19 (36%)", "compareCode": 1}, {"name": "Second serve return points", "home": "6/9 (66%)", "away": "4/9 (44%)", "compareCode": 3}, {"name": "Break points converted", "home": "3", "away": "1", "compareCode": 1}, {"name": "Return games played", "home": "4", "away": "4", "compareCode": 3}]}, {"groupName": "Points", "statisticsItems": [{"name": "Service points won", "home": "17", "away": "10", "compareCode": 1}, {"name": "Receiver points won", "home": "14", "away": "11", "compareCode": 1}, {"name": "Total points won", "home": "31", "away": "21", "compareCode": 1}, {"name": "Max points in a row", "home": "5", "away": "4", "compareCode": 1}]}]}, {"period": "2ND", "groups": [{"groupName": "Service", "statisticsItems": [{"name": "Aces", "home": "0", "away": "0", "compareCode": 3}, {"name": "Double faults", "home": "1", "away": "2", "compareCode": 2}, {"name": "First serve", "home": "19/22 (86%)", "away": "16/24 (67%)", "compareCode": 1}, {"name": "Second serve", "home": "2/3 (67%)", "away": "6/8 (75%)", "compareCode": 2}, {"name": "First serve points", "home": "13/19 (68%)", "away": "7/16 (44%)", "compareCode": 1}, {"name": "Second serve points", "home": "1/3 (33%)", "away": "1/8 (13%)", "compareCode": 3}, {"name": "Break points saved", "home": "0/1 (0%)", "away": "1/4 (25%)", "compareCode": 1}, {"name": "Service games played", "home": "4", "away": "4", "compareCode": 3}]}, {"groupName": "Return", "statisticsItems": [{"name": "First serve return points", "home": "9/16 (56%)", "away": "6/19 (31%)", "compareCode": 2}, {"name": "Second serve return points", "home": "7/8 (87%)", "away": "2/3 (66%)", "compareCode": 2}, {"name": "Break points converted", "home": "3", "away": "1", "compareCode": 1}, {"name": "Return games played", "home": "4", "away": "4", "compareCode": 3}]}, {"groupName": "Points", "statisticsItems": [{"name": "Service points won", "home": "14", "away": "8", "compareCode": 1}, {"name": "Receiver points won", "home": "16", "away": "8", "compareCode": 1}, {"name": "Total points won", "home": "30", "away": "16", "compareCode": 1}, {"name": "Max points in a row", "home": "6", "away": "3", "compareCode": 1}]}]}]}