{"statistics": [{"period": "ALL", "groups": [{"groupName": "Service", "statisticsItems": [{"name": "Aces", "home": "1", "away": "3", "compareCode": 2}, {"name": "Double faults", "home": "5", "away": "0", "compareCode": 1}, {"name": "First serve", "home": "59/79 (75%)", "away": "49/68 (72%)", "compareCode": 1}, {"name": "Second serve", "home": "15/20 (75%)", "away": "19/19 (100%)", "compareCode": 2}, {"name": "First serve points", "home": "36/59 (61%)", "away": "33/49 (67%)", "compareCode": 1}, {"name": "Second serve points", "home": "7/20 (35%)", "away": "13/19 (68%)", "compareCode": 2}, {"name": "Break points saved", "home": "9/12 (75%)", "away": "2/3 (66%)", "compareCode": 2}, {"name": "Service games played", "home": "10", "away": "11", "compareCode": 2}]}, {"groupName": "Return", "statisticsItems": [{"name": "First serve return points", "home": "16/49 (32%)", "away": "23/59 (38%)", "compareCode": 1}, {"name": "Second serve return points", "home": "6/19 (31%)", "away": "13/20 (65%)", "compareCode": 1}, {"name": "Break points converted", "home": "1", "away": "3", "compareCode": 2}, {"name": "Return games played", "home": "11", "away": "10", "compareCode": 2}]}, {"groupName": "Points", "statisticsItems": [{"name": "Service points won", "home": "43", "away": "46", "compareCode": 2}, {"name": "Receiver points won", "home": "22", "away": "36", "compareCode": 2}, {"name": "Total points won", "home": "65", "away": "82", "compareCode": 2}, {"name": "Max points in a row", "home": "3", "away": "5", "compareCode": 2}]}]}, {"period": "1ST", "groups": [{"groupName": "Service", "statisticsItems": [{"name": "Aces", "home": "0", "away": "1", "compareCode": 2}, {"name": "Double faults", "home": "3", "away": "0", "compareCode": 1}, {"name": "First serve", "home": "37/51 (73%)", "away": "28/37 (76%)", "compareCode": 2}, {"name": "Second serve", "home": "11/14 (79%)", "away": "9/9 (100%)", "compareCode": 2}, {"name": "First serve points", "home": "23/37 (62%)", "away": "18/28 (64%)", "compareCode": 1}, {"name": "Second serve points", "home": "4/14 (29%)", "away": "6/9 (67%)", "compareCode": 2}, {"name": "Break points saved", "home": "8/10 (80%)", "away": "1/2 (50%)", "compareCode": 2}, {"name": "Service games played", "home": "6", "away": "6", "compareCode": 3}]}, {"groupName": "Return", "statisticsItems": [{"name": "First serve return points", "home": "10/28 (35%)", "away": "14/37 (37%)", "compareCode": 1}, {"name": "Second serve return points", "home": "3/9 (33%)", "away": "10/14 (71%)", "compareCode": 1}, {"name": "Break points converted", "home": "1", "away": "2", "compareCode": 2}, {"name": "Return games played", "home": "6", "away": "6", "compareCode": 3}]}, {"groupName": "Points", "statisticsItems": [{"name": "Service points won", "home": "27", "away": "24", "compareCode": 1}, {"name": "Receiver points won", "home": "13", "away": "24", "compareCode": 2}, {"name": "Total points won", "home": "40", "away": "48", "compareCode": 2}, {"name": "Max points in a row", "home": "3", "away": "5", "compareCode": 2}]}]}, {"period": "2ND", "groups": [{"groupName": "Service", "statisticsItems": [{"name": "Aces", "home": "1", "away": "2", "compareCode": 2}, {"name": "Double faults", "home": "2", "away": "0", "compareCode": 1}, {"name": "First serve", "home": "22/28 (79%)", "away": "21/31 (68%)", "compareCode": 1}, {"name": "Second serve", "home": "4/6 (67%)", "away": "10/10 (100%)", "compareCode": 2}, {"name": "First serve points", "home": "13/22 (59%)", "away": "15/21 (71%)", "compareCode": 2}, {"name": "Second serve points", "home": "3/6 (50%)", "away": "7/10 (70%)", "compareCode": 2}, {"name": "Break points saved", "home": "1/2 (50%)", "away": "1/1 (100%)", "compareCode": 2}, {"name": "Service games played", "home": "4", "away": "5", "compareCode": 2}]}, {"groupName": "Return", "statisticsItems": [{"name": "First serve return points", "home": "6/21 (28%)", "away": "9/22 (40%)", "compareCode": 2}, {"name": "Second serve return points", "home": "3/10 (30%)", "away": "3/6 (50%)", "compareCode": 2}, {"name": "Break points converted", "home": "0", "away": "1", "compareCode": 2}, {"name": "Return games played", "home": "5", "away": "4", "compareCode": 2}]}, {"groupName": "Points", "statisticsItems": [{"name": "Service points won", "home": "16", "away": "22", "compareCode": 2}, {"name": "Receiver points won", "home": "9", "away": "12", "compareCode": 2}, {"name": "Total points won", "home": "25", "away": "34", "compareCode": 2}, {"name": "Max points in a row", "home": "3", "away": "4", "compareCode": 2}]}]}]}