{"statistics": [{"period": "ALL", "groups": [{"groupName": "Service", "statisticsItems": [{"name": "Aces", "home": "0", "away": "3", "compareCode": 2}, {"name": "First serve", "home": "56/69 (81%)", "away": "47/76 (62%)", "compareCode": 1}, {"name": "Second serve", "home": "13/13 (100%)", "away": "29/29 (100%)", "compareCode": 3}, {"name": "First serve points", "home": "31/56 (55%)", "away": "20/47 (43%)", "compareCode": 1}, {"name": "Second serve points", "home": "6/13 (46%)", "away": "14/29 (48%)", "compareCode": 2}, {"name": "Break points saved", "home": "5/9 (55%)", "away": "9/16 (56%)", "compareCode": 1}, {"name": "Service games played", "home": "10", "away": "11", "compareCode": 2}]}, {"groupName": "Return", "statisticsItems": [{"name": "First serve return points", "home": "27/47 (57%)", "away": "25/56 (44%)", "compareCode": 2}, {"name": "Second serve return points", "home": "15/29 (51%)", "away": "7/13 (53%)", "compareCode": 2}, {"name": "Break points converted", "home": "7", "away": "4", "compareCode": 1}, {"name": "Return games played", "home": "11", "away": "10", "compareCode": 2}]}, {"groupName": "Points", "statisticsItems": [{"name": "Service points won", "home": "37", "away": "34", "compareCode": 1}, {"name": "Receiver points won", "home": "42", "away": "32", "compareCode": 1}, {"name": "Total points won", "home": "79", "away": "66", "compareCode": 1}, {"name": "Max points in a row", "home": "7", "away": "9", "compareCode": 2}]}]}, {"period": "1ST", "groups": [{"groupName": "Service", "statisticsItems": [{"name": "Aces", "home": "0", "away": "3", "compareCode": 2}, {"name": "Double faults", "home": "0", "away": "0", "compareCode": 3}, {"name": "First serve", "home": "16/21 (76%)", "away": "21/33 (64%)", "compareCode": 1}, {"name": "Second serve", "home": "5/5 (100%)", "away": "12/12 (100%)", "compareCode": 3}, {"name": "First serve points", "home": "10/16 (63%)", "away": "11/21 (52%)", "compareCode": 2}, {"name": "Second serve points", "home": "3/5 (60%)", "away": "5/12 (42%)", "compareCode": 2}, {"name": "Break points saved", "home": "0/1 (0%)", "away": "2/5 (40%)", "compareCode": 1}, {"name": "Service games played", "home": "4", "away": "5", "compareCode": 2}]}, {"groupName": "Return", "statisticsItems": [{"name": "First serve return points", "home": "10/21 (47%)", "away": "6/16 (37%)", "compareCode": 2}, {"name": "Second serve return points", "home": "7/12 (58%)", "away": "2/5 (40%)", "compareCode": 2}, {"name": "Break points converted", "home": "3", "away": "1", "compareCode": 1}, {"name": "Return games played", "home": "5", "away": "4", "compareCode": 2}]}, {"groupName": "Points", "statisticsItems": [{"name": "Service points won", "home": "13", "away": "16", "compareCode": 2}, {"name": "Receiver points won", "home": "17", "away": "8", "compareCode": 1}, {"name": "Total points won", "home": "30", "away": "24", "compareCode": 1}, {"name": "Max points in a row", "home": "7", "away": "9", "compareCode": 2}]}]}, {"period": "2ND", "groups": [{"groupName": "Service", "statisticsItems": [{"name": "Aces", "home": "0", "away": "0", "compareCode": 3}, {"name": "Double faults", "home": "0", "away": "0", "compareCode": 3}, {"name": "First serve", "home": "40/48 (83%)", "away": "26/43 (60%)", "compareCode": 1}, {"name": "Second serve", "home": "8/8 (100%)", "away": "17/17 (100%)", "compareCode": 3}, {"name": "First serve points", "home": "21/40 (53%)", "away": "9/26 (35%)", "compareCode": 1}, {"name": "Second serve points", "home": "3/8 (38%)", "away": "9/17 (53%)", "compareCode": 2}, {"name": "Break points saved", "home": "5/8 (62%)", "away": "7/11 (63%)", "compareCode": 1}, {"name": "Service games played", "home": "6", "away": "6", "compareCode": 3}]}, {"groupName": "Return", "statisticsItems": [{"name": "First serve return points", "home": "17/26 (65%)", "away": "19/40 (47%)", "compareCode": 1}, {"name": "Second serve return points", "home": "8/17 (47%)", "away": "5/8 (62%)", "compareCode": 2}, {"name": "Break points converted", "home": "4", "away": "3", "compareCode": 1}, {"name": "Return games played", "home": "6", "away": "6", "compareCode": 3}]}, {"groupName": "Points", "statisticsItems": [{"name": "Service points won", "home": "24", "away": "18", "compareCode": 1}, {"name": "Receiver points won", "home": "25", "away": "24", "compareCode": 1}, {"name": "Total points won", "home": "49", "away": "42", "compareCode": 1}, {"name": "Max points in a row", "home": "6", "away": "6", "compareCode": 3}]}]}]}