{"statistics": [{"period": "ALL", "groups": [{"groupName": "Service", "statisticsItems": [{"name": "Aces", "home": "0", "away": "0", "compareCode": 3}, {"name": "Double faults", "home": "1", "away": "1", "compareCode": 3}, {"name": "First serve", "home": "22/38 (58%)", "away": "30/37 (81%)", "compareCode": 2}, {"name": "Second serve", "home": "15/16 (94%)", "away": "6/7 (86%)", "compareCode": 1}, {"name": "First serve points", "home": "7/22 (32%)", "away": "22/30 (73%)", "compareCode": 2}, {"name": "Second serve points", "home": "3/16 (19%)", "away": "4/7 (57%)", "compareCode": 2}, {"name": "Break points saved", "home": "4/10 (40%)", "away": "0/1 (0%)", "compareCode": 2}, {"name": "Service games played", "home": "7", "away": "7", "compareCode": 3}]}, {"groupName": "Return", "statisticsItems": [{"name": "First serve return points", "home": "8/30 (26%)", "away": "15/22 (68%)", "compareCode": 1}, {"name": "Second serve return points", "home": "3/7 (42%)", "away": "13/16 (81%)", "compareCode": 1}, {"name": "Break points converted", "home": "1", "away": "6", "compareCode": 2}, {"name": "Return games played", "home": "7", "away": "7", "compareCode": 3}]}, {"groupName": "Points", "statisticsItems": [{"name": "Service points won", "home": "10", "away": "26", "compareCode": 2}, {"name": "Receiver points won", "home": "11", "away": "28", "compareCode": 2}, {"name": "Total points won", "home": "21", "away": "54", "compareCode": 2}, {"name": "Max points in a row", "home": "3", "away": "21", "compareCode": 2}]}]}, {"period": "1ST", "groups": [{"groupName": "Service", "statisticsItems": [{"name": "Aces", "home": "0", "away": "0", "compareCode": 3}, {"name": "Double faults", "home": "1", "away": "1", "compareCode": 3}, {"name": "First serve", "home": "13/25 (52%)", "away": "20/24 (83%)", "compareCode": 2}, {"name": "Second serve", "home": "11/12 (92%)", "away": "3/4 (75%)", "compareCode": 1}, {"name": "First serve points", "home": "6/13 (46%)", "away": "12/20 (60%)", "compareCode": 2}, {"name": "Second serve points", "home": "3/12 (25%)", "away": "2/4 (50%)", "compareCode": 1}, {"name": "Break points saved", "home": "3/6 (50%)", "away": "0/1 (0%)", "compareCode": 2}, {"name": "Service games played", "home": "4", "away": "4", "compareCode": 3}]}, {"groupName": "Return", "statisticsItems": [{"name": "First serve return points", "home": "8/20 (40%)", "away": "7/13 (53%)", "compareCode": 1}, {"name": "Second serve return points", "home": "2/4 (50%)", "away": "9/12 (75%)", "compareCode": 1}, {"name": "Break points converted", "home": "1", "away": "3", "compareCode": 2}, {"name": "Return games played", "home": "4", "away": "4", "compareCode": 3}]}, {"groupName": "Points", "statisticsItems": [{"name": "Service points won", "home": "9", "away": "14", "compareCode": 2}, {"name": "Receiver points won", "home": "10", "away": "16", "compareCode": 2}, {"name": "Total points won", "home": "19", "away": "30", "compareCode": 2}, {"name": "Max points in a row", "home": "3", "away": "5", "compareCode": 2}]}]}, {"period": "2ND", "groups": [{"groupName": "Service", "statisticsItems": [{"name": "Aces", "home": "0", "away": "0", "compareCode": 3}, {"name": "Double faults", "home": "0", "away": "0", "compareCode": 3}, {"name": "First serve", "home": "9/13 (69%)", "away": "10/13 (77%)", "compareCode": 2}, {"name": "Second serve", "home": "4/4 (100%)", "away": "3/3 (100%)", "compareCode": 3}, {"name": "First serve points", "home": "1/9 (11%)", "away": "10/10 (100%)", "compareCode": 2}, {"name": "Second serve points", "home": "0/4 (0%)", "away": "2/3 (67%)", "compareCode": 2}, {"name": "Break points saved", "home": "1/4 (25%)", "away": "0/0 (0%)", "compareCode": 2}, {"name": "Service games played", "home": "3", "away": "3", "compareCode": 3}]}, {"groupName": "Return", "statisticsItems": [{"name": "First serve return points", "home": "0/10 (0%)", "away": "8/9 (88%)", "compareCode": 3}, {"name": "Second serve return points", "home": "1/3 (33%)", "away": "4/4 (100%)", "compareCode": 1}, {"name": "Break points converted", "home": "0", "away": "3", "compareCode": 2}, {"name": "Return games played", "home": "3", "away": "3", "compareCode": 3}]}, {"groupName": "Points", "statisticsItems": [{"name": "Service points won", "home": "1", "away": "12", "compareCode": 2}, {"name": "Receiver points won", "home": "1", "away": "12", "compareCode": 2}, {"name": "Total points won", "home": "2", "away": "24", "compareCode": 2}, {"name": "Max points in a row", "home": "1", "away": "16", "compareCode": 2}]}]}]}