{"statistics": [{"period": "ALL", "groups": [{"groupName": "Service", "statisticsItems": [{"name": "Aces", "home": "2", "away": "2", "compareCode": 3}, {"name": "Double faults", "home": "0", "away": "1", "compareCode": 2}, {"name": "First serve", "home": "50/64 (78%)", "away": "30/56 (54%)", "compareCode": 1}, {"name": "Second serve", "home": "14/14 (100%)", "away": "25/26 (96%)", "compareCode": 1}, {"name": "First serve points", "home": "23/50 (46%)", "away": "20/30 (67%)", "compareCode": 1}, {"name": "Second serve points", "home": "6/14 (43%)", "away": "12/26 (46%)", "compareCode": 2}, {"name": "Break points saved", "home": "4/10 (40%)", "away": "0/3 (0%)", "compareCode": 2}, {"name": "Service games played", "home": "10", "away": "9", "compareCode": 1}]}, {"groupName": "Return", "statisticsItems": [{"name": "First serve return points", "home": "10/30 (33%)", "away": "27/50 (54%)", "compareCode": 1}, {"name": "Second serve return points", "home": "14/26 (53%)", "away": "8/14 (57%)", "compareCode": 2}, {"name": "Break points converted", "home": "3", "away": "6", "compareCode": 2}, {"name": "Return games played", "home": "9", "away": "10", "compareCode": 1}]}, {"groupName": "Points", "statisticsItems": [{"name": "Service points won", "home": "29", "away": "32", "compareCode": 2}, {"name": "Receiver points won", "home": "24", "away": "35", "compareCode": 2}, {"name": "Total points won", "home": "53", "away": "67", "compareCode": 2}, {"name": "Max points in a row", "home": "9", "away": "7", "compareCode": 1}]}]}, {"period": "1ST", "groups": [{"groupName": "Service", "statisticsItems": [{"name": "Aces", "home": "2", "away": "2", "compareCode": 3}, {"name": "Double faults", "home": "0", "away": "0", "compareCode": 3}, {"name": "First serve", "home": "30/42 (71%)", "away": "22/41 (54%)", "compareCode": 1}, {"name": "Second serve", "home": "12/12 (100%)", "away": "19/19 (100%)", "compareCode": 3}, {"name": "First serve points", "home": "17/30 (57%)", "away": "15/22 (68%)", "compareCode": 1}, {"name": "Second serve points", "home": "6/12 (50%)", "away": "8/19 (42%)", "compareCode": 2}, {"name": "Break points saved", "home": "2/4 (50%)", "away": "0/2 (0%)", "compareCode": 2}, {"name": "Service games played", "home": "6", "away": "6", "compareCode": 3}]}, {"groupName": "Return", "statisticsItems": [{"name": "First serve return points", "home": "7/22 (31%)", "away": "13/30 (43%)", "compareCode": 1}, {"name": "Second serve return points", "home": "11/19 (57%)", "away": "6/12 (50%)", "compareCode": 2}, {"name": "Break points converted", "home": "2", "away": "2", "compareCode": 3}, {"name": "Return games played", "home": "6", "away": "6", "compareCode": 3}]}, {"groupName": "Points", "statisticsItems": [{"name": "Service points won", "home": "23", "away": "23", "compareCode": 3}, {"name": "Receiver points won", "home": "18", "away": "19", "compareCode": 2}, {"name": "Total points won", "home": "41", "away": "42", "compareCode": 2}, {"name": "Max points in a row", "home": "9", "away": "7", "compareCode": 1}]}]}, {"period": "2ND", "groups": [{"groupName": "Service", "statisticsItems": [{"name": "Aces", "home": "0", "away": "0", "compareCode": 3}, {"name": "Double faults", "home": "0", "away": "1", "compareCode": 2}, {"name": "First serve", "home": "20/22 (91%)", "away": "8/15 (53%)", "compareCode": 1}, {"name": "Second serve", "home": "2/2 (100%)", "away": "6/7 (86%)", "compareCode": 1}, {"name": "First serve points", "home": "6/20 (30%)", "away": "5/8 (63%)", "compareCode": 1}, {"name": "Second serve points", "home": "0/2 (0%)", "away": "4/7 (57%)", "compareCode": 2}, {"name": "Break points saved", "home": "2/6 (33%)", "away": "0/1 (0%)", "compareCode": 2}, {"name": "Service games played", "home": "4", "away": "3", "compareCode": 1}]}, {"groupName": "Return", "statisticsItems": [{"name": "First serve return points", "home": "3/8 (37%)", "away": "14/20 (70%)", "compareCode": 1}, {"name": "Second serve return points", "home": "3/7 (42%)", "away": "2/2 (100%)", "compareCode": 2}, {"name": "Break points converted", "home": "1", "away": "4", "compareCode": 2}, {"name": "Return games played", "home": "3", "away": "4", "compareCode": 1}]}, {"groupName": "Points", "statisticsItems": [{"name": "Service points won", "home": "6", "away": "9", "compareCode": 2}, {"name": "Receiver points won", "home": "6", "away": "16", "compareCode": 2}, {"name": "Total points won", "home": "12", "away": "25", "compareCode": 2}, {"name": "Max points in a row", "home": "3", "away": "6", "compareCode": 2}]}]}]}