{"statistics": [{"period": "ALL", "groups": [{"groupName": "Service", "statisticsItems": [{"name": "Aces", "home": "0", "away": "0", "compareCode": 3}, {"name": "Double faults", "home": "7", "away": "3", "compareCode": 1}, {"name": "First serve", "home": "58/76 (76%)", "away": "68/92 (74%)", "compareCode": 1}, {"name": "Second serve", "home": "11/18 (61%)", "away": "21/24 (88%)", "compareCode": 2}, {"name": "First serve points", "home": "27/58 (47%)", "away": "35/68 (51%)", "compareCode": 2}, {"name": "Second serve points", "home": "3/18 (17%)", "away": "7/24 (29%)", "compareCode": 2}, {"name": "Break points saved", "home": "7/16 (43%)", "away": "10/18 (55%)", "compareCode": 1}, {"name": "Service games played", "home": "11", "away": "11", "compareCode": 3}]}, {"groupName": "Return", "statisticsItems": [{"name": "First serve return points", "home": "33/68 (48%)", "away": "31/58 (53%)", "compareCode": 2}, {"name": "Second serve return points", "home": "17/24 (70%)", "away": "15/18 (83%)", "compareCode": 2}, {"name": "Break points converted", "home": "8", "away": "9", "compareCode": 2}, {"name": "Return games played", "home": "11", "away": "11", "compareCode": 3}]}, {"groupName": "Points", "statisticsItems": [{"name": "Service points won", "home": "30", "away": "42", "compareCode": 2}, {"name": "Receiver points won", "home": "50", "away": "46", "compareCode": 1}, {"name": "Total points won", "home": "80", "away": "88", "compareCode": 2}, {"name": "Max points in a row", "home": "8", "away": "5", "compareCode": 1}]}]}, {"period": "1ST", "groups": [{"groupName": "Service", "statisticsItems": [{"name": "Aces", "home": "0", "away": "0", "compareCode": 3}, {"name": "Double faults", "home": "2", "away": "3", "compareCode": 2}, {"name": "First serve", "home": "37/48 (77%)", "away": "41/56 (73%)", "compareCode": 1}, {"name": "Second serve", "home": "9/11 (82%)", "away": "12/15 (80%)", "compareCode": 1}, {"name": "First serve points", "home": "20/37 (54%)", "away": "21/41 (51%)", "compareCode": 2}, {"name": "Second serve points", "home": "3/11 (27%)", "away": "6/15 (40%)", "compareCode": 2}, {"name": "Break points saved", "home": "5/9 (55%)", "away": "5/9 (55%)", "compareCode": 3}, {"name": "Service games played", "home": "6", "away": "6", "compareCode": 3}]}, {"groupName": "Return", "statisticsItems": [{"name": "First serve return points", "home": "20/41 (48%)", "away": "17/37 (45%)", "compareCode": 2}, {"name": "Second serve return points", "home": "9/15 (60%)", "away": "8/11 (72%)", "compareCode": 2}, {"name": "Break points converted", "home": "4", "away": "4", "compareCode": 3}, {"name": "Return games played", "home": "6", "away": "6", "compareCode": 3}]}, {"groupName": "Points", "statisticsItems": [{"name": "Service points won", "home": "23", "away": "27", "compareCode": 2}, {"name": "Receiver points won", "home": "29", "away": "25", "compareCode": 1}, {"name": "Total points won", "home": "52", "away": "52", "compareCode": 3}, {"name": "Max points in a row", "home": "8", "away": "4", "compareCode": 1}]}]}, {"period": "2ND", "groups": [{"groupName": "Service", "statisticsItems": [{"name": "Aces", "home": "0", "away": "0", "compareCode": 3}, {"name": "Double faults", "home": "5", "away": "0", "compareCode": 1}, {"name": "First serve", "home": "21/28 (75%)", "away": "27/36 (75%)", "compareCode": 3}, {"name": "Second serve", "home": "2/7 (29%)", "away": "9/9 (100%)", "compareCode": 2}, {"name": "First serve points", "home": "7/21 (33%)", "away": "14/27 (52%)", "compareCode": 2}, {"name": "Second serve points", "home": "0/7 (0%)", "away": "1/9 (11%)", "compareCode": 2}, {"name": "Break points saved", "home": "2/7 (28%)", "away": "5/9 (55%)", "compareCode": 1}, {"name": "Service games played", "home": "5", "away": "5", "compareCode": 3}]}, {"groupName": "Return", "statisticsItems": [{"name": "First serve return points", "home": "13/27 (48%)", "away": "14/21 (66%)", "compareCode": 2}, {"name": "Second serve return points", "home": "8/9 (88%)", "away": "7/7 (100%)", "compareCode": 2}, {"name": "Break points converted", "home": "4", "away": "5", "compareCode": 2}, {"name": "Return games played", "home": "5", "away": "5", "compareCode": 3}]}, {"groupName": "Points", "statisticsItems": [{"name": "Service points won", "home": "7", "away": "15", "compareCode": 2}, {"name": "Receiver points won", "home": "21", "away": "21", "compareCode": 3}, {"name": "Total points won", "home": "28", "away": "36", "compareCode": 2}, {"name": "Max points in a row", "home": "4", "away": "5", "compareCode": 2}]}]}]}