{"statistics": [{"period": "ALL", "groups": [{"groupName": "Service", "statisticsItems": [{"name": "Aces", "home": "0", "away": "1", "compareCode": 2}, {"name": "Double faults", "home": "2", "away": "1", "compareCode": 1}, {"name": "First serve", "home": "18/22 (82%)", "away": "22/26 (85%)", "compareCode": 2}, {"name": "Second serve", "home": "2/4 (50%)", "away": "3/4 (75%)", "compareCode": 2}, {"name": "First serve points", "home": "14/18 (78%)", "away": "7/22 (32%)", "compareCode": 1}, {"name": "Second serve points", "home": "1/4 (25%)", "away": "0/4 (0%)", "compareCode": 1}, {"name": "Break points saved", "home": "0/1 (0%)", "away": "0/4 (0%)", "compareCode": 1}, {"name": "Service games played", "home": "4", "away": "4", "compareCode": 3}]}, {"groupName": "Return", "statisticsItems": [{"name": "First serve return points", "home": "15/22 (68%)", "away": "4/18 (22%)", "compareCode": 2}, {"name": "Second serve return points", "home": "4/4 (100%)", "away": "3/4 (75%)", "compareCode": 3}, {"name": "Break points converted", "home": "4", "away": "1", "compareCode": 1}, {"name": "Return games played", "home": "4", "away": "4", "compareCode": 3}]}, {"groupName": "Points", "statisticsItems": [{"name": "Service points won", "home": "15", "away": "7", "compareCode": 1}, {"name": "Receiver points won", "home": "19", "away": "7", "compareCode": 1}, {"name": "Total points won", "home": "34", "away": "14", "compareCode": 1}, {"name": "Max points in a row", "home": "9", "away": "3", "compareCode": 1}]}]}, {"period": "1ST", "groups": [{"groupName": "Service", "statisticsItems": [{"name": "Aces", "home": "0", "away": "1", "compareCode": 2}, {"name": "Double faults", "home": "2", "away": "1", "compareCode": 1}, {"name": "First serve", "home": "14/18 (78%)", "away": "20/24 (83%)", "compareCode": 2}, {"name": "Second serve", "home": "2/4 (50%)", "away": "3/4 (75%)", "compareCode": 2}, {"name": "First serve points", "home": "10/14 (71%)", "away": "7/20 (35%)", "compareCode": 1}, {"name": "Second serve points", "home": "1/4 (25%)", "away": "0/4 (0%)", "compareCode": 1}, {"name": "Break points saved", "home": "0/1 (0%)", "away": "0/4 (0%)", "compareCode": 1}, {"name": "Service games played", "home": "3", "away": "4", "compareCode": 2}]}, {"groupName": "Return", "statisticsItems": [{"name": "First serve return points", "home": "13/20 (65%)", "away": "4/14 (28%)", "compareCode": 2}, {"name": "Second serve return points", "home": "4/4 (100%)", "away": "3/4 (75%)", "compareCode": 3}, {"name": "Break points converted", "home": "4", "away": "1", "compareCode": 1}, {"name": "Return games played", "home": "4", "away": "3", "compareCode": 2}]}, {"groupName": "Points", "statisticsItems": [{"name": "Service points won", "home": "11", "away": "7", "compareCode": 1}, {"name": "Receiver points won", "home": "17", "away": "7", "compareCode": 1}, {"name": "Total points won", "home": "28", "away": "14", "compareCode": 1}, {"name": "Max points in a row", "home": "9", "away": "3", "compareCode": 1}]}]}, {"period": "2ND", "groups": [{"groupName": "Service", "statisticsItems": [{"name": "Aces", "home": "0", "away": "0", "compareCode": 3}, {"name": "Double faults", "home": "0", "away": "0", "compareCode": 3}, {"name": "First serve", "home": "4/4 (100%)", "away": "2/2 (100%)", "compareCode": 3}, {"name": "Second serve", "home": "0/0 (0%)", "away": "0/0 (0%)", "compareCode": 3}, {"name": "First serve points", "home": "4/4 (100%)", "away": "0/2 (0%)", "compareCode": 1}, {"name": "Second serve points", "home": "0/0 (0%)", "away": "0/0 (0%)", "compareCode": 3}, {"name": "Break points saved", "home": "0/0 (0%)", "away": "0/0 (0%)", "compareCode": 3}, {"name": "Service games played", "home": "1", "away": "0", "compareCode": 1}]}, {"groupName": "Return", "statisticsItems": [{"name": "First serve return points", "home": "2/2 (100%)", "away": "0/4 (0%)", "compareCode": 1}, {"name": "Second serve return points", "home": "0/0 (0%)", "away": "0/0 (0%)", "compareCode": 3}, {"name": "Break points converted", "home": "0", "away": "0", "compareCode": 3}, {"name": "Return games played", "home": "0", "away": "1", "compareCode": 1}]}, {"groupName": "Points", "statisticsItems": [{"name": "Service points won", "home": "4", "away": "0", "compareCode": 1}, {"name": "Receiver points won", "home": "2", "away": "0", "compareCode": 1}, {"name": "Total points won", "home": "6", "away": "0", "compareCode": 1}, {"name": "Max points in a row", "home": "6", "away": "0", "compareCode": 1}]}]}]}