{"statistics": [{"period": "ALL", "groups": [{"groupName": "Service", "statisticsItems": [{"name": "Aces", "home": "11", "away": "3", "compareCode": 1}, {"name": "Double faults", "home": "3", "away": "0", "compareCode": 1}, {"name": "First serve", "home": "30/46 (65%)", "away": "33/51 (65%)", "compareCode": 3}, {"name": "Second serve", "home": "13/16 (81%)", "away": "18/18 (100%)", "compareCode": 2}, {"name": "First serve points", "home": "26/30 (87%)", "away": "17/33 (52%)", "compareCode": 1}, {"name": "Second serve points", "home": "8/16 (50%)", "away": "8/18 (44%)", "compareCode": 3}, {"name": "Break points saved", "home": "0/0 (0%)", "away": "3/7 (42%)", "compareCode": 1}, {"name": "Service games played", "home": "8", "away": "8", "compareCode": 3}]}, {"groupName": "Return", "statisticsItems": [{"name": "First serve return points", "home": "16/33 (48%)", "away": "4/30 (13%)", "compareCode": 2}, {"name": "Second serve return points", "home": "10/18 (55%)", "away": "8/16 (50%)", "compareCode": 2}, {"name": "Break points converted", "home": "4", "away": "0", "compareCode": 1}, {"name": "Return games played", "home": "8", "away": "8", "compareCode": 3}]}, {"groupName": "Points", "statisticsItems": [{"name": "Service points won", "home": "34", "away": "25", "compareCode": 1}, {"name": "Receiver points won", "home": "26", "away": "12", "compareCode": 1}, {"name": "Total points won", "home": "60", "away": "37", "compareCode": 1}, {"name": "Max points in a row", "home": "8", "away": "4", "compareCode": 1}]}]}, {"period": "1ST", "groups": [{"groupName": "Service", "statisticsItems": [{"name": "Aces", "home": "9", "away": "3", "compareCode": 1}, {"name": "Double faults", "home": "0", "away": "0", "compareCode": 3}, {"name": "First serve", "home": "17/25 (68%)", "away": "21/30 (70%)", "compareCode": 2}, {"name": "Second serve", "home": "8/8 (100%)", "away": "9/9 (100%)", "compareCode": 3}, {"name": "First serve points", "home": "15/17 (88%)", "away": "12/21 (57%)", "compareCode": 1}, {"name": "Second serve points", "home": "3/8 (38%)", "away": "3/9 (33%)", "compareCode": 3}, {"name": "Break points saved", "home": "0/0 (0%)", "away": "2/4 (50%)", "compareCode": 1}, {"name": "Service games played", "home": "4", "away": "4", "compareCode": 3}]}, {"groupName": "Return", "statisticsItems": [{"name": "First serve return points", "home": "9/21 (42%)", "away": "2/17 (11%)", "compareCode": 2}, {"name": "Second serve return points", "home": "6/9 (66%)", "away": "5/8 (62%)", "compareCode": 2}, {"name": "Break points converted", "home": "2", "away": "0", "compareCode": 1}, {"name": "Return games played", "home": "4", "away": "4", "compareCode": 3}]}, {"groupName": "Points", "statisticsItems": [{"name": "Service points won", "home": "18", "away": "15", "compareCode": 1}, {"name": "Receiver points won", "home": "15", "away": "7", "compareCode": 1}, {"name": "Total points won", "home": "33", "away": "22", "compareCode": 1}, {"name": "Max points in a row", "home": "4", "away": "3", "compareCode": 1}]}]}, {"period": "2ND", "groups": [{"groupName": "Service", "statisticsItems": [{"name": "Aces", "home": "2", "away": "0", "compareCode": 1}, {"name": "Double faults", "home": "3", "away": "0", "compareCode": 1}, {"name": "First serve", "home": "13/21 (62%)", "away": "12/21 (57%)", "compareCode": 1}, {"name": "Second serve", "home": "5/8 (63%)", "away": "9/9 (100%)", "compareCode": 2}, {"name": "First serve points", "home": "11/13 (85%)", "away": "5/12 (42%)", "compareCode": 1}, {"name": "Second serve points", "home": "5/8 (63%)", "away": "5/9 (56%)", "compareCode": 3}, {"name": "Break points saved", "home": "0/0 (0%)", "away": "1/3 (33%)", "compareCode": 1}, {"name": "Service games played", "home": "4", "away": "4", "compareCode": 3}]}, {"groupName": "Return", "statisticsItems": [{"name": "First serve return points", "home": "7/12 (58%)", "away": "2/13 (15%)", "compareCode": 3}, {"name": "Second serve return points", "home": "4/9 (44%)", "away": "3/8 (37%)", "compareCode": 2}, {"name": "Break points converted", "home": "2", "away": "0", "compareCode": 1}, {"name": "Return games played", "home": "4", "away": "4", "compareCode": 3}]}, {"groupName": "Points", "statisticsItems": [{"name": "Service points won", "home": "16", "away": "10", "compareCode": 1}, {"name": "Receiver points won", "home": "11", "away": "5", "compareCode": 1}, {"name": "Total points won", "home": "27", "away": "15", "compareCode": 1}, {"name": "Max points in a row", "home": "8", "away": "4", "compareCode": 1}]}]}]}