{"statistics": [{"period": "ALL", "groups": [{"groupName": "Service", "statisticsItems": [{"name": "Aces", "home": "2", "away": "1", "compareCode": 1}, {"name": "Double faults", "home": "3", "away": "3", "compareCode": 3}, {"name": "First serve", "home": "59/98 (60%)", "away": "34/72 (47%)", "compareCode": 1}, {"name": "Second serve", "home": "36/39 (92%)", "away": "35/38 (92%)", "compareCode": 3}, {"name": "First serve points", "home": "31/59 (53%)", "away": "22/34 (65%)", "compareCode": 1}, {"name": "Second serve points", "home": "17/39 (44%)", "away": "20/38 (53%)", "compareCode": 2}, {"name": "Break points saved", "home": "15/20 (75%)", "away": "8/10 (80%)", "compareCode": 2}, {"name": "Service games played", "home": "10", "away": "9", "compareCode": 1}]}, {"groupName": "Return", "statisticsItems": [{"name": "First serve return points", "home": "12/34 (35%)", "away": "28/59 (47%)", "compareCode": 1}, {"name": "Second serve return points", "home": "18/38 (47%)", "away": "22/39 (56%)", "compareCode": 1}, {"name": "Break points converted", "home": "2", "away": "5", "compareCode": 2}, {"name": "Return games played", "home": "9", "away": "10", "compareCode": 1}]}, {"groupName": "Points", "statisticsItems": [{"name": "Service points won", "home": "48", "away": "42", "compareCode": 1}, {"name": "Receiver points won", "home": "30", "away": "50", "compareCode": 2}, {"name": "Total points won", "home": "78", "away": "92", "compareCode": 2}, {"name": "Max points in a row", "home": "6", "away": "7", "compareCode": 2}]}]}, {"period": "1ST", "groups": [{"groupName": "Service", "statisticsItems": [{"name": "Aces", "home": "1", "away": "0", "compareCode": 1}, {"name": "Double faults", "home": "2", "away": "2", "compareCode": 3}, {"name": "First serve", "home": "10/26 (38%)", "away": "6/17 (35%)", "compareCode": 1}, {"name": "Second serve", "home": "14/16 (88%)", "away": "9/11 (82%)", "compareCode": 1}, {"name": "First serve points", "home": "3/10 (30%)", "away": "4/6 (67%)", "compareCode": 2}, {"name": "Second serve points", "home": "5/16 (31%)", "away": "6/11 (55%)", "compareCode": 2}, {"name": "Break points saved", "home": "2/6 (33%)", "away": "1/2 (50%)", "compareCode": 2}, {"name": "Service games played", "home": "4", "away": "3", "compareCode": 1}]}, {"groupName": "Return", "statisticsItems": [{"name": "First serve return points", "home": "2/6 (33%)", "away": "7/10 (70%)", "compareCode": 1}, {"name": "Second serve return points", "home": "5/11 (45%)", "away": "11/16 (68%)", "compareCode": 1}, {"name": "Break points converted", "home": "1", "away": "4", "compareCode": 2}, {"name": "Return games played", "home": "3", "away": "4", "compareCode": 1}]}, {"groupName": "Points", "statisticsItems": [{"name": "Service points won", "home": "8", "away": "10", "compareCode": 2}, {"name": "Receiver points won", "home": "7", "away": "18", "compareCode": 2}, {"name": "Total points won", "home": "15", "away": "28", "compareCode": 2}, {"name": "Max points in a row", "home": "2", "away": "4", "compareCode": 2}]}]}, {"period": "2ND", "groups": [{"groupName": "Service", "statisticsItems": [{"name": "Aces", "home": "1", "away": "1", "compareCode": 3}, {"name": "Double faults", "home": "1", "away": "1", "compareCode": 3}, {"name": "First serve", "home": "49/72 (68%)", "away": "28/55 (51%)", "compareCode": 1}, {"name": "Second serve", "home": "22/23 (96%)", "away": "26/27 (96%)", "compareCode": 3}, {"name": "First serve points", "home": "28/49 (57%)", "away": "18/28 (64%)", "compareCode": 1}, {"name": "Second serve points", "home": "12/23 (52%)", "away": "14/27 (52%)", "compareCode": 2}, {"name": "Break points saved", "home": "13/14 (92%)", "away": "7/8 (87%)", "compareCode": 2}, {"name": "Service games played", "home": "6", "away": "6", "compareCode": 3}]}, {"groupName": "Return", "statisticsItems": [{"name": "First serve return points", "home": "10/28 (35%)", "away": "21/49 (42%)", "compareCode": 1}, {"name": "Second serve return points", "home": "13/27 (48%)", "away": "11/23 (47%)", "compareCode": 2}, {"name": "Break points converted", "home": "1", "away": "1", "compareCode": 3}, {"name": "Return games played", "home": "6", "away": "6", "compareCode": 3}]}, {"groupName": "Points", "statisticsItems": [{"name": "Service points won", "home": "40", "away": "32", "compareCode": 1}, {"name": "Receiver points won", "home": "23", "away": "32", "compareCode": 2}, {"name": "Total points won", "home": "63", "away": "64", "compareCode": 2}, {"name": "Max points in a row", "home": "6", "away": "7", "compareCode": 2}]}]}]}