{"statistics": [{"period": "ALL", "groups": [{"groupName": "Service", "statisticsItems": [{"name": "Aces", "home": "0", "away": "0", "compareCode": 3}, {"name": "Double faults", "home": "1", "away": "0", "compareCode": 1}, {"name": "First serve", "home": "4/5 (80%)", "away": "11/16 (69%)", "compareCode": 1}, {"name": "Second serve", "home": "0/1 (0%)", "away": "5/5 (100%)", "compareCode": 2}, {"name": "First serve points", "home": "1/4 (25%)", "away": "7/11 (64%)", "compareCode": 2}, {"name": "Second serve points", "home": "0/1 (0%)", "away": "1/5 (20%)", "compareCode": 2}, {"name": "Break points saved", "home": "0/1 (0%)", "away": "0/1 (0%)", "compareCode": 3}, {"name": "Service games played", "home": "1", "away": "2", "compareCode": 2}]}, {"groupName": "Return", "statisticsItems": [{"name": "First serve return points", "home": "4/11 (36%)", "away": "3/4 (75%)", "compareCode": 2}, {"name": "Second serve return points", "home": "4/5 (80%)", "away": "1/1 (100%)", "compareCode": 2}, {"name": "Break points converted", "home": "1", "away": "1", "compareCode": 3}, {"name": "Return games played", "home": "2", "away": "1", "compareCode": 2}]}, {"groupName": "Points", "statisticsItems": [{"name": "Service points won", "home": "1", "away": "8", "compareCode": 2}, {"name": "Receiver points won", "home": "8", "away": "4", "compareCode": 1}, {"name": "Total points won", "home": "9", "away": "12", "compareCode": 2}, {"name": "Max points in a row", "home": "3", "away": "7", "compareCode": 2}]}]}, {"period": "1ST", "groups": [{"groupName": "Service", "statisticsItems": [{"name": "Aces", "home": "0", "away": "0", "compareCode": 3}, {"name": "Double faults", "home": "1", "away": "0", "compareCode": 1}, {"name": "First serve", "home": "4/5 (80%)", "away": "11/16 (69%)", "compareCode": 1}, {"name": "Second serve", "home": "0/1 (0%)", "away": "5/5 (100%)", "compareCode": 2}, {"name": "First serve points", "home": "1/4 (25%)", "away": "7/11 (64%)", "compareCode": 2}, {"name": "Second serve points", "home": "0/1 (0%)", "away": "1/5 (20%)", "compareCode": 2}, {"name": "Break points saved", "home": "0/1 (0%)", "away": "0/1 (0%)", "compareCode": 3}, {"name": "Service games played", "home": "1", "away": "2", "compareCode": 2}]}, {"groupName": "Return", "statisticsItems": [{"name": "First serve return points", "home": "4/11 (36%)", "away": "3/4 (75%)", "compareCode": 2}, {"name": "Second serve return points", "home": "4/5 (80%)", "away": "1/1 (100%)", "compareCode": 2}, {"name": "Break points converted", "home": "1", "away": "1", "compareCode": 3}, {"name": "Return games played", "home": "2", "away": "1", "compareCode": 2}]}, {"groupName": "Points", "statisticsItems": [{"name": "Service points won", "home": "1", "away": "8", "compareCode": 2}, {"name": "Receiver points won", "home": "8", "away": "4", "compareCode": 1}, {"name": "Total points won", "home": "9", "away": "12", "compareCode": 2}, {"name": "Max points in a row", "home": "3", "away": "7", "compareCode": 2}]}]}]}