{"statistics": [{"period": "ALL", "groups": [{"groupName": "Service", "statisticsItems": [{"name": "Aces", "home": "4", "away": "2", "compareCode": 1}, {"name": "Double faults", "home": "3", "away": "7", "compareCode": 2}, {"name": "First serve", "home": "30/54 (56%)", "away": "22/54 (41%)", "compareCode": 1}, {"name": "Second serve", "home": "21/24 (88%)", "away": "25/32 (78%)", "compareCode": 1}, {"name": "First serve points", "home": "20/30 (67%)", "away": "14/22 (64%)", "compareCode": 1}, {"name": "Second serve points", "home": "12/24 (50%)", "away": "7/32 (22%)", "compareCode": 1}, {"name": "Break points saved", "home": "3/5 (60%)", "away": "5/11 (45%)", "compareCode": 1}, {"name": "Service games played", "home": "8", "away": "8", "compareCode": 3}]}, {"groupName": "Return", "statisticsItems": [{"name": "First serve return points", "home": "8/22 (36%)", "away": "10/30 (33%)", "compareCode": 3}, {"name": "Second serve return points", "home": "25/32 (78%)", "away": "12/24 (50%)", "compareCode": 2}, {"name": "Break points converted", "home": "6", "away": "2", "compareCode": 1}, {"name": "Return games played", "home": "8", "away": "8", "compareCode": 3}]}, {"groupName": "Points", "statisticsItems": [{"name": "Service points won", "home": "32", "away": "21", "compareCode": 1}, {"name": "Receiver points won", "home": "33", "away": "22", "compareCode": 1}, {"name": "Total points won", "home": "65", "away": "43", "compareCode": 1}, {"name": "Max points in a row", "home": "8", "away": "4", "compareCode": 1}]}]}, {"period": "1ST", "groups": [{"groupName": "Service", "statisticsItems": [{"name": "Aces", "home": "2", "away": "0", "compareCode": 1}, {"name": "Double faults", "home": "2", "away": "4", "compareCode": 2}, {"name": "First serve", "home": "9/22 (41%)", "away": "6/21 (29%)", "compareCode": 1}, {"name": "Second serve", "home": "11/13 (85%)", "away": "11/15 (73%)", "compareCode": 1}, {"name": "First serve points", "home": "7/9 (78%)", "away": "2/6 (33%)", "compareCode": 1}, {"name": "Second serve points", "home": "4/13 (31%)", "away": "3/15 (20%)", "compareCode": 1}, {"name": "Break points saved", "home": "0/2 (0%)", "away": "4/8 (50%)", "compareCode": 1}, {"name": "Service games played", "home": "4", "away": "4", "compareCode": 3}]}, {"groupName": "Return", "statisticsItems": [{"name": "First serve return points", "home": "4/6 (66%)", "away": "2/9 (22%)", "compareCode": 1}, {"name": "Second serve return points", "home": "12/15 (80%)", "away": "9/13 (69%)", "compareCode": 2}, {"name": "Break points converted", "home": "4", "away": "2", "compareCode": 1}, {"name": "Return games played", "home": "4", "away": "4", "compareCode": 3}]}, {"groupName": "Points", "statisticsItems": [{"name": "Service points won", "home": "11", "away": "5", "compareCode": 1}, {"name": "Receiver points won", "home": "16", "away": "11", "compareCode": 1}, {"name": "Total points won", "home": "27", "away": "16", "compareCode": 1}, {"name": "Max points in a row", "home": "8", "away": "4", "compareCode": 1}]}]}, {"period": "2ND", "groups": [{"groupName": "Service", "statisticsItems": [{"name": "Aces", "home": "2", "away": "2", "compareCode": 3}, {"name": "Double faults", "home": "1", "away": "3", "compareCode": 2}, {"name": "First serve", "home": "21/32 (66%)", "away": "16/33 (48%)", "compareCode": 1}, {"name": "Second serve", "home": "10/11 (91%)", "away": "14/17 (82%)", "compareCode": 1}, {"name": "First serve points", "home": "13/21 (62%)", "away": "12/16 (75%)", "compareCode": 1}, {"name": "Second serve points", "home": "8/11 (73%)", "away": "4/17 (24%)", "compareCode": 1}, {"name": "Break points saved", "home": "3/3 (100%)", "away": "1/3 (33%)", "compareCode": 3}, {"name": "Service games played", "home": "4", "away": "4", "compareCode": 3}]}, {"groupName": "Return", "statisticsItems": [{"name": "First serve return points", "home": "4/16 (25%)", "away": "8/21 (38%)", "compareCode": 2}, {"name": "Second serve return points", "home": "13/17 (76%)", "away": "3/11 (27%)", "compareCode": 2}, {"name": "Break points converted", "home": "2", "away": "0", "compareCode": 1}, {"name": "Return games played", "home": "4", "away": "4", "compareCode": 3}]}, {"groupName": "Points", "statisticsItems": [{"name": "Service points won", "home": "21", "away": "16", "compareCode": 1}, {"name": "Receiver points won", "home": "17", "away": "11", "compareCode": 1}, {"name": "Total points won", "home": "38", "away": "27", "compareCode": 1}, {"name": "Max points in a row", "home": "4", "away": "3", "compareCode": 1}]}]}]}