{"statistics": [{"period": "ALL", "groups": [{"groupName": "Service", "statisticsItems": [{"name": "Aces", "home": "0", "away": "1", "compareCode": 2}, {"name": "Double faults", "home": "5", "away": "4", "compareCode": 1}, {"name": "First serve", "home": "54/64 (84%)", "away": "35/60 (58%)", "compareCode": 1}, {"name": "Second serve", "home": "5/10 (50%)", "away": "21/25 (84%)", "compareCode": 2}, {"name": "First serve points", "home": "34/54 (63%)", "away": "18/35 (51%)", "compareCode": 1}, {"name": "Second serve points", "home": "3/10 (30%)", "away": "8/25 (32%)", "compareCode": 2}, {"name": "Break points saved", "home": "7/10 (70%)", "away": "2/8 (25%)", "compareCode": 2}, {"name": "Service games played", "home": "10", "away": "10", "compareCode": 3}]}, {"groupName": "Return", "statisticsItems": [{"name": "First serve return points", "home": "17/35 (48%)", "away": "20/54 (37%)", "compareCode": 1}, {"name": "Second serve return points", "home": "17/25 (68%)", "away": "7/10 (70%)", "compareCode": 2}, {"name": "Break points converted", "home": "6", "away": "3", "compareCode": 1}, {"name": "Return games played", "home": "10", "away": "10", "compareCode": 3}]}, {"groupName": "Points", "statisticsItems": [{"name": "Service points won", "home": "37", "away": "26", "compareCode": 1}, {"name": "Receiver points won", "home": "34", "away": "27", "compareCode": 1}, {"name": "Total points won", "home": "71", "away": "53", "compareCode": 1}, {"name": "Max points in a row", "home": "8", "away": "7", "compareCode": 1}]}]}, {"period": "1ST", "groups": [{"groupName": "Service", "statisticsItems": [{"name": "Aces", "home": "0", "away": "0", "compareCode": 3}, {"name": "Double faults", "home": "1", "away": "0", "compareCode": 1}, {"name": "First serve", "home": "21/24 (88%)", "away": "15/21 (71%)", "compareCode": 1}, {"name": "Second serve", "home": "2/3 (67%)", "away": "6/6 (100%)", "compareCode": 2}, {"name": "First serve points", "home": "14/21 (67%)", "away": "7/15 (47%)", "compareCode": 1}, {"name": "Second serve points", "home": "1/3 (33%)", "away": "1/6 (17%)", "compareCode": 3}, {"name": "Break points saved", "home": "2/3 (66%)", "away": "0/3 (0%)", "compareCode": 3}, {"name": "Service games played", "home": "4", "away": "4", "compareCode": 3}]}, {"groupName": "Return", "statisticsItems": [{"name": "First serve return points", "home": "8/15 (53%)", "away": "7/21 (33%)", "compareCode": 1}, {"name": "Second serve return points", "home": "5/6 (83%)", "away": "2/3 (66%)", "compareCode": 2}, {"name": "Break points converted", "home": "3", "away": "1", "compareCode": 1}, {"name": "Return games played", "home": "4", "away": "4", "compareCode": 3}]}, {"groupName": "Points", "statisticsItems": [{"name": "Service points won", "home": "15", "away": "8", "compareCode": 1}, {"name": "Receiver points won", "home": "13", "away": "9", "compareCode": 1}, {"name": "Total points won", "home": "28", "away": "17", "compareCode": 1}, {"name": "Max points in a row", "home": "6", "away": "3", "compareCode": 1}]}]}, {"period": "2ND", "groups": [{"groupName": "Service", "statisticsItems": [{"name": "Aces", "home": "0", "away": "1", "compareCode": 2}, {"name": "Double faults", "home": "4", "away": "4", "compareCode": 3}, {"name": "First serve", "home": "33/40 (83%)", "away": "20/39 (51%)", "compareCode": 1}, {"name": "Second serve", "home": "3/7 (43%)", "away": "15/19 (79%)", "compareCode": 2}, {"name": "First serve points", "home": "20/33 (61%)", "away": "11/20 (55%)", "compareCode": 1}, {"name": "Second serve points", "home": "2/7 (29%)", "away": "7/19 (37%)", "compareCode": 2}, {"name": "Break points saved", "home": "5/7 (71%)", "away": "2/5 (40%)", "compareCode": 2}, {"name": "Service games played", "home": "6", "away": "6", "compareCode": 3}]}, {"groupName": "Return", "statisticsItems": [{"name": "First serve return points", "home": "9/20 (45%)", "away": "13/33 (39%)", "compareCode": 1}, {"name": "Second serve return points", "home": "12/19 (63%)", "away": "5/7 (71%)", "compareCode": 2}, {"name": "Break points converted", "home": "3", "away": "2", "compareCode": 1}, {"name": "Return games played", "home": "6", "away": "6", "compareCode": 3}]}, {"groupName": "Points", "statisticsItems": [{"name": "Service points won", "home": "22", "away": "18", "compareCode": 1}, {"name": "Receiver points won", "home": "21", "away": "18", "compareCode": 1}, {"name": "Total points won", "home": "43", "away": "36", "compareCode": 1}, {"name": "Max points in a row", "home": "8", "away": "7", "compareCode": 1}]}]}]}