{"statistics": [{"period": "ALL", "groups": [{"groupName": "Service", "statisticsItems": [{"name": "Aces", "home": "2", "away": "1", "compareCode": 1}, {"name": "Double faults", "home": "3", "away": "0", "compareCode": 1}, {"name": "First serve", "home": "40/49 (82%)", "away": "51/64 (80%)", "compareCode": 1}, {"name": "Second serve", "home": "6/9 (67%)", "away": "13/13 (100%)", "compareCode": 2}, {"name": "First serve points", "home": "23/40 (58%)", "away": "24/51 (47%)", "compareCode": 2}, {"name": "Second serve points", "home": "5/9 (56%)", "away": "4/13 (31%)", "compareCode": 1}, {"name": "Break points saved", "home": "3/6 (50%)", "away": "6/12 (50%)", "compareCode": 1}, {"name": "Service games played", "home": "9", "away": "9", "compareCode": 3}]}, {"groupName": "Return", "statisticsItems": [{"name": "First serve return points", "home": "27/51 (52%)", "away": "17/40 (42%)", "compareCode": 2}, {"name": "Second serve return points", "home": "9/13 (69%)", "away": "4/9 (44%)", "compareCode": 2}, {"name": "Break points converted", "home": "6", "away": "3", "compareCode": 1}, {"name": "Return games played", "home": "9", "away": "9", "compareCode": 3}]}, {"groupName": "Points", "statisticsItems": [{"name": "Service points won", "home": "28", "away": "28", "compareCode": 3}, {"name": "Receiver points won", "home": "36", "away": "21", "compareCode": 1}, {"name": "Total points won", "home": "64", "away": "49", "compareCode": 1}, {"name": "Max points in a row", "home": "11", "away": "7", "compareCode": 1}]}]}, {"period": "1ST", "groups": [{"groupName": "Service", "statisticsItems": [{"name": "Aces", "home": "0", "away": "0", "compareCode": 3}, {"name": "Double faults", "home": "0", "away": "0", "compareCode": 3}, {"name": "First serve", "home": "25/25 (100%)", "away": "35/35 (100%)", "compareCode": 3}, {"name": "Second serve", "home": "0/0 (0%)", "away": "0/0 (0%)", "compareCode": 3}, {"name": "First serve points", "home": "12/25 (48%)", "away": "14/35 (40%)", "compareCode": 2}, {"name": "Second serve points", "home": "0/0 (0%)", "away": "0/0 (0%)", "compareCode": 3}, {"name": "Break points saved", "home": "3/5 (60%)", "away": "3/7 (42%)", "compareCode": 1}, {"name": "Service games played", "home": "4", "away": "5", "compareCode": 2}]}, {"groupName": "Return", "statisticsItems": [{"name": "First serve return points", "home": "21/35 (60%)", "away": "13/25 (52%)", "compareCode": 2}, {"name": "Second serve return points", "home": "0/0 (0%)", "away": "0/0 (0%)", "compareCode": 3}, {"name": "Break points converted", "home": "4", "away": "2", "compareCode": 1}, {"name": "Return games played", "home": "5", "away": "4", "compareCode": 2}]}, {"groupName": "Points", "statisticsItems": [{"name": "Service points won", "home": "12", "away": "14", "compareCode": 2}, {"name": "Receiver points won", "home": "21", "away": "13", "compareCode": 1}, {"name": "Total points won", "home": "33", "away": "27", "compareCode": 1}, {"name": "Max points in a row", "home": "8", "away": "7", "compareCode": 1}]}]}, {"period": "2ND", "groups": [{"groupName": "Service", "statisticsItems": [{"name": "Aces", "home": "2", "away": "1", "compareCode": 1}, {"name": "Double faults", "home": "3", "away": "0", "compareCode": 1}, {"name": "First serve", "home": "15/24 (63%)", "away": "16/29 (55%)", "compareCode": 1}, {"name": "Second serve", "home": "6/9 (67%)", "away": "13/13 (100%)", "compareCode": 2}, {"name": "First serve points", "home": "11/15 (73%)", "away": "10/16 (63%)", "compareCode": 1}, {"name": "Second serve points", "home": "5/9 (56%)", "away": "4/13 (31%)", "compareCode": 1}, {"name": "Break points saved", "home": "0/1 (0%)", "away": "3/5 (60%)", "compareCode": 1}, {"name": "Service games played", "home": "5", "away": "4", "compareCode": 1}]}, {"groupName": "Return", "statisticsItems": [{"name": "First serve return points", "home": "6/16 (37%)", "away": "4/15 (26%)", "compareCode": 2}, {"name": "Second serve return points", "home": "9/13 (69%)", "away": "4/9 (44%)", "compareCode": 2}, {"name": "Break points converted", "home": "2", "away": "1", "compareCode": 1}, {"name": "Return games played", "home": "4", "away": "5", "compareCode": 1}]}, {"groupName": "Points", "statisticsItems": [{"name": "Service points won", "home": "16", "away": "14", "compareCode": 1}, {"name": "Receiver points won", "home": "15", "away": "8", "compareCode": 1}, {"name": "Total points won", "home": "31", "away": "22", "compareCode": 1}, {"name": "Max points in a row", "home": "11", "away": "4", "compareCode": 1}]}]}]}