{"statistics": [{"period": "ALL", "groups": [{"groupName": "Service", "statisticsItems": [{"name": "Aces", "home": "0", "away": "2", "compareCode": 2}, {"name": "Double faults", "home": "3", "away": "2", "compareCode": 1}, {"name": "First serve", "home": "31/57 (54%)", "away": "28/38 (74%)", "compareCode": 2}, {"name": "Second serve", "home": "23/26 (88%)", "away": "8/10 (80%)", "compareCode": 1}, {"name": "First serve points", "home": "22/31 (71%)", "away": "12/28 (43%)", "compareCode": 1}, {"name": "Second serve points", "home": "14/26 (54%)", "away": "4/10 (40%)", "compareCode": 1}, {"name": "Break points saved", "home": "4/5 (80%)", "away": "1/6 (16%)", "compareCode": 1}, {"name": "Service games played", "home": "8", "away": "7", "compareCode": 1}]}, {"groupName": "Return", "statisticsItems": [{"name": "First serve return points", "home": "16/28 (57%)", "away": "9/31 (29%)", "compareCode": 1}, {"name": "Second serve return points", "home": "6/10 (60%)", "away": "12/26 (46%)", "compareCode": 1}, {"name": "Break points converted", "home": "5", "away": "1", "compareCode": 1}, {"name": "Return games played", "home": "7", "away": "8", "compareCode": 1}]}, {"groupName": "Points", "statisticsItems": [{"name": "Service points won", "home": "36", "away": "16", "compareCode": 1}, {"name": "Receiver points won", "home": "22", "away": "21", "compareCode": 1}, {"name": "Total points won", "home": "58", "away": "37", "compareCode": 1}, {"name": "Max points in a row", "home": "6", "away": "9", "compareCode": 2}]}]}, {"period": "1ST", "groups": [{"groupName": "Service", "statisticsItems": [{"name": "Aces", "home": "0", "away": "0", "compareCode": 3}, {"name": "Double faults", "home": "0", "away": "0", "compareCode": 3}, {"name": "First serve", "home": "19/23 (83%)", "away": "16/17 (94%)", "compareCode": 2}, {"name": "Second serve", "home": "4/4 (100%)", "away": "1/1 (100%)", "compareCode": 3}, {"name": "First serve points", "home": "15/19 (79%)", "away": "6/16 (38%)", "compareCode": 1}, {"name": "Second serve points", "home": "2/4 (50%)", "away": "1/1 (100%)", "compareCode": 1}, {"name": "Break points saved", "home": "1/1 (100%)", "away": "0/2 (0%)", "compareCode": 1}, {"name": "Service games played", "home": "4", "away": "3", "compareCode": 1}]}, {"groupName": "Return", "statisticsItems": [{"name": "First serve return points", "home": "10/16 (62%)", "away": "4/19 (21%)", "compareCode": 1}, {"name": "Second serve return points", "home": "0/1 (0%)", "away": "2/4 (50%)", "compareCode": 1}, {"name": "Break points converted", "home": "2", "away": "0", "compareCode": 1}, {"name": "Return games played", "home": "3", "away": "4", "compareCode": 1}]}, {"groupName": "Points", "statisticsItems": [{"name": "Service points won", "home": "17", "away": "7", "compareCode": 1}, {"name": "Receiver points won", "home": "10", "away": "6", "compareCode": 1}, {"name": "Total points won", "home": "27", "away": "13", "compareCode": 1}, {"name": "Max points in a row", "home": "5", "away": "3", "compareCode": 1}]}]}, {"period": "2ND", "groups": [{"groupName": "Service", "statisticsItems": [{"name": "Aces", "home": "0", "away": "2", "compareCode": 2}, {"name": "Double faults", "home": "3", "away": "2", "compareCode": 1}, {"name": "First serve", "home": "12/34 (35%)", "away": "12/21 (57%)", "compareCode": 2}, {"name": "Second serve", "home": "19/22 (86%)", "away": "7/9 (78%)", "compareCode": 1}, {"name": "First serve points", "home": "7/12 (58%)", "away": "6/12 (50%)", "compareCode": 1}, {"name": "Second serve points", "home": "12/22 (55%)", "away": "3/9 (33%)", "compareCode": 1}, {"name": "Break points saved", "home": "3/4 (75%)", "away": "1/4 (25%)", "compareCode": 3}, {"name": "Service games played", "home": "4", "away": "4", "compareCode": 3}]}, {"groupName": "Return", "statisticsItems": [{"name": "First serve return points", "home": "6/12 (50%)", "away": "5/12 (41%)", "compareCode": 1}, {"name": "Second serve return points", "home": "6/9 (66%)", "away": "10/22 (45%)", "compareCode": 1}, {"name": "Break points converted", "home": "3", "away": "1", "compareCode": 1}, {"name": "Return games played", "home": "4", "away": "4", "compareCode": 3}]}, {"groupName": "Points", "statisticsItems": [{"name": "Service points won", "home": "19", "away": "9", "compareCode": 1}, {"name": "Receiver points won", "home": "12", "away": "15", "compareCode": 2}, {"name": "Total points won", "home": "31", "away": "24", "compareCode": 1}, {"name": "Max points in a row", "home": "4", "away": "9", "compareCode": 2}]}]}]}