{"statistics": [{"period": "ALL", "groups": [{"groupName": "Service", "statisticsItems": [{"name": "Aces", "home": "0", "away": "1", "compareCode": 2}, {"name": "Double faults", "home": "6", "away": "0", "compareCode": 1}, {"name": "First serve", "home": "26/47 (55%)", "away": "30/60 (50%)", "compareCode": 1}, {"name": "Second serve", "home": "15/21 (71%)", "away": "30/30 (100%)", "compareCode": 2}, {"name": "First serve points", "home": "16/26 (62%)", "away": "15/30 (50%)", "compareCode": 1}, {"name": "Second serve points", "home": "6/21 (29%)", "away": "15/30 (50%)", "compareCode": 2}, {"name": "Break points saved", "home": "4/9 (44%)", "away": "4/8 (50%)", "compareCode": 2}, {"name": "Service games played", "home": "8", "away": "9", "compareCode": 2}]}, {"groupName": "Return", "statisticsItems": [{"name": "First serve return points", "home": "15/30 (50%)", "away": "10/26 (38%)", "compareCode": 2}, {"name": "Second serve return points", "home": "15/30 (50%)", "away": "15/21 (71%)", "compareCode": 2}, {"name": "Break points converted", "home": "4", "away": "5", "compareCode": 2}, {"name": "Return games played", "home": "9", "away": "8", "compareCode": 2}]}, {"groupName": "Points", "statisticsItems": [{"name": "Service points won", "home": "22", "away": "30", "compareCode": 2}, {"name": "Receiver points won", "home": "30", "away": "25", "compareCode": 1}, {"name": "Total points won", "home": "52", "away": "55", "compareCode": 2}, {"name": "Max points in a row", "home": "7", "away": "8", "compareCode": 2}]}]}, {"period": "1ST", "groups": [{"groupName": "Service", "statisticsItems": [{"name": "Aces", "home": "0", "away": "0", "compareCode": 3}, {"name": "Double faults", "home": "2", "away": "0", "compareCode": 1}, {"name": "First serve", "home": "16/27 (59%)", "away": "21/37 (57%)", "compareCode": 1}, {"name": "Second serve", "home": "9/11 (82%)", "away": "16/16 (100%)", "compareCode": 2}, {"name": "First serve points", "home": "12/16 (75%)", "away": "9/21 (43%)", "compareCode": 1}, {"name": "Second serve points", "home": "4/11 (36%)", "away": "7/16 (44%)", "compareCode": 2}, {"name": "Break points saved", "home": "2/4 (50%)", "away": "3/6 (50%)", "compareCode": 1}, {"name": "Service games played", "home": "5", "away": "5", "compareCode": 3}]}, {"groupName": "Return", "statisticsItems": [{"name": "First serve return points", "home": "12/21 (57%)", "away": "4/16 (25%)", "compareCode": 2}, {"name": "Second serve return points", "home": "9/16 (56%)", "away": "7/11 (63%)", "compareCode": 2}, {"name": "Break points converted", "home": "3", "away": "2", "compareCode": 1}, {"name": "Return games played", "home": "5", "away": "5", "compareCode": 3}]}, {"groupName": "Points", "statisticsItems": [{"name": "Service points won", "home": "16", "away": "16", "compareCode": 3}, {"name": "Receiver points won", "home": "21", "away": "11", "compareCode": 1}, {"name": "Total points won", "home": "37", "away": "27", "compareCode": 1}, {"name": "Max points in a row", "home": "7", "away": "5", "compareCode": 1}]}]}, {"period": "2ND", "groups": [{"groupName": "Service", "statisticsItems": [{"name": "Aces", "home": "0", "away": "1", "compareCode": 2}, {"name": "Double faults", "home": "4", "away": "0", "compareCode": 1}, {"name": "First serve", "home": "8/17 (47%)", "away": "9/23 (39%)", "compareCode": 1}, {"name": "Second serve", "home": "5/9 (56%)", "away": "14/14 (100%)", "compareCode": 2}, {"name": "First serve points", "home": "3/8 (38%)", "away": "6/9 (67%)", "compareCode": 2}, {"name": "Second serve points", "home": "1/9 (11%)", "away": "8/14 (57%)", "compareCode": 2}, {"name": "Break points saved", "home": "2/5 (40%)", "away": "1/2 (50%)", "compareCode": 2}, {"name": "Service games played", "home": "3", "away": "4", "compareCode": 2}]}, {"groupName": "Return", "statisticsItems": [{"name": "First serve return points", "home": "3/9 (33%)", "away": "5/8 (62%)", "compareCode": 2}, {"name": "Second serve return points", "home": "6/14 (42%)", "away": "8/9 (88%)", "compareCode": 2}, {"name": "Break points converted", "home": "1", "away": "3", "compareCode": 2}, {"name": "Return games played", "home": "4", "away": "3", "compareCode": 2}]}, {"groupName": "Points", "statisticsItems": [{"name": "Service points won", "home": "4", "away": "14", "compareCode": 2}, {"name": "Receiver points won", "home": "9", "away": "13", "compareCode": 2}, {"name": "Total points won", "home": "13", "away": "27", "compareCode": 2}, {"name": "Max points in a row", "home": "4", "away": "8", "compareCode": 2}]}]}, {"period": "3RD", "groups": [{"groupName": "Service", "statisticsItems": [{"name": "Aces", "home": "0", "away": "0", "compareCode": 3}, {"name": "Double faults", "home": "0", "away": "0", "compareCode": 3}, {"name": "First serve", "home": "2/3 (67%)", "away": "0/0 (0%)", "compareCode": 1}, {"name": "Second serve", "home": "1/1 (100%)", "away": "0/0 (0%)", "compareCode": 1}, {"name": "First serve points", "home": "1/2 (50%)", "away": "0/0 (0%)", "compareCode": 1}, {"name": "Second serve points", "home": "1/1 (100%)", "away": "0/0 (0%)", "compareCode": 1}, {"name": "Break points saved", "home": "0/0 (0%)", "away": "0/0 (0%)", "compareCode": 3}, {"name": "Service games played", "home": "0", "away": "0", "compareCode": 3}]}, {"groupName": "Return", "statisticsItems": [{"name": "First serve return points", "home": "0/0 (0%)", "away": "1/2 (50%)", "compareCode": 1}, {"name": "Second serve return points", "home": "0/0 (0%)", "away": "0/1 (0%)", "compareCode": 1}, {"name": "Break points converted", "home": "0", "away": "0", "compareCode": 3}, {"name": "Return games played", "home": "0", "away": "0", "compareCode": 3}]}, {"groupName": "Points", "statisticsItems": [{"name": "Service points won", "home": "2", "away": "0", "compareCode": 1}, {"name": "Receiver points won", "home": "0", "away": "1", "compareCode": 2}, {"name": "Total points won", "home": "2", "away": "1", "compareCode": 1}, {"name": "Max points in a row", "home": "1", "away": "1", "compareCode": 3}]}]}]}