{"statistics": [{"period": "ALL", "groups": [{"groupName": "Service", "statisticsItems": [{"name": "Aces", "home": "0", "away": "0", "compareCode": 3}, {"name": "Double faults", "home": "3", "away": "0", "compareCode": 1}, {"name": "First serve", "home": "48/68 (71%)", "away": "58/73 (79%)", "compareCode": 2}, {"name": "Second serve", "home": "17/20 (85%)", "away": "15/15 (100%)", "compareCode": 2}, {"name": "First serve points", "home": "31/48 (65%)", "away": "37/58 (64%)", "compareCode": 2}, {"name": "Second serve points", "home": "9/20 (45%)", "away": "10/15 (67%)", "compareCode": 2}, {"name": "Break points saved", "home": "7/11 (63%)", "away": "5/7 (71%)", "compareCode": 2}, {"name": "Service games played", "home": "11", "away": "11", "compareCode": 3}]}, {"groupName": "Return", "statisticsItems": [{"name": "First serve return points", "home": "21/58 (36%)", "away": "17/48 (35%)", "compareCode": 2}, {"name": "Second serve return points", "home": "5/15 (33%)", "away": "11/20 (55%)", "compareCode": 1}, {"name": "Break points converted", "home": "2", "away": "4", "compareCode": 2}, {"name": "Return games played", "home": "11", "away": "11", "compareCode": 3}]}, {"groupName": "Points", "statisticsItems": [{"name": "Service points won", "home": "40", "away": "47", "compareCode": 2}, {"name": "Receiver points won", "home": "26", "away": "28", "compareCode": 2}, {"name": "Total points won", "home": "66", "away": "75", "compareCode": 2}, {"name": "Max points in a row", "home": "4", "away": "6", "compareCode": 2}]}]}, {"period": "1ST", "groups": [{"groupName": "Service", "statisticsItems": [{"name": "Aces", "home": "0", "away": "0", "compareCode": 3}, {"name": "Double faults", "home": "2", "away": "0", "compareCode": 1}, {"name": "First serve", "home": "24/40 (60%)", "away": "28/41 (68%)", "compareCode": 2}, {"name": "Second serve", "home": "14/16 (88%)", "away": "13/13 (100%)", "compareCode": 2}, {"name": "First serve points", "home": "16/24 (67%)", "away": "18/28 (64%)", "compareCode": 2}, {"name": "Second serve points", "home": "7/16 (44%)", "away": "8/13 (62%)", "compareCode": 2}, {"name": "Break points saved", "home": "4/6 (66%)", "away": "2/3 (66%)", "compareCode": 2}, {"name": "Service games played", "home": "6", "away": "6", "compareCode": 3}]}, {"groupName": "Return", "statisticsItems": [{"name": "First serve return points", "home": "10/28 (35%)", "away": "8/24 (33%)", "compareCode": 2}, {"name": "Second serve return points", "home": "5/13 (38%)", "away": "9/16 (56%)", "compareCode": 1}, {"name": "Break points converted", "home": "1", "away": "2", "compareCode": 2}, {"name": "Return games played", "home": "6", "away": "6", "compareCode": 3}]}, {"groupName": "Points", "statisticsItems": [{"name": "Service points won", "home": "23", "away": "26", "compareCode": 2}, {"name": "Receiver points won", "home": "15", "away": "17", "compareCode": 2}, {"name": "Total points won", "home": "38", "away": "43", "compareCode": 2}, {"name": "Max points in a row", "home": "4", "away": "6", "compareCode": 2}]}]}, {"period": "2ND", "groups": [{"groupName": "Service", "statisticsItems": [{"name": "Aces", "home": "0", "away": "0", "compareCode": 3}, {"name": "Double faults", "home": "1", "away": "0", "compareCode": 1}, {"name": "First serve", "home": "24/28 (86%)", "away": "30/32 (94%)", "compareCode": 2}, {"name": "Second serve", "home": "3/4 (75%)", "away": "2/2 (100%)", "compareCode": 2}, {"name": "First serve points", "home": "15/24 (63%)", "away": "19/30 (63%)", "compareCode": 2}, {"name": "Second serve points", "home": "2/4 (50%)", "away": "2/2 (100%)", "compareCode": 3}, {"name": "Break points saved", "home": "3/5 (60%)", "away": "3/4 (75%)", "compareCode": 2}, {"name": "Service games played", "home": "5", "away": "5", "compareCode": 3}]}, {"groupName": "Return", "statisticsItems": [{"name": "First serve return points", "home": "11/30 (36%)", "away": "9/24 (37%)", "compareCode": 2}, {"name": "Second serve return points", "home": "0/2 (0%)", "away": "2/4 (50%)", "compareCode": 1}, {"name": "Break points converted", "home": "1", "away": "2", "compareCode": 2}, {"name": "Return games played", "home": "5", "away": "5", "compareCode": 3}]}, {"groupName": "Points", "statisticsItems": [{"name": "Service points won", "home": "17", "away": "21", "compareCode": 2}, {"name": "Receiver points won", "home": "11", "away": "11", "compareCode": 3}, {"name": "Total points won", "home": "28", "away": "32", "compareCode": 2}, {"name": "Max points in a row", "home": "4", "away": "5", "compareCode": 2}]}]}]}