{"statistics": [{"period": "ALL", "groups": [{"groupName": "Service", "statisticsItems": [{"name": "Aces", "home": "1", "away": "0", "compareCode": 1}, {"name": "Double faults", "home": "1", "away": "1", "compareCode": 3}, {"name": "First serve", "home": "56/70 (80%)", "away": "50/78 (64%)", "compareCode": 1}, {"name": "Second serve", "home": "13/14 (93%)", "away": "27/28 (96%)", "compareCode": 2}, {"name": "First serve points", "home": "37/56 (66%)", "away": "30/50 (60%)", "compareCode": 1}, {"name": "Second serve points", "home": "5/14 (36%)", "away": "10/28 (36%)", "compareCode": 2}, {"name": "Break points saved", "home": "6/9 (66%)", "away": "3/8 (37%)", "compareCode": 2}, {"name": "Service games played", "home": "9", "away": "10", "compareCode": 2}]}, {"groupName": "Return", "statisticsItems": [{"name": "First serve return points", "home": "20/50 (40%)", "away": "19/56 (33%)", "compareCode": 2}, {"name": "Second serve return points", "home": "18/28 (64%)", "away": "9/14 (64%)", "compareCode": 2}, {"name": "Break points converted", "home": "5", "away": "3", "compareCode": 1}, {"name": "Return games played", "home": "10", "away": "9", "compareCode": 2}]}, {"groupName": "Points", "statisticsItems": [{"name": "Service points won", "home": "42", "away": "40", "compareCode": 1}, {"name": "Receiver points won", "home": "38", "away": "28", "compareCode": 1}, {"name": "Total points won", "home": "80", "away": "68", "compareCode": 1}, {"name": "Max points in a row", "home": "7", "away": "4", "compareCode": 1}]}]}, {"period": "1ST", "groups": [{"groupName": "Service", "statisticsItems": [{"name": "Aces", "home": "0", "away": "0", "compareCode": 3}, {"name": "Double faults", "home": "0", "away": "1", "compareCode": 2}, {"name": "First serve", "home": "15/17 (88%)", "away": "13/25 (52%)", "compareCode": 1}, {"name": "Second serve", "home": "2/2 (100%)", "away": "11/12 (92%)", "compareCode": 1}, {"name": "First serve points", "home": "12/15 (80%)", "away": "6/13 (46%)", "compareCode": 1}, {"name": "Second serve points", "home": "1/2 (50%)", "away": "4/12 (33%)", "compareCode": 2}, {"name": "Break points saved", "home": "2/2 (100%)", "away": "1/4 (25%)", "compareCode": 1}, {"name": "Service games played", "home": "3", "away": "4", "compareCode": 2}]}, {"groupName": "Return", "statisticsItems": [{"name": "First serve return points", "home": "7/13 (53%)", "away": "3/15 (20%)", "compareCode": 2}, {"name": "Second serve return points", "home": "8/12 (66%)", "away": "1/2 (50%)", "compareCode": 2}, {"name": "Break points converted", "home": "3", "away": "0", "compareCode": 1}, {"name": "Return games played", "home": "4", "away": "3", "compareCode": 2}]}, {"groupName": "Points", "statisticsItems": [{"name": "Service points won", "home": "13", "away": "10", "compareCode": 1}, {"name": "Receiver points won", "home": "15", "away": "4", "compareCode": 1}, {"name": "Total points won", "home": "28", "away": "14", "compareCode": 1}, {"name": "Max points in a row", "home": "6", "away": "3", "compareCode": 1}]}]}, {"period": "2ND", "groups": [{"groupName": "Service", "statisticsItems": [{"name": "Aces", "home": "1", "away": "0", "compareCode": 1}, {"name": "Double faults", "home": "1", "away": "0", "compareCode": 1}, {"name": "First serve", "home": "34/44 (77%)", "away": "31/45 (69%)", "compareCode": 1}, {"name": "Second serve", "home": "9/10 (90%)", "away": "14/14 (100%)", "compareCode": 2}, {"name": "First serve points", "home": "19/34 (56%)", "away": "20/31 (65%)", "compareCode": 2}, {"name": "Second serve points", "home": "4/10 (40%)", "away": "6/14 (43%)", "compareCode": 2}, {"name": "Break points saved", "home": "4/7 (57%)", "away": "2/4 (50%)", "compareCode": 2}, {"name": "Service games played", "home": "6", "away": "6", "compareCode": 3}]}, {"groupName": "Return", "statisticsItems": [{"name": "First serve return points", "home": "11/31 (35%)", "away": "15/34 (44%)", "compareCode": 2}, {"name": "Second serve return points", "home": "8/14 (57%)", "away": "6/10 (60%)", "compareCode": 2}, {"name": "Break points converted", "home": "2", "away": "3", "compareCode": 2}, {"name": "Return games played", "home": "6", "away": "6", "compareCode": 3}]}, {"groupName": "Points", "statisticsItems": [{"name": "Service points won", "home": "23", "away": "26", "compareCode": 2}, {"name": "Receiver points won", "home": "19", "away": "21", "compareCode": 2}, {"name": "Total points won", "home": "42", "away": "47", "compareCode": 2}, {"name": "Max points in a row", "home": "7", "away": "4", "compareCode": 1}]}]}, {"period": "3RD", "groups": [{"groupName": "Service", "statisticsItems": [{"name": "Aces", "home": "0", "away": "0", "compareCode": 3}, {"name": "Double faults", "home": "0", "away": "0", "compareCode": 3}, {"name": "First serve", "home": "7/9 (78%)", "away": "6/8 (75%)", "compareCode": 1}, {"name": "Second serve", "home": "2/2 (100%)", "away": "2/2 (100%)", "compareCode": 3}, {"name": "First serve points", "home": "6/7 (86%)", "away": "4/6 (67%)", "compareCode": 1}, {"name": "Second serve points", "home": "0/2 (0%)", "away": "0/2 (0%)", "compareCode": 3}, {"name": "Break points saved", "home": "0/0 (0%)", "away": "0/0 (0%)", "compareCode": 3}, {"name": "Service games played", "home": "0", "away": "0", "compareCode": 3}]}, {"groupName": "Return", "statisticsItems": [{"name": "First serve return points", "home": "2/6 (33%)", "away": "1/7 (14%)", "compareCode": 1}, {"name": "Second serve return points", "home": "2/2 (100%)", "away": "2/2 (100%)", "compareCode": 3}, {"name": "Break points converted", "home": "0", "away": "0", "compareCode": 3}, {"name": "Return games played", "home": "0", "away": "0", "compareCode": 3}]}, {"groupName": "Points", "statisticsItems": [{"name": "Service points won", "home": "6", "away": "4", "compareCode": 1}, {"name": "Receiver points won", "home": "4", "away": "3", "compareCode": 1}, {"name": "Total points won", "home": "10", "away": "7", "compareCode": 1}, {"name": "Max points in a row", "home": "2", "away": "2", "compareCode": 3}]}]}]}