{"statistics": [{"period": "ALL", "groups": [{"groupName": "Service", "statisticsItems": [{"name": "Aces", "home": "0", "away": "1", "compareCode": 2}, {"name": "Double faults", "home": "2", "away": "2", "compareCode": 3}, {"name": "First serve", "home": "53/61 (87%)", "away": "61/89 (69%)", "compareCode": 1}, {"name": "Second serve", "home": "6/8 (75%)", "away": "26/28 (93%)", "compareCode": 2}, {"name": "First serve points", "home": "27/53 (51%)", "away": "34/61 (56%)", "compareCode": 2}, {"name": "Second serve points", "home": "5/8 (63%)", "away": "11/28 (39%)", "compareCode": 2}, {"name": "Break points saved", "home": "1/5 (20%)", "away": "10/14 (71%)", "compareCode": 1}, {"name": "Service games played", "home": "10", "away": "10", "compareCode": 3}]}, {"groupName": "Return", "statisticsItems": [{"name": "First serve return points", "home": "27/61 (44%)", "away": "26/53 (49%)", "compareCode": 2}, {"name": "Second serve return points", "home": "17/28 (60%)", "away": "3/8 (37%)", "compareCode": 2}, {"name": "Break points converted", "home": "4", "away": "4", "compareCode": 3}, {"name": "Return games played", "home": "10", "away": "10", "compareCode": 3}]}, {"groupName": "Points", "statisticsItems": [{"name": "Service points won", "home": "32", "away": "45", "compareCode": 2}, {"name": "Receiver points won", "home": "44", "away": "29", "compareCode": 1}, {"name": "Total points won", "home": "76", "away": "74", "compareCode": 1}, {"name": "Max points in a row", "home": "5", "away": "8", "compareCode": 2}]}]}, {"period": "1ST", "groups": [{"groupName": "Service", "statisticsItems": [{"name": "Aces", "home": "0", "away": "0", "compareCode": 3}, {"name": "Double faults", "home": "1", "away": "0", "compareCode": 1}, {"name": "First serve", "home": "25/26 (96%)", "away": "29/41 (71%)", "compareCode": 1}, {"name": "Second serve", "home": "0/1 (0%)", "away": "12/12 (100%)", "compareCode": 2}, {"name": "First serve points", "home": "11/25 (44%)", "away": "14/29 (48%)", "compareCode": 2}, {"name": "Second serve points", "home": "0/1 (0%)", "away": "8/12 (67%)", "compareCode": 2}, {"name": "Break points saved", "home": "1/4 (25%)", "away": "4/6 (66%)", "compareCode": 1}, {"name": "Service games played", "home": "5", "away": "5", "compareCode": 3}]}, {"groupName": "Return", "statisticsItems": [{"name": "First serve return points", "home": "15/29 (51%)", "away": "14/25 (56%)", "compareCode": 2}, {"name": "Second serve return points", "home": "4/12 (33%)", "away": "1/1 (100%)", "compareCode": 2}, {"name": "Break points converted", "home": "2", "away": "3", "compareCode": 2}, {"name": "Return games played", "home": "5", "away": "5", "compareCode": 3}]}, {"groupName": "Points", "statisticsItems": [{"name": "Service points won", "home": "11", "away": "22", "compareCode": 2}, {"name": "Receiver points won", "home": "19", "away": "15", "compareCode": 1}, {"name": "Total points won", "home": "30", "away": "37", "compareCode": 2}, {"name": "Max points in a row", "home": "4", "away": "7", "compareCode": 2}]}]}, {"period": "2ND", "groups": [{"groupName": "Service", "statisticsItems": [{"name": "Aces", "home": "0", "away": "1", "compareCode": 2}, {"name": "Double faults", "home": "1", "away": "1", "compareCode": 3}, {"name": "First serve", "home": "24/27 (89%)", "away": "29/40 (73%)", "compareCode": 1}, {"name": "Second serve", "home": "2/3 (67%)", "away": "10/11 (91%)", "compareCode": 2}, {"name": "First serve points", "home": "14/24 (58%)", "away": "18/29 (62%)", "compareCode": 2}, {"name": "Second serve points", "home": "2/3 (67%)", "away": "2/11 (18%)", "compareCode": 3}, {"name": "Break points saved", "home": "0/1 (0%)", "away": "6/8 (75%)", "compareCode": 1}, {"name": "Service games played", "home": "5", "away": "5", "compareCode": 3}]}, {"groupName": "Return", "statisticsItems": [{"name": "First serve return points", "home": "11/29 (37%)", "away": "10/24 (41%)", "compareCode": 2}, {"name": "Second serve return points", "home": "9/11 (81%)", "away": "1/3 (33%)", "compareCode": 2}, {"name": "Break points converted", "home": "2", "away": "1", "compareCode": 1}, {"name": "Return games played", "home": "5", "away": "5", "compareCode": 3}]}, {"groupName": "Points", "statisticsItems": [{"name": "Service points won", "home": "16", "away": "20", "compareCode": 2}, {"name": "Receiver points won", "home": "20", "away": "11", "compareCode": 1}, {"name": "Total points won", "home": "36", "away": "31", "compareCode": 1}, {"name": "Max points in a row", "home": "5", "away": "4", "compareCode": 1}]}]}, {"period": "3RD", "groups": [{"groupName": "Service", "statisticsItems": [{"name": "Aces", "home": "0", "away": "0", "compareCode": 3}, {"name": "Double faults", "home": "0", "away": "1", "compareCode": 2}, {"name": "First serve", "home": "4/8 (50%)", "away": "3/8 (38%)", "compareCode": 1}, {"name": "Second serve", "home": "4/4 (100%)", "away": "4/5 (80%)", "compareCode": 1}, {"name": "First serve points", "home": "2/4 (50%)", "away": "2/3 (67%)", "compareCode": 3}, {"name": "Second serve points", "home": "3/4 (75%)", "away": "1/5 (20%)", "compareCode": 1}, {"name": "Break points saved", "home": "0/0 (0%)", "away": "0/0 (0%)", "compareCode": 3}, {"name": "Service games played", "home": "0", "away": "0", "compareCode": 3}]}, {"groupName": "Return", "statisticsItems": [{"name": "First serve return points", "home": "1/3 (33%)", "away": "2/4 (50%)", "compareCode": 3}, {"name": "Second serve return points", "home": "4/5 (80%)", "away": "1/4 (25%)", "compareCode": 2}, {"name": "Break points converted", "home": "0", "away": "0", "compareCode": 3}, {"name": "Return games played", "home": "0", "away": "0", "compareCode": 3}]}, {"groupName": "Points", "statisticsItems": [{"name": "Service points won", "home": "5", "away": "3", "compareCode": 1}, {"name": "Receiver points won", "home": "5", "away": "3", "compareCode": 1}, {"name": "Total points won", "home": "10", "away": "6", "compareCode": 1}, {"name": "Max points in a row", "home": "4", "away": "4", "compareCode": 3}]}]}]}