{"statistics": [{"period": "ALL", "groups": [{"groupName": "Service", "statisticsItems": [{"name": "Aces", "home": "0", "away": "0", "compareCode": 3}, {"name": "First serve", "home": "58/83 (70%)", "away": "66/89 (74%)", "compareCode": 2}, {"name": "Second serve", "home": "25/25 (100%)", "away": "23/23 (100%)", "compareCode": 3}, {"name": "First serve points", "home": "40/58 (69%)", "away": "40/66 (61%)", "compareCode": 3}, {"name": "Second serve points", "home": "10/25 (40%)", "away": "13/23 (57%)", "compareCode": 2}, {"name": "Break points saved", "home": "5/8 (62%)", "away": "4/8 (50%)", "compareCode": 3}, {"name": "Service games played", "home": "11", "away": "11", "compareCode": 3}]}, {"groupName": "Return", "statisticsItems": [{"name": "First serve return points", "home": "26/66 (39%)", "away": "18/58 (31%)", "compareCode": 2}, {"name": "Second serve return points", "home": "10/23 (43%)", "away": "15/25 (60%)", "compareCode": 1}, {"name": "Break points converted", "home": "4", "away": "3", "compareCode": 1}, {"name": "Return games played", "home": "11", "away": "11", "compareCode": 3}]}, {"groupName": "Points", "statisticsItems": [{"name": "Service points won", "home": "50", "away": "53", "compareCode": 2}, {"name": "Receiver points won", "home": "36", "away": "33", "compareCode": 1}, {"name": "Total points won", "home": "86", "away": "86", "compareCode": 3}, {"name": "Max points in a row", "home": "7", "away": "6", "compareCode": 1}]}]}, {"period": "1ST", "groups": [{"groupName": "Service", "statisticsItems": [{"name": "Aces", "home": "0", "away": "0", "compareCode": 3}, {"name": "Double faults", "home": "0", "away": "0", "compareCode": 3}, {"name": "First serve", "home": "22/35 (63%)", "away": "29/37 (78%)", "compareCode": 2}, {"name": "Second serve", "home": "13/13 (100%)", "away": "8/8 (100%)", "compareCode": 3}, {"name": "First serve points", "home": "14/22 (64%)", "away": "16/29 (55%)", "compareCode": 2}, {"name": "Second serve points", "home": "6/13 (46%)", "away": "3/8 (38%)", "compareCode": 1}, {"name": "Break points saved", "home": "4/6 (66%)", "away": "2/5 (40%)", "compareCode": 2}, {"name": "Service games played", "home": "5", "away": "5", "compareCode": 3}]}, {"groupName": "Return", "statisticsItems": [{"name": "First serve return points", "home": "13/29 (44%)", "away": "8/22 (36%)", "compareCode": 2}, {"name": "Second serve return points", "home": "5/8 (62%)", "away": "7/13 (53%)", "compareCode": 1}, {"name": "Break points converted", "home": "3", "away": "2", "compareCode": 1}, {"name": "Return games played", "home": "5", "away": "5", "compareCode": 3}]}, {"groupName": "Points", "statisticsItems": [{"name": "Service points won", "home": "20", "away": "19", "compareCode": 1}, {"name": "Receiver points won", "home": "18", "away": "15", "compareCode": 1}, {"name": "Total points won", "home": "38", "away": "34", "compareCode": 1}, {"name": "Max points in a row", "home": "7", "away": "6", "compareCode": 1}]}]}, {"period": "2ND", "groups": [{"groupName": "Service", "statisticsItems": [{"name": "Aces", "home": "0", "away": "0", "compareCode": 3}, {"name": "Double faults", "home": "0", "away": "0", "compareCode": 3}, {"name": "First serve", "home": "29/39 (74%)", "away": "30/43 (70%)", "compareCode": 1}, {"name": "Second serve", "home": "10/10 (100%)", "away": "13/13 (100%)", "compareCode": 3}, {"name": "First serve points", "home": "21/29 (72%)", "away": "20/30 (67%)", "compareCode": 1}, {"name": "Second serve points", "home": "4/10 (40%)", "away": "8/13 (62%)", "compareCode": 2}, {"name": "Break points saved", "home": "1/2 (50%)", "away": "2/3 (66%)", "compareCode": 1}, {"name": "Service games played", "home": "6", "away": "6", "compareCode": 3}]}, {"groupName": "Return", "statisticsItems": [{"name": "First serve return points", "home": "10/30 (33%)", "away": "8/29 (27%)", "compareCode": 2}, {"name": "Second serve return points", "home": "5/13 (38%)", "away": "6/10 (60%)", "compareCode": 2}, {"name": "Break points converted", "home": "1", "away": "1", "compareCode": 3}, {"name": "Return games played", "home": "6", "away": "6", "compareCode": 3}]}, {"groupName": "Points", "statisticsItems": [{"name": "Service points won", "home": "25", "away": "28", "compareCode": 2}, {"name": "Receiver points won", "home": "15", "away": "14", "compareCode": 1}, {"name": "Total points won", "home": "40", "away": "42", "compareCode": 2}, {"name": "Max points in a row", "home": "4", "away": "5", "compareCode": 2}]}]}, {"period": "3RD", "groups": [{"groupName": "Service", "statisticsItems": [{"name": "Aces", "home": "0", "away": "0", "compareCode": 3}, {"name": "Double faults", "home": "0", "away": "0", "compareCode": 3}, {"name": "First serve", "home": "7/9 (78%)", "away": "7/9 (78%)", "compareCode": 3}, {"name": "Second serve", "home": "2/2 (100%)", "away": "2/2 (100%)", "compareCode": 3}, {"name": "First serve points", "home": "5/7 (71%)", "away": "4/7 (57%)", "compareCode": 1}, {"name": "Second serve points", "home": "0/2 (0%)", "away": "2/2 (100%)", "compareCode": 2}, {"name": "Break points saved", "home": "0/0 (0%)", "away": "0/0 (0%)", "compareCode": 3}, {"name": "Service games played", "home": "0", "away": "0", "compareCode": 3}]}, {"groupName": "Return", "statisticsItems": [{"name": "First serve return points", "home": "3/7 (42%)", "away": "2/7 (28%)", "compareCode": 3}, {"name": "Second serve return points", "home": "0/2 (0%)", "away": "2/2 (100%)", "compareCode": 3}, {"name": "Break points converted", "home": "0", "away": "0", "compareCode": 3}, {"name": "Return games played", "home": "0", "away": "0", "compareCode": 3}]}, {"groupName": "Points", "statisticsItems": [{"name": "Service points won", "home": "5", "away": "6", "compareCode": 2}, {"name": "Receiver points won", "home": "3", "away": "4", "compareCode": 2}, {"name": "Total points won", "home": "8", "away": "10", "compareCode": 2}, {"name": "Max points in a row", "home": "2", "away": "2", "compareCode": 3}]}]}]}