{"statistics": [{"period": "ALL", "groups": [{"groupName": "Service", "statisticsItems": [{"name": "Aces", "home": "0", "away": "0", "compareCode": 3}, {"name": "Double faults", "home": "2", "away": "0", "compareCode": 1}, {"name": "First serve", "home": "36/57 (63%)", "away": "44/55 (80%)", "compareCode": 2}, {"name": "Second serve", "home": "19/21 (90%)", "away": "11/11 (100%)", "compareCode": 2}, {"name": "First serve points", "home": "23/36 (64%)", "away": "28/44 (64%)", "compareCode": 2}, {"name": "Second serve points", "home": "9/21 (43%)", "away": "7/11 (64%)", "compareCode": 1}, {"name": "Break points saved", "home": "2/6 (33%)", "away": "1/3 (33%)", "compareCode": 2}, {"name": "Service games played", "home": "10", "away": "10", "compareCode": 3}]}, {"groupName": "Return", "statisticsItems": [{"name": "First serve return points", "home": "16/44 (36%)", "away": "13/36 (36%)", "compareCode": 1}, {"name": "Second serve return points", "home": "4/11 (36%)", "away": "12/21 (57%)", "compareCode": 1}, {"name": "Break points converted", "home": "2", "away": "4", "compareCode": 2}, {"name": "Return games played", "home": "10", "away": "10", "compareCode": 3}]}, {"groupName": "Points", "statisticsItems": [{"name": "Service points won", "home": "32", "away": "35", "compareCode": 2}, {"name": "Receiver points won", "home": "20", "away": "25", "compareCode": 2}, {"name": "Total points won", "home": "52", "away": "60", "compareCode": 2}, {"name": "Max points in a row", "home": "6", "away": "10", "compareCode": 2}]}]}, {"period": "1ST", "groups": [{"groupName": "Service", "statisticsItems": [{"name": "Aces", "home": "0", "away": "0", "compareCode": 3}, {"name": "Double faults", "home": "1", "away": "0", "compareCode": 1}, {"name": "First serve", "home": "21/32 (66%)", "away": "20/27 (74%)", "compareCode": 2}, {"name": "Second serve", "home": "10/11 (91%)", "away": "7/7 (100%)", "compareCode": 2}, {"name": "First serve points", "home": "12/21 (57%)", "away": "14/20 (70%)", "compareCode": 2}, {"name": "Second serve points", "home": "6/11 (55%)", "away": "3/7 (43%)", "compareCode": 1}, {"name": "Break points saved", "home": "1/3 (33%)", "away": "0/1 (0%)", "compareCode": 2}, {"name": "Service games played", "home": "5", "away": "5", "compareCode": 3}]}, {"groupName": "Return", "statisticsItems": [{"name": "First serve return points", "home": "6/20 (30%)", "away": "9/21 (42%)", "compareCode": 1}, {"name": "Second serve return points", "home": "4/7 (57%)", "away": "5/11 (45%)", "compareCode": 1}, {"name": "Break points converted", "home": "1", "away": "2", "compareCode": 2}, {"name": "Return games played", "home": "5", "away": "5", "compareCode": 3}]}, {"groupName": "Points", "statisticsItems": [{"name": "Service points won", "home": "18", "away": "17", "compareCode": 1}, {"name": "Receiver points won", "home": "10", "away": "14", "compareCode": 2}, {"name": "Total points won", "home": "28", "away": "31", "compareCode": 2}, {"name": "Max points in a row", "home": "6", "away": "5", "compareCode": 1}]}]}, {"period": "2ND", "groups": [{"groupName": "Service", "statisticsItems": [{"name": "Aces", "home": "0", "away": "0", "compareCode": 3}, {"name": "Double faults", "home": "1", "away": "0", "compareCode": 1}, {"name": "First serve", "home": "15/25 (60%)", "away": "24/28 (86%)", "compareCode": 2}, {"name": "Second serve", "home": "9/10 (90%)", "away": "4/4 (100%)", "compareCode": 2}, {"name": "First serve points", "home": "11/15 (73%)", "away": "14/24 (58%)", "compareCode": 2}, {"name": "Second serve points", "home": "3/10 (30%)", "away": "4/4 (100%)", "compareCode": 2}, {"name": "Break points saved", "home": "1/3 (33%)", "away": "1/2 (50%)", "compareCode": 2}, {"name": "Service games played", "home": "5", "away": "5", "compareCode": 3}]}, {"groupName": "Return", "statisticsItems": [{"name": "First serve return points", "home": "10/24 (41%)", "away": "4/15 (26%)", "compareCode": 2}, {"name": "Second serve return points", "home": "0/4 (0%)", "away": "7/10 (70%)", "compareCode": 1}, {"name": "Break points converted", "home": "1", "away": "2", "compareCode": 2}, {"name": "Return games played", "home": "5", "away": "5", "compareCode": 3}]}, {"groupName": "Points", "statisticsItems": [{"name": "Service points won", "home": "14", "away": "18", "compareCode": 2}, {"name": "Receiver points won", "home": "10", "away": "11", "compareCode": 2}, {"name": "Total points won", "home": "24", "away": "29", "compareCode": 2}, {"name": "Max points in a row", "home": "4", "away": "7", "compareCode": 2}]}]}]}