{"statistics": [{"period": "ALL", "groups": [{"groupName": "Service", "statisticsItems": [{"name": "Aces", "home": "0", "away": "2", "compareCode": 2}, {"name": "Double faults", "home": "3", "away": "1", "compareCode": 1}, {"name": "First serve", "home": "50/57 (88%)", "away": "41/63 (65%)", "compareCode": 1}, {"name": "Second serve", "home": "4/7 (57%)", "away": "21/22 (95%)", "compareCode": 2}, {"name": "First serve points", "home": "26/50 (52%)", "away": "19/41 (46%)", "compareCode": 1}, {"name": "Second serve points", "home": "1/7 (14%)", "away": "7/22 (32%)", "compareCode": 2}, {"name": "Break points saved", "home": "3/8 (37%)", "away": "8/13 (61%)", "compareCode": 1}, {"name": "Service games played", "home": "8", "away": "8", "compareCode": 3}]}, {"groupName": "Return", "statisticsItems": [{"name": "First serve return points", "home": "22/41 (53%)", "away": "24/50 (48%)", "compareCode": 2}, {"name": "Second serve return points", "home": "15/22 (68%)", "away": "6/7 (85%)", "compareCode": 2}, {"name": "Break points converted", "home": "5", "away": "5", "compareCode": 3}, {"name": "Return games played", "home": "8", "away": "8", "compareCode": 3}]}, {"groupName": "Points", "statisticsItems": [{"name": "Service points won", "home": "27", "away": "26", "compareCode": 1}, {"name": "Receiver points won", "home": "37", "away": "30", "compareCode": 1}, {"name": "Total points won", "home": "64", "away": "56", "compareCode": 1}, {"name": "Max points in a row", "home": "7", "away": "5", "compareCode": 1}]}]}, {"period": "1ST", "groups": [{"groupName": "Service", "statisticsItems": [{"name": "Aces", "home": "0", "away": "0", "compareCode": 3}, {"name": "Double faults", "home": "2", "away": "0", "compareCode": 1}, {"name": "First serve", "home": "22/27 (81%)", "away": "18/26 (69%)", "compareCode": 1}, {"name": "Second serve", "home": "3/5 (60%)", "away": "8/8 (100%)", "compareCode": 2}, {"name": "First serve points", "home": "8/22 (36%)", "away": "10/18 (56%)", "compareCode": 2}, {"name": "Second serve points", "home": "1/5 (20%)", "away": "3/8 (38%)", "compareCode": 2}, {"name": "Break points saved", "home": "3/7 (42%)", "away": "4/6 (66%)", "compareCode": 2}, {"name": "Service games played", "home": "4", "away": "4", "compareCode": 3}]}, {"groupName": "Return", "statisticsItems": [{"name": "First serve return points", "home": "8/18 (44%)", "away": "14/22 (63%)", "compareCode": 1}, {"name": "Second serve return points", "home": "5/8 (62%)", "away": "4/5 (80%)", "compareCode": 2}, {"name": "Break points converted", "home": "2", "away": "4", "compareCode": 2}, {"name": "Return games played", "home": "4", "away": "4", "compareCode": 3}]}, {"groupName": "Points", "statisticsItems": [{"name": "Service points won", "home": "9", "away": "13", "compareCode": 2}, {"name": "Receiver points won", "home": "13", "away": "18", "compareCode": 2}, {"name": "Total points won", "home": "22", "away": "31", "compareCode": 2}, {"name": "Max points in a row", "home": "3", "away": "5", "compareCode": 2}]}]}, {"period": "2ND", "groups": [{"groupName": "Service", "statisticsItems": [{"name": "Aces", "home": "0", "away": "2", "compareCode": 2}, {"name": "Double faults", "home": "1", "away": "1", "compareCode": 3}, {"name": "First serve", "home": "22/24 (92%)", "away": "18/30 (60%)", "compareCode": 1}, {"name": "Second serve", "home": "1/2 (50%)", "away": "11/12 (92%)", "compareCode": 2}, {"name": "First serve points", "home": "14/22 (64%)", "away": "8/18 (44%)", "compareCode": 1}, {"name": "Second serve points", "home": "0/2 (0%)", "away": "4/12 (33%)", "compareCode": 2}, {"name": "Break points saved", "home": "0/1 (0%)", "away": "4/7 (57%)", "compareCode": 1}, {"name": "Service games played", "home": "4", "away": "4", "compareCode": 3}]}, {"groupName": "Return", "statisticsItems": [{"name": "First serve return points", "home": "10/18 (55%)", "away": "8/22 (36%)", "compareCode": 2}, {"name": "Second serve return points", "home": "8/12 (66%)", "away": "2/2 (100%)", "compareCode": 2}, {"name": "Break points converted", "home": "3", "away": "1", "compareCode": 1}, {"name": "Return games played", "home": "4", "away": "4", "compareCode": 3}]}, {"groupName": "Points", "statisticsItems": [{"name": "Service points won", "home": "14", "away": "12", "compareCode": 1}, {"name": "Receiver points won", "home": "18", "away": "10", "compareCode": 1}, {"name": "Total points won", "home": "32", "away": "22", "compareCode": 1}, {"name": "Max points in a row", "home": "6", "away": "3", "compareCode": 1}]}]}, {"period": "3RD", "groups": [{"groupName": "Service", "statisticsItems": [{"name": "Aces", "home": "0", "away": "0", "compareCode": 3}, {"name": "Double faults", "home": "0", "away": "0", "compareCode": 3}, {"name": "First serve", "home": "6/6 (100%)", "away": "5/7 (71%)", "compareCode": 1}, {"name": "Second serve", "home": "0/0 (0%)", "away": "2/2 (100%)", "compareCode": 2}, {"name": "First serve points", "home": "4/6 (67%)", "away": "1/5 (20%)", "compareCode": 1}, {"name": "Second serve points", "home": "0/0 (0%)", "away": "0/2 (0%)", "compareCode": 3}, {"name": "Break points saved", "home": "0/0 (0%)", "away": "0/0 (0%)", "compareCode": 3}, {"name": "Service games played", "home": "0", "away": "0", "compareCode": 3}]}, {"groupName": "Return", "statisticsItems": [{"name": "First serve return points", "home": "4/5 (80%)", "away": "2/6 (33%)", "compareCode": 2}, {"name": "Second serve return points", "home": "2/2 (100%)", "away": "0/0 (0%)", "compareCode": 2}, {"name": "Break points converted", "home": "0", "away": "0", "compareCode": 3}, {"name": "Return games played", "home": "0", "away": "0", "compareCode": 3}]}, {"groupName": "Points", "statisticsItems": [{"name": "Service points won", "home": "4", "away": "1", "compareCode": 1}, {"name": "Receiver points won", "home": "6", "away": "2", "compareCode": 1}, {"name": "Total points won", "home": "10", "away": "3", "compareCode": 1}, {"name": "Max points in a row", "home": "4", "away": "2", "compareCode": 1}]}]}]}