{"statistics": [{"period": "ALL", "groups": [{"groupName": "Service", "statisticsItems": [{"name": "Aces", "home": "1", "away": "1", "compareCode": 3}, {"name": "Double faults", "home": "6", "away": "4", "compareCode": 1}, {"name": "First serve", "home": "35/57 (61%)", "away": "34/57 (60%)", "compareCode": 1}, {"name": "Second serve", "home": "16/22 (73%)", "away": "19/23 (83%)", "compareCode": 2}, {"name": "First serve points", "home": "20/35 (57%)", "away": "27/34 (79%)", "compareCode": 2}, {"name": "Second serve points", "home": "11/22 (50%)", "away": "15/23 (65%)", "compareCode": 2}, {"name": "Break points saved", "home": "2/5 (40%)", "away": "0/1 (0%)", "compareCode": 2}, {"name": "Service games played", "home": "9", "away": "10", "compareCode": 2}]}, {"groupName": "Return", "statisticsItems": [{"name": "First serve return points", "home": "7/34 (20%)", "away": "15/35 (42%)", "compareCode": 3}, {"name": "Second serve return points", "home": "8/23 (34%)", "away": "11/22 (50%)", "compareCode": 2}, {"name": "Break points converted", "home": "1", "away": "3", "compareCode": 2}, {"name": "Return games played", "home": "10", "away": "9", "compareCode": 2}]}, {"groupName": "Points", "statisticsItems": [{"name": "Service points won", "home": "31", "away": "42", "compareCode": 2}, {"name": "Receiver points won", "home": "15", "away": "26", "compareCode": 2}, {"name": "Total points won", "home": "46", "away": "68", "compareCode": 2}, {"name": "Max points in a row", "home": "9", "away": "16", "compareCode": 2}]}]}, {"period": "1ST", "groups": [{"groupName": "Service", "statisticsItems": [{"name": "Aces", "home": "0", "away": "1", "compareCode": 2}, {"name": "Double faults", "home": "1", "away": "0", "compareCode": 1}, {"name": "First serve", "home": "7/13 (54%)", "away": "12/20 (60%)", "compareCode": 2}, {"name": "Second serve", "home": "5/6 (83%)", "away": "8/8 (100%)", "compareCode": 2}, {"name": "First serve points", "home": "1/7 (14%)", "away": "10/12 (83%)", "compareCode": 2}, {"name": "Second serve points", "home": "3/6 (50%)", "away": "6/8 (75%)", "compareCode": 2}, {"name": "Break points saved", "home": "0/2 (0%)", "away": "0/0 (0%)", "compareCode": 2}, {"name": "Service games played", "home": "3", "away": "4", "compareCode": 2}]}, {"groupName": "Return", "statisticsItems": [{"name": "First serve return points", "home": "2/12 (16%)", "away": "6/7 (85%)", "compareCode": 2}, {"name": "Second serve return points", "home": "2/8 (25%)", "away": "3/6 (50%)", "compareCode": 2}, {"name": "Break points converted", "home": "0", "away": "2", "compareCode": 2}, {"name": "Return games played", "home": "4", "away": "3", "compareCode": 2}]}, {"groupName": "Points", "statisticsItems": [{"name": "Service points won", "home": "4", "away": "16", "compareCode": 2}, {"name": "Receiver points won", "home": "4", "away": "9", "compareCode": 2}, {"name": "Total points won", "home": "8", "away": "25", "compareCode": 2}, {"name": "Max points in a row", "home": "3", "away": "12", "compareCode": 2}]}]}, {"period": "2ND", "groups": [{"groupName": "Service", "statisticsItems": [{"name": "Aces", "home": "1", "away": "0", "compareCode": 1}, {"name": "Double faults", "home": "5", "away": "4", "compareCode": 1}, {"name": "First serve", "home": "28/44 (64%)", "away": "22/37 (59%)", "compareCode": 1}, {"name": "Second serve", "home": "11/16 (69%)", "away": "11/15 (73%)", "compareCode": 2}, {"name": "First serve points", "home": "19/28 (68%)", "away": "17/22 (77%)", "compareCode": 1}, {"name": "Second serve points", "home": "8/16 (50%)", "away": "9/15 (60%)", "compareCode": 2}, {"name": "Break points saved", "home": "2/3 (66%)", "away": "0/1 (0%)", "compareCode": 2}, {"name": "Service games played", "home": "6", "away": "6", "compareCode": 3}]}, {"groupName": "Return", "statisticsItems": [{"name": "First serve return points", "home": "5/22 (22%)", "away": "9/28 (32%)", "compareCode": 1}, {"name": "Second serve return points", "home": "6/15 (40%)", "away": "8/16 (50%)", "compareCode": 1}, {"name": "Break points converted", "home": "1", "away": "1", "compareCode": 3}, {"name": "Return games played", "home": "6", "away": "6", "compareCode": 3}]}, {"groupName": "Points", "statisticsItems": [{"name": "Service points won", "home": "27", "away": "26", "compareCode": 1}, {"name": "Receiver points won", "home": "11", "away": "17", "compareCode": 2}, {"name": "Total points won", "home": "38", "away": "43", "compareCode": 2}, {"name": "Max points in a row", "home": "9", "away": "7", "compareCode": 1}]}]}]}