{"statistics": [{"period": "ALL", "groups": [{"groupName": "Service", "statisticsItems": [{"name": "Aces", "home": "0", "away": "1", "compareCode": 2}, {"name": "Double faults", "home": "4", "away": "2", "compareCode": 1}, {"name": "First serve", "home": "36/46 (78%)", "away": "53/64 (83%)", "compareCode": 2}, {"name": "Second serve", "home": "6/10 (60%)", "away": "9/11 (82%)", "compareCode": 2}, {"name": "First serve points", "home": "20/36 (56%)", "away": "27/53 (51%)", "compareCode": 2}, {"name": "Second serve points", "home": "5/10 (50%)", "away": "5/11 (45%)", "compareCode": 3}, {"name": "Break points saved", "home": "1/4 (25%)", "away": "7/10 (70%)", "compareCode": 1}, {"name": "Service games played", "home": "7", "away": "8", "compareCode": 2}]}, {"groupName": "Return", "statisticsItems": [{"name": "First serve return points", "home": "26/53 (49%)", "away": "16/36 (44%)", "compareCode": 2}, {"name": "Second serve return points", "home": "6/11 (54%)", "away": "5/10 (50%)", "compareCode": 2}, {"name": "Break points converted", "home": "3", "away": "3", "compareCode": 3}, {"name": "Return games played", "home": "8", "away": "7", "compareCode": 2}]}, {"groupName": "Points", "statisticsItems": [{"name": "Service points won", "home": "25", "away": "32", "compareCode": 2}, {"name": "Receiver points won", "home": "32", "away": "21", "compareCode": 1}, {"name": "Total points won", "home": "57", "away": "53", "compareCode": 1}, {"name": "Max points in a row", "home": "9", "away": "7", "compareCode": 1}]}]}, {"period": "1ST", "groups": [{"groupName": "Service", "statisticsItems": [{"name": "Aces", "home": "0", "away": "0", "compareCode": 3}, {"name": "Double faults", "home": "2", "away": "1", "compareCode": 1}, {"name": "First serve", "home": "15/22 (68%)", "away": "21/28 (75%)", "compareCode": 2}, {"name": "Second serve", "home": "5/7 (71%)", "away": "6/7 (86%)", "compareCode": 2}, {"name": "First serve points", "home": "9/15 (60%)", "away": "9/21 (43%)", "compareCode": 3}, {"name": "Second serve points", "home": "4/7 (57%)", "away": "2/7 (29%)", "compareCode": 1}, {"name": "Break points saved", "home": "0/1 (0%)", "away": "4/7 (57%)", "compareCode": 1}, {"name": "Service games played", "home": "4", "away": "4", "compareCode": 3}]}, {"groupName": "Return", "statisticsItems": [{"name": "First serve return points", "home": "12/21 (57%)", "away": "6/15 (40%)", "compareCode": 2}, {"name": "Second serve return points", "home": "5/7 (71%)", "away": "3/7 (42%)", "compareCode": 3}, {"name": "Break points converted", "home": "3", "away": "1", "compareCode": 1}, {"name": "Return games played", "home": "4", "away": "4", "compareCode": 3}]}, {"groupName": "Points", "statisticsItems": [{"name": "Service points won", "home": "13", "away": "11", "compareCode": 1}, {"name": "Receiver points won", "home": "17", "away": "9", "compareCode": 1}, {"name": "Total points won", "home": "30", "away": "20", "compareCode": 1}, {"name": "Max points in a row", "home": "6", "away": "5", "compareCode": 1}]}]}, {"period": "2ND", "groups": [{"groupName": "Service", "statisticsItems": [{"name": "Aces", "home": "0", "away": "1", "compareCode": 2}, {"name": "Double faults", "home": "2", "away": "0", "compareCode": 1}, {"name": "First serve", "home": "16/18 (89%)", "away": "27/30 (90%)", "compareCode": 2}, {"name": "Second serve", "home": "0/2 (0%)", "away": "3/3 (100%)", "compareCode": 2}, {"name": "First serve points", "home": "7/16 (44%)", "away": "17/27 (63%)", "compareCode": 2}, {"name": "Second serve points", "home": "0/2 (0%)", "away": "3/3 (100%)", "compareCode": 2}, {"name": "Break points saved", "home": "1/3 (33%)", "away": "3/3 (100%)", "compareCode": 3}, {"name": "Service games played", "home": "3", "away": "4", "compareCode": 2}]}, {"groupName": "Return", "statisticsItems": [{"name": "First serve return points", "home": "10/27 (37%)", "away": "9/16 (56%)", "compareCode": 2}, {"name": "Second serve return points", "home": "0/3 (0%)", "away": "2/2 (100%)", "compareCode": 2}, {"name": "Break points converted", "home": "0", "away": "2", "compareCode": 2}, {"name": "Return games played", "home": "4", "away": "3", "compareCode": 2}]}, {"groupName": "Points", "statisticsItems": [{"name": "Service points won", "home": "7", "away": "20", "compareCode": 2}, {"name": "Receiver points won", "home": "10", "away": "11", "compareCode": 2}, {"name": "Total points won", "home": "17", "away": "31", "compareCode": 2}, {"name": "Max points in a row", "home": "3", "away": "7", "compareCode": 2}]}]}, {"period": "3RD", "groups": [{"groupName": "Service", "statisticsItems": [{"name": "Aces", "home": "0", "away": "0", "compareCode": 3}, {"name": "Double faults", "home": "0", "away": "1", "compareCode": 2}, {"name": "First serve", "home": "5/6 (83%)", "away": "5/6 (83%)", "compareCode": 3}, {"name": "Second serve", "home": "1/1 (100%)", "away": "0/1 (0%)", "compareCode": 1}, {"name": "First serve points", "home": "4/5 (80%)", "away": "1/5 (20%)", "compareCode": 1}, {"name": "Second serve points", "home": "1/1 (100%)", "away": "0/1 (0%)", "compareCode": 1}, {"name": "Break points saved", "home": "0/0 (0%)", "away": "0/0 (0%)", "compareCode": 3}, {"name": "Service games played", "home": "0", "away": "0", "compareCode": 3}]}, {"groupName": "Return", "statisticsItems": [{"name": "First serve return points", "home": "4/5 (80%)", "away": "1/5 (20%)", "compareCode": 3}, {"name": "Second serve return points", "home": "1/1 (100%)", "away": "0/1 (0%)", "compareCode": 3}, {"name": "Break points converted", "home": "0", "away": "0", "compareCode": 3}, {"name": "Return games played", "home": "0", "away": "0", "compareCode": 3}]}, {"groupName": "Points", "statisticsItems": [{"name": "Service points won", "home": "5", "away": "1", "compareCode": 1}, {"name": "Receiver points won", "home": "5", "away": "1", "compareCode": 1}, {"name": "Total points won", "home": "10", "away": "2", "compareCode": 1}, {"name": "Max points in a row", "home": "9", "away": "1", "compareCode": 1}]}]}]}