{"statistics": [{"period": "ALL", "groups": [{"groupName": "Service", "statisticsItems": [{"name": "Aces", "home": "0", "away": "0", "compareCode": 3}, {"name": "Double faults", "home": "7", "away": "6", "compareCode": 1}, {"name": "First serve", "home": "24/44 (55%)", "away": "25/49 (51%)", "compareCode": 1}, {"name": "Second serve", "home": "13/20 (65%)", "away": "18/24 (75%)", "compareCode": 2}, {"name": "First serve points", "home": "9/24 (38%)", "away": "19/25 (76%)", "compareCode": 2}, {"name": "Second serve points", "home": "2/20 (10%)", "away": "7/24 (29%)", "compareCode": 2}, {"name": "Break points saved", "home": "1/9 (11%)", "away": "2/6 (33%)", "compareCode": 2}, {"name": "Service games played", "home": "8", "away": "8", "compareCode": 3}]}, {"groupName": "Return", "statisticsItems": [{"name": "First serve return points", "home": "6/25 (24%)", "away": "15/24 (62%)", "compareCode": 2}, {"name": "Second serve return points", "home": "17/24 (70%)", "away": "18/20 (90%)", "compareCode": 2}, {"name": "Break points converted", "home": "4", "away": "8", "compareCode": 2}, {"name": "Return games played", "home": "8", "away": "8", "compareCode": 3}]}, {"groupName": "Points", "statisticsItems": [{"name": "Service points won", "home": "11", "away": "26", "compareCode": 2}, {"name": "Receiver points won", "home": "23", "away": "33", "compareCode": 2}, {"name": "Total points won", "home": "34", "away": "59", "compareCode": 2}, {"name": "Max points in a row", "home": "4", "away": "9", "compareCode": 2}]}]}, {"period": "1ST", "groups": [{"groupName": "Service", "statisticsItems": [{"name": "Aces", "home": "0", "away": "0", "compareCode": 3}, {"name": "Double faults", "home": "6", "away": "3", "compareCode": 1}, {"name": "First serve", "home": "12/28 (43%)", "away": "14/28 (50%)", "compareCode": 2}, {"name": "Second serve", "home": "10/16 (63%)", "away": "11/14 (79%)", "compareCode": 2}, {"name": "First serve points", "home": "5/12 (42%)", "away": "10/14 (71%)", "compareCode": 2}, {"name": "Second serve points", "home": "2/16 (13%)", "away": "3/14 (21%)", "compareCode": 2}, {"name": "Break points saved", "home": "1/6 (16%)", "away": "2/5 (40%)", "compareCode": 2}, {"name": "Service games played", "home": "5", "away": "4", "compareCode": 1}]}, {"groupName": "Return", "statisticsItems": [{"name": "First serve return points", "home": "4/14 (28%)", "away": "7/12 (58%)", "compareCode": 3}, {"name": "Second serve return points", "home": "11/14 (78%)", "away": "14/16 (87%)", "compareCode": 1}, {"name": "Break points converted", "home": "3", "away": "5", "compareCode": 2}, {"name": "Return games played", "home": "4", "away": "5", "compareCode": 1}]}, {"groupName": "Points", "statisticsItems": [{"name": "Service points won", "home": "7", "away": "13", "compareCode": 2}, {"name": "Receiver points won", "home": "15", "away": "21", "compareCode": 2}, {"name": "Total points won", "home": "22", "away": "34", "compareCode": 2}, {"name": "Max points in a row", "home": "4", "away": "9", "compareCode": 2}]}]}, {"period": "2ND", "groups": [{"groupName": "Service", "statisticsItems": [{"name": "Aces", "home": "0", "away": "0", "compareCode": 3}, {"name": "Double faults", "home": "1", "away": "3", "compareCode": 2}, {"name": "First serve", "home": "12/16 (75%)", "away": "11/21 (52%)", "compareCode": 1}, {"name": "Second serve", "home": "3/4 (75%)", "away": "7/10 (70%)", "compareCode": 1}, {"name": "First serve points", "home": "4/12 (33%)", "away": "9/11 (82%)", "compareCode": 2}, {"name": "Second serve points", "home": "0/4 (0%)", "away": "4/10 (40%)", "compareCode": 2}, {"name": "Break points saved", "home": "0/3 (0%)", "away": "0/1 (0%)", "compareCode": 2}, {"name": "Service games played", "home": "3", "away": "4", "compareCode": 2}]}, {"groupName": "Return", "statisticsItems": [{"name": "First serve return points", "home": "2/11 (18%)", "away": "8/12 (66%)", "compareCode": 2}, {"name": "Second serve return points", "home": "6/10 (60%)", "away": "4/4 (100%)", "compareCode": 2}, {"name": "Break points converted", "home": "1", "away": "3", "compareCode": 2}, {"name": "Return games played", "home": "4", "away": "3", "compareCode": 2}]}, {"groupName": "Points", "statisticsItems": [{"name": "Service points won", "home": "4", "away": "13", "compareCode": 2}, {"name": "Receiver points won", "home": "8", "away": "12", "compareCode": 2}, {"name": "Total points won", "home": "12", "away": "25", "compareCode": 2}, {"name": "Max points in a row", "home": "4", "away": "7", "compareCode": 2}]}]}]}