{"statistics": [{"period": "ALL", "groups": [{"groupName": "Service", "statisticsItems": [{"name": "Aces", "home": "0", "away": "3", "compareCode": 2}, {"name": "Double faults", "home": "1", "away": "3", "compareCode": 2}, {"name": "First serve", "home": "37/44 (84%)", "away": "38/57 (67%)", "compareCode": 1}, {"name": "Second serve", "home": "6/7 (86%)", "away": "16/19 (84%)", "compareCode": 1}, {"name": "First serve points", "home": "32/37 (86%)", "away": "24/38 (63%)", "compareCode": 1}, {"name": "Second serve points", "home": "4/7 (57%)", "away": "8/19 (42%)", "compareCode": 2}, {"name": "Break points saved", "home": "0/0 (0%)", "away": "2/5 (40%)", "compareCode": 1}, {"name": "Service games played", "home": "9", "away": "9", "compareCode": 3}]}, {"groupName": "Return", "statisticsItems": [{"name": "First serve return points", "home": "14/38 (36%)", "away": "5/37 (13%)", "compareCode": 2}, {"name": "Second serve return points", "home": "11/19 (57%)", "away": "3/7 (42%)", "compareCode": 2}, {"name": "Break points converted", "home": "3", "away": "0", "compareCode": 1}, {"name": "Return games played", "home": "9", "away": "9", "compareCode": 3}]}, {"groupName": "Points", "statisticsItems": [{"name": "Service points won", "home": "36", "away": "32", "compareCode": 1}, {"name": "Receiver points won", "home": "25", "away": "8", "compareCode": 1}, {"name": "Total points won", "home": "61", "away": "40", "compareCode": 1}, {"name": "Max points in a row", "home": "6", "away": "4", "compareCode": 1}]}]}, {"period": "1ST", "groups": [{"groupName": "Service", "statisticsItems": [{"name": "Aces", "home": "0", "away": "1", "compareCode": 2}, {"name": "Double faults", "home": "0", "away": "1", "compareCode": 2}, {"name": "First serve", "home": "19/21 (90%)", "away": "21/30 (70%)", "compareCode": 1}, {"name": "Second serve", "home": "2/2 (100%)", "away": "8/9 (89%)", "compareCode": 1}, {"name": "First serve points", "home": "18/19 (95%)", "away": "14/21 (67%)", "compareCode": 1}, {"name": "Second serve points", "home": "2/2 (100%)", "away": "5/9 (56%)", "compareCode": 2}, {"name": "Break points saved", "home": "0/0 (0%)", "away": "0/1 (0%)", "compareCode": 1}, {"name": "Service games played", "home": "5", "away": "5", "compareCode": 3}]}, {"groupName": "Return", "statisticsItems": [{"name": "First serve return points", "home": "7/21 (33%)", "away": "1/19 (5%)", "compareCode": 2}, {"name": "Second serve return points", "home": "4/9 (44%)", "away": "0/2 (0%)", "compareCode": 2}, {"name": "Break points converted", "home": "1", "away": "0", "compareCode": 1}, {"name": "Return games played", "home": "5", "away": "5", "compareCode": 3}]}, {"groupName": "Points", "statisticsItems": [{"name": "Service points won", "home": "20", "away": "19", "compareCode": 1}, {"name": "Receiver points won", "home": "11", "away": "1", "compareCode": 1}, {"name": "Total points won", "home": "31", "away": "20", "compareCode": 1}, {"name": "Max points in a row", "home": "6", "away": "4", "compareCode": 1}]}]}, {"period": "2ND", "groups": [{"groupName": "Service", "statisticsItems": [{"name": "Aces", "home": "0", "away": "2", "compareCode": 2}, {"name": "Double faults", "home": "1", "away": "2", "compareCode": 2}, {"name": "First serve", "home": "18/23 (78%)", "away": "17/27 (63%)", "compareCode": 1}, {"name": "Second serve", "home": "4/5 (80%)", "away": "8/10 (80%)", "compareCode": 3}, {"name": "First serve points", "home": "14/18 (78%)", "away": "10/17 (59%)", "compareCode": 1}, {"name": "Second serve points", "home": "2/5 (40%)", "away": "3/10 (30%)", "compareCode": 2}, {"name": "Break points saved", "home": "0/0 (0%)", "away": "2/4 (50%)", "compareCode": 1}, {"name": "Service games played", "home": "4", "away": "4", "compareCode": 3}]}, {"groupName": "Return", "statisticsItems": [{"name": "First serve return points", "home": "7/17 (41%)", "away": "4/18 (22%)", "compareCode": 2}, {"name": "Second serve return points", "home": "7/10 (70%)", "away": "3/5 (60%)", "compareCode": 2}, {"name": "Break points converted", "home": "2", "away": "0", "compareCode": 1}, {"name": "Return games played", "home": "4", "away": "4", "compareCode": 3}]}, {"groupName": "Points", "statisticsItems": [{"name": "Service points won", "home": "16", "away": "13", "compareCode": 1}, {"name": "Receiver points won", "home": "14", "away": "7", "compareCode": 1}, {"name": "Total points won", "home": "30", "away": "20", "compareCode": 1}, {"name": "Max points in a row", "home": "6", "away": "4", "compareCode": 1}]}]}]}