{"statistics": [{"period": "ALL", "groups": [{"groupName": "Service", "statisticsItems": [{"name": "Aces", "home": "0", "away": "2", "compareCode": 2}, {"name": "Double faults", "home": "1", "away": "2", "compareCode": 2}, {"name": "First serve", "home": "28/46 (61%)", "away": "36/50 (72%)", "compareCode": 2}, {"name": "Second serve", "home": "17/18 (94%)", "away": "12/14 (86%)", "compareCode": 1}, {"name": "First serve points", "home": "15/28 (54%)", "away": "27/36 (75%)", "compareCode": 2}, {"name": "Second serve points", "home": "8/18 (44%)", "away": "7/14 (50%)", "compareCode": 1}, {"name": "Break points saved", "home": "1/5 (20%)", "away": "0/1 (0%)", "compareCode": 2}, {"name": "Service games played", "home": "8", "away": "9", "compareCode": 2}]}, {"groupName": "Return", "statisticsItems": [{"name": "First serve return points", "home": "9/36 (25%)", "away": "13/28 (46%)", "compareCode": 2}, {"name": "Second serve return points", "home": "7/14 (50%)", "away": "10/18 (55%)", "compareCode": 1}, {"name": "Break points converted", "home": "1", "away": "4", "compareCode": 2}, {"name": "Return games played", "home": "9", "away": "8", "compareCode": 2}]}, {"groupName": "Points", "statisticsItems": [{"name": "Service points won", "home": "23", "away": "34", "compareCode": 2}, {"name": "Receiver points won", "home": "16", "away": "23", "compareCode": 2}, {"name": "Total points won", "home": "39", "away": "57", "compareCode": 2}, {"name": "Max points in a row", "home": "4", "away": "7", "compareCode": 2}]}]}, {"period": "1ST", "groups": [{"groupName": "Service", "statisticsItems": [{"name": "Aces", "home": "0", "away": "0", "compareCode": 3}, {"name": "Double faults", "home": "0", "away": "1", "compareCode": 2}, {"name": "First serve", "home": "13/19 (68%)", "away": "21/27 (78%)", "compareCode": 2}, {"name": "Second serve", "home": "6/6 (100%)", "away": "5/6 (83%)", "compareCode": 1}, {"name": "First serve points", "home": "8/13 (62%)", "away": "17/21 (81%)", "compareCode": 2}, {"name": "Second serve points", "home": "4/6 (67%)", "away": "3/6 (50%)", "compareCode": 1}, {"name": "Break points saved", "home": "0/1 (0%)", "away": "0/0 (0%)", "compareCode": 2}, {"name": "Service games played", "home": "4", "away": "5", "compareCode": 2}]}, {"groupName": "Return", "statisticsItems": [{"name": "First serve return points", "home": "4/21 (19%)", "away": "5/13 (38%)", "compareCode": 2}, {"name": "Second serve return points", "home": "3/6 (50%)", "away": "2/6 (33%)", "compareCode": 3}, {"name": "Break points converted", "home": "0", "away": "1", "compareCode": 2}, {"name": "Return games played", "home": "5", "away": "4", "compareCode": 2}]}, {"groupName": "Points", "statisticsItems": [{"name": "Service points won", "home": "12", "away": "20", "compareCode": 2}, {"name": "Receiver points won", "home": "7", "away": "7", "compareCode": 3}, {"name": "Total points won", "home": "19", "away": "27", "compareCode": 2}, {"name": "Max points in a row", "home": "4", "away": "7", "compareCode": 2}]}]}, {"period": "2ND", "groups": [{"groupName": "Service", "statisticsItems": [{"name": "Aces", "home": "0", "away": "2", "compareCode": 2}, {"name": "Double faults", "home": "1", "away": "1", "compareCode": 3}, {"name": "First serve", "home": "15/27 (56%)", "away": "15/23 (65%)", "compareCode": 2}, {"name": "Second serve", "home": "11/12 (92%)", "away": "7/8 (88%)", "compareCode": 1}, {"name": "First serve points", "home": "7/15 (47%)", "away": "10/15 (67%)", "compareCode": 2}, {"name": "Second serve points", "home": "4/12 (33%)", "away": "4/8 (50%)", "compareCode": 3}, {"name": "Break points saved", "home": "1/4 (25%)", "away": "0/1 (0%)", "compareCode": 2}, {"name": "Service games played", "home": "4", "away": "4", "compareCode": 3}]}, {"groupName": "Return", "statisticsItems": [{"name": "First serve return points", "home": "5/15 (33%)", "away": "8/15 (53%)", "compareCode": 1}, {"name": "Second serve return points", "home": "4/8 (50%)", "away": "8/12 (66%)", "compareCode": 1}, {"name": "Break points converted", "home": "1", "away": "3", "compareCode": 2}, {"name": "Return games played", "home": "4", "away": "4", "compareCode": 3}]}, {"groupName": "Points", "statisticsItems": [{"name": "Service points won", "home": "11", "away": "14", "compareCode": 2}, {"name": "Receiver points won", "home": "9", "away": "16", "compareCode": 2}, {"name": "Total points won", "home": "20", "away": "30", "compareCode": 2}, {"name": "Max points in a row", "home": "3", "away": "4", "compareCode": 2}]}]}]}