{"statistics": [{"period": "ALL", "groups": [{"groupName": "Service", "statisticsItems": [{"name": "Aces", "home": "0", "away": "2", "compareCode": 2}, {"name": "Double faults", "home": "3", "away": "4", "compareCode": 2}, {"name": "First serve", "home": "50/60 (83%)", "away": "35/72 (49%)", "compareCode": 1}, {"name": "Second serve", "home": "7/10 (70%)", "away": "33/37 (89%)", "compareCode": 2}, {"name": "First serve points", "home": "30/50 (60%)", "away": "23/35 (66%)", "compareCode": 1}, {"name": "Second serve points", "home": "5/10 (50%)", "away": "8/37 (22%)", "compareCode": 2}, {"name": "Break points saved", "home": "2/6 (33%)", "away": "6/13 (46%)", "compareCode": 1}, {"name": "Service games played", "home": "10", "away": "11", "compareCode": 2}]}, {"groupName": "Return", "statisticsItems": [{"name": "First serve return points", "home": "12/35 (34%)", "away": "20/50 (40%)", "compareCode": 2}, {"name": "Second serve return points", "home": "29/37 (78%)", "away": "5/10 (50%)", "compareCode": 2}, {"name": "Break points converted", "home": "7", "away": "4", "compareCode": 1}, {"name": "Return games played", "home": "11", "away": "10", "compareCode": 2}]}, {"groupName": "Points", "statisticsItems": [{"name": "Service points won", "home": "35", "away": "31", "compareCode": 1}, {"name": "Receiver points won", "home": "41", "away": "25", "compareCode": 1}, {"name": "Total points won", "home": "76", "away": "56", "compareCode": 1}, {"name": "Max points in a row", "home": "8", "away": "5", "compareCode": 1}]}]}, {"period": "1ST", "groups": [{"groupName": "Service", "statisticsItems": [{"name": "Aces", "home": "0", "away": "1", "compareCode": 2}, {"name": "Double faults", "home": "3", "away": "4", "compareCode": 2}, {"name": "First serve", "home": "35/40 (88%)", "away": "21/43 (49%)", "compareCode": 1}, {"name": "Second serve", "home": "2/5 (40%)", "away": "18/22 (82%)", "compareCode": 2}, {"name": "First serve points", "home": "19/35 (54%)", "away": "16/21 (76%)", "compareCode": 1}, {"name": "Second serve points", "home": "2/5 (40%)", "away": "3/22 (14%)", "compareCode": 2}, {"name": "Break points saved", "home": "2/5 (40%)", "away": "4/8 (50%)", "compareCode": 1}, {"name": "Service games played", "home": "6", "away": "6", "compareCode": 3}]}, {"groupName": "Return", "statisticsItems": [{"name": "First serve return points", "home": "5/21 (23%)", "away": "16/35 (45%)", "compareCode": 2}, {"name": "Second serve return points", "home": "19/22 (86%)", "away": "3/5 (60%)", "compareCode": 2}, {"name": "Break points converted", "home": "4", "away": "3", "compareCode": 1}, {"name": "Return games played", "home": "6", "away": "6", "compareCode": 3}]}, {"groupName": "Points", "statisticsItems": [{"name": "Service points won", "home": "21", "away": "19", "compareCode": 1}, {"name": "Receiver points won", "home": "24", "away": "19", "compareCode": 1}, {"name": "Total points won", "home": "45", "away": "38", "compareCode": 1}, {"name": "Max points in a row", "home": "4", "away": "5", "compareCode": 2}]}]}, {"period": "2ND", "groups": [{"groupName": "Service", "statisticsItems": [{"name": "Aces", "home": "0", "away": "1", "compareCode": 2}, {"name": "Double faults", "home": "0", "away": "0", "compareCode": 3}, {"name": "First serve", "home": "15/20 (75%)", "away": "14/29 (48%)", "compareCode": 1}, {"name": "Second serve", "home": "5/5 (100%)", "away": "15/15 (100%)", "compareCode": 3}, {"name": "First serve points", "home": "11/15 (73%)", "away": "7/14 (50%)", "compareCode": 1}, {"name": "Second serve points", "home": "3/5 (60%)", "away": "5/15 (33%)", "compareCode": 2}, {"name": "Break points saved", "home": "0/1 (0%)", "away": "2/5 (40%)", "compareCode": 1}, {"name": "Service games played", "home": "4", "away": "5", "compareCode": 2}]}, {"groupName": "Return", "statisticsItems": [{"name": "First serve return points", "home": "7/14 (50%)", "away": "4/15 (26%)", "compareCode": 2}, {"name": "Second serve return points", "home": "10/15 (66%)", "away": "2/5 (40%)", "compareCode": 2}, {"name": "Break points converted", "home": "3", "away": "1", "compareCode": 1}, {"name": "Return games played", "home": "5", "away": "4", "compareCode": 2}]}, {"groupName": "Points", "statisticsItems": [{"name": "Service points won", "home": "14", "away": "12", "compareCode": 1}, {"name": "Receiver points won", "home": "17", "away": "6", "compareCode": 1}, {"name": "Total points won", "home": "31", "away": "18", "compareCode": 1}, {"name": "Max points in a row", "home": "8", "away": "5", "compareCode": 1}]}]}]}