{"statistics": [{"period": "ALL", "groups": [{"groupName": "Service", "statisticsItems": [{"name": "Aces", "home": "0", "away": "0", "compareCode": 3}, {"name": "Double faults", "home": "1", "away": "0", "compareCode": 1}, {"name": "First serve", "home": "51/58 (88%)", "away": "43/50 (86%)", "compareCode": 1}, {"name": "Second serve", "home": "6/7 (86%)", "away": "7/7 (100%)", "compareCode": 2}, {"name": "First serve points", "home": "23/51 (45%)", "away": "30/43 (70%)", "compareCode": 2}, {"name": "Second serve points", "home": "3/7 (43%)", "away": "3/7 (43%)", "compareCode": 3}, {"name": "Break points saved", "home": "8/13 (61%)", "away": "3/4 (75%)", "compareCode": 2}, {"name": "Service games played", "home": "7", "away": "8", "compareCode": 2}]}, {"groupName": "Return", "statisticsItems": [{"name": "First serve return points", "home": "13/43 (30%)", "away": "28/51 (54%)", "compareCode": 1}, {"name": "Second serve return points", "home": "4/7 (57%)", "away": "4/7 (57%)", "compareCode": 3}, {"name": "Break points converted", "home": "1", "away": "5", "compareCode": 2}, {"name": "Return games played", "home": "8", "away": "7", "compareCode": 2}]}, {"groupName": "Points", "statisticsItems": [{"name": "Service points won", "home": "26", "away": "33", "compareCode": 2}, {"name": "Receiver points won", "home": "17", "away": "32", "compareCode": 2}, {"name": "Total points won", "home": "43", "away": "65", "compareCode": 2}, {"name": "Max points in a row", "home": "4", "away": "6", "compareCode": 2}]}]}, {"period": "1ST", "groups": [{"groupName": "Service", "statisticsItems": [{"name": "Aces", "home": "0", "away": "0", "compareCode": 3}, {"name": "Double faults", "home": "1", "away": "0", "compareCode": 1}, {"name": "First serve", "home": "31/35 (89%)", "away": "23/28 (82%)", "compareCode": 1}, {"name": "Second serve", "home": "3/4 (75%)", "away": "5/5 (100%)", "compareCode": 2}, {"name": "First serve points", "home": "13/31 (42%)", "away": "14/23 (61%)", "compareCode": 2}, {"name": "Second serve points", "home": "2/4 (50%)", "away": "3/5 (60%)", "compareCode": 2}, {"name": "Break points saved", "home": "7/10 (70%)", "away": "3/4 (75%)", "compareCode": 2}, {"name": "Service games played", "home": "4", "away": "4", "compareCode": 3}]}, {"groupName": "Return", "statisticsItems": [{"name": "First serve return points", "home": "9/23 (39%)", "away": "18/31 (58%)", "compareCode": 1}, {"name": "Second serve return points", "home": "2/5 (40%)", "away": "2/4 (50%)", "compareCode": 2}, {"name": "Break points converted", "home": "1", "away": "3", "compareCode": 2}, {"name": "Return games played", "home": "4", "away": "4", "compareCode": 3}]}, {"groupName": "Points", "statisticsItems": [{"name": "Service points won", "home": "15", "away": "17", "compareCode": 2}, {"name": "Receiver points won", "home": "11", "away": "20", "compareCode": 2}, {"name": "Total points won", "home": "26", "away": "37", "compareCode": 2}, {"name": "Max points in a row", "home": "4", "away": "6", "compareCode": 2}]}]}, {"period": "2ND", "groups": [{"groupName": "Service", "statisticsItems": [{"name": "Aces", "home": "0", "away": "0", "compareCode": 3}, {"name": "Double faults", "home": "0", "away": "0", "compareCode": 3}, {"name": "First serve", "home": "20/23 (87%)", "away": "20/22 (91%)", "compareCode": 2}, {"name": "Second serve", "home": "3/3 (100%)", "away": "2/2 (100%)", "compareCode": 3}, {"name": "First serve points", "home": "10/20 (50%)", "away": "16/20 (80%)", "compareCode": 2}, {"name": "Second serve points", "home": "1/3 (33%)", "away": "0/2 (0%)", "compareCode": 1}, {"name": "Break points saved", "home": "1/3 (33%)", "away": "0/0 (0%)", "compareCode": 2}, {"name": "Service games played", "home": "3", "away": "4", "compareCode": 2}]}, {"groupName": "Return", "statisticsItems": [{"name": "First serve return points", "home": "4/20 (20%)", "away": "10/20 (50%)", "compareCode": 1}, {"name": "Second serve return points", "home": "2/2 (100%)", "away": "2/3 (66%)", "compareCode": 1}, {"name": "Break points converted", "home": "0", "away": "2", "compareCode": 2}, {"name": "Return games played", "home": "4", "away": "3", "compareCode": 2}]}, {"groupName": "Points", "statisticsItems": [{"name": "Service points won", "home": "11", "away": "16", "compareCode": 2}, {"name": "Receiver points won", "home": "6", "away": "12", "compareCode": 2}, {"name": "Total points won", "home": "17", "away": "28", "compareCode": 2}, {"name": "Max points in a row", "home": "3", "away": "5", "compareCode": 2}]}]}]}