{"statistics": [{"period": "ALL", "groups": [{"groupName": "Service", "statisticsItems": [{"name": "Aces", "home": "1", "away": "2", "compareCode": 2}, {"name": "Double faults", "home": "0", "away": "1", "compareCode": 2}, {"name": "First serve", "home": "31/52 (60%)", "away": "45/68 (66%)", "compareCode": 2}, {"name": "Second serve", "home": "21/21 (100%)", "away": "22/23 (96%)", "compareCode": 1}, {"name": "First serve points", "home": "21/31 (68%)", "away": "22/45 (49%)", "compareCode": 2}, {"name": "Second serve points", "home": "13/21 (62%)", "away": "13/23 (57%)", "compareCode": 3}, {"name": "Break points saved", "home": "2/4 (50%)", "away": "8/13 (61%)", "compareCode": 1}, {"name": "Service games played", "home": "9", "away": "10", "compareCode": 2}]}, {"groupName": "Return", "statisticsItems": [{"name": "First serve return points", "home": "23/45 (51%)", "away": "10/31 (32%)", "compareCode": 2}, {"name": "Second serve return points", "home": "10/23 (43%)", "away": "8/21 (38%)", "compareCode": 2}, {"name": "Break points converted", "home": "5", "away": "2", "compareCode": 1}, {"name": "Return games played", "home": "10", "away": "9", "compareCode": 2}]}, {"groupName": "Points", "statisticsItems": [{"name": "Service points won", "home": "34", "away": "35", "compareCode": 2}, {"name": "Receiver points won", "home": "33", "away": "18", "compareCode": 1}, {"name": "Total points won", "home": "67", "away": "53", "compareCode": 1}, {"name": "Max points in a row", "home": "7", "away": "7", "compareCode": 3}]}]}, {"period": "1ST", "groups": [{"groupName": "Service", "statisticsItems": [{"name": "Aces", "home": "0", "away": "0", "compareCode": 3}, {"name": "Double faults", "home": "0", "away": "0", "compareCode": 3}, {"name": "First serve", "home": "15/22 (68%)", "away": "28/36 (78%)", "compareCode": 2}, {"name": "Second serve", "home": "7/7 (100%)", "away": "8/8 (100%)", "compareCode": 3}, {"name": "First serve points", "home": "10/15 (67%)", "away": "14/28 (50%)", "compareCode": 2}, {"name": "Second serve points", "home": "4/7 (57%)", "away": "4/8 (50%)", "compareCode": 3}, {"name": "Break points saved", "home": "2/3 (66%)", "away": "3/6 (50%)", "compareCode": 1}, {"name": "Service games played", "home": "4", "away": "5", "compareCode": 2}]}, {"groupName": "Return", "statisticsItems": [{"name": "First serve return points", "home": "14/28 (50%)", "away": "5/15 (33%)", "compareCode": 2}, {"name": "Second serve return points", "home": "4/8 (50%)", "away": "3/7 (42%)", "compareCode": 2}, {"name": "Break points converted", "home": "3", "away": "1", "compareCode": 1}, {"name": "Return games played", "home": "5", "away": "4", "compareCode": 2}]}, {"groupName": "Points", "statisticsItems": [{"name": "Service points won", "home": "14", "away": "18", "compareCode": 2}, {"name": "Receiver points won", "home": "18", "away": "8", "compareCode": 1}, {"name": "Total points won", "home": "32", "away": "26", "compareCode": 1}, {"name": "Max points in a row", "home": "6", "away": "7", "compareCode": 2}]}]}, {"period": "2ND", "groups": [{"groupName": "Service", "statisticsItems": [{"name": "Aces", "home": "1", "away": "2", "compareCode": 2}, {"name": "Double faults", "home": "0", "away": "1", "compareCode": 2}, {"name": "First serve", "home": "16/30 (53%)", "away": "17/32 (53%)", "compareCode": 3}, {"name": "Second serve", "home": "14/14 (100%)", "away": "14/15 (93%)", "compareCode": 1}, {"name": "First serve points", "home": "11/16 (69%)", "away": "8/17 (47%)", "compareCode": 1}, {"name": "Second serve points", "home": "9/14 (64%)", "away": "9/15 (60%)", "compareCode": 3}, {"name": "Break points saved", "home": "0/1 (0%)", "away": "5/7 (71%)", "compareCode": 1}, {"name": "Service games played", "home": "5", "away": "5", "compareCode": 3}]}, {"groupName": "Return", "statisticsItems": [{"name": "First serve return points", "home": "9/17 (52%)", "away": "5/16 (31%)", "compareCode": 2}, {"name": "Second serve return points", "home": "6/15 (40%)", "away": "5/14 (35%)", "compareCode": 2}, {"name": "Break points converted", "home": "2", "away": "1", "compareCode": 1}, {"name": "Return games played", "home": "5", "away": "5", "compareCode": 3}]}, {"groupName": "Points", "statisticsItems": [{"name": "Service points won", "home": "20", "away": "17", "compareCode": 1}, {"name": "Receiver points won", "home": "15", "away": "10", "compareCode": 1}, {"name": "Total points won", "home": "35", "away": "27", "compareCode": 1}, {"name": "Max points in a row", "home": "7", "away": "4", "compareCode": 1}]}]}]}