{"statistics": [{"period": "ALL", "groups": [{"groupName": "Service", "statisticsItems": [{"name": "Aces", "home": "2", "away": "0", "compareCode": 1}, {"name": "Double faults", "home": "17", "away": "0", "compareCode": 1}, {"name": "First serve", "home": "35/71 (49%)", "away": "50/73 (68%)", "compareCode": 2}, {"name": "Second serve", "home": "19/36 (53%)", "away": "23/23 (100%)", "compareCode": 2}, {"name": "First serve points", "home": "17/35 (49%)", "away": "23/50 (46%)", "compareCode": 2}, {"name": "Second serve points", "home": "11/36 (31%)", "away": "10/23 (43%)", "compareCode": 1}, {"name": "Break points saved", "home": "2/9 (22%)", "away": "8/14 (57%)", "compareCode": 1}, {"name": "Service games played", "home": "10", "away": "10", "compareCode": 3}]}, {"groupName": "Return", "statisticsItems": [{"name": "First serve return points", "home": "27/50 (54%)", "away": "18/35 (51%)", "compareCode": 2}, {"name": "Second serve return points", "home": "13/23 (56%)", "away": "25/36 (69%)", "compareCode": 1}, {"name": "Break points converted", "home": "6", "away": "7", "compareCode": 2}, {"name": "Return games played", "home": "10", "away": "10", "compareCode": 3}]}, {"groupName": "Points", "statisticsItems": [{"name": "Service points won", "home": "28", "away": "33", "compareCode": 2}, {"name": "Receiver points won", "home": "40", "away": "43", "compareCode": 2}, {"name": "Total points won", "home": "68", "away": "76", "compareCode": 2}, {"name": "Max points in a row", "home": "5", "away": "6", "compareCode": 2}]}]}, {"period": "1ST", "groups": [{"groupName": "Service", "statisticsItems": [{"name": "Aces", "home": "2", "away": "0", "compareCode": 1}, {"name": "Double faults", "home": "10", "away": "0", "compareCode": 1}, {"name": "First serve", "home": "17/39 (44%)", "away": "25/37 (68%)", "compareCode": 2}, {"name": "Second serve", "home": "12/22 (55%)", "away": "12/12 (100%)", "compareCode": 2}, {"name": "First serve points", "home": "10/17 (59%)", "away": "12/25 (48%)", "compareCode": 2}, {"name": "Second serve points", "home": "9/22 (41%)", "away": "4/12 (33%)", "compareCode": 1}, {"name": "Break points saved", "home": "2/5 (40%)", "away": "8/12 (66%)", "compareCode": 1}, {"name": "Service games played", "home": "6", "away": "6", "compareCode": 3}]}, {"groupName": "Return", "statisticsItems": [{"name": "First serve return points", "home": "13/25 (52%)", "away": "7/17 (41%)", "compareCode": 1}, {"name": "Second serve return points", "home": "8/12 (66%)", "away": "13/22 (59%)", "compareCode": 1}, {"name": "Break points converted", "home": "4", "away": "3", "compareCode": 1}, {"name": "Return games played", "home": "6", "away": "6", "compareCode": 3}]}, {"groupName": "Points", "statisticsItems": [{"name": "Service points won", "home": "19", "away": "16", "compareCode": 1}, {"name": "Receiver points won", "home": "21", "away": "20", "compareCode": 1}, {"name": "Total points won", "home": "40", "away": "36", "compareCode": 1}, {"name": "Max points in a row", "home": "5", "away": "3", "compareCode": 1}]}]}, {"period": "2ND", "groups": [{"groupName": "Service", "statisticsItems": [{"name": "Aces", "home": "0", "away": "0", "compareCode": 3}, {"name": "Double faults", "home": "6", "away": "0", "compareCode": 1}, {"name": "First serve", "home": "13/23 (57%)", "away": "19/27 (70%)", "compareCode": 2}, {"name": "Second serve", "home": "4/10 (40%)", "away": "8/8 (100%)", "compareCode": 2}, {"name": "First serve points", "home": "5/13 (38%)", "away": "9/19 (47%)", "compareCode": 2}, {"name": "Second serve points", "home": "1/10 (10%)", "away": "4/8 (50%)", "compareCode": 2}, {"name": "Break points saved", "home": "0/4 (0%)", "away": "0/2 (0%)", "compareCode": 2}, {"name": "Service games played", "home": "4", "away": "4", "compareCode": 3}]}, {"groupName": "Return", "statisticsItems": [{"name": "First serve return points", "home": "10/19 (52%)", "away": "8/13 (61%)", "compareCode": 2}, {"name": "Second serve return points", "home": "4/8 (50%)", "away": "9/10 (90%)", "compareCode": 1}, {"name": "Break points converted", "home": "2", "away": "4", "compareCode": 2}, {"name": "Return games played", "home": "4", "away": "4", "compareCode": 3}]}, {"groupName": "Points", "statisticsItems": [{"name": "Service points won", "home": "6", "away": "13", "compareCode": 2}, {"name": "Receiver points won", "home": "14", "away": "17", "compareCode": 2}, {"name": "Total points won", "home": "20", "away": "30", "compareCode": 2}, {"name": "Max points in a row", "home": "2", "away": "6", "compareCode": 2}]}]}, {"period": "3RD", "groups": [{"groupName": "Service", "statisticsItems": [{"name": "Aces", "home": "0", "away": "0", "compareCode": 3}, {"name": "Double faults", "home": "1", "away": "0", "compareCode": 1}, {"name": "First serve", "home": "5/9 (56%)", "away": "6/9 (67%)", "compareCode": 2}, {"name": "Second serve", "home": "3/4 (75%)", "away": "3/3 (100%)", "compareCode": 2}, {"name": "First serve points", "home": "2/5 (40%)", "away": "2/6 (33%)", "compareCode": 3}, {"name": "Second serve points", "home": "1/4 (25%)", "away": "2/3 (67%)", "compareCode": 2}, {"name": "Break points saved", "home": "0/0 (0%)", "away": "0/0 (0%)", "compareCode": 3}, {"name": "Service games played", "home": "0", "away": "0", "compareCode": 3}]}, {"groupName": "Return", "statisticsItems": [{"name": "First serve return points", "home": "4/6 (66%)", "away": "3/5 (60%)", "compareCode": 3}, {"name": "Second serve return points", "home": "1/3 (33%)", "away": "3/4 (75%)", "compareCode": 1}, {"name": "Break points converted", "home": "0", "away": "0", "compareCode": 3}, {"name": "Return games played", "home": "0", "away": "0", "compareCode": 3}]}, {"groupName": "Points", "statisticsItems": [{"name": "Service points won", "home": "3", "away": "4", "compareCode": 2}, {"name": "Receiver points won", "home": "5", "away": "6", "compareCode": 2}, {"name": "Total points won", "home": "8", "away": "10", "compareCode": 2}, {"name": "Max points in a row", "home": "3", "away": "2", "compareCode": 1}]}]}]}