{"statistics": [{"period": "ALL", "groups": [{"groupName": "Service", "statisticsItems": [{"name": "Aces", "home": "1", "away": "1", "compareCode": 3}, {"name": "Double faults", "home": "0", "away": "4", "compareCode": 2}, {"name": "First serve", "home": "27/35 (77%)", "away": "26/43 (60%)", "compareCode": 1}, {"name": "Second serve", "home": "8/8 (100%)", "away": "13/17 (76%)", "compareCode": 1}, {"name": "First serve points", "home": "22/27 (81%)", "away": "13/26 (50%)", "compareCode": 1}, {"name": "Second serve points", "home": "5/8 (63%)", "away": "3/17 (18%)", "compareCode": 1}, {"name": "Break points saved", "home": "3/3 (100%)", "away": "3/9 (33%)", "compareCode": 1}, {"name": "Service games played", "home": "6", "away": "7", "compareCode": 2}]}, {"groupName": "Return", "statisticsItems": [{"name": "First serve return points", "home": "13/26 (50%)", "away": "5/27 (18%)", "compareCode": 2}, {"name": "Second serve return points", "home": "14/17 (82%)", "away": "3/8 (37%)", "compareCode": 2}, {"name": "Break points converted", "home": "6", "away": "0", "compareCode": 1}, {"name": "Return games played", "home": "7", "away": "6", "compareCode": 2}]}, {"groupName": "Points", "statisticsItems": [{"name": "Service points won", "home": "27", "away": "16", "compareCode": 1}, {"name": "Receiver points won", "home": "27", "away": "8", "compareCode": 1}, {"name": "Total points won", "home": "54", "away": "24", "compareCode": 1}, {"name": "Max points in a row", "home": "7", "away": "4", "compareCode": 1}]}]}, {"period": "1ST", "groups": [{"groupName": "Service", "statisticsItems": [{"name": "Aces", "home": "0", "away": "0", "compareCode": 3}, {"name": "Double faults", "home": "0", "away": "2", "compareCode": 2}, {"name": "First serve", "home": "9/13 (69%)", "away": "8/18 (44%)", "compareCode": 1}, {"name": "Second serve", "home": "4/4 (100%)", "away": "8/10 (80%)", "compareCode": 1}, {"name": "First serve points", "home": "8/9 (89%)", "away": "4/8 (50%)", "compareCode": 1}, {"name": "Second serve points", "home": "4/4 (100%)", "away": "1/10 (10%)", "compareCode": 1}, {"name": "Break points saved", "home": "0/0 (0%)", "away": "2/5 (40%)", "compareCode": 1}, {"name": "Service games played", "home": "3", "away": "3", "compareCode": 3}]}, {"groupName": "Return", "statisticsItems": [{"name": "First serve return points", "home": "4/8 (50%)", "away": "1/9 (11%)", "compareCode": 2}, {"name": "Second serve return points", "home": "9/10 (90%)", "away": "0/4 (0%)", "compareCode": 2}, {"name": "Break points converted", "home": "3", "away": "0", "compareCode": 1}, {"name": "Return games played", "home": "3", "away": "3", "compareCode": 3}]}, {"groupName": "Points", "statisticsItems": [{"name": "Service points won", "home": "12", "away": "5", "compareCode": 1}, {"name": "Receiver points won", "home": "13", "away": "1", "compareCode": 1}, {"name": "Total points won", "home": "25", "away": "6", "compareCode": 1}, {"name": "Max points in a row", "home": "7", "away": "2", "compareCode": 1}]}]}, {"period": "2ND", "groups": [{"groupName": "Service", "statisticsItems": [{"name": "Aces", "home": "1", "away": "1", "compareCode": 3}, {"name": "Double faults", "home": "0", "away": "2", "compareCode": 2}, {"name": "First serve", "home": "18/22 (82%)", "away": "18/25 (72%)", "compareCode": 1}, {"name": "Second serve", "home": "4/4 (100%)", "away": "5/7 (71%)", "compareCode": 1}, {"name": "First serve points", "home": "14/18 (78%)", "away": "9/18 (50%)", "compareCode": 1}, {"name": "Second serve points", "home": "1/4 (25%)", "away": "2/7 (29%)", "compareCode": 2}, {"name": "Break points saved", "home": "3/3 (100%)", "away": "1/4 (25%)", "compareCode": 1}, {"name": "Service games played", "home": "3", "away": "4", "compareCode": 2}]}, {"groupName": "Return", "statisticsItems": [{"name": "First serve return points", "home": "9/18 (50%)", "away": "4/18 (22%)", "compareCode": 2}, {"name": "Second serve return points", "home": "5/7 (71%)", "away": "3/4 (75%)", "compareCode": 2}, {"name": "Break points converted", "home": "3", "away": "0", "compareCode": 1}, {"name": "Return games played", "home": "4", "away": "3", "compareCode": 2}]}, {"groupName": "Points", "statisticsItems": [{"name": "Service points won", "home": "15", "away": "11", "compareCode": 1}, {"name": "Receiver points won", "home": "14", "away": "7", "compareCode": 1}, {"name": "Total points won", "home": "29", "away": "18", "compareCode": 1}, {"name": "Max points in a row", "home": "5", "away": "4", "compareCode": 1}]}]}]}