{"statistics": [{"period": "ALL", "groups": [{"groupName": "Service", "statisticsItems": [{"name": "Aces", "home": "1", "away": "0", "compareCode": 1}, {"name": "Double faults", "home": "1", "away": "1", "compareCode": 3}, {"name": "First serve", "home": "41/71 (58%)", "away": "59/72 (82%)", "compareCode": 2}, {"name": "Second serve", "home": "29/30 (97%)", "away": "12/13 (92%)", "compareCode": 1}, {"name": "First serve points", "home": "19/41 (46%)", "away": "29/59 (49%)", "compareCode": 2}, {"name": "Second serve points", "home": "14/30 (47%)", "away": "5/13 (38%)", "compareCode": 1}, {"name": "Break points saved", "home": "7/12 (58%)", "away": "6/11 (54%)", "compareCode": 2}, {"name": "Service games played", "home": "10", "away": "9", "compareCode": 1}]}, {"groupName": "Return", "statisticsItems": [{"name": "First serve return points", "home": "30/59 (50%)", "away": "22/41 (53%)", "compareCode": 2}, {"name": "Second serve return points", "home": "8/13 (61%)", "away": "16/30 (53%)", "compareCode": 1}, {"name": "Break points converted", "home": "5", "away": "5", "compareCode": 3}, {"name": "Return games played", "home": "9", "away": "10", "compareCode": 1}]}, {"groupName": "Points", "statisticsItems": [{"name": "Service points won", "home": "33", "away": "34", "compareCode": 2}, {"name": "Receiver points won", "home": "38", "away": "38", "compareCode": 3}, {"name": "Total points won", "home": "71", "away": "72", "compareCode": 2}, {"name": "Max points in a row", "home": "6", "away": "4", "compareCode": 1}]}]}, {"period": "1ST", "groups": [{"groupName": "Service", "statisticsItems": [{"name": "Aces", "home": "0", "away": "0", "compareCode": 3}, {"name": "Double faults", "home": "1", "away": "1", "compareCode": 3}, {"name": "First serve", "home": "12/29 (41%)", "away": "34/42 (81%)", "compareCode": 2}, {"name": "Second serve", "home": "16/17 (94%)", "away": "7/8 (88%)", "compareCode": 1}, {"name": "First serve points", "home": "6/12 (50%)", "away": "17/34 (50%)", "compareCode": 2}, {"name": "Second serve points", "home": "5/17 (29%)", "away": "2/8 (25%)", "compareCode": 1}, {"name": "Break points saved", "home": "3/7 (42%)", "away": "4/7 (57%)", "compareCode": 3}, {"name": "Service games played", "home": "5", "away": "5", "compareCode": 3}]}, {"groupName": "Return", "statisticsItems": [{"name": "First serve return points", "home": "17/34 (50%)", "away": "6/12 (50%)", "compareCode": 2}, {"name": "Second serve return points", "home": "6/8 (75%)", "away": "12/17 (70%)", "compareCode": 1}, {"name": "Break points converted", "home": "3", "away": "4", "compareCode": 2}, {"name": "Return games played", "home": "5", "away": "5", "compareCode": 3}]}, {"groupName": "Points", "statisticsItems": [{"name": "Service points won", "home": "11", "away": "19", "compareCode": 2}, {"name": "Receiver points won", "home": "23", "away": "18", "compareCode": 1}, {"name": "Total points won", "home": "34", "away": "37", "compareCode": 2}, {"name": "Max points in a row", "home": "4", "away": "4", "compareCode": 3}]}]}, {"period": "2ND", "groups": [{"groupName": "Service", "statisticsItems": [{"name": "Aces", "home": "1", "away": "0", "compareCode": 1}, {"name": "Double faults", "home": "0", "away": "0", "compareCode": 3}, {"name": "First serve", "home": "23/34 (68%)", "away": "18/23 (78%)", "compareCode": 2}, {"name": "Second serve", "home": "11/11 (100%)", "away": "5/5 (100%)", "compareCode": 3}, {"name": "First serve points", "home": "13/23 (57%)", "away": "9/18 (50%)", "compareCode": 1}, {"name": "Second serve points", "home": "8/11 (73%)", "away": "3/5 (60%)", "compareCode": 1}, {"name": "Break points saved", "home": "4/5 (80%)", "away": "2/4 (50%)", "compareCode": 2}, {"name": "Service games played", "home": "5", "away": "4", "compareCode": 1}]}, {"groupName": "Return", "statisticsItems": [{"name": "First serve return points", "home": "9/18 (50%)", "away": "10/23 (43%)", "compareCode": 1}, {"name": "Second serve return points", "home": "2/5 (40%)", "away": "3/11 (27%)", "compareCode": 1}, {"name": "Break points converted", "home": "2", "away": "1", "compareCode": 1}, {"name": "Return games played", "home": "4", "away": "5", "compareCode": 1}]}, {"groupName": "Points", "statisticsItems": [{"name": "Service points won", "home": "21", "away": "12", "compareCode": 1}, {"name": "Receiver points won", "home": "11", "away": "13", "compareCode": 2}, {"name": "Total points won", "home": "32", "away": "25", "compareCode": 1}, {"name": "Max points in a row", "home": "6", "away": "3", "compareCode": 1}]}]}, {"period": "3RD", "groups": [{"groupName": "Service", "statisticsItems": [{"name": "Aces", "home": "0", "away": "0", "compareCode": 3}, {"name": "Double faults", "home": "0", "away": "0", "compareCode": 3}, {"name": "First serve", "home": "6/8 (75%)", "away": "7/7 (100%)", "compareCode": 2}, {"name": "Second serve", "home": "2/2 (100%)", "away": "0/0 (0%)", "compareCode": 1}, {"name": "First serve points", "home": "0/6 (0%)", "away": "3/7 (43%)", "compareCode": 2}, {"name": "Second serve points", "home": "1/2 (50%)", "away": "0/0 (0%)", "compareCode": 1}, {"name": "Break points saved", "home": "0/0 (0%)", "away": "0/0 (0%)", "compareCode": 3}, {"name": "Service games played", "home": "0", "away": "0", "compareCode": 3}]}, {"groupName": "Return", "statisticsItems": [{"name": "First serve return points", "home": "4/7 (57%)", "away": "6/6 (100%)", "compareCode": 1}, {"name": "Second serve return points", "home": "0/0 (0%)", "away": "1/2 (50%)", "compareCode": 1}, {"name": "Break points converted", "home": "0", "away": "0", "compareCode": 3}, {"name": "Return games played", "home": "0", "away": "0", "compareCode": 3}]}, {"groupName": "Points", "statisticsItems": [{"name": "Service points won", "home": "1", "away": "3", "compareCode": 2}, {"name": "Receiver points won", "home": "4", "away": "7", "compareCode": 2}, {"name": "Total points won", "home": "5", "away": "10", "compareCode": 2}, {"name": "Max points in a row", "home": "1", "away": "3", "compareCode": 2}]}]}]}