{"statistics": [{"period": "ALL", "groups": [{"groupName": "Service", "statisticsItems": [{"name": "Aces", "home": "0", "away": "0", "compareCode": 3}, {"name": "Double faults", "home": "4", "away": "2", "compareCode": 1}, {"name": "First serve", "home": "21/33 (64%)", "away": "29/38 (76%)", "compareCode": 2}, {"name": "Second serve", "home": "8/12 (67%)", "away": "7/9 (78%)", "compareCode": 2}, {"name": "First serve points", "home": "6/21 (29%)", "away": "23/29 (79%)", "compareCode": 2}, {"name": "Second serve points", "home": "1/12 (8%)", "away": "5/9 (56%)", "compareCode": 2}, {"name": "Break points saved", "home": "1/7 (14%)", "away": "2/3 (66%)", "compareCode": 2}, {"name": "Service games played", "home": "7", "away": "7", "compareCode": 3}]}, {"groupName": "Return", "statisticsItems": [{"name": "First serve return points", "home": "6/29 (20%)", "away": "15/21 (71%)", "compareCode": 2}, {"name": "Second serve return points", "home": "4/9 (44%)", "away": "11/12 (91%)", "compareCode": 1}, {"name": "Break points converted", "home": "1", "away": "6", "compareCode": 2}, {"name": "Return games played", "home": "7", "away": "7", "compareCode": 3}]}, {"groupName": "Points", "statisticsItems": [{"name": "Service points won", "home": "7", "away": "28", "compareCode": 2}, {"name": "Receiver points won", "home": "10", "away": "26", "compareCode": 2}, {"name": "Total points won", "home": "17", "away": "54", "compareCode": 2}, {"name": "Max points in a row", "home": "3", "away": "22", "compareCode": 2}]}]}, {"period": "1ST", "groups": [{"groupName": "Service", "statisticsItems": [{"name": "Aces", "home": "0", "away": "0", "compareCode": 3}, {"name": "Double faults", "home": "2", "away": "1", "compareCode": 1}, {"name": "First serve", "home": "9/13 (69%)", "away": "9/13 (69%)", "compareCode": 3}, {"name": "Second serve", "home": "2/4 (50%)", "away": "3/4 (75%)", "compareCode": 2}, {"name": "First serve points", "home": "1/9 (11%)", "away": "9/9 (100%)", "compareCode": 2}, {"name": "Second serve points", "home": "0/4 (0%)", "away": "3/4 (75%)", "compareCode": 2}, {"name": "Break points saved", "home": "1/4 (25%)", "away": "0/0 (0%)", "compareCode": 2}, {"name": "Service games played", "home": "3", "away": "3", "compareCode": 3}]}, {"groupName": "Return", "statisticsItems": [{"name": "First serve return points", "home": "0/9 (0%)", "away": "8/9 (88%)", "compareCode": 3}, {"name": "Second serve return points", "home": "1/4 (25%)", "away": "4/4 (100%)", "compareCode": 3}, {"name": "Break points converted", "home": "0", "away": "3", "compareCode": 2}, {"name": "Return games played", "home": "3", "away": "3", "compareCode": 3}]}, {"groupName": "Points", "statisticsItems": [{"name": "Service points won", "home": "1", "away": "12", "compareCode": 2}, {"name": "Receiver points won", "home": "1", "away": "12", "compareCode": 2}, {"name": "Total points won", "home": "2", "away": "24", "compareCode": 2}, {"name": "Max points in a row", "home": "1", "away": "17", "compareCode": 2}]}]}, {"period": "2ND", "groups": [{"groupName": "Service", "statisticsItems": [{"name": "Aces", "home": "0", "away": "0", "compareCode": 3}, {"name": "Double faults", "home": "2", "away": "1", "compareCode": 1}, {"name": "First serve", "home": "12/20 (60%)", "away": "20/25 (80%)", "compareCode": 2}, {"name": "Second serve", "home": "6/8 (75%)", "away": "4/5 (80%)", "compareCode": 2}, {"name": "First serve points", "home": "5/12 (42%)", "away": "14/20 (70%)", "compareCode": 2}, {"name": "Second serve points", "home": "1/8 (13%)", "away": "2/5 (40%)", "compareCode": 2}, {"name": "Break points saved", "home": "0/3 (0%)", "away": "2/3 (66%)", "compareCode": 3}, {"name": "Service games played", "home": "4", "away": "4", "compareCode": 3}]}, {"groupName": "Return", "statisticsItems": [{"name": "First serve return points", "home": "6/20 (30%)", "away": "7/12 (58%)", "compareCode": 2}, {"name": "Second serve return points", "home": "3/5 (60%)", "away": "7/8 (87%)", "compareCode": 1}, {"name": "Break points converted", "home": "1", "away": "3", "compareCode": 2}, {"name": "Return games played", "home": "4", "away": "4", "compareCode": 3}]}, {"groupName": "Points", "statisticsItems": [{"name": "Service points won", "home": "6", "away": "16", "compareCode": 2}, {"name": "Receiver points won", "home": "9", "away": "14", "compareCode": 2}, {"name": "Total points won", "home": "15", "away": "30", "compareCode": 2}, {"name": "Max points in a row", "home": "3", "away": "5", "compareCode": 2}]}]}]}