{"statistics": [{"period": "ALL", "groups": [{"groupName": "Service", "statisticsItems": [{"name": "Aces", "home": "0", "away": "0", "compareCode": 3}, {"name": "Double faults", "home": "1", "away": "4", "compareCode": 2}, {"name": "First serve", "home": "45/53 (85%)", "away": "29/50 (58%)", "compareCode": 1}, {"name": "Second serve", "home": "7/8 (88%)", "away": "17/21 (81%)", "compareCode": 1}, {"name": "First serve points", "home": "26/45 (58%)", "away": "13/29 (45%)", "compareCode": 1}, {"name": "Second serve points", "home": "4/8 (50%)", "away": "6/21 (29%)", "compareCode": 2}, {"name": "Break points saved", "home": "6/9 (66%)", "away": "5/12 (41%)", "compareCode": 1}, {"name": "Service games played", "home": "8", "away": "9", "compareCode": 2}]}, {"groupName": "Return", "statisticsItems": [{"name": "First serve return points", "home": "16/29 (55%)", "away": "19/45 (42%)", "compareCode": 1}, {"name": "Second serve return points", "home": "15/21 (71%)", "away": "4/8 (50%)", "compareCode": 2}, {"name": "Break points converted", "home": "7", "away": "3", "compareCode": 1}, {"name": "Return games played", "home": "9", "away": "8", "compareCode": 2}]}, {"groupName": "Points", "statisticsItems": [{"name": "Service points won", "home": "30", "away": "19", "compareCode": 1}, {"name": "Receiver points won", "home": "31", "away": "23", "compareCode": 1}, {"name": "Total points won", "home": "61", "away": "42", "compareCode": 1}, {"name": "Max points in a row", "home": "7", "away": "4", "compareCode": 1}]}]}, {"period": "1ST", "groups": [{"groupName": "Service", "statisticsItems": [{"name": "Aces", "home": "0", "away": "0", "compareCode": 3}, {"name": "Double faults", "home": "1", "away": "2", "compareCode": 2}, {"name": "First serve", "home": "29/36 (81%)", "away": "16/29 (55%)", "compareCode": 1}, {"name": "Second serve", "home": "6/7 (86%)", "away": "11/13 (85%)", "compareCode": 1}, {"name": "First serve points", "home": "15/29 (52%)", "away": "9/16 (56%)", "compareCode": 1}, {"name": "Second serve points", "home": "4/7 (57%)", "away": "5/13 (38%)", "compareCode": 2}, {"name": "Break points saved", "home": "5/7 (71%)", "away": "2/5 (40%)", "compareCode": 2}, {"name": "Service games played", "home": "5", "away": "5", "compareCode": 3}]}, {"groupName": "Return", "statisticsItems": [{"name": "First serve return points", "home": "7/16 (43%)", "away": "14/29 (48%)", "compareCode": 1}, {"name": "Second serve return points", "home": "8/13 (61%)", "away": "3/7 (42%)", "compareCode": 2}, {"name": "Break points converted", "home": "3", "away": "2", "compareCode": 1}, {"name": "Return games played", "home": "5", "away": "5", "compareCode": 3}]}, {"groupName": "Points", "statisticsItems": [{"name": "Service points won", "home": "19", "away": "14", "compareCode": 1}, {"name": "Receiver points won", "home": "15", "away": "17", "compareCode": 2}, {"name": "Total points won", "home": "34", "away": "31", "compareCode": 1}, {"name": "Max points in a row", "home": "4", "away": "4", "compareCode": 3}]}]}, {"period": "2ND", "groups": [{"groupName": "Service", "statisticsItems": [{"name": "Aces", "home": "0", "away": "0", "compareCode": 3}, {"name": "Double faults", "home": "0", "away": "2", "compareCode": 2}, {"name": "First serve", "home": "16/17 (94%)", "away": "13/21 (62%)", "compareCode": 1}, {"name": "Second serve", "home": "1/1 (100%)", "away": "6/8 (75%)", "compareCode": 1}, {"name": "First serve points", "home": "11/16 (69%)", "away": "4/13 (31%)", "compareCode": 1}, {"name": "Second serve points", "home": "0/1 (0%)", "away": "1/8 (13%)", "compareCode": 2}, {"name": "Break points saved", "home": "1/2 (50%)", "away": "3/7 (42%)", "compareCode": 1}, {"name": "Service games played", "home": "3", "away": "4", "compareCode": 2}]}, {"groupName": "Return", "statisticsItems": [{"name": "First serve return points", "home": "9/13 (69%)", "away": "5/16 (31%)", "compareCode": 2}, {"name": "Second serve return points", "home": "7/8 (87%)", "away": "1/1 (100%)", "compareCode": 2}, {"name": "Break points converted", "home": "4", "away": "1", "compareCode": 1}, {"name": "Return games played", "home": "4", "away": "3", "compareCode": 2}]}, {"groupName": "Points", "statisticsItems": [{"name": "Service points won", "home": "11", "away": "5", "compareCode": 1}, {"name": "Receiver points won", "home": "16", "away": "6", "compareCode": 1}, {"name": "Total points won", "home": "27", "away": "11", "compareCode": 1}, {"name": "Max points in a row", "home": "7", "away": "2", "compareCode": 1}]}]}]}