{"statistics": [{"period": "ALL", "groups": [{"groupName": "Service", "statisticsItems": [{"name": "Aces", "home": "3", "away": "2", "compareCode": 1}, {"name": "Double faults", "home": "3", "away": "0", "compareCode": 1}, {"name": "First serve", "home": "41/52 (79%)", "away": "40/56 (71%)", "compareCode": 1}, {"name": "Second serve", "home": "8/11 (73%)", "away": "16/16 (100%)", "compareCode": 2}, {"name": "First serve points", "home": "23/41 (56%)", "away": "27/40 (68%)", "compareCode": 2}, {"name": "Second serve points", "home": "5/11 (45%)", "away": "10/16 (63%)", "compareCode": 2}, {"name": "Break points saved", "home": "2/6 (33%)", "away": "0/2 (0%)", "compareCode": 2}, {"name": "Service games played", "home": "9", "away": "10", "compareCode": 2}]}, {"groupName": "Return", "statisticsItems": [{"name": "First serve return points", "home": "13/40 (32%)", "away": "18/41 (43%)", "compareCode": 2}, {"name": "Second serve return points", "home": "6/16 (37%)", "away": "6/11 (54%)", "compareCode": 2}, {"name": "Break points converted", "home": "2", "away": "4", "compareCode": 2}, {"name": "Return games played", "home": "10", "away": "9", "compareCode": 2}]}, {"groupName": "Points", "statisticsItems": [{"name": "Service points won", "home": "28", "away": "37", "compareCode": 2}, {"name": "Receiver points won", "home": "19", "away": "24", "compareCode": 2}, {"name": "Total points won", "home": "47", "away": "61", "compareCode": 2}, {"name": "Max points in a row", "home": "6", "away": "9", "compareCode": 2}]}]}, {"period": "1ST", "groups": [{"groupName": "Service", "statisticsItems": [{"name": "Aces", "home": "1", "away": "1", "compareCode": 3}, {"name": "Double faults", "home": "2", "away": "0", "compareCode": 1}, {"name": "First serve", "home": "19/26 (73%)", "away": "23/30 (77%)", "compareCode": 2}, {"name": "Second serve", "home": "5/7 (71%)", "away": "7/7 (100%)", "compareCode": 2}, {"name": "First serve points", "home": "10/19 (53%)", "away": "14/23 (61%)", "compareCode": 2}, {"name": "Second serve points", "home": "2/7 (29%)", "away": "5/7 (71%)", "compareCode": 2}, {"name": "Break points saved", "home": "1/3 (33%)", "away": "0/1 (0%)", "compareCode": 2}, {"name": "Service games played", "home": "4", "away": "5", "compareCode": 2}]}, {"groupName": "Return", "statisticsItems": [{"name": "First serve return points", "home": "9/23 (39%)", "away": "9/19 (47%)", "compareCode": 2}, {"name": "Second serve return points", "home": "2/7 (28%)", "away": "5/7 (71%)", "compareCode": 3}, {"name": "Break points converted", "home": "1", "away": "2", "compareCode": 2}, {"name": "Return games played", "home": "5", "away": "4", "compareCode": 2}]}, {"groupName": "Points", "statisticsItems": [{"name": "Service points won", "home": "12", "away": "19", "compareCode": 2}, {"name": "Receiver points won", "home": "11", "away": "14", "compareCode": 2}, {"name": "Total points won", "home": "23", "away": "33", "compareCode": 2}, {"name": "Max points in a row", "home": "6", "away": "9", "compareCode": 2}]}]}, {"period": "2ND", "groups": [{"groupName": "Service", "statisticsItems": [{"name": "Aces", "home": "2", "away": "1", "compareCode": 1}, {"name": "Double faults", "home": "1", "away": "0", "compareCode": 1}, {"name": "First serve", "home": "22/26 (85%)", "away": "17/26 (65%)", "compareCode": 1}, {"name": "Second serve", "home": "3/4 (75%)", "away": "9/9 (100%)", "compareCode": 2}, {"name": "First serve points", "home": "13/22 (59%)", "away": "13/17 (76%)", "compareCode": 3}, {"name": "Second serve points", "home": "3/4 (75%)", "away": "5/9 (56%)", "compareCode": 2}, {"name": "Break points saved", "home": "1/3 (33%)", "away": "0/1 (0%)", "compareCode": 2}, {"name": "Service games played", "home": "5", "away": "5", "compareCode": 3}]}, {"groupName": "Return", "statisticsItems": [{"name": "First serve return points", "home": "4/17 (23%)", "away": "9/22 (40%)", "compareCode": 3}, {"name": "Second serve return points", "home": "4/9 (44%)", "away": "1/4 (25%)", "compareCode": 2}, {"name": "Break points converted", "home": "1", "away": "2", "compareCode": 2}, {"name": "Return games played", "home": "5", "away": "5", "compareCode": 3}]}, {"groupName": "Points", "statisticsItems": [{"name": "Service points won", "home": "16", "away": "18", "compareCode": 2}, {"name": "Receiver points won", "home": "8", "away": "10", "compareCode": 2}, {"name": "Total points won", "home": "24", "away": "28", "compareCode": 2}, {"name": "Max points in a row", "home": "6", "away": "6", "compareCode": 3}]}]}]}