{"statistics": [{"period": "ALL", "groups": [{"groupName": "Service", "statisticsItems": [{"name": "Aces", "home": "2", "away": "1", "compareCode": 1}, {"name": "Double faults", "home": "1", "away": "4", "compareCode": 2}, {"name": "First serve", "home": "55/58 (95%)", "away": "52/73 (71%)", "compareCode": 1}, {"name": "Second serve", "home": "2/3 (67%)", "away": "17/21 (81%)", "compareCode": 2}, {"name": "First serve points", "home": "34/55 (62%)", "away": "31/52 (60%)", "compareCode": 1}, {"name": "Second serve points", "home": "2/3 (67%)", "away": "6/21 (29%)", "compareCode": 2}, {"name": "Break points saved", "home": "2/4 (50%)", "away": "6/11 (54%)", "compareCode": 1}, {"name": "Service games played", "home": "9", "away": "10", "compareCode": 2}]}, {"groupName": "Return", "statisticsItems": [{"name": "First serve return points", "home": "21/52 (40%)", "away": "21/55 (38%)", "compareCode": 2}, {"name": "Second serve return points", "home": "15/21 (71%)", "away": "1/3 (33%)", "compareCode": 2}, {"name": "Break points converted", "home": "5", "away": "2", "compareCode": 1}, {"name": "Return games played", "home": "10", "away": "9", "compareCode": 2}]}, {"groupName": "Points", "statisticsItems": [{"name": "Service points won", "home": "36", "away": "37", "compareCode": 2}, {"name": "Receiver points won", "home": "36", "away": "22", "compareCode": 1}, {"name": "Total points won", "home": "72", "away": "59", "compareCode": 1}, {"name": "Max points in a row", "home": "5", "away": "4", "compareCode": 1}]}]}, {"period": "1ST", "groups": [{"groupName": "Service", "statisticsItems": [{"name": "Aces", "home": "1", "away": "1", "compareCode": 3}, {"name": "Double faults", "home": "1", "away": "0", "compareCode": 1}, {"name": "First serve", "home": "31/33 (94%)", "away": "21/31 (68%)", "compareCode": 1}, {"name": "Second serve", "home": "1/2 (50%)", "away": "10/10 (100%)", "compareCode": 2}, {"name": "First serve points", "home": "18/31 (58%)", "away": "11/21 (52%)", "compareCode": 1}, {"name": "Second serve points", "home": "1/2 (50%)", "away": "3/10 (30%)", "compareCode": 2}, {"name": "Break points saved", "home": "1/3 (33%)", "away": "2/5 (40%)", "compareCode": 1}, {"name": "Service games played", "home": "5", "away": "5", "compareCode": 3}]}, {"groupName": "Return", "statisticsItems": [{"name": "First serve return points", "home": "10/21 (47%)", "away": "13/31 (41%)", "compareCode": 1}, {"name": "Second serve return points", "home": "7/10 (70%)", "away": "1/2 (50%)", "compareCode": 2}, {"name": "Break points converted", "home": "3", "away": "2", "compareCode": 1}, {"name": "Return games played", "home": "5", "away": "5", "compareCode": 3}]}, {"groupName": "Points", "statisticsItems": [{"name": "Service points won", "home": "19", "away": "14", "compareCode": 1}, {"name": "Receiver points won", "home": "17", "away": "14", "compareCode": 1}, {"name": "Total points won", "home": "36", "away": "28", "compareCode": 1}, {"name": "Max points in a row", "home": "5", "away": "4", "compareCode": 1}]}]}, {"period": "2ND", "groups": [{"groupName": "Service", "statisticsItems": [{"name": "Aces", "home": "1", "away": "0", "compareCode": 1}, {"name": "Double faults", "home": "0", "away": "4", "compareCode": 2}, {"name": "First serve", "home": "24/25 (96%)", "away": "31/42 (74%)", "compareCode": 1}, {"name": "Second serve", "home": "1/1 (100%)", "away": "7/11 (64%)", "compareCode": 1}, {"name": "First serve points", "home": "16/24 (67%)", "away": "20/31 (65%)", "compareCode": 2}, {"name": "Second serve points", "home": "1/1 (100%)", "away": "3/11 (27%)", "compareCode": 2}, {"name": "Break points saved", "home": "1/1 (100%)", "away": "4/6 (66%)", "compareCode": 1}, {"name": "Service games played", "home": "4", "away": "5", "compareCode": 2}]}, {"groupName": "Return", "statisticsItems": [{"name": "First serve return points", "home": "11/31 (35%)", "away": "8/24 (33%)", "compareCode": 2}, {"name": "Second serve return points", "home": "8/11 (72%)", "away": "0/1 (0%)", "compareCode": 2}, {"name": "Break points converted", "home": "2", "away": "0", "compareCode": 1}, {"name": "Return games played", "home": "5", "away": "4", "compareCode": 2}]}, {"groupName": "Points", "statisticsItems": [{"name": "Service points won", "home": "17", "away": "23", "compareCode": 2}, {"name": "Receiver points won", "home": "19", "away": "8", "compareCode": 1}, {"name": "Total points won", "home": "36", "away": "31", "compareCode": 1}, {"name": "Max points in a row", "home": "4", "away": "4", "compareCode": 3}]}]}]}