{"statistics": [{"period": "ALL", "groups": [{"groupName": "Service", "statisticsItems": [{"name": "Aces", "home": "0", "away": "1", "compareCode": 2}, {"name": "Double faults", "home": "1", "away": "6", "compareCode": 2}, {"name": "First serve", "home": "39/52 (75%)", "away": "43/69 (62%)", "compareCode": 1}, {"name": "Second serve", "home": "12/13 (92%)", "away": "20/26 (77%)", "compareCode": 1}, {"name": "First serve points", "home": "21/39 (54%)", "away": "22/43 (51%)", "compareCode": 2}, {"name": "Second serve points", "home": "10/13 (77%)", "away": "9/26 (35%)", "compareCode": 1}, {"name": "Break points saved", "home": "2/5 (40%)", "away": "8/14 (57%)", "compareCode": 1}, {"name": "Service games played", "home": "9", "away": "9", "compareCode": 3}]}, {"groupName": "Return", "statisticsItems": [{"name": "First serve return points", "home": "21/43 (48%)", "away": "18/39 (46%)", "compareCode": 2}, {"name": "Second serve return points", "home": "17/26 (65%)", "away": "3/13 (23%)", "compareCode": 2}, {"name": "Break points converted", "home": "6", "away": "3", "compareCode": 1}, {"name": "Return games played", "home": "9", "away": "9", "compareCode": 3}]}, {"groupName": "Points", "statisticsItems": [{"name": "Service points won", "home": "31", "away": "31", "compareCode": 3}, {"name": "Receiver points won", "home": "38", "away": "21", "compareCode": 1}, {"name": "Total points won", "home": "69", "away": "52", "compareCode": 1}, {"name": "Max points in a row", "home": "5", "away": "6", "compareCode": 2}]}]}, {"period": "1ST", "groups": [{"groupName": "Service", "statisticsItems": [{"name": "Aces", "home": "0", "away": "1", "compareCode": 2}, {"name": "Double faults", "home": "0", "away": "5", "compareCode": 2}, {"name": "First serve", "home": "27/32 (84%)", "away": "20/33 (61%)", "compareCode": 1}, {"name": "Second serve", "home": "5/5 (100%)", "away": "8/13 (62%)", "compareCode": 1}, {"name": "First serve points", "home": "13/27 (48%)", "away": "10/20 (50%)", "compareCode": 1}, {"name": "Second serve points", "home": "5/5 (100%)", "away": "4/13 (31%)", "compareCode": 1}, {"name": "Break points saved", "home": "2/4 (50%)", "away": "5/8 (62%)", "compareCode": 1}, {"name": "Service games played", "home": "5", "away": "4", "compareCode": 1}]}, {"groupName": "Return", "statisticsItems": [{"name": "First serve return points", "home": "10/20 (50%)", "away": "14/27 (51%)", "compareCode": 2}, {"name": "Second serve return points", "home": "9/13 (69%)", "away": "0/5 (0%)", "compareCode": 2}, {"name": "Break points converted", "home": "3", "away": "2", "compareCode": 1}, {"name": "Return games played", "home": "4", "away": "5", "compareCode": 1}]}, {"groupName": "Points", "statisticsItems": [{"name": "Service points won", "home": "18", "away": "14", "compareCode": 1}, {"name": "Receiver points won", "home": "19", "away": "14", "compareCode": 1}, {"name": "Total points won", "home": "37", "away": "28", "compareCode": 1}, {"name": "Max points in a row", "home": "5", "away": "3", "compareCode": 1}]}]}, {"period": "2ND", "groups": [{"groupName": "Service", "statisticsItems": [{"name": "Aces", "home": "0", "away": "0", "compareCode": 3}, {"name": "Double faults", "home": "1", "away": "1", "compareCode": 3}, {"name": "First serve", "home": "12/20 (60%)", "away": "23/36 (64%)", "compareCode": 2}, {"name": "Second serve", "home": "7/8 (88%)", "away": "12/13 (92%)", "compareCode": 2}, {"name": "First serve points", "home": "8/12 (67%)", "away": "12/23 (52%)", "compareCode": 2}, {"name": "Second serve points", "home": "5/8 (63%)", "away": "5/13 (38%)", "compareCode": 3}, {"name": "Break points saved", "home": "0/1 (0%)", "away": "3/6 (50%)", "compareCode": 1}, {"name": "Service games played", "home": "4", "away": "5", "compareCode": 2}]}, {"groupName": "Return", "statisticsItems": [{"name": "First serve return points", "home": "11/23 (47%)", "away": "4/12 (33%)", "compareCode": 2}, {"name": "Second serve return points", "home": "8/13 (61%)", "away": "3/8 (37%)", "compareCode": 2}, {"name": "Break points converted", "home": "3", "away": "1", "compareCode": 1}, {"name": "Return games played", "home": "5", "away": "4", "compareCode": 2}]}, {"groupName": "Points", "statisticsItems": [{"name": "Service points won", "home": "13", "away": "17", "compareCode": 2}, {"name": "Receiver points won", "home": "19", "away": "7", "compareCode": 1}, {"name": "Total points won", "home": "32", "away": "24", "compareCode": 1}, {"name": "Max points in a row", "home": "5", "away": "6", "compareCode": 2}]}]}]}