{"statistics": [{"period": "ALL", "groups": [{"groupName": "Service", "statisticsItems": [{"name": "Aces", "home": "0", "away": "0", "compareCode": 3}, {"name": "Double faults", "home": "7", "away": "5", "compareCode": 1}, {"name": "First serve", "home": "48/79 (61%)", "away": "50/73 (68%)", "compareCode": 2}, {"name": "Second serve", "home": "24/31 (77%)", "away": "18/23 (78%)", "compareCode": 2}, {"name": "First serve points", "home": "28/48 (58%)", "away": "29/50 (58%)", "compareCode": 2}, {"name": "Second serve points", "home": "8/31 (26%)", "away": "12/23 (52%)", "compareCode": 2}, {"name": "Break points saved", "home": "7/13 (53%)", "away": "7/11 (63%)", "compareCode": 2}, {"name": "Service games played", "home": "11", "away": "10", "compareCode": 1}]}, {"groupName": "Return", "statisticsItems": [{"name": "First serve return points", "home": "21/50 (42%)", "away": "20/48 (41%)", "compareCode": 1}, {"name": "Second serve return points", "home": "11/23 (47%)", "away": "23/31 (74%)", "compareCode": 1}, {"name": "Break points converted", "home": "4", "away": "6", "compareCode": 2}, {"name": "Return games played", "home": "10", "away": "11", "compareCode": 1}]}, {"groupName": "Points", "statisticsItems": [{"name": "Service points won", "home": "36", "away": "41", "compareCode": 2}, {"name": "Receiver points won", "home": "32", "away": "43", "compareCode": 2}, {"name": "Total points won", "home": "68", "away": "84", "compareCode": 2}, {"name": "Max points in a row", "home": "5", "away": "8", "compareCode": 2}]}]}, {"period": "1ST", "groups": [{"groupName": "Service", "statisticsItems": [{"name": "Aces", "home": "0", "away": "0", "compareCode": 3}, {"name": "Double faults", "home": "4", "away": "2", "compareCode": 1}, {"name": "First serve", "home": "28/48 (58%)", "away": "35/48 (73%)", "compareCode": 2}, {"name": "Second serve", "home": "16/20 (80%)", "away": "11/13 (85%)", "compareCode": 2}, {"name": "First serve points", "home": "19/28 (68%)", "away": "21/35 (60%)", "compareCode": 2}, {"name": "Second serve points", "home": "6/20 (30%)", "away": "8/13 (62%)", "compareCode": 2}, {"name": "Break points saved", "home": "3/5 (60%)", "away": "4/6 (66%)", "compareCode": 1}, {"name": "Service games played", "home": "6", "away": "6", "compareCode": 3}]}, {"groupName": "Return", "statisticsItems": [{"name": "First serve return points", "home": "14/35 (40%)", "away": "9/28 (32%)", "compareCode": 3}, {"name": "Second serve return points", "home": "5/13 (38%)", "away": "14/20 (70%)", "compareCode": 1}, {"name": "Break points converted", "home": "2", "away": "2", "compareCode": 3}, {"name": "Return games played", "home": "6", "away": "6", "compareCode": 3}]}, {"groupName": "Points", "statisticsItems": [{"name": "Service points won", "home": "25", "away": "29", "compareCode": 2}, {"name": "Receiver points won", "home": "19", "away": "23", "compareCode": 2}, {"name": "Total points won", "home": "44", "away": "52", "compareCode": 2}, {"name": "Max points in a row", "home": "5", "away": "6", "compareCode": 2}]}]}, {"period": "2ND", "groups": [{"groupName": "Service", "statisticsItems": [{"name": "Aces", "home": "0", "away": "0", "compareCode": 3}, {"name": "Double faults", "home": "3", "away": "3", "compareCode": 3}, {"name": "First serve", "home": "20/31 (65%)", "away": "15/25 (60%)", "compareCode": 1}, {"name": "Second serve", "home": "8/11 (73%)", "away": "7/10 (70%)", "compareCode": 1}, {"name": "First serve points", "home": "9/20 (45%)", "away": "8/15 (53%)", "compareCode": 1}, {"name": "Second serve points", "home": "2/11 (18%)", "away": "4/10 (40%)", "compareCode": 2}, {"name": "Break points saved", "home": "4/8 (50%)", "away": "3/5 (60%)", "compareCode": 2}, {"name": "Service games played", "home": "5", "away": "4", "compareCode": 1}]}, {"groupName": "Return", "statisticsItems": [{"name": "First serve return points", "home": "7/15 (46%)", "away": "11/20 (55%)", "compareCode": 1}, {"name": "Second serve return points", "home": "6/10 (60%)", "away": "9/11 (81%)", "compareCode": 1}, {"name": "Break points converted", "home": "2", "away": "4", "compareCode": 2}, {"name": "Return games played", "home": "4", "away": "5", "compareCode": 1}]}, {"groupName": "Points", "statisticsItems": [{"name": "Service points won", "home": "11", "away": "12", "compareCode": 2}, {"name": "Receiver points won", "home": "13", "away": "20", "compareCode": 2}, {"name": "Total points won", "home": "24", "away": "32", "compareCode": 2}, {"name": "Max points in a row", "home": "3", "away": "5", "compareCode": 2}]}]}]}