{"statistics": [{"period": "ALL", "groups": [{"groupName": "Service", "statisticsItems": [{"name": "Aces", "home": "2", "away": "2", "compareCode": 3}, {"name": "Double faults", "home": "6", "away": "6", "compareCode": 3}, {"name": "First serve", "home": "29/45 (64%)", "away": "28/53 (53%)", "compareCode": 1}, {"name": "Second serve", "home": "10/16 (63%)", "away": "19/25 (76%)", "compareCode": 2}, {"name": "First serve points", "home": "11/29 (38%)", "away": "17/28 (61%)", "compareCode": 2}, {"name": "Second serve points", "home": "2/16 (13%)", "away": "11/25 (44%)", "compareCode": 2}, {"name": "Break points saved", "home": "1/8 (12%)", "away": "0/3 (0%)", "compareCode": 2}, {"name": "Service games played", "home": "8", "away": "8", "compareCode": 3}]}, {"groupName": "Return", "statisticsItems": [{"name": "First serve return points", "home": "11/28 (39%)", "away": "18/29 (62%)", "compareCode": 2}, {"name": "Second serve return points", "home": "14/25 (56%)", "away": "14/16 (87%)", "compareCode": 2}, {"name": "Break points converted", "home": "3", "away": "7", "compareCode": 2}, {"name": "Return games played", "home": "8", "away": "8", "compareCode": 3}]}, {"groupName": "Points", "statisticsItems": [{"name": "Service points won", "home": "13", "away": "28", "compareCode": 2}, {"name": "Receiver points won", "home": "25", "away": "32", "compareCode": 2}, {"name": "Total points won", "home": "38", "away": "60", "compareCode": 2}, {"name": "Max points in a row", "home": "5", "away": "9", "compareCode": 2}]}]}, {"period": "1ST", "groups": [{"groupName": "Service", "statisticsItems": [{"name": "Aces", "home": "0", "away": "1", "compareCode": 2}, {"name": "Double faults", "home": "3", "away": "3", "compareCode": 3}, {"name": "First serve", "home": "12/19 (63%)", "away": "11/25 (44%)", "compareCode": 1}, {"name": "Second serve", "home": "4/7 (57%)", "away": "11/14 (79%)", "compareCode": 2}, {"name": "First serve points", "home": "2/12 (17%)", "away": "6/11 (55%)", "compareCode": 2}, {"name": "Second serve points", "home": "1/7 (14%)", "away": "6/14 (43%)", "compareCode": 2}, {"name": "Break points saved", "home": "0/4 (0%)", "away": "0/2 (0%)", "compareCode": 2}, {"name": "Service games played", "home": "4", "away": "4", "compareCode": 3}]}, {"groupName": "Return", "statisticsItems": [{"name": "First serve return points", "home": "5/11 (45%)", "away": "10/12 (83%)", "compareCode": 2}, {"name": "Second serve return points", "home": "8/14 (57%)", "away": "6/7 (85%)", "compareCode": 2}, {"name": "Break points converted", "home": "2", "away": "4", "compareCode": 2}, {"name": "Return games played", "home": "4", "away": "4", "compareCode": 3}]}, {"groupName": "Points", "statisticsItems": [{"name": "Service points won", "home": "3", "away": "12", "compareCode": 2}, {"name": "Receiver points won", "home": "13", "away": "16", "compareCode": 2}, {"name": "Total points won", "home": "16", "away": "28", "compareCode": 2}, {"name": "Max points in a row", "home": "5", "away": "9", "compareCode": 2}]}]}, {"period": "2ND", "groups": [{"groupName": "Service", "statisticsItems": [{"name": "Aces", "home": "2", "away": "1", "compareCode": 1}, {"name": "Double faults", "home": "3", "away": "3", "compareCode": 3}, {"name": "First serve", "home": "17/26 (65%)", "away": "17/28 (61%)", "compareCode": 1}, {"name": "Second serve", "home": "6/9 (67%)", "away": "8/11 (73%)", "compareCode": 2}, {"name": "First serve points", "home": "9/17 (53%)", "away": "11/17 (65%)", "compareCode": 2}, {"name": "Second serve points", "home": "1/9 (11%)", "away": "5/11 (45%)", "compareCode": 2}, {"name": "Break points saved", "home": "1/4 (25%)", "away": "0/1 (0%)", "compareCode": 2}, {"name": "Service games played", "home": "4", "away": "4", "compareCode": 3}]}, {"groupName": "Return", "statisticsItems": [{"name": "First serve return points", "home": "6/17 (35%)", "away": "8/17 (47%)", "compareCode": 2}, {"name": "Second serve return points", "home": "6/11 (54%)", "away": "8/9 (88%)", "compareCode": 2}, {"name": "Break points converted", "home": "1", "away": "3", "compareCode": 2}, {"name": "Return games played", "home": "4", "away": "4", "compareCode": 3}]}, {"groupName": "Points", "statisticsItems": [{"name": "Service points won", "home": "10", "away": "16", "compareCode": 2}, {"name": "Receiver points won", "home": "12", "away": "16", "compareCode": 2}, {"name": "Total points won", "home": "22", "away": "32", "compareCode": 2}, {"name": "Max points in a row", "home": "2", "away": "6", "compareCode": 2}]}]}]}