{"statistics": [{"period": "ALL", "groups": [{"groupName": "Service", "statisticsItems": [{"name": "Aces", "home": "0", "away": "0", "compareCode": 3}, {"name": "Double faults", "home": "7", "away": "11", "compareCode": 2}, {"name": "First serve", "home": "43/59 (73%)", "away": "26/50 (52%)", "compareCode": 1}, {"name": "Second serve", "home": "9/16 (56%)", "away": "13/24 (54%)", "compareCode": 1}, {"name": "First serve points", "home": "29/43 (67%)", "away": "18/26 (69%)", "compareCode": 1}, {"name": "Second serve points", "home": "5/16 (31%)", "away": "4/24 (17%)", "compareCode": 1}, {"name": "Break points saved", "home": "3/5 (60%)", "away": "7/13 (53%)", "compareCode": 1}, {"name": "Service games played", "home": "8", "away": "9", "compareCode": 2}]}, {"groupName": "Return", "statisticsItems": [{"name": "First serve return points", "home": "8/26 (30%)", "away": "14/43 (32%)", "compareCode": 1}, {"name": "Second serve return points", "home": "20/24 (83%)", "away": "11/16 (68%)", "compareCode": 2}, {"name": "Break points converted", "home": "6", "away": "2", "compareCode": 1}, {"name": "Return games played", "home": "9", "away": "8", "compareCode": 2}]}, {"groupName": "Points", "statisticsItems": [{"name": "Service points won", "home": "34", "away": "22", "compareCode": 1}, {"name": "Receiver points won", "home": "28", "away": "25", "compareCode": 1}, {"name": "Total points won", "home": "62", "away": "47", "compareCode": 1}, {"name": "Max points in a row", "home": "5", "away": "7", "compareCode": 2}]}]}, {"period": "1ST", "groups": [{"groupName": "Service", "statisticsItems": [{"name": "Aces", "home": "0", "away": "0", "compareCode": 3}, {"name": "Double faults", "home": "4", "away": "8", "compareCode": 2}, {"name": "First serve", "home": "19/25 (76%)", "away": "10/22 (45%)", "compareCode": 1}, {"name": "Second serve", "home": "2/6 (33%)", "away": "4/12 (33%)", "compareCode": 3}, {"name": "First serve points", "home": "13/19 (68%)", "away": "7/10 (70%)", "compareCode": 1}, {"name": "Second serve points", "home": "2/6 (33%)", "away": "2/12 (17%)", "compareCode": 3}, {"name": "Break points saved", "home": "0/1 (0%)", "away": "2/5 (40%)", "compareCode": 1}, {"name": "Service games played", "home": "4", "away": "4", "compareCode": 3}]}, {"groupName": "Return", "statisticsItems": [{"name": "First serve return points", "home": "3/10 (30%)", "away": "6/19 (31%)", "compareCode": 1}, {"name": "Second serve return points", "home": "10/12 (83%)", "away": "4/6 (66%)", "compareCode": 2}, {"name": "Break points converted", "home": "3", "away": "1", "compareCode": 1}, {"name": "Return games played", "home": "4", "away": "4", "compareCode": 3}]}, {"groupName": "Points", "statisticsItems": [{"name": "Service points won", "home": "15", "away": "9", "compareCode": 1}, {"name": "Receiver points won", "home": "13", "away": "10", "compareCode": 1}, {"name": "Total points won", "home": "28", "away": "19", "compareCode": 1}, {"name": "Max points in a row", "home": "4", "away": "5", "compareCode": 2}]}]}, {"period": "2ND", "groups": [{"groupName": "Service", "statisticsItems": [{"name": "Aces", "home": "0", "away": "0", "compareCode": 3}, {"name": "Double faults", "home": "3", "away": "3", "compareCode": 3}, {"name": "First serve", "home": "24/34 (71%)", "away": "16/28 (57%)", "compareCode": 1}, {"name": "Second serve", "home": "7/10 (70%)", "away": "9/12 (75%)", "compareCode": 2}, {"name": "First serve points", "home": "16/24 (67%)", "away": "11/16 (69%)", "compareCode": 1}, {"name": "Second serve points", "home": "3/10 (30%)", "away": "2/12 (17%)", "compareCode": 1}, {"name": "Break points saved", "home": "3/4 (75%)", "away": "5/8 (62%)", "compareCode": 1}, {"name": "Service games played", "home": "4", "away": "5", "compareCode": 2}]}, {"groupName": "Return", "statisticsItems": [{"name": "First serve return points", "home": "5/16 (31%)", "away": "8/24 (33%)", "compareCode": 1}, {"name": "Second serve return points", "home": "10/12 (83%)", "away": "7/10 (70%)", "compareCode": 2}, {"name": "Break points converted", "home": "3", "away": "1", "compareCode": 1}, {"name": "Return games played", "home": "5", "away": "4", "compareCode": 2}]}, {"groupName": "Points", "statisticsItems": [{"name": "Service points won", "home": "19", "away": "13", "compareCode": 1}, {"name": "Receiver points won", "home": "15", "away": "15", "compareCode": 3}, {"name": "Total points won", "home": "34", "away": "28", "compareCode": 1}, {"name": "Max points in a row", "home": "5", "away": "7", "compareCode": 2}]}]}]}