{"statistics": [{"period": "ALL", "groups": [{"groupName": "Service", "statisticsItems": [{"name": "Aces", "home": "0", "away": "2", "compareCode": 2}, {"name": "Double faults", "home": "1", "away": "7", "compareCode": 2}, {"name": "First serve", "home": "25/42 (60%)", "away": "23/50 (46%)", "compareCode": 1}, {"name": "Second serve", "home": "16/17 (94%)", "away": "20/27 (74%)", "compareCode": 1}, {"name": "First serve points", "home": "18/25 (72%)", "away": "10/23 (43%)", "compareCode": 1}, {"name": "Second serve points", "home": "9/17 (53%)", "away": "9/27 (33%)", "compareCode": 3}, {"name": "Break points saved", "home": "3/4 (75%)", "away": "5/11 (45%)", "compareCode": 1}, {"name": "Service games played", "home": "7", "away": "7", "compareCode": 3}]}, {"groupName": "Return", "statisticsItems": [{"name": "First serve return points", "home": "13/23 (56%)", "away": "7/25 (28%)", "compareCode": 2}, {"name": "Second serve return points", "home": "18/27 (66%)", "away": "8/17 (47%)", "compareCode": 2}, {"name": "Break points converted", "home": "6", "away": "1", "compareCode": 1}, {"name": "Return games played", "home": "7", "away": "7", "compareCode": 3}]}, {"groupName": "Points", "statisticsItems": [{"name": "Service points won", "home": "27", "away": "19", "compareCode": 1}, {"name": "Receiver points won", "home": "31", "away": "15", "compareCode": 1}, {"name": "Total points won", "home": "58", "away": "34", "compareCode": 1}, {"name": "Max points in a row", "home": "8", "away": "3", "compareCode": 1}]}]}, {"period": "1ST", "groups": [{"groupName": "Service", "statisticsItems": [{"name": "Aces", "home": "0", "away": "1", "compareCode": 2}, {"name": "Double faults", "home": "1", "away": "4", "compareCode": 2}, {"name": "First serve", "home": "11/22 (50%)", "away": "15/34 (44%)", "compareCode": 1}, {"name": "Second serve", "home": "10/11 (91%)", "away": "15/19 (79%)", "compareCode": 1}, {"name": "First serve points", "home": "8/11 (73%)", "away": "8/15 (53%)", "compareCode": 3}, {"name": "Second serve points", "home": "6/11 (55%)", "away": "7/19 (37%)", "compareCode": 2}, {"name": "Break points saved", "home": "2/3 (66%)", "away": "3/6 (50%)", "compareCode": 1}, {"name": "Service games played", "home": "4", "away": "4", "compareCode": 3}]}, {"groupName": "Return", "statisticsItems": [{"name": "First serve return points", "home": "7/15 (46%)", "away": "3/11 (27%)", "compareCode": 2}, {"name": "Second serve return points", "home": "12/19 (63%)", "away": "5/11 (45%)", "compareCode": 2}, {"name": "Break points converted", "home": "3", "away": "1", "compareCode": 1}, {"name": "Return games played", "home": "4", "away": "4", "compareCode": 3}]}, {"groupName": "Points", "statisticsItems": [{"name": "Service points won", "home": "14", "away": "15", "compareCode": 2}, {"name": "Receiver points won", "home": "19", "away": "8", "compareCode": 1}, {"name": "Total points won", "home": "33", "away": "23", "compareCode": 1}, {"name": "Max points in a row", "home": "6", "away": "3", "compareCode": 1}]}]}, {"period": "2ND", "groups": [{"groupName": "Service", "statisticsItems": [{"name": "Aces", "home": "0", "away": "1", "compareCode": 2}, {"name": "Double faults", "home": "0", "away": "3", "compareCode": 2}, {"name": "First serve", "home": "14/20 (70%)", "away": "8/16 (50%)", "compareCode": 1}, {"name": "Second serve", "home": "6/6 (100%)", "away": "5/8 (63%)", "compareCode": 1}, {"name": "First serve points", "home": "10/14 (71%)", "away": "2/8 (25%)", "compareCode": 1}, {"name": "Second serve points", "home": "3/6 (50%)", "away": "2/8 (25%)", "compareCode": 1}, {"name": "Break points saved", "home": "1/1 (100%)", "away": "2/5 (40%)", "compareCode": 1}, {"name": "Service games played", "home": "3", "away": "3", "compareCode": 3}]}, {"groupName": "Return", "statisticsItems": [{"name": "First serve return points", "home": "6/8 (75%)", "away": "4/14 (28%)", "compareCode": 1}, {"name": "Second serve return points", "home": "6/8 (75%)", "away": "3/6 (50%)", "compareCode": 2}, {"name": "Break points converted", "home": "3", "away": "0", "compareCode": 1}, {"name": "Return games played", "home": "3", "away": "3", "compareCode": 3}]}, {"groupName": "Points", "statisticsItems": [{"name": "Service points won", "home": "13", "away": "4", "compareCode": 1}, {"name": "Receiver points won", "home": "12", "away": "7", "compareCode": 1}, {"name": "Total points won", "home": "25", "away": "11", "compareCode": 1}, {"name": "Max points in a row", "home": "8", "away": "2", "compareCode": 1}]}]}]}