{"statistics": [{"period": "ALL", "groups": [{"groupName": "Service", "statisticsItems": [{"name": "Aces", "home": "4", "away": "0", "compareCode": 1}, {"name": "Double faults", "home": "6", "away": "2", "compareCode": 1}, {"name": "First serve", "home": "31/53 (58%)", "away": "33/45 (73%)", "compareCode": 2}, {"name": "Second serve", "home": "16/22 (73%)", "away": "10/12 (83%)", "compareCode": 2}, {"name": "First serve points", "home": "22/31 (71%)", "away": "14/33 (42%)", "compareCode": 1}, {"name": "Second serve points", "home": "13/22 (59%)", "away": "5/12 (42%)", "compareCode": 1}, {"name": "Break points saved", "home": "6/6 (100%)", "away": "0/5 (0%)", "compareCode": 2}, {"name": "Service games played", "home": "7", "away": "7", "compareCode": 3}]}, {"groupName": "Return", "statisticsItems": [{"name": "First serve return points", "home": "19/33 (57%)", "away": "9/31 (29%)", "compareCode": 1}, {"name": "Second serve return points", "home": "7/12 (58%)", "away": "9/22 (40%)", "compareCode": 1}, {"name": "Break points converted", "home": "5", "away": "0", "compareCode": 1}, {"name": "Return games played", "home": "7", "away": "7", "compareCode": 3}]}, {"groupName": "Points", "statisticsItems": [{"name": "Service points won", "home": "35", "away": "19", "compareCode": 1}, {"name": "Receiver points won", "home": "26", "away": "18", "compareCode": 1}, {"name": "Total points won", "home": "61", "away": "37", "compareCode": 1}, {"name": "Max points in a row", "home": "6", "away": "5", "compareCode": 1}]}]}, {"period": "1ST", "groups": [{"groupName": "Service", "statisticsItems": [{"name": "Aces", "home": "4", "away": "0", "compareCode": 1}, {"name": "Double faults", "home": "3", "away": "2", "compareCode": 1}, {"name": "First serve", "home": "21/35 (60%)", "away": "19/26 (73%)", "compareCode": 2}, {"name": "Second serve", "home": "11/14 (79%)", "away": "5/7 (71%)", "compareCode": 1}, {"name": "First serve points", "home": "14/21 (67%)", "away": "9/19 (47%)", "compareCode": 1}, {"name": "Second serve points", "home": "8/14 (57%)", "away": "4/7 (57%)", "compareCode": 1}, {"name": "Break points saved", "home": "3/3 (100%)", "away": "0/2 (0%)", "compareCode": 2}, {"name": "Service games played", "home": "4", "away": "4", "compareCode": 3}]}, {"groupName": "Return", "statisticsItems": [{"name": "First serve return points", "home": "10/19 (52%)", "away": "7/21 (33%)", "compareCode": 1}, {"name": "Second serve return points", "home": "3/7 (42%)", "away": "6/14 (42%)", "compareCode": 1}, {"name": "Break points converted", "home": "2", "away": "0", "compareCode": 1}, {"name": "Return games played", "home": "4", "away": "4", "compareCode": 3}]}, {"groupName": "Points", "statisticsItems": [{"name": "Service points won", "home": "22", "away": "13", "compareCode": 1}, {"name": "Receiver points won", "home": "13", "away": "13", "compareCode": 3}, {"name": "Total points won", "home": "35", "away": "26", "compareCode": 1}, {"name": "Max points in a row", "home": "5", "away": "5", "compareCode": 3}]}]}, {"period": "2ND", "groups": [{"groupName": "Service", "statisticsItems": [{"name": "Aces", "home": "0", "away": "0", "compareCode": 3}, {"name": "Double faults", "home": "3", "away": "0", "compareCode": 1}, {"name": "First serve", "home": "10/18 (56%)", "away": "14/19 (74%)", "compareCode": 2}, {"name": "Second serve", "home": "5/8 (63%)", "away": "5/5 (100%)", "compareCode": 2}, {"name": "First serve points", "home": "8/10 (80%)", "away": "5/14 (36%)", "compareCode": 1}, {"name": "Second serve points", "home": "5/8 (63%)", "away": "1/5 (20%)", "compareCode": 1}, {"name": "Break points saved", "home": "3/3 (100%)", "away": "0/3 (0%)", "compareCode": 3}, {"name": "Service games played", "home": "3", "away": "3", "compareCode": 3}]}, {"groupName": "Return", "statisticsItems": [{"name": "First serve return points", "home": "9/14 (64%)", "away": "2/10 (20%)", "compareCode": 2}, {"name": "Second serve return points", "home": "4/5 (80%)", "away": "3/8 (37%)", "compareCode": 1}, {"name": "Break points converted", "home": "3", "away": "0", "compareCode": 1}, {"name": "Return games played", "home": "3", "away": "3", "compareCode": 3}]}, {"groupName": "Points", "statisticsItems": [{"name": "Service points won", "home": "13", "away": "6", "compareCode": 1}, {"name": "Receiver points won", "home": "13", "away": "5", "compareCode": 1}, {"name": "Total points won", "home": "26", "away": "11", "compareCode": 1}, {"name": "Max points in a row", "home": "6", "away": "3", "compareCode": 1}]}]}]}