{"statistics": [{"period": "ALL", "groups": [{"groupName": "Service", "statisticsItems": [{"name": "Aces", "home": "3", "away": "0", "compareCode": 1}, {"name": "Double faults", "home": "6", "away": "3", "compareCode": 1}, {"name": "First serve", "home": "40/53 (75%)", "away": "30/49 (61%)", "compareCode": 1}, {"name": "Second serve", "home": "7/13 (54%)", "away": "16/19 (84%)", "compareCode": 2}, {"name": "First serve points", "home": "31/40 (78%)", "away": "18/30 (60%)", "compareCode": 1}, {"name": "Second serve points", "home": "5/13 (38%)", "away": "7/19 (37%)", "compareCode": 2}, {"name": "Break points saved", "home": "4/5 (80%)", "away": "0/4 (0%)", "compareCode": 2}, {"name": "Service games played", "home": "9", "away": "9", "compareCode": 3}]}, {"groupName": "Return", "statisticsItems": [{"name": "First serve return points", "home": "12/30 (40%)", "away": "9/40 (22%)", "compareCode": 1}, {"name": "Second serve return points", "home": "12/19 (63%)", "away": "8/13 (61%)", "compareCode": 2}, {"name": "Break points converted", "home": "4", "away": "1", "compareCode": 1}, {"name": "Return games played", "home": "9", "away": "9", "compareCode": 3}]}, {"groupName": "Points", "statisticsItems": [{"name": "Service points won", "home": "36", "away": "25", "compareCode": 1}, {"name": "Receiver points won", "home": "24", "away": "17", "compareCode": 1}, {"name": "Total points won", "home": "60", "away": "42", "compareCode": 1}, {"name": "Max points in a row", "home": "9", "away": "6", "compareCode": 1}]}]}, {"period": "1ST", "groups": [{"groupName": "Service", "statisticsItems": [{"name": "Aces", "home": "3", "away": "0", "compareCode": 1}, {"name": "Double faults", "home": "4", "away": "3", "compareCode": 1}, {"name": "First serve", "home": "23/31 (74%)", "away": "20/29 (69%)", "compareCode": 1}, {"name": "Second serve", "home": "4/8 (50%)", "away": "6/9 (67%)", "compareCode": 2}, {"name": "First serve points", "home": "18/23 (78%)", "away": "13/20 (65%)", "compareCode": 1}, {"name": "Second serve points", "home": "2/8 (25%)", "away": "3/9 (33%)", "compareCode": 2}, {"name": "Break points saved", "home": "4/5 (80%)", "away": "0/2 (0%)", "compareCode": 2}, {"name": "Service games played", "home": "5", "away": "5", "compareCode": 3}]}, {"groupName": "Return", "statisticsItems": [{"name": "First serve return points", "home": "7/20 (35%)", "away": "5/23 (21%)", "compareCode": 1}, {"name": "Second serve return points", "home": "6/9 (66%)", "away": "6/8 (75%)", "compareCode": 2}, {"name": "Break points converted", "home": "2", "away": "1", "compareCode": 1}, {"name": "Return games played", "home": "5", "away": "5", "compareCode": 3}]}, {"groupName": "Points", "statisticsItems": [{"name": "Service points won", "home": "20", "away": "16", "compareCode": 1}, {"name": "Receiver points won", "home": "13", "away": "11", "compareCode": 1}, {"name": "Total points won", "home": "33", "away": "27", "compareCode": 1}, {"name": "Max points in a row", "home": "5", "away": "6", "compareCode": 2}]}]}, {"period": "2ND", "groups": [{"groupName": "Service", "statisticsItems": [{"name": "Aces", "home": "0", "away": "0", "compareCode": 3}, {"name": "Double faults", "home": "2", "away": "0", "compareCode": 1}, {"name": "First serve", "home": "17/22 (77%)", "away": "10/20 (50%)", "compareCode": 1}, {"name": "Second serve", "home": "3/5 (60%)", "away": "10/10 (100%)", "compareCode": 2}, {"name": "First serve points", "home": "13/17 (76%)", "away": "5/10 (50%)", "compareCode": 1}, {"name": "Second serve points", "home": "3/5 (60%)", "away": "4/10 (40%)", "compareCode": 2}, {"name": "Break points saved", "home": "0/0 (0%)", "away": "0/2 (0%)", "compareCode": 1}, {"name": "Service games played", "home": "4", "away": "4", "compareCode": 3}]}, {"groupName": "Return", "statisticsItems": [{"name": "First serve return points", "home": "5/10 (50%)", "away": "4/17 (23%)", "compareCode": 1}, {"name": "Second serve return points", "home": "6/10 (60%)", "away": "2/5 (40%)", "compareCode": 2}, {"name": "Break points converted", "home": "2", "away": "0", "compareCode": 1}, {"name": "Return games played", "home": "4", "away": "4", "compareCode": 3}]}, {"groupName": "Points", "statisticsItems": [{"name": "Service points won", "home": "16", "away": "9", "compareCode": 1}, {"name": "Receiver points won", "home": "11", "away": "6", "compareCode": 1}, {"name": "Total points won", "home": "27", "away": "15", "compareCode": 1}, {"name": "Max points in a row", "home": "6", "away": "5", "compareCode": 1}]}]}]}