{"statistics": [{"period": "ALL", "groups": [{"groupName": "Service", "statisticsItems": [{"name": "Aces", "home": "4", "away": "0", "compareCode": 1}, {"name": "Double faults", "home": "14", "away": "2", "compareCode": 1}, {"name": "First serve", "home": "46/73 (63%)", "away": "46/54 (85%)", "compareCode": 2}, {"name": "Second serve", "home": "13/27 (48%)", "away": "6/8 (75%)", "compareCode": 2}, {"name": "First serve points", "home": "26/46 (57%)", "away": "27/46 (59%)", "compareCode": 2}, {"name": "Second serve points", "home": "8/27 (30%)", "away": "3/8 (38%)", "compareCode": 1}, {"name": "Break points saved", "home": "11/16 (68%)", "away": "6/9 (66%)", "compareCode": 2}, {"name": "Service games played", "home": "8", "away": "7", "compareCode": 1}]}, {"groupName": "Return", "statisticsItems": [{"name": "First serve return points", "home": "19/46 (41%)", "away": "20/46 (43%)", "compareCode": 1}, {"name": "Second serve return points", "home": "5/8 (62%)", "away": "19/27 (70%)", "compareCode": 1}, {"name": "Break points converted", "home": "3", "away": "5", "compareCode": 2}, {"name": "Return games played", "home": "7", "away": "8", "compareCode": 1}]}, {"groupName": "Points", "statisticsItems": [{"name": "Service points won", "home": "34", "away": "30", "compareCode": 1}, {"name": "Receiver points won", "home": "24", "away": "39", "compareCode": 2}, {"name": "Total points won", "home": "58", "away": "69", "compareCode": 2}, {"name": "Max points in a row", "home": "7", "away": "7", "compareCode": 3}]}]}, {"period": "1ST", "groups": [{"groupName": "Service", "statisticsItems": [{"name": "Aces", "home": "3", "away": "0", "compareCode": 1}, {"name": "Double faults", "home": "10", "away": "2", "compareCode": 1}, {"name": "First serve", "home": "32/46 (70%)", "away": "21/24 (88%)", "compareCode": 2}, {"name": "Second serve", "home": "4/14 (29%)", "away": "1/3 (33%)", "compareCode": 2}, {"name": "First serve points", "home": "20/32 (63%)", "away": "10/21 (48%)", "compareCode": 1}, {"name": "Second serve points", "home": "4/14 (29%)", "away": "0/3 (0%)", "compareCode": 1}, {"name": "Break points saved", "home": "7/9 (77%)", "away": "3/6 (50%)", "compareCode": 2}, {"name": "Service games played", "home": "5", "away": "4", "compareCode": 1}]}, {"groupName": "Return", "statisticsItems": [{"name": "First serve return points", "home": "11/21 (52%)", "away": "12/32 (37%)", "compareCode": 1}, {"name": "Second serve return points", "home": "3/3 (100%)", "away": "10/14 (71%)", "compareCode": 1}, {"name": "Break points converted", "home": "3", "away": "2", "compareCode": 1}, {"name": "Return games played", "home": "4", "away": "5", "compareCode": 1}]}, {"groupName": "Points", "statisticsItems": [{"name": "Service points won", "home": "24", "away": "10", "compareCode": 1}, {"name": "Receiver points won", "home": "14", "away": "22", "compareCode": 2}, {"name": "Total points won", "home": "38", "away": "32", "compareCode": 1}, {"name": "Max points in a row", "home": "7", "away": "4", "compareCode": 1}]}]}, {"period": "2ND", "groups": [{"groupName": "Service", "statisticsItems": [{"name": "Aces", "home": "1", "away": "0", "compareCode": 1}, {"name": "Double faults", "home": "4", "away": "0", "compareCode": 1}, {"name": "First serve", "home": "9/19 (47%)", "away": "17/21 (81%)", "compareCode": 2}, {"name": "Second serve", "home": "6/10 (60%)", "away": "4/4 (100%)", "compareCode": 2}, {"name": "First serve points", "home": "4/9 (44%)", "away": "11/17 (65%)", "compareCode": 2}, {"name": "Second serve points", "home": "2/10 (20%)", "away": "3/4 (75%)", "compareCode": 2}, {"name": "Break points saved", "home": "4/7 (57%)", "away": "3/3 (100%)", "compareCode": 2}, {"name": "Service games played", "home": "3", "away": "3", "compareCode": 3}]}, {"groupName": "Return", "statisticsItems": [{"name": "First serve return points", "home": "6/17 (35%)", "away": "5/9 (55%)", "compareCode": 2}, {"name": "Second serve return points", "home": "1/4 (25%)", "away": "8/10 (80%)", "compareCode": 1}, {"name": "Break points converted", "home": "0", "away": "3", "compareCode": 2}, {"name": "Return games played", "home": "3", "away": "3", "compareCode": 3}]}, {"groupName": "Points", "statisticsItems": [{"name": "Service points won", "home": "6", "away": "14", "compareCode": 2}, {"name": "Receiver points won", "home": "7", "away": "13", "compareCode": 2}, {"name": "Total points won", "home": "13", "away": "27", "compareCode": 2}, {"name": "Max points in a row", "home": "3", "away": "7", "compareCode": 2}]}]}, {"period": "3RD", "groups": [{"groupName": "Service", "statisticsItems": [{"name": "Aces", "home": "0", "away": "0", "compareCode": 3}, {"name": "Double faults", "home": "0", "away": "0", "compareCode": 3}, {"name": "First serve", "home": "5/8 (63%)", "away": "8/9 (89%)", "compareCode": 2}, {"name": "Second serve", "home": "3/3 (100%)", "away": "1/1 (100%)", "compareCode": 3}, {"name": "First serve points", "home": "2/5 (40%)", "away": "6/8 (75%)", "compareCode": 2}, {"name": "Second serve points", "home": "2/3 (67%)", "away": "0/1 (0%)", "compareCode": 1}, {"name": "Break points saved", "home": "0/0 (0%)", "away": "0/0 (0%)", "compareCode": 3}, {"name": "Service games played", "home": "0", "away": "0", "compareCode": 3}]}, {"groupName": "Return", "statisticsItems": [{"name": "First serve return points", "home": "2/8 (25%)", "away": "3/5 (60%)", "compareCode": 2}, {"name": "Second serve return points", "home": "1/1 (100%)", "away": "1/3 (33%)", "compareCode": 1}, {"name": "Break points converted", "home": "0", "away": "0", "compareCode": 3}, {"name": "Return games played", "home": "0", "away": "0", "compareCode": 3}]}, {"groupName": "Points", "statisticsItems": [{"name": "Service points won", "home": "4", "away": "6", "compareCode": 2}, {"name": "Receiver points won", "home": "3", "away": "4", "compareCode": 2}, {"name": "Total points won", "home": "7", "away": "10", "compareCode": 2}, {"name": "Max points in a row", "home": "4", "away": "4", "compareCode": 3}]}]}]}