{"statistics": [{"period": "ALL", "groups": [{"groupName": "Service", "statisticsItems": [{"name": "Aces", "home": "5", "away": "0", "compareCode": 1}, {"name": "Double faults", "home": "3", "away": "1", "compareCode": 1}, {"name": "First serve", "home": "39/56 (70%)", "away": "42/59 (71%)", "compareCode": 2}, {"name": "Second serve", "home": "14/17 (82%)", "away": "16/17 (94%)", "compareCode": 2}, {"name": "First serve points", "home": "28/39 (72%)", "away": "25/42 (60%)", "compareCode": 1}, {"name": "Second serve points", "home": "9/17 (53%)", "away": "7/17 (41%)", "compareCode": 1}, {"name": "Break points saved", "home": "0/2 (0%)", "away": "4/8 (50%)", "compareCode": 1}, {"name": "Service games played", "home": "10", "away": "9", "compareCode": 1}]}, {"groupName": "Return", "statisticsItems": [{"name": "First serve return points", "home": "17/42 (40%)", "away": "11/39 (28%)", "compareCode": 2}, {"name": "Second serve return points", "home": "10/17 (58%)", "away": "8/17 (47%)", "compareCode": 3}, {"name": "Break points converted", "home": "4", "away": "2", "compareCode": 1}, {"name": "Return games played", "home": "9", "away": "10", "compareCode": 1}]}, {"groupName": "Points", "statisticsItems": [{"name": "Service points won", "home": "37", "away": "32", "compareCode": 1}, {"name": "Receiver points won", "home": "27", "away": "19", "compareCode": 1}, {"name": "Total points won", "home": "64", "away": "51", "compareCode": 1}, {"name": "Max points in a row", "home": "6", "away": "6", "compareCode": 3}]}]}, {"period": "1ST", "groups": [{"groupName": "Service", "statisticsItems": [{"name": "Aces", "home": "5", "away": "0", "compareCode": 1}, {"name": "Double faults", "home": "1", "away": "1", "compareCode": 3}, {"name": "First serve", "home": "15/25 (60%)", "away": "14/21 (67%)", "compareCode": 2}, {"name": "Second serve", "home": "9/10 (90%)", "away": "6/7 (86%)", "compareCode": 1}, {"name": "First serve points", "home": "14/15 (93%)", "away": "10/14 (71%)", "compareCode": 1}, {"name": "Second serve points", "home": "6/10 (60%)", "away": "4/7 (57%)", "compareCode": 1}, {"name": "Break points saved", "home": "0/0 (0%)", "away": "2/3 (66%)", "compareCode": 1}, {"name": "Service games played", "home": "5", "away": "4", "compareCode": 1}]}, {"groupName": "Return", "statisticsItems": [{"name": "First serve return points", "home": "4/14 (28%)", "away": "1/15 (6%)", "compareCode": 1}, {"name": "Second serve return points", "home": "3/7 (42%)", "away": "4/10 (40%)", "compareCode": 1}, {"name": "Break points converted", "home": "1", "away": "0", "compareCode": 1}, {"name": "Return games played", "home": "4", "away": "5", "compareCode": 1}]}, {"groupName": "Points", "statisticsItems": [{"name": "Service points won", "home": "20", "away": "14", "compareCode": 1}, {"name": "Receiver points won", "home": "7", "away": "5", "compareCode": 1}, {"name": "Total points won", "home": "27", "away": "19", "compareCode": 1}, {"name": "Max points in a row", "home": "6", "away": "6", "compareCode": 3}]}]}, {"period": "2ND", "groups": [{"groupName": "Service", "statisticsItems": [{"name": "Aces", "home": "0", "away": "0", "compareCode": 3}, {"name": "Double faults", "home": "2", "away": "0", "compareCode": 1}, {"name": "First serve", "home": "24/31 (77%)", "away": "28/38 (74%)", "compareCode": 1}, {"name": "Second serve", "home": "5/7 (71%)", "away": "10/10 (100%)", "compareCode": 2}, {"name": "First serve points", "home": "14/24 (58%)", "away": "15/28 (54%)", "compareCode": 2}, {"name": "Second serve points", "home": "3/7 (43%)", "away": "3/10 (30%)", "compareCode": 3}, {"name": "Break points saved", "home": "0/2 (0%)", "away": "2/5 (40%)", "compareCode": 1}, {"name": "Service games played", "home": "5", "away": "5", "compareCode": 3}]}, {"groupName": "Return", "statisticsItems": [{"name": "First serve return points", "home": "13/28 (46%)", "away": "10/24 (41%)", "compareCode": 2}, {"name": "Second serve return points", "home": "7/10 (70%)", "away": "4/7 (57%)", "compareCode": 2}, {"name": "Break points converted", "home": "3", "away": "2", "compareCode": 1}, {"name": "Return games played", "home": "5", "away": "5", "compareCode": 3}]}, {"groupName": "Points", "statisticsItems": [{"name": "Service points won", "home": "17", "away": "18", "compareCode": 2}, {"name": "Receiver points won", "home": "20", "away": "14", "compareCode": 1}, {"name": "Total points won", "home": "37", "away": "32", "compareCode": 1}, {"name": "Max points in a row", "home": "6", "away": "4", "compareCode": 1}]}]}]}