{"statistics": [{"period": "ALL", "groups": [{"groupName": "Service", "statisticsItems": [{"name": "Aces", "home": "0", "away": "1", "compareCode": 2}, {"name": "Double faults", "home": "1", "away": "0", "compareCode": 1}, {"name": "First serve", "home": "39/51 (76%)", "away": "38/44 (86%)", "compareCode": 2}, {"name": "Second serve", "home": "11/12 (92%)", "away": "6/6 (100%)", "compareCode": 2}, {"name": "First serve points", "home": "19/39 (49%)", "away": "29/38 (76%)", "compareCode": 2}, {"name": "Second serve points", "home": "6/12 (50%)", "away": "3/6 (50%)", "compareCode": 1}, {"name": "Break points saved", "home": "5/9 (55%)", "away": "0/0 (0%)", "compareCode": 2}, {"name": "Service games played", "home": "8", "away": "8", "compareCode": 3}]}, {"groupName": "Return", "statisticsItems": [{"name": "First serve return points", "home": "9/38 (23%)", "away": "20/39 (51%)", "compareCode": 1}, {"name": "Second serve return points", "home": "3/6 (50%)", "away": "6/12 (50%)", "compareCode": 1}, {"name": "Break points converted", "home": "0", "away": "4", "compareCode": 2}, {"name": "Return games played", "home": "8", "away": "8", "compareCode": 3}]}, {"groupName": "Points", "statisticsItems": [{"name": "Service points won", "home": "25", "away": "32", "compareCode": 2}, {"name": "Receiver points won", "home": "12", "away": "26", "compareCode": 2}, {"name": "Total points won", "home": "37", "away": "58", "compareCode": 2}, {"name": "Max points in a row", "home": "3", "away": "9", "compareCode": 2}]}]}, {"period": "1ST", "groups": [{"groupName": "Service", "statisticsItems": [{"name": "Aces", "home": "0", "away": "0", "compareCode": 3}, {"name": "Double faults", "home": "1", "away": "0", "compareCode": 1}, {"name": "First serve", "home": "24/28 (86%)", "away": "23/27 (85%)", "compareCode": 1}, {"name": "Second serve", "home": "3/4 (75%)", "away": "4/4 (100%)", "compareCode": 2}, {"name": "First serve points", "home": "13/24 (54%)", "away": "18/23 (78%)", "compareCode": 2}, {"name": "Second serve points", "home": "2/4 (50%)", "away": "2/4 (50%)", "compareCode": 3}, {"name": "Break points saved", "home": "1/2 (50%)", "away": "0/0 (0%)", "compareCode": 2}, {"name": "Service games played", "home": "4", "away": "5", "compareCode": 2}]}, {"groupName": "Return", "statisticsItems": [{"name": "First serve return points", "home": "5/23 (21%)", "away": "11/24 (45%)", "compareCode": 1}, {"name": "Second serve return points", "home": "2/4 (50%)", "away": "2/4 (50%)", "compareCode": 3}, {"name": "Break points converted", "home": "0", "away": "1", "compareCode": 2}, {"name": "Return games played", "home": "5", "away": "4", "compareCode": 2}]}, {"groupName": "Points", "statisticsItems": [{"name": "Service points won", "home": "15", "away": "20", "compareCode": 2}, {"name": "Receiver points won", "home": "7", "away": "13", "compareCode": 2}, {"name": "Total points won", "home": "22", "away": "33", "compareCode": 2}, {"name": "Max points in a row", "home": "2", "away": "9", "compareCode": 2}]}]}, {"period": "2ND", "groups": [{"groupName": "Service", "statisticsItems": [{"name": "Aces", "home": "0", "away": "1", "compareCode": 2}, {"name": "Double faults", "home": "0", "away": "0", "compareCode": 3}, {"name": "First serve", "home": "15/23 (65%)", "away": "15/17 (88%)", "compareCode": 2}, {"name": "Second serve", "home": "8/8 (100%)", "away": "2/2 (100%)", "compareCode": 3}, {"name": "First serve points", "home": "6/15 (40%)", "away": "11/15 (73%)", "compareCode": 2}, {"name": "Second serve points", "home": "4/8 (50%)", "away": "1/2 (50%)", "compareCode": 1}, {"name": "Break points saved", "home": "4/7 (57%)", "away": "0/0 (0%)", "compareCode": 2}, {"name": "Service games played", "home": "4", "away": "3", "compareCode": 1}]}, {"groupName": "Return", "statisticsItems": [{"name": "First serve return points", "home": "4/15 (26%)", "away": "9/15 (60%)", "compareCode": 1}, {"name": "Second serve return points", "home": "1/2 (50%)", "away": "4/8 (50%)", "compareCode": 1}, {"name": "Break points converted", "home": "0", "away": "3", "compareCode": 2}, {"name": "Return games played", "home": "3", "away": "4", "compareCode": 1}]}, {"groupName": "Points", "statisticsItems": [{"name": "Service points won", "home": "10", "away": "12", "compareCode": 2}, {"name": "Receiver points won", "home": "5", "away": "13", "compareCode": 2}, {"name": "Total points won", "home": "15", "away": "25", "compareCode": 2}, {"name": "Max points in a row", "home": "3", "away": "5", "compareCode": 2}]}]}]}