{"statistics": [{"period": "ALL", "groups": [{"groupName": "Service", "statisticsItems": [{"name": "Aces", "home": "6", "away": "0", "compareCode": 1}, {"name": "Double faults", "home": "23", "away": "7", "compareCode": 1}, {"name": "First serve", "home": "34/70 (49%)", "away": "48/79 (61%)", "compareCode": 2}, {"name": "Second serve", "home": "13/36 (36%)", "away": "24/31 (77%)", "compareCode": 2}, {"name": "First serve points", "home": "26/34 (76%)", "away": "31/48 (65%)", "compareCode": 2}, {"name": "Second serve points", "home": "8/36 (22%)", "away": "13/31 (42%)", "compareCode": 2}, {"name": "Break points saved", "home": "2/8 (25%)", "away": "5/9 (55%)", "compareCode": 1}, {"name": "Service games played", "home": "11", "away": "11", "compareCode": 3}]}, {"groupName": "Return", "statisticsItems": [{"name": "First serve return points", "home": "17/48 (35%)", "away": "8/34 (23%)", "compareCode": 2}, {"name": "Second serve return points", "home": "18/31 (58%)", "away": "28/36 (77%)", "compareCode": 1}, {"name": "Break points converted", "home": "4", "away": "6", "compareCode": 2}, {"name": "Return games played", "home": "11", "away": "11", "compareCode": 3}]}, {"groupName": "Points", "statisticsItems": [{"name": "Service points won", "home": "34", "away": "44", "compareCode": 2}, {"name": "Receiver points won", "home": "35", "away": "36", "compareCode": 2}, {"name": "Total points won", "home": "69", "away": "80", "compareCode": 2}, {"name": "Max points in a row", "home": "5", "away": "4", "compareCode": 1}]}]}, {"period": "1ST", "groups": [{"groupName": "Service", "statisticsItems": [{"name": "Aces", "home": "2", "away": "0", "compareCode": 1}, {"name": "Double faults", "home": "10", "away": "5", "compareCode": 1}, {"name": "First serve", "home": "15/29 (52%)", "away": "28/43 (65%)", "compareCode": 2}, {"name": "Second serve", "home": "4/14 (29%)", "away": "10/15 (67%)", "compareCode": 2}, {"name": "First serve points", "home": "11/15 (73%)", "away": "15/28 (54%)", "compareCode": 2}, {"name": "Second serve points", "home": "3/14 (21%)", "away": "8/15 (53%)", "compareCode": 2}, {"name": "Break points saved", "home": "2/5 (40%)", "away": "3/5 (60%)", "compareCode": 3}, {"name": "Service games played", "home": "5", "away": "5", "compareCode": 3}]}, {"groupName": "Return", "statisticsItems": [{"name": "First serve return points", "home": "13/28 (46%)", "away": "4/15 (26%)", "compareCode": 2}, {"name": "Second serve return points", "home": "7/15 (46%)", "away": "11/14 (78%)", "compareCode": 2}, {"name": "Break points converted", "home": "2", "away": "3", "compareCode": 2}, {"name": "Return games played", "home": "5", "away": "5", "compareCode": 3}]}, {"groupName": "Points", "statisticsItems": [{"name": "Service points won", "home": "14", "away": "23", "compareCode": 2}, {"name": "Receiver points won", "home": "20", "away": "15", "compareCode": 1}, {"name": "Total points won", "home": "34", "away": "38", "compareCode": 2}, {"name": "Max points in a row", "home": "5", "away": "3", "compareCode": 1}]}]}, {"period": "2ND", "groups": [{"groupName": "Service", "statisticsItems": [{"name": "Aces", "home": "4", "away": "0", "compareCode": 1}, {"name": "Double faults", "home": "13", "away": "2", "compareCode": 1}, {"name": "First serve", "home": "19/41 (46%)", "away": "20/36 (56%)", "compareCode": 2}, {"name": "Second serve", "home": "9/22 (41%)", "away": "14/16 (88%)", "compareCode": 2}, {"name": "First serve points", "home": "15/19 (79%)", "away": "16/20 (80%)", "compareCode": 2}, {"name": "Second serve points", "home": "5/22 (23%)", "away": "5/16 (31%)", "compareCode": 3}, {"name": "Break points saved", "home": "0/3 (0%)", "away": "2/4 (50%)", "compareCode": 1}, {"name": "Service games played", "home": "6", "away": "6", "compareCode": 3}]}, {"groupName": "Return", "statisticsItems": [{"name": "First serve return points", "home": "4/20 (20%)", "away": "4/19 (21%)", "compareCode": 1}, {"name": "Second serve return points", "home": "11/16 (68%)", "away": "17/22 (77%)", "compareCode": 1}, {"name": "Break points converted", "home": "2", "away": "3", "compareCode": 2}, {"name": "Return games played", "home": "6", "away": "6", "compareCode": 3}]}, {"groupName": "Points", "statisticsItems": [{"name": "Service points won", "home": "20", "away": "21", "compareCode": 2}, {"name": "Receiver points won", "home": "15", "away": "21", "compareCode": 2}, {"name": "Total points won", "home": "35", "away": "42", "compareCode": 2}, {"name": "Max points in a row", "home": "4", "away": "4", "compareCode": 3}]}]}]}