{"statistics": [{"period": "ALL", "groups": [{"groupName": "Service", "statisticsItems": [{"name": "Aces", "home": "1", "away": "0", "compareCode": 1}, {"name": "Double faults", "home": "1", "away": "1", "compareCode": 3}, {"name": "First serve", "home": "41/53 (77%)", "away": "43/51 (84%)", "compareCode": 2}, {"name": "Second serve", "home": "11/12 (92%)", "away": "7/8 (88%)", "compareCode": 1}, {"name": "First serve points", "home": "15/41 (37%)", "away": "27/43 (63%)", "compareCode": 2}, {"name": "Second serve points", "home": "5/12 (42%)", "away": "1/8 (13%)", "compareCode": 1}, {"name": "Break points saved", "home": "8/15 (53%)", "away": "4/7 (57%)", "compareCode": 2}, {"name": "Service games played", "home": "8", "away": "8", "compareCode": 3}]}, {"groupName": "Return", "statisticsItems": [{"name": "First serve return points", "home": "16/43 (37%)", "away": "26/41 (63%)", "compareCode": 1}, {"name": "Second serve return points", "home": "7/8 (87%)", "away": "7/12 (58%)", "compareCode": 1}, {"name": "Break points converted", "home": "3", "away": "7", "compareCode": 2}, {"name": "Return games played", "home": "8", "away": "8", "compareCode": 3}]}, {"groupName": "Points", "statisticsItems": [{"name": "Service points won", "home": "20", "away": "28", "compareCode": 2}, {"name": "Receiver points won", "home": "23", "away": "33", "compareCode": 2}, {"name": "Total points won", "home": "43", "away": "61", "compareCode": 2}, {"name": "Max points in a row", "home": "4", "away": "7", "compareCode": 2}]}]}, {"period": "1ST", "groups": [{"groupName": "Service", "statisticsItems": [{"name": "Aces", "home": "1", "away": "0", "compareCode": 1}, {"name": "Double faults", "home": "1", "away": "1", "compareCode": 3}, {"name": "First serve", "home": "21/33 (64%)", "away": "20/27 (74%)", "compareCode": 2}, {"name": "Second serve", "home": "11/12 (92%)", "away": "6/7 (86%)", "compareCode": 1}, {"name": "First serve points", "home": "6/21 (29%)", "away": "10/20 (50%)", "compareCode": 2}, {"name": "Second serve points", "home": "5/12 (42%)", "away": "1/7 (14%)", "compareCode": 1}, {"name": "Break points saved", "home": "6/11 (54%)", "away": "3/6 (50%)", "compareCode": 2}, {"name": "Service games played", "home": "5", "away": "4", "compareCode": 1}]}, {"groupName": "Return", "statisticsItems": [{"name": "First serve return points", "home": "10/20 (50%)", "away": "15/21 (71%)", "compareCode": 1}, {"name": "Second serve return points", "home": "6/7 (85%)", "away": "7/12 (58%)", "compareCode": 1}, {"name": "Break points converted", "home": "3", "away": "5", "compareCode": 2}, {"name": "Return games played", "home": "4", "away": "5", "compareCode": 1}]}, {"groupName": "Points", "statisticsItems": [{"name": "Service points won", "home": "11", "away": "11", "compareCode": 3}, {"name": "Receiver points won", "home": "16", "away": "22", "compareCode": 2}, {"name": "Total points won", "home": "27", "away": "33", "compareCode": 2}, {"name": "Max points in a row", "home": "4", "away": "5", "compareCode": 2}]}]}, {"period": "2ND", "groups": [{"groupName": "Service", "statisticsItems": [{"name": "Aces", "home": "0", "away": "0", "compareCode": 3}, {"name": "Double faults", "home": "0", "away": "0", "compareCode": 3}, {"name": "First serve", "home": "20/20 (100%)", "away": "23/24 (96%)", "compareCode": 1}, {"name": "Second serve", "home": "0/0 (0%)", "away": "1/1 (100%)", "compareCode": 2}, {"name": "First serve points", "home": "9/20 (45%)", "away": "17/23 (74%)", "compareCode": 2}, {"name": "Second serve points", "home": "0/0 (0%)", "away": "0/1 (0%)", "compareCode": 3}, {"name": "Break points saved", "home": "2/4 (50%)", "away": "1/1 (100%)", "compareCode": 2}, {"name": "Service games played", "home": "3", "away": "4", "compareCode": 2}]}, {"groupName": "Return", "statisticsItems": [{"name": "First serve return points", "home": "6/23 (26%)", "away": "11/20 (55%)", "compareCode": 2}, {"name": "Second serve return points", "home": "1/1 (100%)", "away": "0/0 (0%)", "compareCode": 2}, {"name": "Break points converted", "home": "0", "away": "2", "compareCode": 2}, {"name": "Return games played", "home": "4", "away": "3", "compareCode": 2}]}, {"groupName": "Points", "statisticsItems": [{"name": "Service points won", "home": "9", "away": "17", "compareCode": 2}, {"name": "Receiver points won", "home": "7", "away": "11", "compareCode": 2}, {"name": "Total points won", "home": "16", "away": "28", "compareCode": 2}, {"name": "Max points in a row", "home": "3", "away": "6", "compareCode": 2}]}]}]}