{"statistics": [{"period": "ALL", "groups": [{"groupName": "Service", "statisticsItems": [{"name": "Aces", "home": "0", "away": "0", "compareCode": 3}, {"name": "Double faults", "home": "6", "away": "1", "compareCode": 1}, {"name": "First serve", "home": "37/58 (64%)", "away": "50/56 (89%)", "compareCode": 2}, {"name": "Second serve", "home": "15/21 (71%)", "away": "5/6 (83%)", "compareCode": 2}, {"name": "First serve points", "home": "24/37 (65%)", "away": "35/50 (70%)", "compareCode": 2}, {"name": "Second serve points", "home": "4/21 (19%)", "away": "1/6 (17%)", "compareCode": 1}, {"name": "Break points saved", "home": "3/8 (37%)", "away": "4/5 (80%)", "compareCode": 2}, {"name": "Service games played", "home": "9", "away": "8", "compareCode": 1}]}, {"groupName": "Return", "statisticsItems": [{"name": "First serve return points", "home": "15/50 (30%)", "away": "13/37 (35%)", "compareCode": 1}, {"name": "Second serve return points", "home": "5/6 (83%)", "away": "17/21 (80%)", "compareCode": 1}, {"name": "Break points converted", "home": "1", "away": "5", "compareCode": 2}, {"name": "Return games played", "home": "8", "away": "9", "compareCode": 1}]}, {"groupName": "Points", "statisticsItems": [{"name": "Service points won", "home": "28", "away": "36", "compareCode": 2}, {"name": "Receiver points won", "home": "20", "away": "30", "compareCode": 2}, {"name": "Total points won", "home": "48", "away": "66", "compareCode": 2}, {"name": "Max points in a row", "home": "3", "away": "6", "compareCode": 2}]}]}, {"period": "1ST", "groups": [{"groupName": "Service", "statisticsItems": [{"name": "Aces", "home": "0", "away": "0", "compareCode": 3}, {"name": "Double faults", "home": "3", "away": "1", "compareCode": 1}, {"name": "First serve", "home": "25/36 (69%)", "away": "30/33 (91%)", "compareCode": 2}, {"name": "Second serve", "home": "8/11 (73%)", "away": "2/3 (67%)", "compareCode": 1}, {"name": "First serve points", "home": "17/25 (68%)", "away": "21/30 (70%)", "compareCode": 2}, {"name": "Second serve points", "home": "2/11 (18%)", "away": "1/3 (33%)", "compareCode": 1}, {"name": "Break points saved", "home": "2/4 (50%)", "away": "4/4 (100%)", "compareCode": 3}, {"name": "Service games played", "home": "5", "away": "4", "compareCode": 1}]}, {"groupName": "Return", "statisticsItems": [{"name": "First serve return points", "home": "9/30 (30%)", "away": "8/25 (32%)", "compareCode": 1}, {"name": "Second serve return points", "home": "2/3 (66%)", "away": "9/11 (81%)", "compareCode": 1}, {"name": "Break points converted", "home": "0", "away": "2", "compareCode": 2}, {"name": "Return games played", "home": "4", "away": "5", "compareCode": 1}]}, {"groupName": "Points", "statisticsItems": [{"name": "Service points won", "home": "19", "away": "22", "compareCode": 2}, {"name": "Receiver points won", "home": "11", "away": "17", "compareCode": 2}, {"name": "Total points won", "home": "30", "away": "39", "compareCode": 2}, {"name": "Max points in a row", "home": "3", "away": "6", "compareCode": 2}]}]}, {"period": "2ND", "groups": [{"groupName": "Service", "statisticsItems": [{"name": "Aces", "home": "0", "away": "0", "compareCode": 3}, {"name": "Double faults", "home": "3", "away": "0", "compareCode": 1}, {"name": "First serve", "home": "12/22 (55%)", "away": "20/23 (87%)", "compareCode": 2}, {"name": "Second serve", "home": "7/10 (70%)", "away": "3/3 (100%)", "compareCode": 2}, {"name": "First serve points", "home": "7/12 (58%)", "away": "14/20 (70%)", "compareCode": 2}, {"name": "Second serve points", "home": "2/10 (20%)", "away": "0/3 (0%)", "compareCode": 1}, {"name": "Break points saved", "home": "1/4 (25%)", "away": "0/1 (0%)", "compareCode": 2}, {"name": "Service games played", "home": "4", "away": "4", "compareCode": 3}]}, {"groupName": "Return", "statisticsItems": [{"name": "First serve return points", "home": "6/20 (30%)", "away": "5/12 (41%)", "compareCode": 2}, {"name": "Second serve return points", "home": "3/3 (100%)", "away": "8/10 (80%)", "compareCode": 1}, {"name": "Break points converted", "home": "1", "away": "3", "compareCode": 2}, {"name": "Return games played", "home": "4", "away": "4", "compareCode": 3}]}, {"groupName": "Points", "statisticsItems": [{"name": "Service points won", "home": "9", "away": "14", "compareCode": 2}, {"name": "Receiver points won", "home": "9", "away": "13", "compareCode": 2}, {"name": "Total points won", "home": "18", "away": "27", "compareCode": 2}, {"name": "Max points in a row", "home": "3", "away": "6", "compareCode": 2}]}]}]}