{"statistics": [{"period": "ALL", "groups": [{"groupName": "Service", "statisticsItems": [{"name": "Aces", "home": "1", "away": "0", "compareCode": 1}, {"name": "Double faults", "home": "5", "away": "2", "compareCode": 1}, {"name": "First serve", "home": "19/50 (38%)", "away": "36/44 (82%)", "compareCode": 2}, {"name": "Second serve", "home": "26/31 (84%)", "away": "6/8 (75%)", "compareCode": 1}, {"name": "First serve points", "home": "7/19 (37%)", "away": "23/36 (64%)", "compareCode": 2}, {"name": "Second serve points", "home": "12/31 (39%)", "away": "5/8 (63%)", "compareCode": 1}, {"name": "Break points saved", "home": "5/11 (45%)", "away": "2/4 (50%)", "compareCode": 2}, {"name": "Service games played", "home": "8", "away": "8", "compareCode": 3}]}, {"groupName": "Return", "statisticsItems": [{"name": "First serve return points", "home": "13/36 (36%)", "away": "12/19 (63%)", "compareCode": 1}, {"name": "Second serve return points", "home": "3/8 (37%)", "away": "19/31 (61%)", "compareCode": 1}, {"name": "Break points converted", "home": "2", "away": "6", "compareCode": 2}, {"name": "Return games played", "home": "8", "away": "8", "compareCode": 3}]}, {"groupName": "Points", "statisticsItems": [{"name": "Service points won", "home": "19", "away": "28", "compareCode": 2}, {"name": "Receiver points won", "home": "16", "away": "31", "compareCode": 2}, {"name": "Total points won", "home": "35", "away": "59", "compareCode": 2}, {"name": "Max points in a row", "home": "10", "away": "12", "compareCode": 2}]}]}, {"period": "1ST", "groups": [{"groupName": "Service", "statisticsItems": [{"name": "Aces", "home": "0", "away": "0", "compareCode": 3}, {"name": "Double faults", "home": "3", "away": "0", "compareCode": 1}, {"name": "First serve", "home": "9/24 (38%)", "away": "12/15 (80%)", "compareCode": 2}, {"name": "Second serve", "home": "12/15 (80%)", "away": "3/3 (100%)", "compareCode": 2}, {"name": "First serve points", "home": "3/9 (33%)", "away": "9/12 (75%)", "compareCode": 2}, {"name": "Second serve points", "home": "5/15 (33%)", "away": "3/3 (100%)", "compareCode": 1}, {"name": "Break points saved", "home": "5/8 (62%)", "away": "0/0 (0%)", "compareCode": 2}, {"name": "Service games played", "home": "3", "away": "3", "compareCode": 3}]}, {"groupName": "Return", "statisticsItems": [{"name": "First serve return points", "home": "3/12 (25%)", "away": "6/9 (66%)", "compareCode": 1}, {"name": "Second serve return points", "home": "0/3 (0%)", "away": "10/15 (66%)", "compareCode": 1}, {"name": "Break points converted", "home": "0", "away": "3", "compareCode": 2}, {"name": "Return games played", "home": "3", "away": "3", "compareCode": 3}]}, {"groupName": "Points", "statisticsItems": [{"name": "Service points won", "home": "8", "away": "12", "compareCode": 2}, {"name": "Receiver points won", "home": "3", "away": "16", "compareCode": 2}, {"name": "Total points won", "home": "11", "away": "28", "compareCode": 2}, {"name": "Max points in a row", "home": "3", "away": "9", "compareCode": 2}]}]}, {"period": "2ND", "groups": [{"groupName": "Service", "statisticsItems": [{"name": "Aces", "home": "1", "away": "0", "compareCode": 1}, {"name": "Double faults", "home": "2", "away": "2", "compareCode": 3}, {"name": "First serve", "home": "10/26 (38%)", "away": "24/29 (83%)", "compareCode": 2}, {"name": "Second serve", "home": "14/16 (88%)", "away": "3/5 (60%)", "compareCode": 1}, {"name": "First serve points", "home": "4/10 (40%)", "away": "14/24 (58%)", "compareCode": 2}, {"name": "Second serve points", "home": "7/16 (44%)", "away": "2/5 (40%)", "compareCode": 1}, {"name": "Break points saved", "home": "0/3 (0%)", "away": "2/4 (50%)", "compareCode": 1}, {"name": "Service games played", "home": "5", "away": "5", "compareCode": 3}]}, {"groupName": "Return", "statisticsItems": [{"name": "First serve return points", "home": "10/24 (41%)", "away": "6/10 (60%)", "compareCode": 2}, {"name": "Second serve return points", "home": "3/5 (60%)", "away": "9/16 (56%)", "compareCode": 1}, {"name": "Break points converted", "home": "2", "away": "3", "compareCode": 2}, {"name": "Return games played", "home": "5", "away": "5", "compareCode": 3}]}, {"groupName": "Points", "statisticsItems": [{"name": "Service points won", "home": "11", "away": "16", "compareCode": 2}, {"name": "Receiver points won", "home": "13", "away": "15", "compareCode": 2}, {"name": "Total points won", "home": "24", "away": "31", "compareCode": 2}, {"name": "Max points in a row", "home": "10", "away": "12", "compareCode": 2}]}]}]}