{"statistics": [{"period": "ALL", "groups": [{"groupName": "Service", "statisticsItems": [{"name": "Aces", "home": "2", "away": "1", "compareCode": 1}, {"name": "Double faults", "home": "8", "away": "6", "compareCode": 1}, {"name": "First serve", "home": "25/49 (51%)", "away": "38/67 (57%)", "compareCode": 2}, {"name": "Second serve", "home": "16/24 (67%)", "away": "23/29 (79%)", "compareCode": 2}, {"name": "First serve points", "home": "12/25 (48%)", "away": "24/38 (63%)", "compareCode": 2}, {"name": "Second serve points", "home": "9/24 (38%)", "away": "14/29 (48%)", "compareCode": 2}, {"name": "Break points saved", "home": "2/8 (25%)", "away": "10/13 (76%)", "compareCode": 1}, {"name": "Service games played", "home": "8", "away": "9", "compareCode": 2}]}, {"groupName": "Return", "statisticsItems": [{"name": "First serve return points", "home": "14/38 (36%)", "away": "13/25 (52%)", "compareCode": 2}, {"name": "Second serve return points", "home": "15/29 (51%)", "away": "15/24 (62%)", "compareCode": 2}, {"name": "Break points converted", "home": "3", "away": "6", "compareCode": 2}, {"name": "Return games played", "home": "9", "away": "8", "compareCode": 2}]}, {"groupName": "Points", "statisticsItems": [{"name": "Service points won", "home": "21", "away": "38", "compareCode": 2}, {"name": "Receiver points won", "home": "29", "away": "28", "compareCode": 1}, {"name": "Total points won", "home": "50", "away": "66", "compareCode": 2}, {"name": "Max points in a row", "home": "4", "away": "6", "compareCode": 2}]}]}, {"period": "1ST", "groups": [{"groupName": "Service", "statisticsItems": [{"name": "Aces", "home": "0", "away": "1", "compareCode": 2}, {"name": "Double faults", "home": "3", "away": "2", "compareCode": 1}, {"name": "First serve", "home": "13/19 (68%)", "away": "18/31 (58%)", "compareCode": 1}, {"name": "Second serve", "home": "3/6 (50%)", "away": "11/13 (85%)", "compareCode": 2}, {"name": "First serve points", "home": "5/13 (38%)", "away": "10/18 (56%)", "compareCode": 2}, {"name": "Second serve points", "home": "1/6 (17%)", "away": "8/13 (62%)", "compareCode": 2}, {"name": "Break points saved", "home": "0/3 (0%)", "away": "4/5 (80%)", "compareCode": 1}, {"name": "Service games played", "home": "3", "away": "4", "compareCode": 2}]}, {"groupName": "Return", "statisticsItems": [{"name": "First serve return points", "home": "8/18 (44%)", "away": "8/13 (61%)", "compareCode": 2}, {"name": "Second serve return points", "home": "5/13 (38%)", "away": "5/6 (83%)", "compareCode": 2}, {"name": "Break points converted", "home": "1", "away": "3", "compareCode": 2}, {"name": "Return games played", "home": "4", "away": "3", "compareCode": 2}]}, {"groupName": "Points", "statisticsItems": [{"name": "Service points won", "home": "6", "away": "18", "compareCode": 2}, {"name": "Receiver points won", "home": "13", "away": "13", "compareCode": 3}, {"name": "Total points won", "home": "19", "away": "31", "compareCode": 2}, {"name": "Max points in a row", "home": "3", "away": "4", "compareCode": 2}]}]}, {"period": "2ND", "groups": [{"groupName": "Service", "statisticsItems": [{"name": "Aces", "home": "2", "away": "0", "compareCode": 1}, {"name": "Double faults", "home": "5", "away": "4", "compareCode": 1}, {"name": "First serve", "home": "12/30 (40%)", "away": "20/36 (56%)", "compareCode": 2}, {"name": "Second serve", "home": "13/18 (72%)", "away": "12/16 (75%)", "compareCode": 2}, {"name": "First serve points", "home": "7/12 (58%)", "away": "14/20 (70%)", "compareCode": 2}, {"name": "Second serve points", "home": "8/18 (44%)", "away": "6/16 (38%)", "compareCode": 1}, {"name": "Break points saved", "home": "2/5 (40%)", "away": "6/8 (75%)", "compareCode": 1}, {"name": "Service games played", "home": "5", "away": "5", "compareCode": 3}]}, {"groupName": "Return", "statisticsItems": [{"name": "First serve return points", "home": "6/20 (30%)", "away": "5/12 (41%)", "compareCode": 2}, {"name": "Second serve return points", "home": "10/16 (62%)", "away": "10/18 (55%)", "compareCode": 1}, {"name": "Break points converted", "home": "2", "away": "3", "compareCode": 2}, {"name": "Return games played", "home": "5", "away": "5", "compareCode": 3}]}, {"groupName": "Points", "statisticsItems": [{"name": "Service points won", "home": "15", "away": "20", "compareCode": 2}, {"name": "Receiver points won", "home": "16", "away": "15", "compareCode": 1}, {"name": "Total points won", "home": "31", "away": "35", "compareCode": 2}, {"name": "Max points in a row", "home": "4", "away": "6", "compareCode": 2}]}]}]}