{"statistics": [{"period": "ALL", "groups": [{"groupName": "Service", "statisticsItems": [{"name": "Aces", "home": "0", "away": "1", "compareCode": 2}, {"name": "Double faults", "home": "3", "away": "5", "compareCode": 2}, {"name": "First serve", "home": "35/55 (64%)", "away": "26/50 (52%)", "compareCode": 1}, {"name": "Second serve", "home": "17/20 (85%)", "away": "19/24 (79%)", "compareCode": 1}, {"name": "First serve points", "home": "19/35 (54%)", "away": "24/26 (92%)", "compareCode": 2}, {"name": "Second serve points", "home": "9/20 (45%)", "away": "14/24 (58%)", "compareCode": 2}, {"name": "Break points saved", "home": "4/8 (50%)", "away": "1/1 (100%)", "compareCode": 2}, {"name": "Service games played", "home": "9", "away": "9", "compareCode": 3}]}, {"groupName": "Return", "statisticsItems": [{"name": "First serve return points", "home": "2/26 (7%)", "away": "16/35 (45%)", "compareCode": 1}, {"name": "Second serve return points", "home": "10/24 (41%)", "away": "11/20 (55%)", "compareCode": 2}, {"name": "Break points converted", "home": "0", "away": "4", "compareCode": 2}, {"name": "Return games played", "home": "9", "away": "9", "compareCode": 3}]}, {"groupName": "Points", "statisticsItems": [{"name": "Service points won", "home": "28", "away": "38", "compareCode": 2}, {"name": "Receiver points won", "home": "12", "away": "27", "compareCode": 2}, {"name": "Total points won", "home": "40", "away": "65", "compareCode": 2}, {"name": "Max points in a row", "home": "5", "away": "12", "compareCode": 2}]}]}, {"period": "1ST", "groups": [{"groupName": "Service", "statisticsItems": [{"name": "Aces", "home": "0", "away": "0", "compareCode": 3}, {"name": "Double faults", "home": "2", "away": "3", "compareCode": 2}, {"name": "First serve", "home": "23/35 (66%)", "away": "17/32 (53%)", "compareCode": 1}, {"name": "Second serve", "home": "10/12 (83%)", "away": "12/15 (80%)", "compareCode": 1}, {"name": "First serve points", "home": "15/23 (65%)", "away": "16/17 (94%)", "compareCode": 2}, {"name": "Second serve points", "home": "7/12 (58%)", "away": "8/15 (53%)", "compareCode": 2}, {"name": "Break points saved", "home": "0/1 (0%)", "away": "0/0 (0%)", "compareCode": 2}, {"name": "Service games played", "home": "6", "away": "6", "compareCode": 3}]}, {"groupName": "Return", "statisticsItems": [{"name": "First serve return points", "home": "1/17 (5%)", "away": "8/23 (34%)", "compareCode": 1}, {"name": "Second serve return points", "home": "7/15 (46%)", "away": "5/12 (41%)", "compareCode": 2}, {"name": "Break points converted", "home": "0", "away": "1", "compareCode": 2}, {"name": "Return games played", "home": "6", "away": "6", "compareCode": 3}]}, {"groupName": "Points", "statisticsItems": [{"name": "Service points won", "home": "22", "away": "24", "compareCode": 2}, {"name": "Receiver points won", "home": "8", "away": "13", "compareCode": 2}, {"name": "Total points won", "home": "30", "away": "37", "compareCode": 2}, {"name": "Max points in a row", "home": "5", "away": "5", "compareCode": 3}]}]}, {"period": "2ND", "groups": [{"groupName": "Service", "statisticsItems": [{"name": "Aces", "home": "0", "away": "1", "compareCode": 2}, {"name": "Double faults", "home": "1", "away": "2", "compareCode": 2}, {"name": "First serve", "home": "12/20 (60%)", "away": "9/18 (50%)", "compareCode": 1}, {"name": "Second serve", "home": "7/8 (88%)", "away": "7/9 (78%)", "compareCode": 1}, {"name": "First serve points", "home": "4/12 (33%)", "away": "8/9 (89%)", "compareCode": 2}, {"name": "Second serve points", "home": "2/8 (25%)", "away": "6/9 (67%)", "compareCode": 2}, {"name": "Break points saved", "home": "4/7 (57%)", "away": "1/1 (100%)", "compareCode": 2}, {"name": "Service games played", "home": "3", "away": "3", "compareCode": 3}]}, {"groupName": "Return", "statisticsItems": [{"name": "First serve return points", "home": "1/9 (11%)", "away": "8/12 (66%)", "compareCode": 1}, {"name": "Second serve return points", "home": "3/9 (33%)", "away": "6/8 (75%)", "compareCode": 2}, {"name": "Break points converted", "home": "0", "away": "3", "compareCode": 2}, {"name": "Return games played", "home": "3", "away": "3", "compareCode": 3}]}, {"groupName": "Points", "statisticsItems": [{"name": "Service points won", "home": "6", "away": "14", "compareCode": 2}, {"name": "Receiver points won", "home": "4", "away": "14", "compareCode": 2}, {"name": "Total points won", "home": "10", "away": "28", "compareCode": 2}, {"name": "Max points in a row", "home": "4", "away": "12", "compareCode": 2}]}]}]}