{"statistics": [{"period": "ALL", "groups": [{"groupName": "Service", "statisticsItems": [{"name": "Aces", "home": "3", "away": "1", "compareCode": 1}, {"name": "Double faults", "home": "7", "away": "6", "compareCode": 1}, {"name": "First serve", "home": "73/99 (74%)", "away": "45/95 (47%)", "compareCode": 1}, {"name": "Second serve", "home": "19/26 (73%)", "away": "44/50 (88%)", "compareCode": 2}, {"name": "First serve points", "home": "43/73 (59%)", "away": "26/45 (58%)", "compareCode": 1}, {"name": "Second serve points", "home": "12/26 (46%)", "away": "27/50 (54%)", "compareCode": 2}, {"name": "Break points saved", "home": "4/7 (57%)", "away": "8/11 (72%)", "compareCode": 1}, {"name": "Service games played", "home": "12", "away": "12", "compareCode": 3}]}, {"groupName": "Return", "statisticsItems": [{"name": "First serve return points", "home": "19/45 (42%)", "away": "30/73 (41%)", "compareCode": 1}, {"name": "Second serve return points", "home": "23/50 (46%)", "away": "14/26 (53%)", "compareCode": 2}, {"name": "Break points converted", "home": "3", "away": "3", "compareCode": 3}, {"name": "Return games played", "home": "12", "away": "12", "compareCode": 3}]}, {"groupName": "Points", "statisticsItems": [{"name": "Service points won", "home": "55", "away": "53", "compareCode": 1}, {"name": "Receiver points won", "home": "42", "away": "44", "compareCode": 2}, {"name": "Total points won", "home": "97", "away": "97", "compareCode": 3}, {"name": "Max points in a row", "home": "5", "away": "8", "compareCode": 2}]}]}, {"period": "1ST", "groups": [{"groupName": "Service", "statisticsItems": [{"name": "Aces", "home": "2", "away": "0", "compareCode": 1}, {"name": "Double faults", "home": "4", "away": "3", "compareCode": 1}, {"name": "First serve", "home": "26/41 (63%)", "away": "16/44 (36%)", "compareCode": 1}, {"name": "Second serve", "home": "11/15 (73%)", "away": "25/28 (89%)", "compareCode": 2}, {"name": "First serve points", "home": "16/26 (62%)", "away": "10/16 (63%)", "compareCode": 1}, {"name": "Second serve points", "home": "7/15 (47%)", "away": "15/28 (54%)", "compareCode": 2}, {"name": "Break points saved", "home": "0/2 (0%)", "away": "3/5 (60%)", "compareCode": 1}, {"name": "Service games played", "home": "6", "away": "6", "compareCode": 3}]}, {"groupName": "Return", "statisticsItems": [{"name": "First serve return points", "home": "6/16 (37%)", "away": "10/26 (38%)", "compareCode": 2}, {"name": "Second serve return points", "home": "13/28 (46%)", "away": "8/15 (53%)", "compareCode": 2}, {"name": "Break points converted", "home": "2", "away": "2", "compareCode": 3}, {"name": "Return games played", "home": "6", "away": "6", "compareCode": 3}]}, {"groupName": "Points", "statisticsItems": [{"name": "Service points won", "home": "23", "away": "25", "compareCode": 2}, {"name": "Receiver points won", "home": "19", "away": "18", "compareCode": 1}, {"name": "Total points won", "home": "42", "away": "43", "compareCode": 2}, {"name": "Max points in a row", "home": "5", "away": "8", "compareCode": 2}]}]}, {"period": "2ND", "groups": [{"groupName": "Service", "statisticsItems": [{"name": "Aces", "home": "1", "away": "1", "compareCode": 3}, {"name": "Double faults", "home": "3", "away": "3", "compareCode": 3}, {"name": "First serve", "home": "47/58 (81%)", "away": "29/51 (57%)", "compareCode": 1}, {"name": "Second serve", "home": "8/11 (73%)", "away": "19/22 (86%)", "compareCode": 2}, {"name": "First serve points", "home": "27/47 (57%)", "away": "16/29 (55%)", "compareCode": 1}, {"name": "Second serve points", "home": "5/11 (45%)", "away": "12/22 (55%)", "compareCode": 2}, {"name": "Break points saved", "home": "4/5 (80%)", "away": "5/6 (83%)", "compareCode": 1}, {"name": "Service games played", "home": "6", "away": "6", "compareCode": 3}]}, {"groupName": "Return", "statisticsItems": [{"name": "First serve return points", "home": "13/29 (44%)", "away": "20/47 (42%)", "compareCode": 1}, {"name": "Second serve return points", "home": "10/22 (45%)", "away": "6/11 (54%)", "compareCode": 2}, {"name": "Break points converted", "home": "1", "away": "1", "compareCode": 3}, {"name": "Return games played", "home": "6", "away": "6", "compareCode": 3}]}, {"groupName": "Points", "statisticsItems": [{"name": "Service points won", "home": "32", "away": "28", "compareCode": 1}, {"name": "Receiver points won", "home": "23", "away": "26", "compareCode": 2}, {"name": "Total points won", "home": "55", "away": "54", "compareCode": 1}, {"name": "Max points in a row", "home": "4", "away": "5", "compareCode": 2}]}]}]}