{"statistics": [{"period": "ALL", "groups": [{"groupName": "Service", "statisticsItems": [{"name": "Aces", "home": "0", "away": "0", "compareCode": 3}, {"name": "Double faults", "home": "1", "away": "1", "compareCode": 3}, {"name": "First serve", "home": "45/50 (90%)", "away": "55/61 (90%)", "compareCode": 3}, {"name": "Second serve", "home": "4/5 (80%)", "away": "5/6 (83%)", "compareCode": 2}, {"name": "First serve points", "home": "20/45 (44%)", "away": "34/55 (62%)", "compareCode": 2}, {"name": "Second serve points", "home": "2/5 (40%)", "away": "3/6 (50%)", "compareCode": 2}, {"name": "Break points saved", "home": "5/10 (50%)", "away": "6/7 (85%)", "compareCode": 2}, {"name": "Service games played", "home": "8", "away": "8", "compareCode": 3}]}, {"groupName": "Return", "statisticsItems": [{"name": "First serve return points", "home": "21/55 (38%)", "away": "25/45 (55%)", "compareCode": 2}, {"name": "Second serve return points", "home": "3/6 (50%)", "away": "3/5 (60%)", "compareCode": 2}, {"name": "Break points converted", "home": "1", "away": "5", "compareCode": 2}, {"name": "Return games played", "home": "8", "away": "8", "compareCode": 3}]}, {"groupName": "Points", "statisticsItems": [{"name": "Service points won", "home": "22", "away": "37", "compareCode": 2}, {"name": "Receiver points won", "home": "24", "away": "28", "compareCode": 2}, {"name": "Total points won", "home": "46", "away": "65", "compareCode": 2}, {"name": "Max points in a row", "home": "3", "away": "9", "compareCode": 2}]}]}, {"period": "1ST", "groups": [{"groupName": "Service", "statisticsItems": [{"name": "Aces", "home": "0", "away": "0", "compareCode": 3}, {"name": "Double faults", "home": "1", "away": "0", "compareCode": 1}, {"name": "First serve", "home": "24/28 (86%)", "away": "17/22 (77%)", "compareCode": 1}, {"name": "Second serve", "home": "3/4 (75%)", "away": "5/5 (100%)", "compareCode": 2}, {"name": "First serve points", "home": "10/24 (42%)", "away": "11/17 (65%)", "compareCode": 2}, {"name": "Second serve points", "home": "1/4 (25%)", "away": "3/5 (60%)", "compareCode": 2}, {"name": "Break points saved", "home": "4/7 (57%)", "away": "2/2 (100%)", "compareCode": 2}, {"name": "Service games played", "home": "4", "away": "3", "compareCode": 1}]}, {"groupName": "Return", "statisticsItems": [{"name": "First serve return points", "home": "6/17 (35%)", "away": "14/24 (58%)", "compareCode": 1}, {"name": "Second serve return points", "home": "2/5 (40%)", "away": "3/4 (75%)", "compareCode": 2}, {"name": "Break points converted", "home": "0", "away": "3", "compareCode": 2}, {"name": "Return games played", "home": "3", "away": "4", "compareCode": 1}]}, {"groupName": "Points", "statisticsItems": [{"name": "Service points won", "home": "11", "away": "14", "compareCode": 2}, {"name": "Receiver points won", "home": "8", "away": "17", "compareCode": 2}, {"name": "Total points won", "home": "19", "away": "31", "compareCode": 2}, {"name": "Max points in a row", "home": "3", "away": "9", "compareCode": 2}]}]}, {"period": "2ND", "groups": [{"groupName": "Service", "statisticsItems": [{"name": "Aces", "home": "0", "away": "0", "compareCode": 3}, {"name": "Double faults", "home": "0", "away": "1", "compareCode": 2}, {"name": "First serve", "home": "21/22 (95%)", "away": "38/39 (97%)", "compareCode": 2}, {"name": "Second serve", "home": "1/1 (100%)", "away": "0/1 (0%)", "compareCode": 1}, {"name": "First serve points", "home": "10/21 (48%)", "away": "23/38 (61%)", "compareCode": 2}, {"name": "Second serve points", "home": "1/1 (100%)", "away": "0/1 (0%)", "compareCode": 1}, {"name": "Break points saved", "home": "1/3 (33%)", "away": "4/5 (80%)", "compareCode": 1}, {"name": "Service games played", "home": "4", "away": "5", "compareCode": 2}]}, {"groupName": "Return", "statisticsItems": [{"name": "First serve return points", "home": "15/38 (39%)", "away": "11/21 (52%)", "compareCode": 2}, {"name": "Second serve return points", "home": "1/1 (100%)", "away": "0/1 (0%)", "compareCode": 3}, {"name": "Break points converted", "home": "1", "away": "2", "compareCode": 2}, {"name": "Return games played", "home": "5", "away": "4", "compareCode": 2}]}, {"groupName": "Points", "statisticsItems": [{"name": "Service points won", "home": "11", "away": "23", "compareCode": 2}, {"name": "Receiver points won", "home": "16", "away": "11", "compareCode": 1}, {"name": "Total points won", "home": "27", "away": "34", "compareCode": 2}, {"name": "Max points in a row", "home": "3", "away": "7", "compareCode": 2}]}]}]}