{"statistics": [{"period": "ALL", "groups": [{"groupName": "Service", "statisticsItems": [{"name": "Aces", "home": "1", "away": "1", "compareCode": 3}, {"name": "Double faults", "home": "1", "away": "1", "compareCode": 3}, {"name": "First serve", "home": "41/57 (72%)", "away": "46/60 (77%)", "compareCode": 2}, {"name": "Second serve", "home": "15/16 (94%)", "away": "13/14 (93%)", "compareCode": 1}, {"name": "First serve points", "home": "22/41 (54%)", "away": "30/46 (65%)", "compareCode": 2}, {"name": "Second serve points", "home": "8/16 (50%)", "away": "3/14 (21%)", "compareCode": 1}, {"name": "Break points saved", "home": "2/6 (33%)", "away": "2/6 (33%)", "compareCode": 3}, {"name": "Service games played", "home": "9", "away": "10", "compareCode": 2}]}, {"groupName": "Return", "statisticsItems": [{"name": "First serve return points", "home": "16/46 (34%)", "away": "19/41 (46%)", "compareCode": 2}, {"name": "Second serve return points", "home": "11/14 (78%)", "away": "8/16 (50%)", "compareCode": 1}, {"name": "Break points converted", "home": "4", "away": "4", "compareCode": 3}, {"name": "Return games played", "home": "10", "away": "9", "compareCode": 2}]}, {"groupName": "Points", "statisticsItems": [{"name": "Service points won", "home": "30", "away": "33", "compareCode": 2}, {"name": "Receiver points won", "home": "27", "away": "27", "compareCode": 3}, {"name": "Total points won", "home": "57", "away": "60", "compareCode": 2}, {"name": "Max points in a row", "home": "8", "away": "6", "compareCode": 1}]}]}, {"period": "1ST", "groups": [{"groupName": "Service", "statisticsItems": [{"name": "Aces", "home": "0", "away": "0", "compareCode": 3}, {"name": "Double faults", "home": "1", "away": "0", "compareCode": 1}, {"name": "First serve", "home": "17/24 (71%)", "away": "28/29 (97%)", "compareCode": 2}, {"name": "Second serve", "home": "6/7 (86%)", "away": "1/1 (100%)", "compareCode": 2}, {"name": "First serve points", "home": "10/17 (59%)", "away": "19/28 (68%)", "compareCode": 2}, {"name": "Second serve points", "home": "3/7 (43%)", "away": "0/1 (0%)", "compareCode": 1}, {"name": "Break points saved", "home": "1/3 (33%)", "away": "2/3 (66%)", "compareCode": 3}, {"name": "Service games played", "home": "4", "away": "5", "compareCode": 2}]}, {"groupName": "Return", "statisticsItems": [{"name": "First serve return points", "home": "9/28 (32%)", "away": "7/17 (41%)", "compareCode": 2}, {"name": "Second serve return points", "home": "1/1 (100%)", "away": "4/7 (57%)", "compareCode": 1}, {"name": "Break points converted", "home": "1", "away": "2", "compareCode": 2}, {"name": "Return games played", "home": "5", "away": "4", "compareCode": 2}]}, {"groupName": "Points", "statisticsItems": [{"name": "Service points won", "home": "13", "away": "19", "compareCode": 2}, {"name": "Receiver points won", "home": "10", "away": "11", "compareCode": 2}, {"name": "Total points won", "home": "23", "away": "30", "compareCode": 2}, {"name": "Max points in a row", "home": "4", "away": "4", "compareCode": 3}]}]}, {"period": "2ND", "groups": [{"groupName": "Service", "statisticsItems": [{"name": "Aces", "home": "1", "away": "1", "compareCode": 3}, {"name": "Double faults", "home": "0", "away": "1", "compareCode": 2}, {"name": "First serve", "home": "19/26 (73%)", "away": "12/24 (50%)", "compareCode": 1}, {"name": "Second serve", "home": "7/7 (100%)", "away": "11/12 (92%)", "compareCode": 1}, {"name": "First serve points", "home": "10/19 (53%)", "away": "7/12 (58%)", "compareCode": 1}, {"name": "Second serve points", "home": "5/7 (71%)", "away": "2/12 (17%)", "compareCode": 1}, {"name": "Break points saved", "home": "1/3 (33%)", "away": "0/3 (0%)", "compareCode": 3}, {"name": "Service games played", "home": "5", "away": "5", "compareCode": 3}]}, {"groupName": "Return", "statisticsItems": [{"name": "First serve return points", "home": "5/12 (41%)", "away": "9/19 (47%)", "compareCode": 1}, {"name": "Second serve return points", "home": "10/12 (83%)", "away": "2/7 (28%)", "compareCode": 2}, {"name": "Break points converted", "home": "3", "away": "2", "compareCode": 1}, {"name": "Return games played", "home": "5", "away": "5", "compareCode": 3}]}, {"groupName": "Points", "statisticsItems": [{"name": "Service points won", "home": "15", "away": "9", "compareCode": 1}, {"name": "Receiver points won", "home": "15", "away": "11", "compareCode": 1}, {"name": "Total points won", "home": "30", "away": "20", "compareCode": 1}, {"name": "Max points in a row", "home": "8", "away": "5", "compareCode": 1}]}]}, {"period": "3RD", "groups": [{"groupName": "Service", "statisticsItems": [{"name": "Aces", "home": "0", "away": "0", "compareCode": 3}, {"name": "Double faults", "home": "0", "away": "0", "compareCode": 3}, {"name": "First serve", "home": "5/7 (71%)", "away": "6/7 (86%)", "compareCode": 2}, {"name": "Second serve", "home": "2/2 (100%)", "away": "1/1 (100%)", "compareCode": 3}, {"name": "First serve points", "home": "2/5 (40%)", "away": "4/6 (67%)", "compareCode": 2}, {"name": "Second serve points", "home": "0/2 (0%)", "away": "1/1 (100%)", "compareCode": 2}, {"name": "Break points saved", "home": "0/0 (0%)", "away": "0/0 (0%)", "compareCode": 3}, {"name": "Service games played", "home": "0", "away": "0", "compareCode": 3}]}, {"groupName": "Return", "statisticsItems": [{"name": "First serve return points", "home": "2/6 (33%)", "away": "3/5 (60%)", "compareCode": 3}, {"name": "Second serve return points", "home": "0/1 (0%)", "away": "2/2 (100%)", "compareCode": 1}, {"name": "Break points converted", "home": "0", "away": "0", "compareCode": 3}, {"name": "Return games played", "home": "0", "away": "0", "compareCode": 3}]}, {"groupName": "Points", "statisticsItems": [{"name": "Service points won", "home": "2", "away": "5", "compareCode": 2}, {"name": "Receiver points won", "home": "2", "away": "5", "compareCode": 2}, {"name": "Total points won", "home": "4", "away": "10", "compareCode": 2}, {"name": "Max points in a row", "home": "2", "away": "6", "compareCode": 2}]}]}]}