{"statistics": [{"period": "ALL", "groups": [{"groupName": "Service", "statisticsItems": [{"name": "Aces", "home": "0", "away": "1", "compareCode": 2}, {"name": "Double faults", "home": "2", "away": "3", "compareCode": 2}, {"name": "First serve", "home": "32/55 (58%)", "away": "48/66 (73%)", "compareCode": 2}, {"name": "Second serve", "home": "21/23 (91%)", "away": "15/18 (83%)", "compareCode": 1}, {"name": "First serve points", "home": "20/32 (63%)", "away": "27/48 (56%)", "compareCode": 2}, {"name": "Second serve points", "home": "9/23 (39%)", "away": "9/18 (50%)", "compareCode": 3}, {"name": "Break points saved", "home": "3/7 (42%)", "away": "5/8 (62%)", "compareCode": 1}, {"name": "Service games played", "home": "8", "away": "8", "compareCode": 3}]}, {"groupName": "Return", "statisticsItems": [{"name": "First serve return points", "home": "21/48 (43%)", "away": "12/32 (37%)", "compareCode": 2}, {"name": "Second serve return points", "home": "9/18 (50%)", "away": "14/23 (60%)", "compareCode": 1}, {"name": "Break points converted", "home": "3", "away": "4", "compareCode": 2}, {"name": "Return games played", "home": "8", "away": "8", "compareCode": 3}]}, {"groupName": "Points", "statisticsItems": [{"name": "Service points won", "home": "29", "away": "36", "compareCode": 2}, {"name": "Receiver points won", "home": "30", "away": "26", "compareCode": 1}, {"name": "Total points won", "home": "59", "away": "62", "compareCode": 2}, {"name": "Max points in a row", "home": "8", "away": "5", "compareCode": 1}]}]}, {"period": "1ST", "groups": [{"groupName": "Service", "statisticsItems": [{"name": "Aces", "home": "0", "away": "0", "compareCode": 3}, {"name": "Double faults", "home": "1", "away": "2", "compareCode": 2}, {"name": "First serve", "home": "13/23 (57%)", "away": "25/38 (66%)", "compareCode": 2}, {"name": "Second serve", "home": "9/10 (90%)", "away": "11/13 (85%)", "compareCode": 1}, {"name": "First serve points", "home": "11/13 (85%)", "away": "14/25 (56%)", "compareCode": 2}, {"name": "Second serve points", "home": "6/10 (60%)", "away": "7/13 (54%)", "compareCode": 2}, {"name": "Break points saved", "home": "0/0 (0%)", "away": "4/6 (66%)", "compareCode": 1}, {"name": "Service games played", "home": "4", "away": "5", "compareCode": 2}]}, {"groupName": "Return", "statisticsItems": [{"name": "First serve return points", "home": "11/25 (44%)", "away": "2/13 (15%)", "compareCode": 2}, {"name": "Second serve return points", "home": "6/13 (46%)", "away": "4/10 (40%)", "compareCode": 2}, {"name": "Break points converted", "home": "2", "away": "0", "compareCode": 1}, {"name": "Return games played", "home": "5", "away": "4", "compareCode": 2}]}, {"groupName": "Points", "statisticsItems": [{"name": "Service points won", "home": "17", "away": "21", "compareCode": 2}, {"name": "Receiver points won", "home": "17", "away": "6", "compareCode": 1}, {"name": "Total points won", "home": "34", "away": "27", "compareCode": 1}, {"name": "Max points in a row", "home": "6", "away": "4", "compareCode": 1}]}]}, {"period": "2ND", "groups": [{"groupName": "Service", "statisticsItems": [{"name": "Aces", "home": "0", "away": "1", "compareCode": 2}, {"name": "Double faults", "home": "1", "away": "1", "compareCode": 3}, {"name": "First serve", "home": "15/23 (65%)", "away": "15/19 (79%)", "compareCode": 2}, {"name": "Second serve", "home": "7/8 (88%)", "away": "3/4 (75%)", "compareCode": 1}, {"name": "First serve points", "home": "6/15 (40%)", "away": "9/15 (60%)", "compareCode": 2}, {"name": "Second serve points", "home": "1/8 (13%)", "away": "2/4 (50%)", "compareCode": 2}, {"name": "Break points saved", "home": "3/7 (42%)", "away": "1/2 (50%)", "compareCode": 2}, {"name": "Service games played", "home": "4", "away": "3", "compareCode": 1}]}, {"groupName": "Return", "statisticsItems": [{"name": "First serve return points", "home": "6/15 (40%)", "away": "9/15 (60%)", "compareCode": 1}, {"name": "Second serve return points", "home": "2/4 (50%)", "away": "7/8 (87%)", "compareCode": 1}, {"name": "Break points converted", "home": "1", "away": "4", "compareCode": 2}, {"name": "Return games played", "home": "3", "away": "4", "compareCode": 1}]}, {"groupName": "Points", "statisticsItems": [{"name": "Service points won", "home": "7", "away": "11", "compareCode": 2}, {"name": "Receiver points won", "home": "8", "away": "16", "compareCode": 2}, {"name": "Total points won", "home": "15", "away": "27", "compareCode": 2}, {"name": "Max points in a row", "home": "3", "away": "5", "compareCode": 2}]}]}, {"period": "3RD", "groups": [{"groupName": "Service", "statisticsItems": [{"name": "Aces", "home": "0", "away": "0", "compareCode": 3}, {"name": "Double faults", "home": "0", "away": "0", "compareCode": 3}, {"name": "First serve", "home": "4/9 (44%)", "away": "8/9 (89%)", "compareCode": 2}, {"name": "Second serve", "home": "5/5 (100%)", "away": "1/1 (100%)", "compareCode": 3}, {"name": "First serve points", "home": "3/4 (75%)", "away": "4/8 (50%)", "compareCode": 2}, {"name": "Second serve points", "home": "2/5 (40%)", "away": "0/1 (0%)", "compareCode": 1}, {"name": "Break points saved", "home": "0/0 (0%)", "away": "0/0 (0%)", "compareCode": 3}, {"name": "Service games played", "home": "0", "away": "0", "compareCode": 3}]}, {"groupName": "Return", "statisticsItems": [{"name": "First serve return points", "home": "4/8 (50%)", "away": "1/4 (25%)", "compareCode": 3}, {"name": "Second serve return points", "home": "1/1 (100%)", "away": "3/5 (60%)", "compareCode": 1}, {"name": "Break points converted", "home": "0", "away": "0", "compareCode": 3}, {"name": "Return games played", "home": "0", "away": "0", "compareCode": 3}]}, {"groupName": "Points", "statisticsItems": [{"name": "Service points won", "home": "5", "away": "4", "compareCode": 1}, {"name": "Receiver points won", "home": "5", "away": "4", "compareCode": 1}, {"name": "Total points won", "home": "10", "away": "8", "compareCode": 1}, {"name": "Max points in a row", "home": "8", "away": "3", "compareCode": 1}]}]}]}