{"statistics": [{"period": "ALL", "groups": [{"groupName": "Service", "statisticsItems": [{"name": "Aces", "home": "0", "away": "0", "compareCode": 3}, {"name": "Double faults", "home": "2", "away": "1", "compareCode": 1}, {"name": "First serve", "home": "37/51 (73%)", "away": "30/43 (70%)", "compareCode": 1}, {"name": "Second serve", "home": "12/14 (86%)", "away": "12/13 (92%)", "compareCode": 2}, {"name": "First serve points", "home": "25/37 (68%)", "away": "13/30 (43%)", "compareCode": 1}, {"name": "Second serve points", "home": "5/14 (36%)", "away": "3/13 (23%)", "compareCode": 1}, {"name": "Break points saved", "home": "2/4 (50%)", "away": "2/8 (25%)", "compareCode": 1}, {"name": "Service games played", "home": "8", "away": "8", "compareCode": 3}]}, {"groupName": "Return", "statisticsItems": [{"name": "First serve return points", "home": "17/30 (56%)", "away": "12/37 (32%)", "compareCode": 1}, {"name": "Second serve return points", "home": "10/13 (76%)", "away": "9/14 (64%)", "compareCode": 1}, {"name": "Break points converted", "home": "6", "away": "2", "compareCode": 1}, {"name": "Return games played", "home": "8", "away": "8", "compareCode": 3}]}, {"groupName": "Points", "statisticsItems": [{"name": "Service points won", "home": "30", "away": "16", "compareCode": 1}, {"name": "Receiver points won", "home": "27", "away": "21", "compareCode": 1}, {"name": "Total points won", "home": "57", "away": "37", "compareCode": 1}, {"name": "Max points in a row", "home": "8", "away": "5", "compareCode": 1}]}]}, {"period": "1ST", "groups": [{"groupName": "Service", "statisticsItems": [{"name": "Aces", "home": "0", "away": "0", "compareCode": 3}, {"name": "Double faults", "home": "2", "away": "0", "compareCode": 1}, {"name": "First serve", "home": "23/34 (68%)", "away": "21/30 (70%)", "compareCode": 2}, {"name": "Second serve", "home": "9/11 (82%)", "away": "9/9 (100%)", "compareCode": 2}, {"name": "First serve points", "home": "14/23 (61%)", "away": "12/21 (57%)", "compareCode": 1}, {"name": "Second serve points", "home": "4/11 (36%)", "away": "3/9 (33%)", "compareCode": 1}, {"name": "Break points saved", "home": "2/4 (50%)", "away": "2/5 (40%)", "compareCode": 1}, {"name": "Service games played", "home": "5", "away": "5", "compareCode": 3}]}, {"groupName": "Return", "statisticsItems": [{"name": "First serve return points", "home": "9/21 (42%)", "away": "9/23 (39%)", "compareCode": 1}, {"name": "Second serve return points", "home": "6/9 (66%)", "away": "7/11 (63%)", "compareCode": 1}, {"name": "Break points converted", "home": "3", "away": "2", "compareCode": 1}, {"name": "Return games played", "home": "5", "away": "5", "compareCode": 3}]}, {"groupName": "Points", "statisticsItems": [{"name": "Service points won", "home": "18", "away": "15", "compareCode": 1}, {"name": "Receiver points won", "home": "15", "away": "16", "compareCode": 2}, {"name": "Total points won", "home": "33", "away": "31", "compareCode": 1}, {"name": "Max points in a row", "home": "4", "away": "5", "compareCode": 2}]}]}, {"period": "2ND", "groups": [{"groupName": "Service", "statisticsItems": [{"name": "Aces", "home": "0", "away": "0", "compareCode": 3}, {"name": "Double faults", "home": "0", "away": "1", "compareCode": 2}, {"name": "First serve", "home": "14/17 (82%)", "away": "9/13 (69%)", "compareCode": 1}, {"name": "Second serve", "home": "3/3 (100%)", "away": "3/4 (75%)", "compareCode": 1}, {"name": "First serve points", "home": "11/14 (79%)", "away": "1/9 (11%)", "compareCode": 1}, {"name": "Second serve points", "home": "1/3 (33%)", "away": "0/4 (0%)", "compareCode": 1}, {"name": "Break points saved", "home": "0/0 (0%)", "away": "0/3 (0%)", "compareCode": 1}, {"name": "Service games played", "home": "3", "away": "3", "compareCode": 3}]}, {"groupName": "Return", "statisticsItems": [{"name": "First serve return points", "home": "8/9 (88%)", "away": "3/14 (21%)", "compareCode": 1}, {"name": "Second serve return points", "home": "4/4 (100%)", "away": "2/3 (66%)", "compareCode": 2}, {"name": "Break points converted", "home": "3", "away": "0", "compareCode": 1}, {"name": "Return games played", "home": "3", "away": "3", "compareCode": 3}]}, {"groupName": "Points", "statisticsItems": [{"name": "Service points won", "home": "12", "away": "1", "compareCode": 1}, {"name": "Receiver points won", "home": "12", "away": "5", "compareCode": 1}, {"name": "Total points won", "home": "24", "away": "6", "compareCode": 1}, {"name": "Max points in a row", "home": "8", "away": "1", "compareCode": 1}]}]}]}