{"statistics": [{"period": "ALL", "groups": [{"groupName": "Service", "statisticsItems": [{"name": "Aces", "home": "1", "away": "6", "compareCode": 2}, {"name": "Double faults", "home": "2", "away": "2", "compareCode": 3}, {"name": "First serve", "home": "48/52 (92%)", "away": "38/53 (72%)", "compareCode": 1}, {"name": "Second serve", "home": "2/4 (50%)", "away": "13/15 (87%)", "compareCode": 2}, {"name": "First serve points", "home": "23/48 (48%)", "away": "27/38 (71%)", "compareCode": 2}, {"name": "Second serve points", "home": "1/4 (25%)", "away": "10/15 (67%)", "compareCode": 2}, {"name": "Break points saved", "home": "6/10 (60%)", "away": "2/2 (100%)", "compareCode": 2}, {"name": "Service games played", "home": "7", "away": "8", "compareCode": 2}]}, {"groupName": "Return", "statisticsItems": [{"name": "First serve return points", "home": "11/38 (28%)", "away": "25/48 (52%)", "compareCode": 2}, {"name": "Second serve return points", "home": "5/15 (33%)", "away": "3/4 (75%)", "compareCode": 2}, {"name": "Break points converted", "home": "0", "away": "4", "compareCode": 2}, {"name": "Return games played", "home": "8", "away": "7", "compareCode": 2}]}, {"groupName": "Points", "statisticsItems": [{"name": "Service points won", "home": "24", "away": "37", "compareCode": 2}, {"name": "Receiver points won", "home": "16", "away": "28", "compareCode": 2}, {"name": "Total points won", "home": "40", "away": "65", "compareCode": 2}, {"name": "Max points in a row", "home": "4", "away": "10", "compareCode": 2}]}]}, {"period": "1ST", "groups": [{"groupName": "Service", "statisticsItems": [{"name": "Aces", "home": "1", "away": "3", "compareCode": 2}, {"name": "Double faults", "home": "1", "away": "1", "compareCode": 3}, {"name": "First serve", "home": "19/21 (90%)", "away": "19/24 (79%)", "compareCode": 1}, {"name": "Second serve", "home": "1/2 (50%)", "away": "4/5 (80%)", "compareCode": 2}, {"name": "First serve points", "home": "9/19 (47%)", "away": "13/19 (68%)", "compareCode": 2}, {"name": "Second serve points", "home": "0/2 (0%)", "away": "4/5 (80%)", "compareCode": 2}, {"name": "Break points saved", "home": "3/5 (60%)", "away": "1/1 (100%)", "compareCode": 2}, {"name": "Service games played", "home": "3", "away": "4", "compareCode": 2}]}, {"groupName": "Return", "statisticsItems": [{"name": "First serve return points", "home": "6/19 (31%)", "away": "10/19 (52%)", "compareCode": 2}, {"name": "Second serve return points", "home": "1/5 (20%)", "away": "2/2 (100%)", "compareCode": 2}, {"name": "Break points converted", "home": "0", "away": "2", "compareCode": 2}, {"name": "Return games played", "home": "4", "away": "3", "compareCode": 2}]}, {"groupName": "Points", "statisticsItems": [{"name": "Service points won", "home": "9", "away": "17", "compareCode": 2}, {"name": "Receiver points won", "home": "7", "away": "12", "compareCode": 2}, {"name": "Total points won", "home": "16", "away": "29", "compareCode": 2}, {"name": "Max points in a row", "home": "2", "away": "8", "compareCode": 2}]}]}, {"period": "2ND", "groups": [{"groupName": "Service", "statisticsItems": [{"name": "Aces", "home": "0", "away": "3", "compareCode": 2}, {"name": "Double faults", "home": "1", "away": "1", "compareCode": 3}, {"name": "First serve", "home": "29/31 (94%)", "away": "19/29 (66%)", "compareCode": 1}, {"name": "Second serve", "home": "1/2 (50%)", "away": "9/10 (90%)", "compareCode": 2}, {"name": "First serve points", "home": "14/29 (48%)", "away": "14/19 (74%)", "compareCode": 3}, {"name": "Second serve points", "home": "1/2 (50%)", "away": "6/10 (60%)", "compareCode": 2}, {"name": "Break points saved", "home": "3/5 (60%)", "away": "1/1 (100%)", "compareCode": 2}, {"name": "Service games played", "home": "4", "away": "4", "compareCode": 3}]}, {"groupName": "Return", "statisticsItems": [{"name": "First serve return points", "home": "5/19 (26%)", "away": "15/29 (51%)", "compareCode": 1}, {"name": "Second serve return points", "home": "4/10 (40%)", "away": "1/2 (50%)", "compareCode": 2}, {"name": "Break points converted", "home": "0", "away": "2", "compareCode": 2}, {"name": "Return games played", "home": "4", "away": "4", "compareCode": 3}]}, {"groupName": "Points", "statisticsItems": [{"name": "Service points won", "home": "15", "away": "20", "compareCode": 2}, {"name": "Receiver points won", "home": "9", "away": "16", "compareCode": 2}, {"name": "Total points won", "home": "24", "away": "36", "compareCode": 2}, {"name": "Max points in a row", "home": "4", "away": "5", "compareCode": 2}]}]}]}