{"statistics": [{"period": "ALL", "groups": [{"groupName": "Service", "statisticsItems": [{"name": "Aces", "home": "2", "away": "0", "compareCode": 1}, {"name": "Double faults", "home": "5", "away": "5", "compareCode": 3}, {"name": "First serve", "home": "49/72 (68%)", "away": "35/52 (67%)", "compareCode": 1}, {"name": "Second serve", "home": "18/23 (78%)", "away": "12/17 (71%)", "compareCode": 1}, {"name": "First serve points", "home": "34/49 (69%)", "away": "18/35 (51%)", "compareCode": 1}, {"name": "Second serve points", "home": "8/23 (35%)", "away": "4/17 (24%)", "compareCode": 1}, {"name": "Break points saved", "home": "3/5 (60%)", "away": "5/10 (50%)", "compareCode": 1}, {"name": "Service games played", "home": "9", "away": "8", "compareCode": 1}]}, {"groupName": "Return", "statisticsItems": [{"name": "First serve return points", "home": "17/35 (48%)", "away": "15/49 (30%)", "compareCode": 1}, {"name": "Second serve return points", "home": "13/17 (76%)", "away": "15/23 (65%)", "compareCode": 1}, {"name": "Break points converted", "home": "5", "away": "2", "compareCode": 1}, {"name": "Return games played", "home": "8", "away": "9", "compareCode": 1}]}, {"groupName": "Points", "statisticsItems": [{"name": "Service points won", "home": "42", "away": "22", "compareCode": 1}, {"name": "Receiver points won", "home": "30", "away": "30", "compareCode": 3}, {"name": "Total points won", "home": "72", "away": "52", "compareCode": 1}, {"name": "Max points in a row", "home": "11", "away": "4", "compareCode": 1}]}]}, {"period": "1ST", "groups": [{"groupName": "Service", "statisticsItems": [{"name": "Aces", "home": "1", "away": "0", "compareCode": 1}, {"name": "Double faults", "home": "3", "away": "3", "compareCode": 3}, {"name": "First serve", "home": "28/41 (68%)", "away": "14/24 (58%)", "compareCode": 1}, {"name": "Second serve", "home": "10/13 (77%)", "away": "7/10 (70%)", "compareCode": 1}, {"name": "First serve points", "home": "17/28 (61%)", "away": "7/14 (50%)", "compareCode": 1}, {"name": "Second serve points", "home": "5/13 (38%)", "away": "2/10 (20%)", "compareCode": 1}, {"name": "Break points saved", "home": "1/3 (33%)", "away": "4/7 (57%)", "compareCode": 1}, {"name": "Service games played", "home": "5", "away": "4", "compareCode": 1}]}, {"groupName": "Return", "statisticsItems": [{"name": "First serve return points", "home": "7/14 (50%)", "away": "11/28 (39%)", "compareCode": 1}, {"name": "Second serve return points", "home": "8/10 (80%)", "away": "8/13 (61%)", "compareCode": 1}, {"name": "Break points converted", "home": "3", "away": "2", "compareCode": 1}, {"name": "Return games played", "home": "4", "away": "5", "compareCode": 1}]}, {"groupName": "Points", "statisticsItems": [{"name": "Service points won", "home": "22", "away": "9", "compareCode": 1}, {"name": "Receiver points won", "home": "15", "away": "19", "compareCode": 2}, {"name": "Total points won", "home": "37", "away": "28", "compareCode": 1}, {"name": "Max points in a row", "home": "6", "away": "3", "compareCode": 1}]}]}, {"period": "2ND", "groups": [{"groupName": "Service", "statisticsItems": [{"name": "Aces", "home": "1", "away": "0", "compareCode": 1}, {"name": "Double faults", "home": "2", "away": "2", "compareCode": 3}, {"name": "First serve", "home": "21/31 (68%)", "away": "21/28 (75%)", "compareCode": 2}, {"name": "Second serve", "home": "8/10 (80%)", "away": "5/7 (71%)", "compareCode": 1}, {"name": "First serve points", "home": "17/21 (81%)", "away": "11/21 (52%)", "compareCode": 1}, {"name": "Second serve points", "home": "3/10 (30%)", "away": "2/7 (29%)", "compareCode": 1}, {"name": "Break points saved", "home": "2/2 (100%)", "away": "1/3 (33%)", "compareCode": 1}, {"name": "Service games played", "home": "4", "away": "4", "compareCode": 3}]}, {"groupName": "Return", "statisticsItems": [{"name": "First serve return points", "home": "10/21 (47%)", "away": "4/21 (19%)", "compareCode": 1}, {"name": "Second serve return points", "home": "5/7 (71%)", "away": "7/10 (70%)", "compareCode": 1}, {"name": "Break points converted", "home": "2", "away": "0", "compareCode": 1}, {"name": "Return games played", "home": "4", "away": "4", "compareCode": 3}]}, {"groupName": "Points", "statisticsItems": [{"name": "Service points won", "home": "20", "away": "13", "compareCode": 1}, {"name": "Receiver points won", "home": "15", "away": "11", "compareCode": 1}, {"name": "Total points won", "home": "35", "away": "24", "compareCode": 1}, {"name": "Max points in a row", "home": "11", "away": "4", "compareCode": 1}]}]}]}