{"statistics": [{"period": "ALL", "groups": [{"groupName": "Service", "statisticsItems": [{"name": "Aces", "home": "1", "away": "0", "compareCode": 1}, {"name": "Double faults", "home": "6", "away": "0", "compareCode": 1}, {"name": "First serve", "home": "33/52 (63%)", "away": "50/64 (78%)", "compareCode": 2}, {"name": "Second serve", "home": "13/19 (68%)", "away": "14/14 (100%)", "compareCode": 2}, {"name": "First serve points", "home": "19/33 (58%)", "away": "30/50 (60%)", "compareCode": 2}, {"name": "Second serve points", "home": "6/19 (32%)", "away": "8/14 (57%)", "compareCode": 2}, {"name": "Break points saved", "home": "2/7 (28%)", "away": "7/9 (77%)", "compareCode": 1}, {"name": "Service games played", "home": "9", "away": "9", "compareCode": 3}]}, {"groupName": "Return", "statisticsItems": [{"name": "First serve return points", "home": "20/50 (40%)", "away": "14/33 (42%)", "compareCode": 2}, {"name": "Second serve return points", "home": "6/14 (42%)", "away": "13/19 (68%)", "compareCode": 1}, {"name": "Break points converted", "home": "2", "away": "5", "compareCode": 2}, {"name": "Return games played", "home": "9", "away": "9", "compareCode": 3}]}, {"groupName": "Points", "statisticsItems": [{"name": "Service points won", "home": "25", "away": "38", "compareCode": 2}, {"name": "Receiver points won", "home": "26", "away": "27", "compareCode": 2}, {"name": "Total points won", "home": "51", "away": "65", "compareCode": 2}, {"name": "Max points in a row", "home": "7", "away": "7", "compareCode": 3}]}]}, {"period": "1ST", "groups": [{"groupName": "Service", "statisticsItems": [{"name": "Aces", "home": "1", "away": "0", "compareCode": 1}, {"name": "Double faults", "home": "2", "away": "0", "compareCode": 1}, {"name": "First serve", "home": "19/24 (79%)", "away": "26/34 (76%)", "compareCode": 1}, {"name": "Second serve", "home": "3/5 (60%)", "away": "8/8 (100%)", "compareCode": 2}, {"name": "First serve points", "home": "9/19 (47%)", "away": "15/26 (58%)", "compareCode": 2}, {"name": "Second serve points", "home": "0/5 (0%)", "away": "4/8 (50%)", "compareCode": 2}, {"name": "Break points saved", "home": "2/5 (40%)", "away": "5/6 (83%)", "compareCode": 1}, {"name": "Service games played", "home": "4", "away": "4", "compareCode": 3}]}, {"groupName": "Return", "statisticsItems": [{"name": "First serve return points", "home": "11/26 (42%)", "away": "10/19 (52%)", "compareCode": 2}, {"name": "Second serve return points", "home": "4/8 (50%)", "away": "5/5 (100%)", "compareCode": 2}, {"name": "Break points converted", "home": "1", "away": "3", "compareCode": 2}, {"name": "Return games played", "home": "4", "away": "4", "compareCode": 3}]}, {"groupName": "Points", "statisticsItems": [{"name": "Service points won", "home": "9", "away": "19", "compareCode": 2}, {"name": "Receiver points won", "home": "15", "away": "15", "compareCode": 3}, {"name": "Total points won", "home": "24", "away": "34", "compareCode": 2}, {"name": "Max points in a row", "home": "5", "away": "7", "compareCode": 2}]}]}, {"period": "2ND", "groups": [{"groupName": "Service", "statisticsItems": [{"name": "Aces", "home": "0", "away": "0", "compareCode": 3}, {"name": "Double faults", "home": "4", "away": "0", "compareCode": 1}, {"name": "First serve", "home": "14/28 (50%)", "away": "24/30 (80%)", "compareCode": 2}, {"name": "Second serve", "home": "10/14 (71%)", "away": "6/6 (100%)", "compareCode": 2}, {"name": "First serve points", "home": "10/14 (71%)", "away": "15/24 (63%)", "compareCode": 2}, {"name": "Second serve points", "home": "6/14 (43%)", "away": "4/6 (67%)", "compareCode": 1}, {"name": "Break points saved", "home": "0/2 (0%)", "away": "2/3 (66%)", "compareCode": 1}, {"name": "Service games played", "home": "5", "away": "5", "compareCode": 3}]}, {"groupName": "Return", "statisticsItems": [{"name": "First serve return points", "home": "9/24 (37%)", "away": "4/14 (28%)", "compareCode": 2}, {"name": "Second serve return points", "home": "2/6 (33%)", "away": "8/14 (57%)", "compareCode": 1}, {"name": "Break points converted", "home": "1", "away": "2", "compareCode": 2}, {"name": "Return games played", "home": "5", "away": "5", "compareCode": 3}]}, {"groupName": "Points", "statisticsItems": [{"name": "Service points won", "home": "16", "away": "19", "compareCode": 2}, {"name": "Receiver points won", "home": "11", "away": "12", "compareCode": 2}, {"name": "Total points won", "home": "27", "away": "31", "compareCode": 2}, {"name": "Max points in a row", "home": "7", "away": "5", "compareCode": 1}]}]}]}