{"statistics": [{"period": "ALL", "groups": [{"groupName": "Service", "statisticsItems": [{"name": "Aces", "home": "1", "away": "1", "compareCode": 3}, {"name": "Double faults", "home": "0", "away": "7", "compareCode": 2}, {"name": "First serve", "home": "36/43 (84%)", "away": "24/40 (60%)", "compareCode": 1}, {"name": "Second serve", "home": "7/7 (100%)", "away": "9/16 (56%)", "compareCode": 1}, {"name": "First serve points", "home": "26/36 (72%)", "away": "12/24 (50%)", "compareCode": 1}, {"name": "Second serve points", "home": "5/7 (71%)", "away": "4/16 (25%)", "compareCode": 1}, {"name": "Break points saved", "home": "1/1 (100%)", "away": "4/9 (44%)", "compareCode": 1}, {"name": "Service games played", "home": "7", "away": "6", "compareCode": 1}]}, {"groupName": "Return", "statisticsItems": [{"name": "First serve return points", "home": "12/24 (50%)", "away": "10/36 (27%)", "compareCode": 1}, {"name": "Second serve return points", "home": "12/16 (75%)", "away": "2/7 (28%)", "compareCode": 2}, {"name": "Break points converted", "home": "5", "away": "0", "compareCode": 1}, {"name": "Return games played", "home": "6", "away": "7", "compareCode": 1}]}, {"groupName": "Points", "statisticsItems": [{"name": "Service points won", "home": "31", "away": "16", "compareCode": 1}, {"name": "Receiver points won", "home": "24", "away": "12", "compareCode": 1}, {"name": "Total points won", "home": "55", "away": "28", "compareCode": 1}, {"name": "Max points in a row", "home": "7", "away": "5", "compareCode": 1}]}]}, {"period": "1ST", "groups": [{"groupName": "Service", "statisticsItems": [{"name": "Aces", "home": "1", "away": "1", "compareCode": 3}, {"name": "Double faults", "home": "0", "away": "6", "compareCode": 2}, {"name": "First serve", "home": "16/18 (89%)", "away": "11/22 (50%)", "compareCode": 1}, {"name": "Second serve", "home": "2/2 (100%)", "away": "5/11 (45%)", "compareCode": 1}, {"name": "First serve points", "home": "11/16 (69%)", "away": "7/11 (64%)", "compareCode": 1}, {"name": "Second serve points", "home": "2/2 (100%)", "away": "1/11 (9%)", "compareCode": 1}, {"name": "Break points saved", "home": "0/0 (0%)", "away": "4/7 (57%)", "compareCode": 1}, {"name": "Service games played", "home": "3", "away": "3", "compareCode": 3}]}, {"groupName": "Return", "statisticsItems": [{"name": "First serve return points", "home": "4/11 (36%)", "away": "5/16 (31%)", "compareCode": 2}, {"name": "Second serve return points", "home": "10/11 (90%)", "away": "0/2 (0%)", "compareCode": 2}, {"name": "Break points converted", "home": "3", "away": "0", "compareCode": 1}, {"name": "Return games played", "home": "3", "away": "3", "compareCode": 3}]}, {"groupName": "Points", "statisticsItems": [{"name": "Service points won", "home": "13", "away": "8", "compareCode": 1}, {"name": "Receiver points won", "home": "14", "away": "5", "compareCode": 1}, {"name": "Total points won", "home": "27", "away": "13", "compareCode": 1}, {"name": "Max points in a row", "home": "7", "away": "2", "compareCode": 1}]}]}, {"period": "2ND", "groups": [{"groupName": "Service", "statisticsItems": [{"name": "Aces", "home": "0", "away": "0", "compareCode": 3}, {"name": "Double faults", "home": "0", "away": "1", "compareCode": 2}, {"name": "First serve", "home": "20/25 (80%)", "away": "13/18 (72%)", "compareCode": 1}, {"name": "Second serve", "home": "5/5 (100%)", "away": "4/5 (80%)", "compareCode": 1}, {"name": "First serve points", "home": "15/20 (75%)", "away": "5/13 (38%)", "compareCode": 1}, {"name": "Second serve points", "home": "3/5 (60%)", "away": "3/5 (60%)", "compareCode": 3}, {"name": "Break points saved", "home": "1/1 (100%)", "away": "0/2 (0%)", "compareCode": 1}, {"name": "Service games played", "home": "4", "away": "3", "compareCode": 1}]}, {"groupName": "Return", "statisticsItems": [{"name": "First serve return points", "home": "8/13 (61%)", "away": "5/20 (25%)", "compareCode": 1}, {"name": "Second serve return points", "home": "2/5 (40%)", "away": "2/5 (40%)", "compareCode": 3}, {"name": "Break points converted", "home": "2", "away": "0", "compareCode": 1}, {"name": "Return games played", "home": "3", "away": "4", "compareCode": 1}]}, {"groupName": "Points", "statisticsItems": [{"name": "Service points won", "home": "18", "away": "8", "compareCode": 1}, {"name": "Receiver points won", "home": "10", "away": "7", "compareCode": 1}, {"name": "Total points won", "home": "28", "away": "15", "compareCode": 1}, {"name": "Max points in a row", "home": "6", "away": "5", "compareCode": 1}]}]}]}