{"statistics": [{"period": "ALL", "groups": [{"groupName": "Service", "statisticsItems": [{"name": "Aces", "home": "0", "away": "5", "compareCode": 2}, {"name": "Double faults", "home": "2", "away": "0", "compareCode": 1}, {"name": "First serve", "home": "66/75 (88%)", "away": "32/56 (57%)", "compareCode": 1}, {"name": "Second serve", "home": "7/9 (78%)", "away": "24/24 (100%)", "compareCode": 2}, {"name": "First serve points", "home": "34/66 (52%)", "away": "24/32 (75%)", "compareCode": 1}, {"name": "Second serve points", "home": "5/9 (56%)", "away": "12/24 (50%)", "compareCode": 2}, {"name": "Break points saved", "home": "10/14 (71%)", "away": "3/5 (60%)", "compareCode": 2}, {"name": "Service games played", "home": "9", "away": "10", "compareCode": 2}]}, {"groupName": "Return", "statisticsItems": [{"name": "First serve return points", "home": "8/32 (25%)", "away": "32/66 (48%)", "compareCode": 1}, {"name": "Second serve return points", "home": "12/24 (50%)", "away": "4/9 (44%)", "compareCode": 2}, {"name": "Break points converted", "home": "2", "away": "4", "compareCode": 2}, {"name": "Return games played", "home": "10", "away": "9", "compareCode": 2}]}, {"groupName": "Points", "statisticsItems": [{"name": "Service points won", "home": "39", "away": "36", "compareCode": 1}, {"name": "Receiver points won", "home": "20", "away": "36", "compareCode": 2}, {"name": "Total points won", "home": "59", "away": "72", "compareCode": 2}, {"name": "Max points in a row", "home": "8", "away": "6", "compareCode": 1}]}]}, {"period": "1ST", "groups": [{"groupName": "Service", "statisticsItems": [{"name": "Aces", "home": "0", "away": "3", "compareCode": 2}, {"name": "Double faults", "home": "1", "away": "0", "compareCode": 1}, {"name": "First serve", "home": "42/48 (88%)", "away": "16/25 (64%)", "compareCode": 1}, {"name": "Second serve", "home": "5/6 (83%)", "away": "9/9 (100%)", "compareCode": 2}, {"name": "First serve points", "home": "21/42 (50%)", "away": "10/16 (63%)", "compareCode": 1}, {"name": "Second serve points", "home": "4/6 (67%)", "away": "6/9 (67%)", "compareCode": 2}, {"name": "Break points saved", "home": "5/7 (71%)", "away": "0/1 (0%)", "compareCode": 2}, {"name": "Service games played", "home": "5", "away": "5", "compareCode": 3}]}, {"groupName": "Return", "statisticsItems": [{"name": "First serve return points", "home": "6/16 (37%)", "away": "21/42 (50%)", "compareCode": 1}, {"name": "Second serve return points", "home": "3/9 (33%)", "away": "2/6 (33%)", "compareCode": 2}, {"name": "Break points converted", "home": "1", "away": "2", "compareCode": 2}, {"name": "Return games played", "home": "5", "away": "5", "compareCode": 3}]}, {"groupName": "Points", "statisticsItems": [{"name": "Service points won", "home": "25", "away": "16", "compareCode": 1}, {"name": "Receiver points won", "home": "9", "away": "23", "compareCode": 2}, {"name": "Total points won", "home": "34", "away": "39", "compareCode": 2}, {"name": "Max points in a row", "home": "8", "away": "5", "compareCode": 1}]}]}, {"period": "2ND", "groups": [{"groupName": "Service", "statisticsItems": [{"name": "Aces", "home": "0", "away": "2", "compareCode": 2}, {"name": "Double faults", "home": "1", "away": "0", "compareCode": 1}, {"name": "First serve", "home": "24/27 (89%)", "away": "16/31 (52%)", "compareCode": 1}, {"name": "Second serve", "home": "2/3 (67%)", "away": "15/15 (100%)", "compareCode": 2}, {"name": "First serve points", "home": "13/24 (54%)", "away": "14/16 (88%)", "compareCode": 2}, {"name": "Second serve points", "home": "1/3 (33%)", "away": "6/15 (40%)", "compareCode": 2}, {"name": "Break points saved", "home": "5/7 (71%)", "away": "3/4 (75%)", "compareCode": 2}, {"name": "Service games played", "home": "4", "away": "5", "compareCode": 2}]}, {"groupName": "Return", "statisticsItems": [{"name": "First serve return points", "home": "2/16 (12%)", "away": "11/24 (45%)", "compareCode": 2}, {"name": "Second serve return points", "home": "9/15 (60%)", "away": "2/3 (66%)", "compareCode": 2}, {"name": "Break points converted", "home": "1", "away": "2", "compareCode": 2}, {"name": "Return games played", "home": "5", "away": "4", "compareCode": 2}]}, {"groupName": "Points", "statisticsItems": [{"name": "Service points won", "home": "14", "away": "20", "compareCode": 2}, {"name": "Receiver points won", "home": "11", "away": "13", "compareCode": 2}, {"name": "Total points won", "home": "25", "away": "33", "compareCode": 2}, {"name": "Max points in a row", "home": "4", "away": "6", "compareCode": 2}]}]}]}