{"statistics": [{"period": "ALL", "groups": [{"groupName": "Service", "statisticsItems": [{"name": "Aces", "home": "2", "away": "0", "compareCode": 1}, {"name": "Double faults", "home": "5", "away": "0", "compareCode": 1}, {"name": "First serve", "home": "40/60 (67%)", "away": "67/71 (94%)", "compareCode": 2}, {"name": "Second serve", "home": "15/20 (75%)", "away": "4/4 (100%)", "compareCode": 2}, {"name": "First serve points", "home": "14/40 (35%)", "away": "35/67 (52%)", "compareCode": 2}, {"name": "Second serve points", "home": "8/20 (40%)", "away": "3/4 (75%)", "compareCode": 1}, {"name": "Break points saved", "home": "3/10 (30%)", "away": "11/14 (78%)", "compareCode": 1}, {"name": "Service games played", "home": "9", "away": "8", "compareCode": 1}]}, {"groupName": "Return", "statisticsItems": [{"name": "First serve return points", "home": "32/67 (47%)", "away": "26/40 (65%)", "compareCode": 2}, {"name": "Second serve return points", "home": "1/4 (25%)", "away": "12/20 (60%)", "compareCode": 1}, {"name": "Break points converted", "home": "3", "away": "7", "compareCode": 2}, {"name": "Return games played", "home": "8", "away": "9", "compareCode": 1}]}, {"groupName": "Points", "statisticsItems": [{"name": "Service points won", "home": "22", "away": "38", "compareCode": 2}, {"name": "Receiver points won", "home": "33", "away": "38", "compareCode": 2}, {"name": "Total points won", "home": "55", "away": "76", "compareCode": 2}, {"name": "Max points in a row", "home": "5", "away": "8", "compareCode": 2}]}]}, {"period": "1ST", "groups": [{"groupName": "Service", "statisticsItems": [{"name": "Aces", "home": "0", "away": "0", "compareCode": 3}, {"name": "Double faults", "home": "5", "away": "0", "compareCode": 1}, {"name": "First serve", "home": "18/34 (53%)", "away": "39/43 (91%)", "compareCode": 2}, {"name": "Second serve", "home": "11/16 (69%)", "away": "4/4 (100%)", "compareCode": 2}, {"name": "First serve points", "home": "9/18 (50%)", "away": "21/39 (54%)", "compareCode": 2}, {"name": "Second serve points", "home": "6/16 (38%)", "away": "3/4 (75%)", "compareCode": 1}, {"name": "Break points saved", "home": "1/4 (25%)", "away": "6/7 (85%)", "compareCode": 1}, {"name": "Service games played", "home": "5", "away": "4", "compareCode": 1}]}, {"groupName": "Return", "statisticsItems": [{"name": "First serve return points", "home": "18/39 (46%)", "away": "9/18 (50%)", "compareCode": 2}, {"name": "Second serve return points", "home": "1/4 (25%)", "away": "10/16 (62%)", "compareCode": 1}, {"name": "Break points converted", "home": "1", "away": "3", "compareCode": 2}, {"name": "Return games played", "home": "4", "away": "5", "compareCode": 1}]}, {"groupName": "Points", "statisticsItems": [{"name": "Service points won", "home": "15", "away": "24", "compareCode": 2}, {"name": "Receiver points won", "home": "19", "away": "19", "compareCode": 3}, {"name": "Total points won", "home": "34", "away": "43", "compareCode": 2}, {"name": "Max points in a row", "home": "5", "away": "8", "compareCode": 2}]}]}, {"period": "2ND", "groups": [{"groupName": "Service", "statisticsItems": [{"name": "Aces", "home": "2", "away": "0", "compareCode": 1}, {"name": "Double faults", "home": "0", "away": "0", "compareCode": 3}, {"name": "First serve", "home": "22/26 (85%)", "away": "28/28 (100%)", "compareCode": 2}, {"name": "Second serve", "home": "4/4 (100%)", "away": "0/0 (0%)", "compareCode": 1}, {"name": "First serve points", "home": "5/22 (23%)", "away": "14/28 (50%)", "compareCode": 2}, {"name": "Second serve points", "home": "2/4 (50%)", "away": "0/0 (0%)", "compareCode": 1}, {"name": "Break points saved", "home": "2/6 (33%)", "away": "5/7 (71%)", "compareCode": 1}, {"name": "Service games played", "home": "4", "away": "4", "compareCode": 3}]}, {"groupName": "Return", "statisticsItems": [{"name": "First serve return points", "home": "14/28 (50%)", "away": "17/22 (77%)", "compareCode": 2}, {"name": "Second serve return points", "home": "0/0 (0%)", "away": "2/4 (50%)", "compareCode": 1}, {"name": "Break points converted", "home": "2", "away": "4", "compareCode": 2}, {"name": "Return games played", "home": "4", "away": "4", "compareCode": 3}]}, {"groupName": "Points", "statisticsItems": [{"name": "Service points won", "home": "7", "away": "14", "compareCode": 2}, {"name": "Receiver points won", "home": "14", "away": "19", "compareCode": 2}, {"name": "Total points won", "home": "21", "away": "33", "compareCode": 2}, {"name": "Max points in a row", "home": "3", "away": "8", "compareCode": 2}]}]}]}