{"statistics": [{"period": "ALL", "groups": [{"groupName": "Service", "statisticsItems": [{"name": "Aces", "home": "1", "away": "0", "compareCode": 1}, {"name": "Double faults", "home": "1", "away": "1", "compareCode": 3}, {"name": "First serve", "home": "47/63 (75%)", "away": "46/56 (82%)", "compareCode": 2}, {"name": "Second serve", "home": "15/16 (94%)", "away": "9/10 (90%)", "compareCode": 1}, {"name": "First serve points", "home": "25/47 (53%)", "away": "25/46 (54%)", "compareCode": 3}, {"name": "Second serve points", "home": "9/16 (56%)", "away": "5/10 (50%)", "compareCode": 1}, {"name": "Break points saved", "home": "2/5 (40%)", "away": "4/8 (50%)", "compareCode": 1}, {"name": "Service games played", "home": "8", "away": "8", "compareCode": 3}]}, {"groupName": "Return", "statisticsItems": [{"name": "First serve return points", "home": "21/46 (45%)", "away": "22/47 (46%)", "compareCode": 1}, {"name": "Second serve return points", "home": "5/10 (50%)", "away": "7/16 (43%)", "compareCode": 1}, {"name": "Break points converted", "home": "4", "away": "3", "compareCode": 1}, {"name": "Return games played", "home": "8", "away": "8", "compareCode": 3}]}, {"groupName": "Points", "statisticsItems": [{"name": "Service points won", "home": "34", "away": "30", "compareCode": 1}, {"name": "Receiver points won", "home": "26", "away": "29", "compareCode": 2}, {"name": "Total points won", "home": "60", "away": "59", "compareCode": 1}, {"name": "Max points in a row", "home": "9", "away": "7", "compareCode": 1}]}]}, {"period": "1ST", "groups": [{"groupName": "Service", "statisticsItems": [{"name": "Aces", "home": "0", "away": "0", "compareCode": 3}, {"name": "Double faults", "home": "1", "away": "0", "compareCode": 1}, {"name": "First serve", "home": "24/33 (73%)", "away": "20/24 (83%)", "compareCode": 2}, {"name": "Second serve", "home": "8/9 (89%)", "away": "4/4 (100%)", "compareCode": 2}, {"name": "First serve points", "home": "10/24 (42%)", "away": "11/20 (55%)", "compareCode": 2}, {"name": "Second serve points", "home": "5/9 (56%)", "away": "3/4 (75%)", "compareCode": 1}, {"name": "Break points saved", "home": "1/4 (25%)", "away": "3/4 (75%)", "compareCode": 3}, {"name": "Service games played", "home": "5", "away": "4", "compareCode": 1}]}, {"groupName": "Return", "statisticsItems": [{"name": "First serve return points", "home": "9/20 (45%)", "away": "14/24 (58%)", "compareCode": 1}, {"name": "Second serve return points", "home": "1/4 (25%)", "away": "4/9 (44%)", "compareCode": 1}, {"name": "Break points converted", "home": "1", "away": "3", "compareCode": 2}, {"name": "Return games played", "home": "4", "away": "5", "compareCode": 1}]}, {"groupName": "Points", "statisticsItems": [{"name": "Service points won", "home": "15", "away": "14", "compareCode": 1}, {"name": "Receiver points won", "home": "10", "away": "18", "compareCode": 2}, {"name": "Total points won", "home": "25", "away": "32", "compareCode": 2}, {"name": "Max points in a row", "home": "9", "away": "7", "compareCode": 1}]}]}, {"period": "2ND", "groups": [{"groupName": "Service", "statisticsItems": [{"name": "Aces", "home": "0", "away": "0", "compareCode": 3}, {"name": "Double faults", "home": "0", "away": "1", "compareCode": 2}, {"name": "First serve", "home": "15/21 (71%)", "away": "17/23 (74%)", "compareCode": 2}, {"name": "Second serve", "home": "6/6 (100%)", "away": "5/6 (83%)", "compareCode": 1}, {"name": "First serve points", "home": "11/15 (73%)", "away": "8/17 (47%)", "compareCode": 1}, {"name": "Second serve points", "home": "3/6 (50%)", "away": "2/6 (33%)", "compareCode": 1}, {"name": "Break points saved", "home": "1/1 (100%)", "away": "1/4 (25%)", "compareCode": 1}, {"name": "Service games played", "home": "3", "away": "4", "compareCode": 2}]}, {"groupName": "Return", "statisticsItems": [{"name": "First serve return points", "home": "9/17 (52%)", "away": "4/15 (26%)", "compareCode": 2}, {"name": "Second serve return points", "home": "4/6 (66%)", "away": "3/6 (50%)", "compareCode": 3}, {"name": "Break points converted", "home": "3", "away": "0", "compareCode": 1}, {"name": "Return games played", "home": "4", "away": "3", "compareCode": 2}]}, {"groupName": "Points", "statisticsItems": [{"name": "Service points won", "home": "14", "away": "10", "compareCode": 1}, {"name": "Receiver points won", "home": "13", "away": "7", "compareCode": 1}, {"name": "Total points won", "home": "27", "away": "17", "compareCode": 1}, {"name": "Max points in a row", "home": "4", "away": "4", "compareCode": 3}]}]}, {"period": "3RD", "groups": [{"groupName": "Service", "statisticsItems": [{"name": "Aces", "home": "1", "away": "0", "compareCode": 1}, {"name": "Double faults", "home": "0", "away": "0", "compareCode": 3}, {"name": "First serve", "home": "8/9 (89%)", "away": "9/9 (100%)", "compareCode": 2}, {"name": "Second serve", "home": "1/1 (100%)", "away": "0/0 (0%)", "compareCode": 1}, {"name": "First serve points", "home": "4/8 (50%)", "away": "6/9 (67%)", "compareCode": 2}, {"name": "Second serve points", "home": "1/1 (100%)", "away": "0/0 (0%)", "compareCode": 1}, {"name": "Break points saved", "home": "0/0 (0%)", "away": "0/0 (0%)", "compareCode": 3}, {"name": "Service games played", "home": "0", "away": "0", "compareCode": 3}]}, {"groupName": "Return", "statisticsItems": [{"name": "First serve return points", "home": "3/9 (33%)", "away": "4/8 (50%)", "compareCode": 3}, {"name": "Second serve return points", "home": "0/0 (0%)", "away": "0/1 (0%)", "compareCode": 1}, {"name": "Break points converted", "home": "0", "away": "0", "compareCode": 3}, {"name": "Return games played", "home": "0", "away": "0", "compareCode": 3}]}, {"groupName": "Points", "statisticsItems": [{"name": "Service points won", "home": "5", "away": "6", "compareCode": 2}, {"name": "Receiver points won", "home": "3", "away": "4", "compareCode": 2}, {"name": "Total points won", "home": "8", "away": "10", "compareCode": 2}, {"name": "Max points in a row", "home": "3", "away": "4", "compareCode": 2}]}]}]}