{"statistics": [{"period": "ALL", "groups": [{"groupName": "Service", "statisticsItems": [{"name": "Aces", "home": "1", "away": "0", "compareCode": 1}, {"name": "Double faults", "home": "4", "away": "0", "compareCode": 1}, {"name": "First serve", "home": "36/54 (67%)", "away": "44/49 (90%)", "compareCode": 2}, {"name": "Second serve", "home": "14/18 (78%)", "away": "5/5 (100%)", "compareCode": 2}, {"name": "First serve points", "home": "19/36 (53%)", "away": "30/44 (68%)", "compareCode": 2}, {"name": "Second serve points", "home": "6/18 (33%)", "away": "2/5 (40%)", "compareCode": 1}, {"name": "Break points saved", "home": "6/11 (54%)", "away": "1/3 (33%)", "compareCode": 2}, {"name": "Service games played", "home": "8", "away": "9", "compareCode": 2}]}, {"groupName": "Return", "statisticsItems": [{"name": "First serve return points", "home": "14/44 (31%)", "away": "17/36 (47%)", "compareCode": 1}, {"name": "Second serve return points", "home": "3/5 (60%)", "away": "12/18 (66%)", "compareCode": 1}, {"name": "Break points converted", "home": "2", "away": "5", "compareCode": 2}, {"name": "Return games played", "home": "9", "away": "8", "compareCode": 2}]}, {"groupName": "Points", "statisticsItems": [{"name": "Service points won", "home": "25", "away": "32", "compareCode": 2}, {"name": "Receiver points won", "home": "17", "away": "29", "compareCode": 2}, {"name": "Total points won", "home": "42", "away": "61", "compareCode": 2}, {"name": "Max points in a row", "home": "4", "away": "8", "compareCode": 2}]}]}, {"period": "1ST", "groups": [{"groupName": "Service", "statisticsItems": [{"name": "Aces", "home": "0", "away": "0", "compareCode": 3}, {"name": "Double faults", "home": "3", "away": "0", "compareCode": 1}, {"name": "First serve", "home": "25/32 (78%)", "away": "25/30 (83%)", "compareCode": 2}, {"name": "Second serve", "home": "4/7 (57%)", "away": "5/5 (100%)", "compareCode": 2}, {"name": "First serve points", "home": "13/25 (52%)", "away": "14/25 (56%)", "compareCode": 2}, {"name": "Second serve points", "home": "1/7 (14%)", "away": "2/5 (40%)", "compareCode": 2}, {"name": "Break points saved", "home": "5/8 (62%)", "away": "1/3 (33%)", "compareCode": 2}, {"name": "Service games played", "home": "4", "away": "5", "compareCode": 2}]}, {"groupName": "Return", "statisticsItems": [{"name": "First serve return points", "home": "11/25 (44%)", "away": "12/25 (48%)", "compareCode": 1}, {"name": "Second serve return points", "home": "3/5 (60%)", "away": "6/7 (85%)", "compareCode": 1}, {"name": "Break points converted", "home": "2", "away": "3", "compareCode": 2}, {"name": "Return games played", "home": "5", "away": "4", "compareCode": 2}]}, {"groupName": "Points", "statisticsItems": [{"name": "Service points won", "home": "14", "away": "16", "compareCode": 2}, {"name": "Receiver points won", "home": "14", "away": "18", "compareCode": 2}, {"name": "Total points won", "home": "28", "away": "34", "compareCode": 2}, {"name": "Max points in a row", "home": "3", "away": "4", "compareCode": 2}]}]}, {"period": "2ND", "groups": [{"groupName": "Service", "statisticsItems": [{"name": "Aces", "home": "1", "away": "0", "compareCode": 1}, {"name": "Double faults", "home": "1", "away": "0", "compareCode": 1}, {"name": "First serve", "home": "11/22 (50%)", "away": "19/19 (100%)", "compareCode": 2}, {"name": "Second serve", "home": "10/11 (91%)", "away": "0/0 (0%)", "compareCode": 1}, {"name": "First serve points", "home": "6/11 (55%)", "away": "16/19 (84%)", "compareCode": 2}, {"name": "Second serve points", "home": "5/11 (45%)", "away": "0/0 (0%)", "compareCode": 1}, {"name": "Break points saved", "home": "1/3 (33%)", "away": "0/0 (0%)", "compareCode": 2}, {"name": "Service games played", "home": "4", "away": "4", "compareCode": 3}]}, {"groupName": "Return", "statisticsItems": [{"name": "First serve return points", "home": "3/19 (15%)", "away": "5/11 (45%)", "compareCode": 1}, {"name": "Second serve return points", "home": "0/0 (0%)", "away": "6/11 (54%)", "compareCode": 1}, {"name": "Break points converted", "home": "0", "away": "2", "compareCode": 2}, {"name": "Return games played", "home": "4", "away": "4", "compareCode": 3}]}, {"groupName": "Points", "statisticsItems": [{"name": "Service points won", "home": "11", "away": "16", "compareCode": 2}, {"name": "Receiver points won", "home": "3", "away": "11", "compareCode": 2}, {"name": "Total points won", "home": "14", "away": "27", "compareCode": 2}, {"name": "Max points in a row", "home": "4", "away": "8", "compareCode": 2}]}]}]}