{"statistics": [{"period": "ALL", "groups": [{"groupName": "Service", "statisticsItems": [{"name": "Aces", "home": "0", "away": "0", "compareCode": 3}, {"name": "First serve", "home": "55/60 (92%)", "away": "77/78 (99%)", "compareCode": 2}, {"name": "Second serve", "home": "5/5 (100%)", "away": "1/1 (100%)", "compareCode": 3}, {"name": "First serve points", "home": "30/55 (55%)", "away": "47/77 (61%)", "compareCode": 2}, {"name": "Second serve points", "home": "2/5 (40%)", "away": "0/1 (0%)", "compareCode": 1}, {"name": "Break points saved", "home": "2/6 (33%)", "away": "6/9 (66%)", "compareCode": 1}, {"name": "Service games played", "home": "9", "away": "9", "compareCode": 3}]}, {"groupName": "Return", "statisticsItems": [{"name": "First serve return points", "home": "30/77 (38%)", "away": "25/55 (45%)", "compareCode": 2}, {"name": "Second serve return points", "home": "1/1 (100%)", "away": "3/5 (60%)", "compareCode": 1}, {"name": "Break points converted", "home": "3", "away": "4", "compareCode": 2}, {"name": "Return games played", "home": "9", "away": "9", "compareCode": 3}]}, {"groupName": "Points", "statisticsItems": [{"name": "Service points won", "home": "32", "away": "47", "compareCode": 2}, {"name": "Receiver points won", "home": "31", "away": "28", "compareCode": 1}, {"name": "Total points won", "home": "63", "away": "75", "compareCode": 2}, {"name": "Max points in a row", "home": "4", "away": "9", "compareCode": 2}]}]}, {"period": "1ST", "groups": [{"groupName": "Service", "statisticsItems": [{"name": "Aces", "home": "0", "away": "0", "compareCode": 3}, {"name": "Double faults", "home": "0", "away": "0", "compareCode": 3}, {"name": "First serve", "home": "20/20 (100%)", "away": "37/38 (97%)", "compareCode": 1}, {"name": "Second serve", "home": "0/0 (0%)", "away": "1/1 (100%)", "compareCode": 2}, {"name": "First serve points", "home": "6/20 (30%)", "away": "22/37 (59%)", "compareCode": 2}, {"name": "Second serve points", "home": "0/0 (0%)", "away": "0/1 (0%)", "compareCode": 3}, {"name": "Break points saved", "home": "1/4 (25%)", "away": "5/6 (83%)", "compareCode": 1}, {"name": "Service games played", "home": "4", "away": "4", "compareCode": 3}]}, {"groupName": "Return", "statisticsItems": [{"name": "First serve return points", "home": "15/37 (40%)", "away": "14/20 (70%)", "compareCode": 2}, {"name": "Second serve return points", "home": "1/1 (100%)", "away": "0/0 (0%)", "compareCode": 2}, {"name": "Break points converted", "home": "1", "away": "3", "compareCode": 2}, {"name": "Return games played", "home": "4", "away": "4", "compareCode": 3}]}, {"groupName": "Points", "statisticsItems": [{"name": "Service points won", "home": "6", "away": "22", "compareCode": 2}, {"name": "Receiver points won", "home": "16", "away": "14", "compareCode": 1}, {"name": "Total points won", "home": "22", "away": "36", "compareCode": 2}, {"name": "Max points in a row", "home": "3", "away": "9", "compareCode": 2}]}]}, {"period": "2ND", "groups": [{"groupName": "Service", "statisticsItems": [{"name": "Aces", "home": "0", "away": "0", "compareCode": 3}, {"name": "Double faults", "home": "0", "away": "0", "compareCode": 3}, {"name": "First serve", "home": "28/30 (93%)", "away": "30/30 (100%)", "compareCode": 2}, {"name": "Second serve", "home": "2/2 (100%)", "away": "0/0 (0%)", "compareCode": 1}, {"name": "First serve points", "home": "18/28 (64%)", "away": "17/30 (57%)", "compareCode": 1}, {"name": "Second serve points", "home": "1/2 (50%)", "away": "0/0 (0%)", "compareCode": 1}, {"name": "Break points saved", "home": "1/2 (50%)", "away": "1/3 (33%)", "compareCode": 1}, {"name": "Service games played", "home": "5", "away": "5", "compareCode": 3}]}, {"groupName": "Return", "statisticsItems": [{"name": "First serve return points", "home": "13/30 (43%)", "away": "10/28 (35%)", "compareCode": 3}, {"name": "Second serve return points", "home": "0/0 (0%)", "away": "1/2 (50%)", "compareCode": 1}, {"name": "Break points converted", "home": "2", "away": "1", "compareCode": 1}, {"name": "Return games played", "home": "5", "away": "5", "compareCode": 3}]}, {"groupName": "Points", "statisticsItems": [{"name": "Service points won", "home": "19", "away": "17", "compareCode": 1}, {"name": "Receiver points won", "home": "13", "away": "11", "compareCode": 1}, {"name": "Total points won", "home": "32", "away": "28", "compareCode": 1}, {"name": "Max points in a row", "home": "4", "away": "3", "compareCode": 1}]}]}, {"period": "3RD", "groups": [{"groupName": "Service", "statisticsItems": [{"name": "Aces", "home": "0", "away": "0", "compareCode": 3}, {"name": "Double faults", "home": "0", "away": "0", "compareCode": 3}, {"name": "First serve", "home": "7/10 (70%)", "away": "10/10 (100%)", "compareCode": 2}, {"name": "Second serve", "home": "3/3 (100%)", "away": "0/0 (0%)", "compareCode": 1}, {"name": "First serve points", "home": "6/7 (86%)", "away": "8/10 (80%)", "compareCode": 2}, {"name": "Second serve points", "home": "1/3 (33%)", "away": "0/0 (0%)", "compareCode": 1}, {"name": "Break points saved", "home": "0/0 (0%)", "away": "0/0 (0%)", "compareCode": 3}, {"name": "Service games played", "home": "0", "away": "0", "compareCode": 3}]}, {"groupName": "Return", "statisticsItems": [{"name": "First serve return points", "home": "2/10 (20%)", "away": "1/7 (14%)", "compareCode": 3}, {"name": "Second serve return points", "home": "0/0 (0%)", "away": "2/3 (66%)", "compareCode": 1}, {"name": "Break points converted", "home": "0", "away": "0", "compareCode": 3}, {"name": "Return games played", "home": "0", "away": "0", "compareCode": 3}]}, {"groupName": "Points", "statisticsItems": [{"name": "Service points won", "home": "7", "away": "8", "compareCode": 2}, {"name": "Receiver points won", "home": "2", "away": "3", "compareCode": 2}, {"name": "Total points won", "home": "9", "away": "11", "compareCode": 2}, {"name": "Max points in a row", "home": "3", "away": "3", "compareCode": 3}]}]}]}