{"statistics": [{"period": "ALL", "groups": [{"groupName": "Service", "statisticsItems": [{"name": "Aces", "home": "0", "away": "0", "compareCode": 3}, {"name": "First serve", "home": "48/54 (89%)", "away": "70/72 (97%)", "compareCode": 2}, {"name": "Second serve", "home": "6/6 (100%)", "away": "2/2 (100%)", "compareCode": 3}, {"name": "First serve points", "home": "22/48 (46%)", "away": "44/70 (63%)", "compareCode": 2}, {"name": "Second serve points", "home": "3/6 (50%)", "away": "1/2 (50%)", "compareCode": 1}, {"name": "Break points saved", "home": "3/8 (37%)", "away": "5/6 (83%)", "compareCode": 2}, {"name": "Service games played", "home": "9", "away": "8", "compareCode": 1}]}, {"groupName": "Return", "statisticsItems": [{"name": "First serve return points", "home": "26/70 (37%)", "away": "26/48 (54%)", "compareCode": 2}, {"name": "Second serve return points", "home": "1/2 (50%)", "away": "3/6 (50%)", "compareCode": 1}, {"name": "Break points converted", "home": "1", "away": "5", "compareCode": 2}, {"name": "Return games played", "home": "8", "away": "9", "compareCode": 1}]}, {"groupName": "Points", "statisticsItems": [{"name": "Service points won", "home": "25", "away": "45", "compareCode": 2}, {"name": "Receiver points won", "home": "27", "away": "29", "compareCode": 2}, {"name": "Total points won", "home": "52", "away": "74", "compareCode": 2}, {"name": "Max points in a row", "home": "7", "away": "8", "compareCode": 2}]}]}, {"period": "1ST", "groups": [{"groupName": "Service", "statisticsItems": [{"name": "Aces", "home": "0", "away": "0", "compareCode": 3}, {"name": "Double faults", "home": "0", "away": "0", "compareCode": 3}, {"name": "First serve", "home": "18/24 (75%)", "away": "44/45 (98%)", "compareCode": 2}, {"name": "Second serve", "home": "6/6 (100%)", "away": "1/1 (100%)", "compareCode": 3}, {"name": "First serve points", "home": "6/18 (33%)", "away": "26/44 (59%)", "compareCode": 2}, {"name": "Second serve points", "home": "3/6 (50%)", "away": "0/1 (0%)", "compareCode": 1}, {"name": "Break points saved", "home": "2/5 (40%)", "away": "5/5 (100%)", "compareCode": 3}, {"name": "Service games played", "home": "4", "away": "3", "compareCode": 1}]}, {"groupName": "Return", "statisticsItems": [{"name": "First serve return points", "home": "18/44 (40%)", "away": "12/18 (66%)", "compareCode": 2}, {"name": "Second serve return points", "home": "1/1 (100%)", "away": "3/6 (50%)", "compareCode": 1}, {"name": "Break points converted", "home": "0", "away": "3", "compareCode": 2}, {"name": "Return games played", "home": "3", "away": "4", "compareCode": 1}]}, {"groupName": "Points", "statisticsItems": [{"name": "Service points won", "home": "9", "away": "26", "compareCode": 2}, {"name": "Receiver points won", "home": "19", "away": "15", "compareCode": 1}, {"name": "Total points won", "home": "28", "away": "41", "compareCode": 2}, {"name": "Max points in a row", "home": "4", "away": "6", "compareCode": 2}]}]}, {"period": "2ND", "groups": [{"groupName": "Service", "statisticsItems": [{"name": "Aces", "home": "0", "away": "0", "compareCode": 3}, {"name": "Double faults", "home": "0", "away": "0", "compareCode": 3}, {"name": "First serve", "home": "30/30 (100%)", "away": "26/27 (96%)", "compareCode": 1}, {"name": "Second serve", "home": "0/0 (0%)", "away": "1/1 (100%)", "compareCode": 2}, {"name": "First serve points", "home": "16/30 (53%)", "away": "18/26 (69%)", "compareCode": 2}, {"name": "Second serve points", "home": "0/0 (0%)", "away": "1/1 (100%)", "compareCode": 2}, {"name": "Break points saved", "home": "1/3 (33%)", "away": "0/1 (0%)", "compareCode": 2}, {"name": "Service games played", "home": "5", "away": "5", "compareCode": 3}]}, {"groupName": "Return", "statisticsItems": [{"name": "First serve return points", "home": "8/26 (30%)", "away": "14/30 (46%)", "compareCode": 1}, {"name": "Second serve return points", "home": "0/1 (0%)", "away": "0/0 (0%)", "compareCode": 2}, {"name": "Break points converted", "home": "1", "away": "2", "compareCode": 2}, {"name": "Return games played", "home": "5", "away": "5", "compareCode": 3}]}, {"groupName": "Points", "statisticsItems": [{"name": "Service points won", "home": "16", "away": "19", "compareCode": 2}, {"name": "Receiver points won", "home": "8", "away": "14", "compareCode": 2}, {"name": "Total points won", "home": "24", "away": "33", "compareCode": 2}, {"name": "Max points in a row", "home": "7", "away": "8", "compareCode": 2}]}]}]}