{"statistics": [{"period": "ALL", "groups": [{"groupName": "Service", "statisticsItems": [{"name": "Aces", "home": "0", "away": "0", "compareCode": 3}, {"name": "First serve", "home": "53/62 (85%)", "away": "41/54 (76%)", "compareCode": 1}, {"name": "Second serve", "home": "9/9 (100%)", "away": "13/13 (100%)", "compareCode": 3}, {"name": "First serve points", "home": "30/53 (57%)", "away": "17/41 (41%)", "compareCode": 1}, {"name": "Second serve points", "home": "5/9 (56%)", "away": "5/13 (38%)", "compareCode": 3}, {"name": "Break points saved", "home": "7/10 (70%)", "away": "7/13 (53%)", "compareCode": 1}, {"name": "Service games played", "home": "9", "away": "9", "compareCode": 3}]}, {"groupName": "Return", "statisticsItems": [{"name": "First serve return points", "home": "24/41 (58%)", "away": "23/53 (43%)", "compareCode": 1}, {"name": "Second serve return points", "home": "8/13 (61%)", "away": "4/9 (44%)", "compareCode": 2}, {"name": "Break points converted", "home": "6", "away": "3", "compareCode": 1}, {"name": "Return games played", "home": "9", "away": "9", "compareCode": 3}]}, {"groupName": "Points", "statisticsItems": [{"name": "Service points won", "home": "35", "away": "22", "compareCode": 1}, {"name": "Receiver points won", "home": "32", "away": "27", "compareCode": 1}, {"name": "Total points won", "home": "67", "away": "49", "compareCode": 1}, {"name": "Max points in a row", "home": "10", "away": "4", "compareCode": 1}]}]}, {"period": "1ST", "groups": [{"groupName": "Service", "statisticsItems": [{"name": "Aces", "home": "0", "away": "0", "compareCode": 3}, {"name": "Double faults", "home": "0", "away": "0", "compareCode": 3}, {"name": "First serve", "home": "34/39 (87%)", "away": "18/29 (62%)", "compareCode": 1}, {"name": "Second serve", "home": "5/5 (100%)", "away": "11/11 (100%)", "compareCode": 3}, {"name": "First serve points", "home": "15/34 (44%)", "away": "6/18 (33%)", "compareCode": 1}, {"name": "Second serve points", "home": "3/5 (60%)", "away": "5/11 (45%)", "compareCode": 2}, {"name": "Break points saved", "home": "7/10 (70%)", "away": "3/7 (42%)", "compareCode": 2}, {"name": "Service games played", "home": "5", "away": "5", "compareCode": 3}]}, {"groupName": "Return", "statisticsItems": [{"name": "First serve return points", "home": "12/18 (66%)", "away": "19/34 (55%)", "compareCode": 1}, {"name": "Second serve return points", "home": "6/11 (54%)", "away": "2/5 (40%)", "compareCode": 2}, {"name": "Break points converted", "home": "4", "away": "3", "compareCode": 1}, {"name": "Return games played", "home": "5", "away": "5", "compareCode": 3}]}, {"groupName": "Points", "statisticsItems": [{"name": "Service points won", "home": "18", "away": "11", "compareCode": 1}, {"name": "Receiver points won", "home": "18", "away": "21", "compareCode": 2}, {"name": "Total points won", "home": "36", "away": "32", "compareCode": 1}, {"name": "Max points in a row", "home": "5", "away": "4", "compareCode": 1}]}]}, {"period": "2ND", "groups": [{"groupName": "Service", "statisticsItems": [{"name": "Aces", "home": "0", "away": "0", "compareCode": 3}, {"name": "Double faults", "home": "0", "away": "0", "compareCode": 3}, {"name": "First serve", "home": "19/23 (83%)", "away": "23/25 (92%)", "compareCode": 2}, {"name": "Second serve", "home": "4/4 (100%)", "away": "2/2 (100%)", "compareCode": 3}, {"name": "First serve points", "home": "15/19 (79%)", "away": "11/23 (48%)", "compareCode": 1}, {"name": "Second serve points", "home": "2/4 (50%)", "away": "0/2 (0%)", "compareCode": 1}, {"name": "Break points saved", "home": "0/0 (0%)", "away": "4/6 (66%)", "compareCode": 1}, {"name": "Service games played", "home": "4", "away": "4", "compareCode": 3}]}, {"groupName": "Return", "statisticsItems": [{"name": "First serve return points", "home": "12/23 (52%)", "away": "4/19 (21%)", "compareCode": 2}, {"name": "Second serve return points", "home": "2/2 (100%)", "away": "2/4 (50%)", "compareCode": 1}, {"name": "Break points converted", "home": "2", "away": "0", "compareCode": 1}, {"name": "Return games played", "home": "4", "away": "4", "compareCode": 3}]}, {"groupName": "Points", "statisticsItems": [{"name": "Service points won", "home": "17", "away": "11", "compareCode": 1}, {"name": "Receiver points won", "home": "14", "away": "6", "compareCode": 1}, {"name": "Total points won", "home": "31", "away": "17", "compareCode": 1}, {"name": "Max points in a row", "home": "10", "away": "3", "compareCode": 1}]}]}]}