{"statistics": [{"period": "ALL", "groups": [{"groupName": "Service", "statisticsItems": [{"name": "Aces", "home": "0", "away": "0", "compareCode": 3}, {"name": "Double faults", "home": "1", "away": "3", "compareCode": 2}, {"name": "First serve", "home": "62/73 (85%)", "away": "66/77 (86%)", "compareCode": 2}, {"name": "Second serve", "home": "10/11 (91%)", "away": "8/11 (73%)", "compareCode": 1}, {"name": "First serve points", "home": "28/62 (45%)", "away": "33/66 (50%)", "compareCode": 2}, {"name": "Second serve points", "home": "2/11 (18%)", "away": "5/11 (45%)", "compareCode": 2}, {"name": "Break points saved", "home": "6/14 (42%)", "away": "4/10 (40%)", "compareCode": 2}, {"name": "Service games played", "home": "11", "away": "11", "compareCode": 3}]}, {"groupName": "Return", "statisticsItems": [{"name": "First serve return points", "home": "33/66 (50%)", "away": "34/62 (54%)", "compareCode": 2}, {"name": "Second serve return points", "home": "6/11 (54%)", "away": "9/11 (81%)", "compareCode": 3}, {"name": "Break points converted", "home": "6", "away": "8", "compareCode": 2}, {"name": "Return games played", "home": "11", "away": "11", "compareCode": 3}]}, {"groupName": "Points", "statisticsItems": [{"name": "Service points won", "home": "30", "away": "38", "compareCode": 2}, {"name": "Receiver points won", "home": "39", "away": "43", "compareCode": 2}, {"name": "Total points won", "home": "69", "away": "81", "compareCode": 2}, {"name": "Max points in a row", "home": "7", "away": "9", "compareCode": 2}]}]}, {"period": "1ST", "groups": [{"groupName": "Service", "statisticsItems": [{"name": "Aces", "home": "0", "away": "0", "compareCode": 3}, {"name": "Double faults", "home": "0", "away": "1", "compareCode": 2}, {"name": "First serve", "home": "36/40 (90%)", "away": "42/45 (93%)", "compareCode": 2}, {"name": "Second serve", "home": "4/4 (100%)", "away": "2/3 (67%)", "compareCode": 1}, {"name": "First serve points", "home": "14/36 (39%)", "away": "18/42 (43%)", "compareCode": 2}, {"name": "Second serve points", "home": "1/4 (25%)", "away": "1/3 (33%)", "compareCode": 3}, {"name": "Break points saved", "home": "5/10 (50%)", "away": "3/7 (42%)", "compareCode": 2}, {"name": "Service games played", "home": "5", "away": "5", "compareCode": 3}]}, {"groupName": "Return", "statisticsItems": [{"name": "First serve return points", "home": "24/42 (57%)", "away": "22/36 (61%)", "compareCode": 2}, {"name": "Second serve return points", "home": "2/3 (66%)", "away": "3/4 (75%)", "compareCode": 1}, {"name": "Break points converted", "home": "4", "away": "5", "compareCode": 2}, {"name": "Return games played", "home": "5", "away": "5", "compareCode": 3}]}, {"groupName": "Points", "statisticsItems": [{"name": "Service points won", "home": "15", "away": "19", "compareCode": 2}, {"name": "Receiver points won", "home": "26", "away": "25", "compareCode": 1}, {"name": "Total points won", "home": "41", "away": "44", "compareCode": 2}, {"name": "Max points in a row", "home": "5", "away": "5", "compareCode": 3}]}]}, {"period": "2ND", "groups": [{"groupName": "Service", "statisticsItems": [{"name": "Aces", "home": "0", "away": "0", "compareCode": 3}, {"name": "Double faults", "home": "1", "away": "2", "compareCode": 2}, {"name": "First serve", "home": "26/33 (79%)", "away": "24/32 (75%)", "compareCode": 1}, {"name": "Second serve", "home": "6/7 (86%)", "away": "6/8 (75%)", "compareCode": 1}, {"name": "First serve points", "home": "14/26 (54%)", "away": "15/24 (63%)", "compareCode": 2}, {"name": "Second serve points", "home": "1/7 (14%)", "away": "4/8 (50%)", "compareCode": 2}, {"name": "Break points saved", "home": "1/4 (25%)", "away": "1/3 (33%)", "compareCode": 2}, {"name": "Service games played", "home": "6", "away": "6", "compareCode": 3}]}, {"groupName": "Return", "statisticsItems": [{"name": "First serve return points", "home": "9/24 (37%)", "away": "12/26 (46%)", "compareCode": 1}, {"name": "Second serve return points", "home": "4/8 (50%)", "away": "6/7 (85%)", "compareCode": 2}, {"name": "Break points converted", "home": "2", "away": "3", "compareCode": 2}, {"name": "Return games played", "home": "6", "away": "6", "compareCode": 3}]}, {"groupName": "Points", "statisticsItems": [{"name": "Service points won", "home": "15", "away": "19", "compareCode": 2}, {"name": "Receiver points won", "home": "13", "away": "18", "compareCode": 2}, {"name": "Total points won", "home": "28", "away": "37", "compareCode": 2}, {"name": "Max points in a row", "home": "7", "away": "9", "compareCode": 2}]}]}]}