{"statistics": [{"period": "ALL", "groups": [{"groupName": "Service", "statisticsItems": [{"name": "Aces", "home": "0", "away": "1", "compareCode": 2}, {"name": "First serve", "home": "61/70 (87%)", "away": "90/95 (95%)", "compareCode": 2}, {"name": "Second serve", "home": "9/9 (100%)", "away": "5/5 (100%)", "compareCode": 3}, {"name": "First serve points", "home": "30/61 (49%)", "away": "48/90 (53%)", "compareCode": 2}, {"name": "Second serve points", "home": "3/9 (33%)", "away": "2/5 (40%)", "compareCode": 1}, {"name": "Break points saved", "home": "4/9 (44%)", "away": "13/17 (76%)", "compareCode": 1}, {"name": "Service games played", "home": "9", "away": "9", "compareCode": 3}]}, {"groupName": "Return", "statisticsItems": [{"name": "First serve return points", "home": "42/90 (46%)", "away": "31/61 (50%)", "compareCode": 2}, {"name": "Second serve return points", "home": "3/5 (60%)", "away": "6/9 (66%)", "compareCode": 1}, {"name": "Break points converted", "home": "4", "away": "5", "compareCode": 2}, {"name": "Return games played", "home": "9", "away": "9", "compareCode": 3}]}, {"groupName": "Points", "statisticsItems": [{"name": "Service points won", "home": "33", "away": "50", "compareCode": 2}, {"name": "Receiver points won", "home": "45", "away": "37", "compareCode": 1}, {"name": "Total points won", "home": "78", "away": "87", "compareCode": 2}, {"name": "Max points in a row", "home": "6", "away": "6", "compareCode": 3}]}]}, {"period": "1ST", "groups": [{"groupName": "Service", "statisticsItems": [{"name": "Aces", "home": "0", "away": "0", "compareCode": 3}, {"name": "Double faults", "home": "0", "away": "0", "compareCode": 3}, {"name": "First serve", "home": "24/32 (75%)", "away": "44/49 (90%)", "compareCode": 2}, {"name": "Second serve", "home": "8/8 (100%)", "away": "5/5 (100%)", "compareCode": 3}, {"name": "First serve points", "home": "13/24 (54%)", "away": "19/44 (43%)", "compareCode": 2}, {"name": "Second serve points", "home": "2/8 (25%)", "away": "2/5 (40%)", "compareCode": 3}, {"name": "Break points saved", "home": "3/6 (50%)", "away": "6/10 (60%)", "compareCode": 1}, {"name": "Service games played", "home": "5", "away": "5", "compareCode": 3}]}, {"groupName": "Return", "statisticsItems": [{"name": "First serve return points", "home": "25/44 (56%)", "away": "11/24 (45%)", "compareCode": 2}, {"name": "Second serve return points", "home": "3/5 (60%)", "away": "6/8 (75%)", "compareCode": 1}, {"name": "Break points converted", "home": "4", "away": "3", "compareCode": 1}, {"name": "Return games played", "home": "5", "away": "5", "compareCode": 3}]}, {"groupName": "Points", "statisticsItems": [{"name": "Service points won", "home": "15", "away": "21", "compareCode": 2}, {"name": "Receiver points won", "home": "28", "away": "17", "compareCode": 1}, {"name": "Total points won", "home": "43", "away": "38", "compareCode": 1}, {"name": "Max points in a row", "home": "6", "away": "6", "compareCode": 3}]}]}, {"period": "2ND", "groups": [{"groupName": "Service", "statisticsItems": [{"name": "Aces", "home": "0", "away": "1", "compareCode": 2}, {"name": "Double faults", "home": "0", "away": "0", "compareCode": 3}, {"name": "First serve", "home": "28/29 (97%)", "away": "37/37 (100%)", "compareCode": 2}, {"name": "Second serve", "home": "1/1 (100%)", "away": "0/0 (0%)", "compareCode": 1}, {"name": "First serve points", "home": "13/28 (46%)", "away": "24/37 (65%)", "compareCode": 2}, {"name": "Second serve points", "home": "1/1 (100%)", "away": "0/0 (0%)", "compareCode": 1}, {"name": "Break points saved", "home": "1/3 (33%)", "away": "7/7 (100%)", "compareCode": 1}, {"name": "Service games played", "home": "4", "away": "4", "compareCode": 3}]}, {"groupName": "Return", "statisticsItems": [{"name": "First serve return points", "home": "13/37 (35%)", "away": "15/28 (53%)", "compareCode": 2}, {"name": "Second serve return points", "home": "0/0 (0%)", "away": "0/1 (0%)", "compareCode": 1}, {"name": "Break points converted", "home": "0", "away": "2", "compareCode": 2}, {"name": "Return games played", "home": "4", "away": "4", "compareCode": 3}]}, {"groupName": "Points", "statisticsItems": [{"name": "Service points won", "home": "14", "away": "24", "compareCode": 2}, {"name": "Receiver points won", "home": "13", "away": "15", "compareCode": 2}, {"name": "Total points won", "home": "27", "away": "39", "compareCode": 2}, {"name": "Max points in a row", "home": "3", "away": "5", "compareCode": 2}]}]}, {"period": "3RD", "groups": [{"groupName": "Service", "statisticsItems": [{"name": "Aces", "home": "0", "away": "0", "compareCode": 3}, {"name": "Double faults", "home": "0", "away": "0", "compareCode": 3}, {"name": "First serve", "home": "9/9 (100%)", "away": "9/9 (100%)", "compareCode": 3}, {"name": "Second serve", "home": "0/0 (0%)", "away": "0/0 (0%)", "compareCode": 3}, {"name": "First serve points", "home": "4/9 (44%)", "away": "5/9 (56%)", "compareCode": 2}, {"name": "Second serve points", "home": "0/0 (0%)", "away": "0/0 (0%)", "compareCode": 3}, {"name": "Break points saved", "home": "0/0 (0%)", "away": "0/0 (0%)", "compareCode": 3}, {"name": "Service games played", "home": "0", "away": "0", "compareCode": 3}]}, {"groupName": "Return", "statisticsItems": [{"name": "First serve return points", "home": "4/9 (44%)", "away": "5/9 (55%)", "compareCode": 3}, {"name": "Second serve return points", "home": "0/0 (0%)", "away": "0/0 (0%)", "compareCode": 3}, {"name": "Break points converted", "home": "0", "away": "0", "compareCode": 3}, {"name": "Return games played", "home": "0", "away": "0", "compareCode": 3}]}, {"groupName": "Points", "statisticsItems": [{"name": "Service points won", "home": "4", "away": "5", "compareCode": 2}, {"name": "Receiver points won", "home": "4", "away": "5", "compareCode": 2}, {"name": "Total points won", "home": "8", "away": "10", "compareCode": 2}, {"name": "Max points in a row", "home": "2", "away": "3", "compareCode": 2}]}]}]}