{"statistics": [{"period": "ALL", "groups": [{"groupName": "Service", "statisticsItems": [{"name": "Aces", "home": "0", "away": "0", "compareCode": 3}, {"name": "Double faults", "home": "1", "away": "1", "compareCode": 3}, {"name": "First serve", "home": "72/78 (92%)", "away": "67/73 (92%)", "compareCode": 3}, {"name": "Second serve", "home": "5/6 (83%)", "away": "5/6 (83%)", "compareCode": 3}, {"name": "First serve points", "home": "41/72 (57%)", "away": "33/67 (49%)", "compareCode": 1}, {"name": "Second serve points", "home": "2/6 (33%)", "away": "3/6 (50%)", "compareCode": 2}, {"name": "Break points saved", "home": "5/10 (50%)", "away": "3/9 (33%)", "compareCode": 2}, {"name": "Service games played", "home": "11", "away": "11", "compareCode": 3}]}, {"groupName": "Return", "statisticsItems": [{"name": "First serve return points", "home": "34/67 (50%)", "away": "31/72 (43%)", "compareCode": 1}, {"name": "Second serve return points", "home": "3/6 (50%)", "away": "4/6 (66%)", "compareCode": 3}, {"name": "Break points converted", "home": "6", "away": "5", "compareCode": 1}, {"name": "Return games played", "home": "11", "away": "11", "compareCode": 3}]}, {"groupName": "Points", "statisticsItems": [{"name": "Service points won", "home": "43", "away": "36", "compareCode": 1}, {"name": "Receiver points won", "home": "37", "away": "35", "compareCode": 1}, {"name": "Total points won", "home": "80", "away": "71", "compareCode": 1}, {"name": "Max points in a row", "home": "6", "away": "5", "compareCode": 1}]}]}, {"period": "1ST", "groups": [{"groupName": "Service", "statisticsItems": [{"name": "Aces", "home": "0", "away": "0", "compareCode": 3}, {"name": "Double faults", "home": "1", "away": "1", "compareCode": 3}, {"name": "First serve", "home": "24/28 (86%)", "away": "30/34 (88%)", "compareCode": 2}, {"name": "Second serve", "home": "3/4 (75%)", "away": "3/4 (75%)", "compareCode": 3}, {"name": "First serve points", "home": "15/24 (63%)", "away": "14/30 (47%)", "compareCode": 1}, {"name": "Second serve points", "home": "0/4 (0%)", "away": "2/4 (50%)", "compareCode": 2}, {"name": "Break points saved", "home": "0/2 (0%)", "away": "3/6 (50%)", "compareCode": 1}, {"name": "Service games played", "home": "5", "away": "5", "compareCode": 3}]}, {"groupName": "Return", "statisticsItems": [{"name": "First serve return points", "home": "16/30 (53%)", "away": "9/24 (37%)", "compareCode": 2}, {"name": "Second serve return points", "home": "2/4 (50%)", "away": "4/4 (100%)", "compareCode": 3}, {"name": "Break points converted", "home": "3", "away": "2", "compareCode": 1}, {"name": "Return games played", "home": "5", "away": "5", "compareCode": 3}]}, {"groupName": "Points", "statisticsItems": [{"name": "Service points won", "home": "15", "away": "16", "compareCode": 2}, {"name": "Receiver points won", "home": "18", "away": "13", "compareCode": 1}, {"name": "Total points won", "home": "33", "away": "29", "compareCode": 1}, {"name": "Max points in a row", "home": "4", "away": "5", "compareCode": 2}]}]}, {"period": "2ND", "groups": [{"groupName": "Service", "statisticsItems": [{"name": "Aces", "home": "0", "away": "0", "compareCode": 3}, {"name": "Double faults", "home": "0", "away": "0", "compareCode": 3}, {"name": "First serve", "home": "48/50 (96%)", "away": "37/39 (95%)", "compareCode": 1}, {"name": "Second serve", "home": "2/2 (100%)", "away": "2/2 (100%)", "compareCode": 3}, {"name": "First serve points", "home": "26/48 (54%)", "away": "19/37 (51%)", "compareCode": 1}, {"name": "Second serve points", "home": "2/2 (100%)", "away": "1/2 (50%)", "compareCode": 1}, {"name": "Break points saved", "home": "5/8 (62%)", "away": "0/3 (0%)", "compareCode": 2}, {"name": "Service games played", "home": "6", "away": "6", "compareCode": 3}]}, {"groupName": "Return", "statisticsItems": [{"name": "First serve return points", "home": "18/37 (48%)", "away": "22/48 (45%)", "compareCode": 1}, {"name": "Second serve return points", "home": "1/2 (50%)", "away": "0/2 (0%)", "compareCode": 3}, {"name": "Break points converted", "home": "3", "away": "3", "compareCode": 3}, {"name": "Return games played", "home": "6", "away": "6", "compareCode": 3}]}, {"groupName": "Points", "statisticsItems": [{"name": "Service points won", "home": "28", "away": "20", "compareCode": 1}, {"name": "Receiver points won", "home": "19", "away": "22", "compareCode": 2}, {"name": "Total points won", "home": "47", "away": "42", "compareCode": 1}, {"name": "Max points in a row", "home": "6", "away": "5", "compareCode": 1}]}]}]}