{"statistics": [{"period": "ALL", "groups": [{"groupName": "Service", "statisticsItems": [{"name": "Aces", "home": "0", "away": "0", "compareCode": 3}, {"name": "Double faults", "home": "2", "away": "0", "compareCode": 1}, {"name": "First serve", "home": "40/48 (83%)", "away": "60/62 (97%)", "compareCode": 2}, {"name": "Second serve", "home": "6/8 (75%)", "away": "2/2 (100%)", "compareCode": 2}, {"name": "First serve points", "home": "18/40 (45%)", "away": "37/60 (62%)", "compareCode": 2}, {"name": "Second serve points", "home": "3/8 (38%)", "away": "1/2 (50%)", "compareCode": 1}, {"name": "Break points saved", "home": "2/7 (28%)", "away": "5/6 (83%)", "compareCode": 2}, {"name": "Service games played", "home": "7", "away": "8", "compareCode": 2}]}, {"groupName": "Return", "statisticsItems": [{"name": "First serve return points", "home": "23/60 (38%)", "away": "22/40 (55%)", "compareCode": 2}, {"name": "Second serve return points", "home": "1/2 (50%)", "away": "5/8 (62%)", "compareCode": 1}, {"name": "Break points converted", "home": "1", "away": "5", "compareCode": 2}, {"name": "Return games played", "home": "8", "away": "7", "compareCode": 2}]}, {"groupName": "Points", "statisticsItems": [{"name": "Service points won", "home": "21", "away": "38", "compareCode": 2}, {"name": "Receiver points won", "home": "24", "away": "27", "compareCode": 2}, {"name": "Total points won", "home": "45", "away": "65", "compareCode": 2}, {"name": "Max points in a row", "home": "4", "away": "7", "compareCode": 2}]}]}, {"period": "1ST", "groups": [{"groupName": "Service", "statisticsItems": [{"name": "Aces", "home": "0", "away": "0", "compareCode": 3}, {"name": "Double faults", "home": "1", "away": "0", "compareCode": 1}, {"name": "First serve", "home": "26/29 (90%)", "away": "29/31 (94%)", "compareCode": 2}, {"name": "Second serve", "home": "2/3 (67%)", "away": "2/2 (100%)", "compareCode": 2}, {"name": "First serve points", "home": "11/26 (42%)", "away": "17/29 (59%)", "compareCode": 2}, {"name": "Second serve points", "home": "1/3 (33%)", "away": "1/2 (50%)", "compareCode": 3}, {"name": "Break points saved", "home": "2/5 (40%)", "away": "1/2 (50%)", "compareCode": 2}, {"name": "Service games played", "home": "4", "away": "4", "compareCode": 3}]}, {"groupName": "Return", "statisticsItems": [{"name": "First serve return points", "home": "12/29 (41%)", "away": "15/26 (57%)", "compareCode": 2}, {"name": "Second serve return points", "home": "1/2 (50%)", "away": "2/3 (66%)", "compareCode": 1}, {"name": "Break points converted", "home": "1", "away": "3", "compareCode": 2}, {"name": "Return games played", "home": "4", "away": "4", "compareCode": 3}]}, {"groupName": "Points", "statisticsItems": [{"name": "Service points won", "home": "12", "away": "18", "compareCode": 2}, {"name": "Receiver points won", "home": "13", "away": "17", "compareCode": 2}, {"name": "Total points won", "home": "25", "away": "35", "compareCode": 2}, {"name": "Max points in a row", "home": "4", "away": "7", "compareCode": 2}]}]}, {"period": "2ND", "groups": [{"groupName": "Service", "statisticsItems": [{"name": "Aces", "home": "0", "away": "0", "compareCode": 3}, {"name": "Double faults", "home": "1", "away": "0", "compareCode": 1}, {"name": "First serve", "home": "14/19 (74%)", "away": "31/31 (100%)", "compareCode": 2}, {"name": "Second serve", "home": "4/5 (80%)", "away": "0/0 (0%)", "compareCode": 1}, {"name": "First serve points", "home": "7/14 (50%)", "away": "20/31 (65%)", "compareCode": 2}, {"name": "Second serve points", "home": "2/5 (40%)", "away": "0/0 (0%)", "compareCode": 1}, {"name": "Break points saved", "home": "0/2 (0%)", "away": "4/4 (100%)", "compareCode": 1}, {"name": "Service games played", "home": "3", "away": "4", "compareCode": 2}]}, {"groupName": "Return", "statisticsItems": [{"name": "First serve return points", "home": "11/31 (35%)", "away": "7/14 (50%)", "compareCode": 2}, {"name": "Second serve return points", "home": "0/0 (0%)", "away": "3/5 (60%)", "compareCode": 1}, {"name": "Break points converted", "home": "0", "away": "2", "compareCode": 2}, {"name": "Return games played", "home": "4", "away": "3", "compareCode": 2}]}, {"groupName": "Points", "statisticsItems": [{"name": "Service points won", "home": "9", "away": "20", "compareCode": 2}, {"name": "Receiver points won", "home": "11", "away": "10", "compareCode": 1}, {"name": "Total points won", "home": "20", "away": "30", "compareCode": 2}, {"name": "Max points in a row", "home": "3", "away": "7", "compareCode": 2}]}]}]}