{"statistics": [{"period": "ALL", "groups": [{"groupName": "Service", "statisticsItems": [{"name": "Aces", "home": "0", "away": "1", "compareCode": 2}, {"name": "Double faults", "home": "5", "away": "1", "compareCode": 1}, {"name": "First serve", "home": "59/78 (76%)", "away": "55/69 (80%)", "compareCode": 2}, {"name": "Second serve", "home": "14/19 (74%)", "away": "13/14 (93%)", "compareCode": 2}, {"name": "First serve points", "home": "29/59 (49%)", "away": "24/55 (44%)", "compareCode": 1}, {"name": "Second serve points", "home": "8/19 (42%)", "away": "4/14 (29%)", "compareCode": 1}, {"name": "Break points saved", "home": "3/10 (30%)", "away": "2/8 (25%)", "compareCode": 2}, {"name": "Service games played", "home": "11", "away": "11", "compareCode": 3}]}, {"groupName": "Return", "statisticsItems": [{"name": "First serve return points", "home": "31/55 (56%)", "away": "30/59 (50%)", "compareCode": 1}, {"name": "Second serve return points", "home": "10/14 (71%)", "away": "11/19 (57%)", "compareCode": 1}, {"name": "Break points converted", "home": "6", "away": "7", "compareCode": 2}, {"name": "Return games played", "home": "11", "away": "11", "compareCode": 3}]}, {"groupName": "Points", "statisticsItems": [{"name": "Service points won", "home": "37", "away": "28", "compareCode": 1}, {"name": "Receiver points won", "home": "41", "away": "41", "compareCode": 3}, {"name": "Total points won", "home": "78", "away": "69", "compareCode": 1}, {"name": "Max points in a row", "home": "9", "away": "6", "compareCode": 1}]}]}, {"period": "1ST", "groups": [{"groupName": "Service", "statisticsItems": [{"name": "Aces", "home": "0", "away": "1", "compareCode": 2}, {"name": "Double faults", "home": "3", "away": "1", "compareCode": 1}, {"name": "First serve", "home": "22/32 (69%)", "away": "20/29 (69%)", "compareCode": 3}, {"name": "Second serve", "home": "7/10 (70%)", "away": "8/9 (89%)", "compareCode": 2}, {"name": "First serve points", "home": "10/22 (45%)", "away": "10/20 (50%)", "compareCode": 3}, {"name": "Second serve points", "home": "3/10 (30%)", "away": "3/9 (33%)", "compareCode": 3}, {"name": "Break points saved", "home": "3/7 (42%)", "away": "2/5 (40%)", "compareCode": 2}, {"name": "Service games played", "home": "5", "away": "5", "compareCode": 3}]}, {"groupName": "Return", "statisticsItems": [{"name": "First serve return points", "home": "10/20 (50%)", "away": "12/22 (54%)", "compareCode": 1}, {"name": "Second serve return points", "home": "6/9 (66%)", "away": "7/10 (70%)", "compareCode": 1}, {"name": "Break points converted", "home": "3", "away": "4", "compareCode": 2}, {"name": "Return games played", "home": "5", "away": "5", "compareCode": 3}]}, {"groupName": "Points", "statisticsItems": [{"name": "Service points won", "home": "13", "away": "13", "compareCode": 3}, {"name": "Receiver points won", "home": "16", "away": "19", "compareCode": 2}, {"name": "Total points won", "home": "29", "away": "32", "compareCode": 2}, {"name": "Max points in a row", "home": "9", "away": "6", "compareCode": 1}]}]}, {"period": "2ND", "groups": [{"groupName": "Service", "statisticsItems": [{"name": "Aces", "home": "0", "away": "0", "compareCode": 3}, {"name": "Double faults", "home": "2", "away": "0", "compareCode": 1}, {"name": "First serve", "home": "29/37 (78%)", "away": "27/31 (87%)", "compareCode": 2}, {"name": "Second serve", "home": "6/8 (75%)", "away": "4/4 (100%)", "compareCode": 2}, {"name": "First serve points", "home": "16/29 (55%)", "away": "12/27 (44%)", "compareCode": 1}, {"name": "Second serve points", "home": "5/8 (63%)", "away": "1/4 (25%)", "compareCode": 1}, {"name": "Break points saved", "home": "0/3 (0%)", "away": "0/3 (0%)", "compareCode": 3}, {"name": "Service games played", "home": "6", "away": "6", "compareCode": 3}]}, {"groupName": "Return", "statisticsItems": [{"name": "First serve return points", "home": "15/27 (55%)", "away": "13/29 (44%)", "compareCode": 1}, {"name": "Second serve return points", "home": "3/4 (75%)", "away": "3/8 (37%)", "compareCode": 1}, {"name": "Break points converted", "home": "3", "away": "3", "compareCode": 3}, {"name": "Return games played", "home": "6", "away": "6", "compareCode": 3}]}, {"groupName": "Points", "statisticsItems": [{"name": "Service points won", "home": "21", "away": "13", "compareCode": 1}, {"name": "Receiver points won", "home": "18", "away": "16", "compareCode": 1}, {"name": "Total points won", "home": "39", "away": "29", "compareCode": 1}, {"name": "Max points in a row", "home": "8", "away": "5", "compareCode": 1}]}]}, {"period": "3RD", "groups": [{"groupName": "Service", "statisticsItems": [{"name": "Aces", "home": "0", "away": "0", "compareCode": 3}, {"name": "Double faults", "home": "0", "away": "0", "compareCode": 3}, {"name": "First serve", "home": "8/9 (89%)", "away": "8/9 (89%)", "compareCode": 3}, {"name": "Second serve", "home": "1/1 (100%)", "away": "1/1 (100%)", "compareCode": 3}, {"name": "First serve points", "home": "3/8 (38%)", "away": "2/8 (25%)", "compareCode": 1}, {"name": "Second serve points", "home": "0/1 (0%)", "away": "0/1 (0%)", "compareCode": 3}, {"name": "Break points saved", "home": "0/0 (0%)", "away": "0/0 (0%)", "compareCode": 3}, {"name": "Service games played", "home": "0", "away": "0", "compareCode": 3}]}, {"groupName": "Return", "statisticsItems": [{"name": "First serve return points", "home": "6/8 (75%)", "away": "5/8 (62%)", "compareCode": 3}, {"name": "Second serve return points", "home": "1/1 (100%)", "away": "1/1 (100%)", "compareCode": 3}, {"name": "Break points converted", "home": "0", "away": "0", "compareCode": 3}, {"name": "Return games played", "home": "0", "away": "0", "compareCode": 3}]}, {"groupName": "Points", "statisticsItems": [{"name": "Service points won", "home": "3", "away": "2", "compareCode": 1}, {"name": "Receiver points won", "home": "7", "away": "6", "compareCode": 1}, {"name": "Total points won", "home": "10", "away": "8", "compareCode": 1}, {"name": "Max points in a row", "home": "3", "away": "2", "compareCode": 1}]}]}]}