{"statistics": [{"period": "ALL", "groups": [{"groupName": "Service", "statisticsItems": [{"name": "Aces", "home": "0", "away": "0", "compareCode": 3}, {"name": "First serve", "home": "61/62 (98%)", "away": "56/62 (90%)", "compareCode": 1}, {"name": "Second serve", "home": "1/1 (100%)", "away": "6/6 (100%)", "compareCode": 3}, {"name": "First serve points", "home": "26/61 (43%)", "away": "31/56 (55%)", "compareCode": 2}, {"name": "Second serve points", "home": "0/1 (0%)", "away": "2/6 (33%)", "compareCode": 2}, {"name": "Break points saved", "home": "1/8 (12%)", "away": "3/8 (37%)", "compareCode": 3}, {"name": "Service games played", "home": "11", "away": "11", "compareCode": 3}]}, {"groupName": "Return", "statisticsItems": [{"name": "First serve return points", "home": "25/56 (44%)", "away": "35/61 (57%)", "compareCode": 3}, {"name": "Second serve return points", "home": "4/6 (66%)", "away": "1/1 (100%)", "compareCode": 2}, {"name": "Break points converted", "home": "5", "away": "7", "compareCode": 2}, {"name": "Return games played", "home": "11", "away": "11", "compareCode": 3}]}, {"groupName": "Points", "statisticsItems": [{"name": "Service points won", "home": "26", "away": "33", "compareCode": 2}, {"name": "Receiver points won", "home": "29", "away": "36", "compareCode": 2}, {"name": "Total points won", "home": "55", "away": "69", "compareCode": 2}, {"name": "Max points in a row", "home": "5", "away": "7", "compareCode": 2}]}]}, {"period": "1ST", "groups": [{"groupName": "Service", "statisticsItems": [{"name": "Aces", "home": "0", "away": "0", "compareCode": 3}, {"name": "Double faults", "home": "0", "away": "0", "compareCode": 3}, {"name": "First serve", "home": "28/29 (97%)", "away": "32/32 (100%)", "compareCode": 2}, {"name": "Second serve", "home": "1/1 (100%)", "away": "0/0 (0%)", "compareCode": 1}, {"name": "First serve points", "home": "13/28 (46%)", "away": "18/32 (56%)", "compareCode": 2}, {"name": "Second serve points", "home": "0/1 (0%)", "away": "0/0 (0%)", "compareCode": 3}, {"name": "Break points saved", "home": "1/4 (25%)", "away": "3/5 (60%)", "compareCode": 1}, {"name": "Service games played", "home": "5", "away": "5", "compareCode": 3}]}, {"groupName": "Return", "statisticsItems": [{"name": "First serve return points", "home": "14/32 (43%)", "away": "15/28 (53%)", "compareCode": 2}, {"name": "Second serve return points", "home": "0/0 (0%)", "away": "1/1 (100%)", "compareCode": 1}, {"name": "Break points converted", "home": "2", "away": "3", "compareCode": 2}, {"name": "Return games played", "home": "5", "away": "5", "compareCode": 3}]}, {"groupName": "Points", "statisticsItems": [{"name": "Service points won", "home": "13", "away": "18", "compareCode": 2}, {"name": "Receiver points won", "home": "14", "away": "16", "compareCode": 2}, {"name": "Total points won", "home": "27", "away": "34", "compareCode": 2}, {"name": "Max points in a row", "home": "4", "away": "5", "compareCode": 2}]}]}, {"period": "2ND", "groups": [{"groupName": "Service", "statisticsItems": [{"name": "Aces", "home": "0", "away": "0", "compareCode": 3}, {"name": "Double faults", "home": "0", "away": "0", "compareCode": 3}, {"name": "First serve", "home": "33/33 (100%)", "away": "24/30 (80%)", "compareCode": 1}, {"name": "Second serve", "home": "0/0 (0%)", "away": "6/6 (100%)", "compareCode": 2}, {"name": "First serve points", "home": "13/33 (39%)", "away": "13/24 (54%)", "compareCode": 3}, {"name": "Second serve points", "home": "0/0 (0%)", "away": "2/6 (33%)", "compareCode": 2}, {"name": "Break points saved", "home": "0/4 (0%)", "away": "0/3 (0%)", "compareCode": 2}, {"name": "Service games played", "home": "6", "away": "6", "compareCode": 3}]}, {"groupName": "Return", "statisticsItems": [{"name": "First serve return points", "home": "11/24 (45%)", "away": "20/33 (60%)", "compareCode": 1}, {"name": "Second serve return points", "home": "4/6 (66%)", "away": "0/0 (0%)", "compareCode": 2}, {"name": "Break points converted", "home": "3", "away": "4", "compareCode": 2}, {"name": "Return games played", "home": "6", "away": "6", "compareCode": 3}]}, {"groupName": "Points", "statisticsItems": [{"name": "Service points won", "home": "13", "away": "15", "compareCode": 2}, {"name": "Receiver points won", "home": "15", "away": "20", "compareCode": 2}, {"name": "Total points won", "home": "28", "away": "35", "compareCode": 2}, {"name": "Max points in a row", "home": "5", "away": "7", "compareCode": 2}]}]}]}