{"statistics": [{"period": "ALL", "groups": [{"groupName": "Service", "statisticsItems": [{"name": "Aces", "home": "3", "away": "0", "compareCode": 1}, {"name": "Double faults", "home": "2", "away": "2", "compareCode": 3}, {"name": "First serve", "home": "51/74 (69%)", "away": "58/67 (87%)", "compareCode": 2}, {"name": "Second serve", "home": "21/23 (91%)", "away": "7/9 (78%)", "compareCode": 1}, {"name": "First serve points", "home": "33/51 (65%)", "away": "31/58 (53%)", "compareCode": 1}, {"name": "Second serve points", "home": "5/23 (22%)", "away": "3/9 (33%)", "compareCode": 1}, {"name": "Break points saved", "home": "4/10 (40%)", "away": "4/9 (44%)", "compareCode": 2}, {"name": "Service games played", "home": "10", "away": "9", "compareCode": 1}]}, {"groupName": "Return", "statisticsItems": [{"name": "First serve return points", "home": "27/58 (46%)", "away": "18/51 (35%)", "compareCode": 1}, {"name": "Second serve return points", "home": "6/9 (66%)", "away": "18/23 (78%)", "compareCode": 1}, {"name": "Break points converted", "home": "5", "away": "6", "compareCode": 2}, {"name": "Return games played", "home": "9", "away": "10", "compareCode": 1}]}, {"groupName": "Points", "statisticsItems": [{"name": "Service points won", "home": "38", "away": "34", "compareCode": 1}, {"name": "Receiver points won", "home": "33", "away": "36", "compareCode": 2}, {"name": "Total points won", "home": "71", "away": "70", "compareCode": 1}, {"name": "Max points in a row", "home": "7", "away": "8", "compareCode": 2}]}]}, {"period": "1ST", "groups": [{"groupName": "Service", "statisticsItems": [{"name": "Aces", "home": "1", "away": "0", "compareCode": 1}, {"name": "Double faults", "home": "2", "away": "0", "compareCode": 1}, {"name": "First serve", "home": "23/32 (72%)", "away": "29/29 (100%)", "compareCode": 2}, {"name": "Second serve", "home": "7/9 (78%)", "away": "0/0 (0%)", "compareCode": 1}, {"name": "First serve points", "home": "16/23 (70%)", "away": "13/29 (45%)", "compareCode": 1}, {"name": "Second serve points", "home": "2/9 (22%)", "away": "0/0 (0%)", "compareCode": 1}, {"name": "Break points saved", "home": "2/4 (50%)", "away": "1/4 (25%)", "compareCode": 3}, {"name": "Service games played", "home": "5", "away": "5", "compareCode": 3}]}, {"groupName": "Return", "statisticsItems": [{"name": "First serve return points", "home": "16/29 (55%)", "away": "7/23 (30%)", "compareCode": 1}, {"name": "Second serve return points", "home": "0/0 (0%)", "away": "7/9 (77%)", "compareCode": 1}, {"name": "Break points converted", "home": "3", "away": "2", "compareCode": 1}, {"name": "Return games played", "home": "5", "away": "5", "compareCode": 3}]}, {"groupName": "Points", "statisticsItems": [{"name": "Service points won", "home": "18", "away": "13", "compareCode": 1}, {"name": "Receiver points won", "home": "16", "away": "14", "compareCode": 1}, {"name": "Total points won", "home": "34", "away": "27", "compareCode": 1}, {"name": "Max points in a row", "home": "4", "away": "4", "compareCode": 3}]}]}, {"period": "2ND", "groups": [{"groupName": "Service", "statisticsItems": [{"name": "Aces", "home": "2", "away": "0", "compareCode": 1}, {"name": "Double faults", "home": "0", "away": "1", "compareCode": 2}, {"name": "First serve", "home": "19/29 (66%)", "away": "21/25 (84%)", "compareCode": 2}, {"name": "Second serve", "home": "10/10 (100%)", "away": "3/4 (75%)", "compareCode": 1}, {"name": "First serve points", "home": "11/19 (58%)", "away": "12/21 (57%)", "compareCode": 2}, {"name": "Second serve points", "home": "0/10 (0%)", "away": "1/4 (25%)", "compareCode": 2}, {"name": "Break points saved", "home": "2/6 (33%)", "away": "3/5 (60%)", "compareCode": 2}, {"name": "Service games played", "home": "5", "away": "4", "compareCode": 1}]}, {"groupName": "Return", "statisticsItems": [{"name": "First serve return points", "home": "9/21 (42%)", "away": "8/19 (42%)", "compareCode": 1}, {"name": "Second serve return points", "home": "3/4 (75%)", "away": "10/10 (100%)", "compareCode": 1}, {"name": "Break points converted", "home": "2", "away": "4", "compareCode": 2}, {"name": "Return games played", "home": "4", "away": "5", "compareCode": 1}]}, {"groupName": "Points", "statisticsItems": [{"name": "Service points won", "home": "11", "away": "13", "compareCode": 2}, {"name": "Receiver points won", "home": "12", "away": "18", "compareCode": 2}, {"name": "Total points won", "home": "23", "away": "31", "compareCode": 2}, {"name": "Max points in a row", "home": "7", "away": "8", "compareCode": 2}]}]}, {"period": "3RD", "groups": [{"groupName": "Service", "statisticsItems": [{"name": "Aces", "home": "0", "away": "0", "compareCode": 3}, {"name": "Double faults", "home": "0", "away": "1", "compareCode": 2}, {"name": "First serve", "home": "9/13 (69%)", "away": "8/13 (62%)", "compareCode": 1}, {"name": "Second serve", "home": "4/4 (100%)", "away": "4/5 (80%)", "compareCode": 1}, {"name": "First serve points", "home": "6/9 (67%)", "away": "6/8 (75%)", "compareCode": 3}, {"name": "Second serve points", "home": "3/4 (75%)", "away": "2/5 (40%)", "compareCode": 1}, {"name": "Break points saved", "home": "0/0 (0%)", "away": "0/0 (0%)", "compareCode": 3}, {"name": "Service games played", "home": "0", "away": "0", "compareCode": 3}]}, {"groupName": "Return", "statisticsItems": [{"name": "First serve return points", "home": "2/8 (25%)", "away": "3/9 (33%)", "compareCode": 3}, {"name": "Second serve return points", "home": "3/5 (60%)", "away": "1/4 (25%)", "compareCode": 2}, {"name": "Break points converted", "home": "0", "away": "0", "compareCode": 3}, {"name": "Return games played", "home": "0", "away": "0", "compareCode": 3}]}, {"groupName": "Points", "statisticsItems": [{"name": "Service points won", "home": "9", "away": "8", "compareCode": 1}, {"name": "Receiver points won", "home": "5", "away": "4", "compareCode": 1}, {"name": "Total points won", "home": "14", "away": "12", "compareCode": 1}, {"name": "Max points in a row", "home": "6", "away": "3", "compareCode": 1}]}]}]}