{"statistics": [{"period": "ALL", "groups": [{"groupName": "Service", "statisticsItems": [{"name": "Aces", "home": "0", "away": "0", "compareCode": 3}, {"name": "First serve", "home": "48/48 (100%)", "away": "50/50 (100%)", "compareCode": 3}, {"name": "Second serve", "home": "0/0 (0%)", "away": "0/0 (0%)", "compareCode": 3}, {"name": "First serve points", "home": "34/48 (71%)", "away": "22/50 (44%)", "compareCode": 1}, {"name": "Second serve points", "home": "0/0 (0%)", "away": "0/0 (0%)", "compareCode": 3}, {"name": "Break points saved", "home": "1/2 (50%)", "away": "9/14 (64%)", "compareCode": 1}, {"name": "Service games played", "home": "8", "away": "7", "compareCode": 1}]}, {"groupName": "Return", "statisticsItems": [{"name": "First serve return points", "home": "28/50 (56%)", "away": "14/48 (29%)", "compareCode": 2}, {"name": "Second serve return points", "home": "0/0 (0%)", "away": "0/0 (0%)", "compareCode": 3}, {"name": "Break points converted", "home": "5", "away": "1", "compareCode": 1}, {"name": "Return games played", "home": "7", "away": "8", "compareCode": 1}]}, {"groupName": "Points", "statisticsItems": [{"name": "Service points won", "home": "34", "away": "22", "compareCode": 1}, {"name": "Receiver points won", "home": "28", "away": "14", "compareCode": 1}, {"name": "Total points won", "home": "62", "away": "36", "compareCode": 1}, {"name": "Max points in a row", "home": "5", "away": "4", "compareCode": 1}]}]}, {"period": "1ST", "groups": [{"groupName": "Service", "statisticsItems": [{"name": "Aces", "home": "0", "away": "0", "compareCode": 3}, {"name": "Double faults", "home": "0", "away": "0", "compareCode": 3}, {"name": "First serve", "home": "26/26 (100%)", "away": "15/15 (100%)", "compareCode": 3}, {"name": "Second serve", "home": "0/0 (0%)", "away": "0/0 (0%)", "compareCode": 3}, {"name": "First serve points", "home": "19/26 (73%)", "away": "7/15 (47%)", "compareCode": 1}, {"name": "Second serve points", "home": "0/0 (0%)", "away": "0/0 (0%)", "compareCode": 3}, {"name": "Break points saved", "home": "1/1 (100%)", "away": "2/4 (50%)", "compareCode": 1}, {"name": "Service games played", "home": "4", "away": "3", "compareCode": 1}]}, {"groupName": "Return", "statisticsItems": [{"name": "First serve return points", "home": "8/15 (53%)", "away": "7/26 (26%)", "compareCode": 1}, {"name": "Second serve return points", "home": "0/0 (0%)", "away": "0/0 (0%)", "compareCode": 3}, {"name": "Break points converted", "home": "2", "away": "0", "compareCode": 1}, {"name": "Return games played", "home": "3", "away": "4", "compareCode": 1}]}, {"groupName": "Points", "statisticsItems": [{"name": "Service points won", "home": "19", "away": "7", "compareCode": 1}, {"name": "Receiver points won", "home": "8", "away": "7", "compareCode": 1}, {"name": "Total points won", "home": "27", "away": "14", "compareCode": 1}, {"name": "Max points in a row", "home": "4", "away": "4", "compareCode": 3}]}]}, {"period": "2ND", "groups": [{"groupName": "Service", "statisticsItems": [{"name": "Aces", "home": "0", "away": "0", "compareCode": 3}, {"name": "Double faults", "home": "0", "away": "0", "compareCode": 3}, {"name": "First serve", "home": "22/22 (100%)", "away": "35/35 (100%)", "compareCode": 3}, {"name": "Second serve", "home": "0/0 (0%)", "away": "0/0 (0%)", "compareCode": 3}, {"name": "First serve points", "home": "15/22 (68%)", "away": "15/35 (43%)", "compareCode": 3}, {"name": "Second serve points", "home": "0/0 (0%)", "away": "0/0 (0%)", "compareCode": 3}, {"name": "Break points saved", "home": "0/1 (0%)", "away": "7/10 (70%)", "compareCode": 1}, {"name": "Service games played", "home": "4", "away": "4", "compareCode": 3}]}, {"groupName": "Return", "statisticsItems": [{"name": "First serve return points", "home": "20/35 (57%)", "away": "7/22 (31%)", "compareCode": 2}, {"name": "Second serve return points", "home": "0/0 (0%)", "away": "0/0 (0%)", "compareCode": 3}, {"name": "Break points converted", "home": "3", "away": "1", "compareCode": 1}, {"name": "Return games played", "home": "4", "away": "4", "compareCode": 3}]}, {"groupName": "Points", "statisticsItems": [{"name": "Service points won", "home": "15", "away": "15", "compareCode": 3}, {"name": "Receiver points won", "home": "20", "away": "7", "compareCode": 1}, {"name": "Total points won", "home": "35", "away": "22", "compareCode": 1}, {"name": "Max points in a row", "home": "5", "away": "3", "compareCode": 1}]}]}]}