{"statistics": [{"period": "ALL", "groups": [{"groupName": "Service", "statisticsItems": [{"name": "Aces", "home": "4", "away": "0", "compareCode": 1}, {"name": "Double faults", "home": "2", "away": "4", "compareCode": 2}, {"name": "First serve", "home": "36/55 (65%)", "away": "53/65 (82%)", "compareCode": 2}, {"name": "Second serve", "home": "17/19 (89%)", "away": "8/12 (67%)", "compareCode": 1}, {"name": "First serve points", "home": "25/36 (69%)", "away": "30/53 (57%)", "compareCode": 2}, {"name": "Second serve points", "home": "13/19 (68%)", "away": "3/12 (25%)", "compareCode": 1}, {"name": "Break points saved", "home": "4/5 (80%)", "away": "8/12 (66%)", "compareCode": 1}, {"name": "Service games played", "home": "9", "away": "8", "compareCode": 1}]}, {"groupName": "Return", "statisticsItems": [{"name": "First serve return points", "home": "23/53 (43%)", "away": "11/36 (30%)", "compareCode": 2}, {"name": "Second serve return points", "home": "9/12 (75%)", "away": "6/19 (31%)", "compareCode": 1}, {"name": "Break points converted", "home": "4", "away": "1", "compareCode": 1}, {"name": "Return games played", "home": "8", "away": "9", "compareCode": 1}]}, {"groupName": "Points", "statisticsItems": [{"name": "Service points won", "home": "38", "away": "33", "compareCode": 1}, {"name": "Receiver points won", "home": "32", "away": "17", "compareCode": 1}, {"name": "Total points won", "home": "70", "away": "50", "compareCode": 1}, {"name": "Max points in a row", "home": "7", "away": "5", "compareCode": 1}]}]}, {"period": "1ST", "groups": [{"groupName": "Service", "statisticsItems": [{"name": "Aces", "home": "2", "away": "0", "compareCode": 1}, {"name": "Double faults", "home": "1", "away": "2", "compareCode": 2}, {"name": "First serve", "home": "12/23 (52%)", "away": "19/25 (76%)", "compareCode": 2}, {"name": "Second serve", "home": "10/11 (91%)", "away": "4/6 (67%)", "compareCode": 1}, {"name": "First serve points", "home": "10/12 (83%)", "away": "9/19 (47%)", "compareCode": 1}, {"name": "Second serve points", "home": "7/11 (64%)", "away": "3/6 (50%)", "compareCode": 1}, {"name": "Break points saved", "home": "0/0 (0%)", "away": "4/6 (66%)", "compareCode": 1}, {"name": "Service games played", "home": "4", "away": "3", "compareCode": 1}]}, {"groupName": "Return", "statisticsItems": [{"name": "First serve return points", "home": "10/19 (52%)", "away": "2/12 (16%)", "compareCode": 2}, {"name": "Second serve return points", "home": "3/6 (50%)", "away": "4/11 (36%)", "compareCode": 1}, {"name": "Break points converted", "home": "2", "away": "0", "compareCode": 1}, {"name": "Return games played", "home": "3", "away": "4", "compareCode": 1}]}, {"groupName": "Points", "statisticsItems": [{"name": "Service points won", "home": "17", "away": "12", "compareCode": 1}, {"name": "Receiver points won", "home": "13", "away": "6", "compareCode": 1}, {"name": "Total points won", "home": "30", "away": "18", "compareCode": 1}, {"name": "Max points in a row", "home": "6", "away": "3", "compareCode": 1}]}]}, {"period": "2ND", "groups": [{"groupName": "Service", "statisticsItems": [{"name": "Aces", "home": "2", "away": "0", "compareCode": 1}, {"name": "Double faults", "home": "1", "away": "2", "compareCode": 2}, {"name": "First serve", "home": "24/32 (75%)", "away": "34/40 (85%)", "compareCode": 2}, {"name": "Second serve", "home": "7/8 (88%)", "away": "4/6 (67%)", "compareCode": 1}, {"name": "First serve points", "home": "15/24 (63%)", "away": "21/34 (62%)", "compareCode": 2}, {"name": "Second serve points", "home": "6/8 (75%)", "away": "0/6 (0%)", "compareCode": 1}, {"name": "Break points saved", "home": "4/5 (80%)", "away": "4/6 (66%)", "compareCode": 1}, {"name": "Service games played", "home": "5", "away": "5", "compareCode": 3}]}, {"groupName": "Return", "statisticsItems": [{"name": "First serve return points", "home": "13/34 (38%)", "away": "9/24 (37%)", "compareCode": 2}, {"name": "Second serve return points", "home": "6/6 (100%)", "away": "2/8 (25%)", "compareCode": 1}, {"name": "Break points converted", "home": "2", "away": "1", "compareCode": 1}, {"name": "Return games played", "home": "5", "away": "5", "compareCode": 3}]}, {"groupName": "Points", "statisticsItems": [{"name": "Service points won", "home": "21", "away": "21", "compareCode": 3}, {"name": "Receiver points won", "home": "19", "away": "11", "compareCode": 1}, {"name": "Total points won", "home": "40", "away": "32", "compareCode": 1}, {"name": "Max points in a row", "home": "7", "away": "5", "compareCode": 1}]}]}]}