{"statistics": [{"period": "ALL", "groups": [{"groupName": "Service", "statisticsItems": [{"name": "Aces", "home": "1", "away": "3", "compareCode": 2}, {"name": "Double faults", "home": "8", "away": "2", "compareCode": 1}, {"name": "First serve", "home": "17/41 (41%)", "away": "30/45 (67%)", "compareCode": 2}, {"name": "Second serve", "home": "16/24 (67%)", "away": "13/15 (87%)", "compareCode": 2}, {"name": "First serve points", "home": "7/17 (41%)", "away": "19/30 (63%)", "compareCode": 2}, {"name": "Second serve points", "home": "5/24 (21%)", "away": "8/15 (53%)", "compareCode": 2}, {"name": "Break points saved", "home": "1/8 (12%)", "away": "4/6 (66%)", "compareCode": 2}, {"name": "Service games played", "home": "8", "away": "7", "compareCode": 1}]}, {"groupName": "Return", "statisticsItems": [{"name": "First serve return points", "home": "11/30 (36%)", "away": "10/17 (58%)", "compareCode": 2}, {"name": "Second serve return points", "home": "7/15 (46%)", "away": "19/24 (79%)", "compareCode": 1}, {"name": "Break points converted", "home": "2", "away": "7", "compareCode": 2}, {"name": "Return games played", "home": "7", "away": "8", "compareCode": 1}]}, {"groupName": "Points", "statisticsItems": [{"name": "Service points won", "home": "12", "away": "27", "compareCode": 2}, {"name": "Receiver points won", "home": "18", "away": "29", "compareCode": 2}, {"name": "Total points won", "home": "30", "away": "56", "compareCode": 2}, {"name": "Max points in a row", "home": "6", "away": "9", "compareCode": 2}]}]}, {"period": "1ST", "groups": [{"groupName": "Service", "statisticsItems": [{"name": "Aces", "home": "1", "away": "3", "compareCode": 2}, {"name": "Double faults", "home": "6", "away": "1", "compareCode": 1}, {"name": "First serve", "home": "8/23 (35%)", "away": "11/18 (61%)", "compareCode": 2}, {"name": "Second serve", "home": "9/15 (60%)", "away": "6/7 (86%)", "compareCode": 2}, {"name": "First serve points", "home": "5/8 (63%)", "away": "8/11 (73%)", "compareCode": 2}, {"name": "Second serve points", "home": "2/15 (13%)", "away": "3/7 (43%)", "compareCode": 2}, {"name": "Break points saved", "home": "1/5 (20%)", "away": "3/4 (75%)", "compareCode": 2}, {"name": "Service games played", "home": "4", "away": "3", "compareCode": 1}]}, {"groupName": "Return", "statisticsItems": [{"name": "First serve return points", "home": "3/11 (27%)", "away": "3/8 (37%)", "compareCode": 1}, {"name": "Second serve return points", "home": "4/7 (57%)", "away": "13/15 (86%)", "compareCode": 1}, {"name": "Break points converted", "home": "1", "away": "4", "compareCode": 2}, {"name": "Return games played", "home": "3", "away": "4", "compareCode": 1}]}, {"groupName": "Points", "statisticsItems": [{"name": "Service points won", "home": "7", "away": "11", "compareCode": 2}, {"name": "Receiver points won", "home": "7", "away": "16", "compareCode": 2}, {"name": "Total points won", "home": "14", "away": "27", "compareCode": 2}, {"name": "Max points in a row", "home": "6", "away": "9", "compareCode": 2}]}]}, {"period": "2ND", "groups": [{"groupName": "Service", "statisticsItems": [{"name": "Aces", "home": "0", "away": "0", "compareCode": 3}, {"name": "Double faults", "home": "2", "away": "1", "compareCode": 1}, {"name": "First serve", "home": "9/18 (50%)", "away": "19/27 (70%)", "compareCode": 2}, {"name": "Second serve", "home": "7/9 (78%)", "away": "7/8 (88%)", "compareCode": 2}, {"name": "First serve points", "home": "2/9 (22%)", "away": "11/19 (58%)", "compareCode": 2}, {"name": "Second serve points", "home": "3/9 (33%)", "away": "5/8 (63%)", "compareCode": 2}, {"name": "Break points saved", "home": "0/3 (0%)", "away": "1/2 (50%)", "compareCode": 2}, {"name": "Service games played", "home": "4", "away": "4", "compareCode": 3}]}, {"groupName": "Return", "statisticsItems": [{"name": "First serve return points", "home": "8/19 (42%)", "away": "7/9 (77%)", "compareCode": 2}, {"name": "Second serve return points", "home": "3/8 (37%)", "away": "6/9 (66%)", "compareCode": 1}, {"name": "Break points converted", "home": "1", "away": "3", "compareCode": 2}, {"name": "Return games played", "home": "4", "away": "4", "compareCode": 3}]}, {"groupName": "Points", "statisticsItems": [{"name": "Service points won", "home": "5", "away": "16", "compareCode": 2}, {"name": "Receiver points won", "home": "11", "away": "13", "compareCode": 2}, {"name": "Total points won", "home": "16", "away": "29", "compareCode": 2}, {"name": "Max points in a row", "home": "3", "away": "8", "compareCode": 2}]}]}]}