{"statistics": [{"period": "ALL", "groups": [{"groupName": "Service", "statisticsItems": [{"name": "Aces", "home": "0", "away": "2", "compareCode": 2}, {"name": "Double faults", "home": "3", "away": "0", "compareCode": 1}, {"name": "First serve", "home": "40/60 (67%)", "away": "25/37 (68%)", "compareCode": 2}, {"name": "Second serve", "home": "17/20 (85%)", "away": "12/12 (100%)", "compareCode": 2}, {"name": "First serve points", "home": "20/40 (50%)", "away": "18/25 (72%)", "compareCode": 1}, {"name": "Second serve points", "home": "4/20 (20%)", "away": "8/12 (67%)", "compareCode": 2}, {"name": "Break points saved", "home": "5/11 (45%)", "away": "0/1 (0%)", "compareCode": 2}, {"name": "Service games played", "home": "8", "away": "7", "compareCode": 1}]}, {"groupName": "Return", "statisticsItems": [{"name": "First serve return points", "home": "7/25 (28%)", "away": "20/40 (50%)", "compareCode": 1}, {"name": "Second serve return points", "home": "4/12 (33%)", "away": "16/20 (80%)", "compareCode": 1}, {"name": "Break points converted", "home": "1", "away": "6", "compareCode": 2}, {"name": "Return games played", "home": "7", "away": "8", "compareCode": 1}]}, {"groupName": "Points", "statisticsItems": [{"name": "Service points won", "home": "24", "away": "26", "compareCode": 2}, {"name": "Receiver points won", "home": "11", "away": "36", "compareCode": 2}, {"name": "Total points won", "home": "35", "away": "62", "compareCode": 2}, {"name": "Max points in a row", "home": "6", "away": "13", "compareCode": 2}]}]}, {"period": "1ST", "groups": [{"groupName": "Service", "statisticsItems": [{"name": "Aces", "home": "0", "away": "1", "compareCode": 2}, {"name": "Double faults", "home": "1", "away": "0", "compareCode": 1}, {"name": "First serve", "home": "21/31 (68%)", "away": "10/16 (63%)", "compareCode": 1}, {"name": "Second serve", "home": "9/10 (90%)", "away": "6/6 (100%)", "compareCode": 2}, {"name": "First serve points", "home": "9/21 (43%)", "away": "6/10 (60%)", "compareCode": 1}, {"name": "Second serve points", "home": "1/10 (10%)", "away": "4/6 (67%)", "compareCode": 2}, {"name": "Break points saved", "home": "1/5 (20%)", "away": "0/1 (0%)", "compareCode": 2}, {"name": "Service games played", "home": "4", "away": "3", "compareCode": 1}]}, {"groupName": "Return", "statisticsItems": [{"name": "First serve return points", "home": "4/10 (40%)", "away": "12/21 (57%)", "compareCode": 1}, {"name": "Second serve return points", "home": "2/6 (33%)", "away": "9/10 (90%)", "compareCode": 1}, {"name": "Break points converted", "home": "1", "away": "4", "compareCode": 2}, {"name": "Return games played", "home": "3", "away": "4", "compareCode": 1}]}, {"groupName": "Points", "statisticsItems": [{"name": "Service points won", "home": "10", "away": "10", "compareCode": 3}, {"name": "Receiver points won", "home": "6", "away": "21", "compareCode": 2}, {"name": "Total points won", "home": "16", "away": "31", "compareCode": 2}, {"name": "Max points in a row", "home": "6", "away": "13", "compareCode": 2}]}]}, {"period": "2ND", "groups": [{"groupName": "Service", "statisticsItems": [{"name": "Aces", "home": "0", "away": "1", "compareCode": 2}, {"name": "Double faults", "home": "2", "away": "0", "compareCode": 1}, {"name": "First serve", "home": "19/29 (66%)", "away": "15/21 (71%)", "compareCode": 2}, {"name": "Second serve", "home": "8/10 (80%)", "away": "6/6 (100%)", "compareCode": 2}, {"name": "First serve points", "home": "11/19 (58%)", "away": "12/15 (80%)", "compareCode": 2}, {"name": "Second serve points", "home": "3/10 (30%)", "away": "4/6 (67%)", "compareCode": 2}, {"name": "Break points saved", "home": "4/6 (66%)", "away": "0/0 (0%)", "compareCode": 2}, {"name": "Service games played", "home": "4", "away": "4", "compareCode": 3}]}, {"groupName": "Return", "statisticsItems": [{"name": "First serve return points", "home": "3/15 (20%)", "away": "8/19 (42%)", "compareCode": 1}, {"name": "Second serve return points", "home": "2/6 (33%)", "away": "7/10 (70%)", "compareCode": 1}, {"name": "Break points converted", "home": "0", "away": "2", "compareCode": 2}, {"name": "Return games played", "home": "4", "away": "4", "compareCode": 3}]}, {"groupName": "Points", "statisticsItems": [{"name": "Service points won", "home": "14", "away": "16", "compareCode": 2}, {"name": "Receiver points won", "home": "5", "away": "15", "compareCode": 2}, {"name": "Total points won", "home": "19", "away": "31", "compareCode": 2}, {"name": "Max points in a row", "home": "6", "away": "5", "compareCode": 1}]}]}]}