{"statistics": [{"period": "ALL", "groups": [{"groupName": "Service", "statisticsItems": [{"name": "Aces", "home": "2", "away": "1", "compareCode": 1}, {"name": "Double faults", "home": "1", "away": "3", "compareCode": 2}, {"name": "First serve", "home": "44/62 (71%)", "away": "51/75 (68%)", "compareCode": 1}, {"name": "Second serve", "home": "17/18 (94%)", "away": "21/24 (88%)", "compareCode": 1}, {"name": "First serve points", "home": "24/44 (55%)", "away": "26/51 (51%)", "compareCode": 2}, {"name": "Second serve points", "home": "11/18 (61%)", "away": "13/24 (54%)", "compareCode": 2}, {"name": "Break points saved", "home": "3/7 (42%)", "away": "6/10 (60%)", "compareCode": 1}, {"name": "Service games played", "home": "10", "away": "10", "compareCode": 3}]}, {"groupName": "Return", "statisticsItems": [{"name": "First serve return points", "home": "25/51 (49%)", "away": "20/44 (45%)", "compareCode": 2}, {"name": "Second serve return points", "home": "11/24 (45%)", "away": "7/18 (38%)", "compareCode": 2}, {"name": "Break points converted", "home": "4", "away": "4", "compareCode": 3}, {"name": "Return games played", "home": "10", "away": "10", "compareCode": 3}]}, {"groupName": "Points", "statisticsItems": [{"name": "Service points won", "home": "35", "away": "39", "compareCode": 2}, {"name": "Receiver points won", "home": "36", "away": "27", "compareCode": 1}, {"name": "Total points won", "home": "71", "away": "66", "compareCode": 1}, {"name": "Max points in a row", "home": "8", "away": "11", "compareCode": 2}]}]}, {"period": "1ST", "groups": [{"groupName": "Service", "statisticsItems": [{"name": "Aces", "home": "0", "away": "0", "compareCode": 3}, {"name": "Double faults", "home": "0", "away": "2", "compareCode": 2}, {"name": "First serve", "home": "13/22 (59%)", "away": "15/28 (54%)", "compareCode": 1}, {"name": "Second serve", "home": "9/9 (100%)", "away": "11/13 (85%)", "compareCode": 1}, {"name": "First serve points", "home": "5/13 (38%)", "away": "10/15 (67%)", "compareCode": 2}, {"name": "Second serve points", "home": "5/9 (56%)", "away": "7/13 (54%)", "compareCode": 2}, {"name": "Break points saved", "home": "2/5 (40%)", "away": "1/3 (33%)", "compareCode": 2}, {"name": "Service games played", "home": "5", "away": "5", "compareCode": 3}]}, {"groupName": "Return", "statisticsItems": [{"name": "First serve return points", "home": "5/15 (33%)", "away": "8/13 (61%)", "compareCode": 2}, {"name": "Second serve return points", "home": "6/13 (46%)", "away": "4/9 (44%)", "compareCode": 2}, {"name": "Break points converted", "home": "2", "away": "3", "compareCode": 2}, {"name": "Return games played", "home": "5", "away": "5", "compareCode": 3}]}, {"groupName": "Points", "statisticsItems": [{"name": "Service points won", "home": "10", "away": "17", "compareCode": 2}, {"name": "Receiver points won", "home": "11", "away": "12", "compareCode": 2}, {"name": "Total points won", "home": "21", "away": "29", "compareCode": 2}, {"name": "Max points in a row", "home": "6", "away": "11", "compareCode": 2}]}]}, {"period": "2ND", "groups": [{"groupName": "Service", "statisticsItems": [{"name": "Aces", "home": "1", "away": "1", "compareCode": 3}, {"name": "Double faults", "home": "0", "away": "1", "compareCode": 2}, {"name": "First serve", "home": "25/33 (76%)", "away": "31/40 (78%)", "compareCode": 2}, {"name": "Second serve", "home": "8/8 (100%)", "away": "8/9 (89%)", "compareCode": 1}, {"name": "First serve points", "home": "14/25 (56%)", "away": "14/31 (45%)", "compareCode": 3}, {"name": "Second serve points", "home": "6/8 (75%)", "away": "6/9 (67%)", "compareCode": 3}, {"name": "Break points saved", "home": "1/2 (50%)", "away": "5/7 (71%)", "compareCode": 1}, {"name": "Service games played", "home": "5", "away": "5", "compareCode": 3}]}, {"groupName": "Return", "statisticsItems": [{"name": "First serve return points", "home": "17/31 (54%)", "away": "11/25 (44%)", "compareCode": 2}, {"name": "Second serve return points", "home": "3/9 (33%)", "away": "2/8 (25%)", "compareCode": 2}, {"name": "Break points converted", "home": "2", "away": "1", "compareCode": 1}, {"name": "Return games played", "home": "5", "away": "5", "compareCode": 3}]}, {"groupName": "Points", "statisticsItems": [{"name": "Service points won", "home": "20", "away": "20", "compareCode": 3}, {"name": "Receiver points won", "home": "20", "away": "13", "compareCode": 1}, {"name": "Total points won", "home": "40", "away": "33", "compareCode": 1}, {"name": "Max points in a row", "home": "7", "away": "6", "compareCode": 1}]}]}, {"period": "3RD", "groups": [{"groupName": "Service", "statisticsItems": [{"name": "Aces", "home": "1", "away": "0", "compareCode": 1}, {"name": "Double faults", "home": "1", "away": "0", "compareCode": 1}, {"name": "First serve", "home": "6/7 (86%)", "away": "5/7 (71%)", "compareCode": 1}, {"name": "Second serve", "home": "0/1 (0%)", "away": "2/2 (100%)", "compareCode": 2}, {"name": "First serve points", "home": "5/6 (83%)", "away": "2/5 (40%)", "compareCode": 1}, {"name": "Second serve points", "home": "0/1 (0%)", "away": "0/2 (0%)", "compareCode": 3}, {"name": "Break points saved", "home": "0/0 (0%)", "away": "0/0 (0%)", "compareCode": 3}, {"name": "Service games played", "home": "0", "away": "0", "compareCode": 3}]}, {"groupName": "Return", "statisticsItems": [{"name": "First serve return points", "home": "3/5 (60%)", "away": "1/6 (16%)", "compareCode": 3}, {"name": "Second serve return points", "home": "2/2 (100%)", "away": "1/1 (100%)", "compareCode": 2}, {"name": "Break points converted", "home": "0", "away": "0", "compareCode": 3}, {"name": "Return games played", "home": "0", "away": "0", "compareCode": 3}]}, {"groupName": "Points", "statisticsItems": [{"name": "Service points won", "home": "5", "away": "2", "compareCode": 1}, {"name": "Receiver points won", "home": "5", "away": "2", "compareCode": 1}, {"name": "Total points won", "home": "10", "away": "4", "compareCode": 1}, {"name": "Max points in a row", "home": "8", "away": "3", "compareCode": 1}]}]}]}