{"statistics": [{"period": "ALL", "groups": [{"groupName": "Service", "statisticsItems": [{"name": "Aces", "home": "1", "away": "1", "compareCode": 3}, {"name": "Double faults", "home": "1", "away": "7", "compareCode": 2}, {"name": "First serve", "home": "49/73 (67%)", "away": "32/51 (63%)", "compareCode": 1}, {"name": "Second serve", "home": "23/24 (96%)", "away": "12/19 (63%)", "compareCode": 1}, {"name": "First serve points", "home": "27/49 (55%)", "away": "15/32 (47%)", "compareCode": 1}, {"name": "Second serve points", "home": "12/24 (50%)", "away": "9/19 (47%)", "compareCode": 1}, {"name": "Break points saved", "home": "7/11 (63%)", "away": "5/11 (45%)", "compareCode": 3}, {"name": "Service games played", "home": "10", "away": "9", "compareCode": 1}]}, {"groupName": "Return", "statisticsItems": [{"name": "First serve return points", "home": "17/32 (53%)", "away": "22/49 (44%)", "compareCode": 1}, {"name": "Second serve return points", "home": "10/19 (52%)", "away": "12/24 (50%)", "compareCode": 1}, {"name": "Break points converted", "home": "6", "away": "4", "compareCode": 1}, {"name": "Return games played", "home": "9", "away": "10", "compareCode": 1}]}, {"groupName": "Points", "statisticsItems": [{"name": "Service points won", "home": "39", "away": "24", "compareCode": 1}, {"name": "Receiver points won", "home": "27", "away": "34", "compareCode": 2}, {"name": "Total points won", "home": "66", "away": "58", "compareCode": 1}, {"name": "Max points in a row", "home": "9", "away": "6", "compareCode": 1}]}]}, {"period": "1ST", "groups": [{"groupName": "Service", "statisticsItems": [{"name": "Aces", "home": "1", "away": "0", "compareCode": 1}, {"name": "Double faults", "home": "1", "away": "4", "compareCode": 2}, {"name": "First serve", "home": "26/41 (63%)", "away": "24/30 (80%)", "compareCode": 2}, {"name": "Second serve", "home": "14/15 (93%)", "away": "2/6 (33%)", "compareCode": 1}, {"name": "First serve points", "home": "14/26 (54%)", "away": "10/24 (42%)", "compareCode": 1}, {"name": "Second serve points", "home": "5/15 (33%)", "away": "1/6 (17%)", "compareCode": 1}, {"name": "Break points saved", "home": "6/9 (66%)", "away": "4/8 (50%)", "compareCode": 2}, {"name": "Service games played", "home": "5", "away": "4", "compareCode": 1}]}, {"groupName": "Return", "statisticsItems": [{"name": "First serve return points", "home": "14/24 (58%)", "away": "12/26 (46%)", "compareCode": 1}, {"name": "Second serve return points", "home": "5/6 (83%)", "away": "10/15 (66%)", "compareCode": 1}, {"name": "Break points converted", "home": "4", "away": "3", "compareCode": 1}, {"name": "Return games played", "home": "4", "away": "5", "compareCode": 1}]}, {"groupName": "Points", "statisticsItems": [{"name": "Service points won", "home": "19", "away": "11", "compareCode": 1}, {"name": "Receiver points won", "home": "19", "away": "22", "compareCode": 2}, {"name": "Total points won", "home": "38", "away": "33", "compareCode": 1}, {"name": "Max points in a row", "home": "5", "away": "3", "compareCode": 1}]}]}, {"period": "2ND", "groups": [{"groupName": "Service", "statisticsItems": [{"name": "Aces", "home": "0", "away": "1", "compareCode": 2}, {"name": "Double faults", "home": "0", "away": "3", "compareCode": 2}, {"name": "First serve", "home": "23/32 (72%)", "away": "8/21 (38%)", "compareCode": 1}, {"name": "Second serve", "home": "9/9 (100%)", "away": "10/13 (77%)", "compareCode": 1}, {"name": "First serve points", "home": "13/23 (57%)", "away": "5/8 (63%)", "compareCode": 1}, {"name": "Second serve points", "home": "7/9 (78%)", "away": "8/13 (62%)", "compareCode": 2}, {"name": "Break points saved", "home": "1/2 (50%)", "away": "1/3 (33%)", "compareCode": 1}, {"name": "Service games played", "home": "5", "away": "5", "compareCode": 3}]}, {"groupName": "Return", "statisticsItems": [{"name": "First serve return points", "home": "3/8 (37%)", "away": "10/23 (43%)", "compareCode": 1}, {"name": "Second serve return points", "home": "5/13 (38%)", "away": "2/9 (22%)", "compareCode": 2}, {"name": "Break points converted", "home": "2", "away": "1", "compareCode": 1}, {"name": "Return games played", "home": "5", "away": "5", "compareCode": 3}]}, {"groupName": "Points", "statisticsItems": [{"name": "Service points won", "home": "20", "away": "13", "compareCode": 1}, {"name": "Receiver points won", "home": "8", "away": "12", "compareCode": 2}, {"name": "Total points won", "home": "28", "away": "25", "compareCode": 1}, {"name": "Max points in a row", "home": "6", "away": "6", "compareCode": 3}]}]}]}