{"statistics": [{"period": "ALL", "groups": [{"groupName": "Service", "statisticsItems": [{"name": "Aces", "home": "1", "away": "1", "compareCode": 3}, {"name": "Double faults", "home": "7", "away": "3", "compareCode": 1}, {"name": "First serve", "home": "48/71 (68%)", "away": "35/51 (69%)", "compareCode": 2}, {"name": "Second serve", "home": "16/23 (70%)", "away": "13/16 (81%)", "compareCode": 2}, {"name": "First serve points", "home": "25/48 (52%)", "away": "18/35 (51%)", "compareCode": 1}, {"name": "Second serve points", "home": "5/23 (22%)", "away": "11/16 (69%)", "compareCode": 2}, {"name": "Break points saved", "home": "9/16 (56%)", "away": "3/6 (50%)", "compareCode": 2}, {"name": "Service games played", "home": "9", "away": "9", "compareCode": 3}]}, {"groupName": "Return", "statisticsItems": [{"name": "First serve return points", "home": "17/35 (48%)", "away": "23/48 (47%)", "compareCode": 1}, {"name": "Second serve return points", "home": "5/16 (31%)", "away": "18/23 (78%)", "compareCode": 1}, {"name": "Break points converted", "home": "3", "away": "7", "compareCode": 2}, {"name": "Return games played", "home": "9", "away": "9", "compareCode": 3}]}, {"groupName": "Points", "statisticsItems": [{"name": "Service points won", "home": "30", "away": "29", "compareCode": 1}, {"name": "Receiver points won", "home": "22", "away": "41", "compareCode": 2}, {"name": "Total points won", "home": "52", "away": "70", "compareCode": 2}, {"name": "Max points in a row", "home": "4", "away": "6", "compareCode": 2}]}]}, {"period": "1ST", "groups": [{"groupName": "Service", "statisticsItems": [{"name": "Aces", "home": "0", "away": "0", "compareCode": 3}, {"name": "Double faults", "home": "2", "away": "1", "compareCode": 1}, {"name": "First serve", "home": "23/32 (72%)", "away": "9/17 (53%)", "compareCode": 1}, {"name": "Second serve", "home": "7/9 (78%)", "away": "7/8 (88%)", "compareCode": 2}, {"name": "First serve points", "home": "11/23 (48%)", "away": "7/9 (78%)", "compareCode": 1}, {"name": "Second serve points", "home": "2/9 (22%)", "away": "6/8 (75%)", "compareCode": 2}, {"name": "Break points saved", "home": "4/7 (57%)", "away": "1/1 (100%)", "compareCode": 2}, {"name": "Service games played", "home": "3", "away": "3", "compareCode": 3}]}, {"groupName": "Return", "statisticsItems": [{"name": "First serve return points", "home": "2/9 (22%)", "away": "12/23 (52%)", "compareCode": 1}, {"name": "Second serve return points", "home": "2/8 (25%)", "away": "7/9 (77%)", "compareCode": 1}, {"name": "Break points converted", "home": "0", "away": "3", "compareCode": 2}, {"name": "Return games played", "home": "3", "away": "3", "compareCode": 3}]}, {"groupName": "Points", "statisticsItems": [{"name": "Service points won", "home": "13", "away": "13", "compareCode": 3}, {"name": "Receiver points won", "home": "4", "away": "19", "compareCode": 2}, {"name": "Total points won", "home": "17", "away": "32", "compareCode": 2}, {"name": "Max points in a row", "home": "2", "away": "6", "compareCode": 2}]}]}, {"period": "2ND", "groups": [{"groupName": "Service", "statisticsItems": [{"name": "Aces", "home": "1", "away": "1", "compareCode": 3}, {"name": "Double faults", "home": "5", "away": "2", "compareCode": 1}, {"name": "First serve", "home": "25/39 (64%)", "away": "26/34 (76%)", "compareCode": 2}, {"name": "Second serve", "home": "9/14 (64%)", "away": "6/8 (75%)", "compareCode": 2}, {"name": "First serve points", "home": "14/25 (56%)", "away": "11/26 (42%)", "compareCode": 1}, {"name": "Second serve points", "home": "3/14 (21%)", "away": "5/8 (63%)", "compareCode": 2}, {"name": "Break points saved", "home": "5/9 (55%)", "away": "2/5 (40%)", "compareCode": 2}, {"name": "Service games played", "home": "6", "away": "6", "compareCode": 3}]}, {"groupName": "Return", "statisticsItems": [{"name": "First serve return points", "home": "15/26 (57%)", "away": "11/25 (44%)", "compareCode": 1}, {"name": "Second serve return points", "home": "3/8 (37%)", "away": "11/14 (78%)", "compareCode": 1}, {"name": "Break points converted", "home": "3", "away": "4", "compareCode": 2}, {"name": "Return games played", "home": "6", "away": "6", "compareCode": 3}]}, {"groupName": "Points", "statisticsItems": [{"name": "Service points won", "home": "17", "away": "16", "compareCode": 1}, {"name": "Receiver points won", "home": "18", "away": "22", "compareCode": 2}, {"name": "Total points won", "home": "35", "away": "38", "compareCode": 2}, {"name": "Max points in a row", "home": "4", "away": "6", "compareCode": 2}]}]}]}