{"statistics": [{"period": "ALL", "groups": [{"groupName": "Service", "statisticsItems": [{"name": "Aces", "home": "0", "away": "0", "compareCode": 3}, {"name": "Double faults", "home": "1", "away": "0", "compareCode": 1}, {"name": "First serve", "home": "37/47 (79%)", "away": "28/45 (62%)", "compareCode": 1}, {"name": "Second serve", "home": "9/10 (90%)", "away": "17/17 (100%)", "compareCode": 2}, {"name": "First serve points", "home": "29/37 (78%)", "away": "13/28 (46%)", "compareCode": 1}, {"name": "Second serve points", "home": "4/10 (40%)", "away": "6/17 (35%)", "compareCode": 2}, {"name": "Break points saved", "home": "1/1 (100%)", "away": "1/6 (16%)", "compareCode": 1}, {"name": "Service games played", "home": "7", "away": "7", "compareCode": 3}]}, {"groupName": "Return", "statisticsItems": [{"name": "First serve return points", "home": "15/28 (53%)", "away": "8/37 (21%)", "compareCode": 1}, {"name": "Second serve return points", "home": "11/17 (64%)", "away": "6/10 (60%)", "compareCode": 2}, {"name": "Break points converted", "home": "5", "away": "0", "compareCode": 1}, {"name": "Return games played", "home": "7", "away": "7", "compareCode": 3}]}, {"groupName": "Points", "statisticsItems": [{"name": "Service points won", "home": "33", "away": "19", "compareCode": 1}, {"name": "Receiver points won", "home": "26", "away": "14", "compareCode": 1}, {"name": "Total points won", "home": "59", "away": "33", "compareCode": 1}, {"name": "Max points in a row", "home": "8", "away": "3", "compareCode": 1}]}]}, {"period": "1ST", "groups": [{"groupName": "Service", "statisticsItems": [{"name": "Aces", "home": "0", "away": "0", "compareCode": 3}, {"name": "Double faults", "home": "1", "away": "0", "compareCode": 1}, {"name": "First serve", "home": "11/15 (73%)", "away": "13/25 (52%)", "compareCode": 1}, {"name": "Second serve", "home": "3/4 (75%)", "away": "12/12 (100%)", "compareCode": 2}, {"name": "First serve points", "home": "11/11 (100%)", "away": "6/13 (46%)", "compareCode": 1}, {"name": "Second serve points", "home": "1/4 (25%)", "away": "4/12 (33%)", "compareCode": 2}, {"name": "Break points saved", "home": "0/0 (0%)", "away": "0/3 (0%)", "compareCode": 1}, {"name": "Service games played", "home": "3", "away": "4", "compareCode": 2}]}, {"groupName": "Return", "statisticsItems": [{"name": "First serve return points", "home": "7/13 (53%)", "away": "0/11 (0%)", "compareCode": 2}, {"name": "Second serve return points", "home": "8/12 (66%)", "away": "3/4 (75%)", "compareCode": 2}, {"name": "Break points converted", "home": "3", "away": "0", "compareCode": 1}, {"name": "Return games played", "home": "4", "away": "3", "compareCode": 2}]}, {"groupName": "Points", "statisticsItems": [{"name": "Service points won", "home": "12", "away": "10", "compareCode": 1}, {"name": "Receiver points won", "home": "15", "away": "3", "compareCode": 1}, {"name": "Total points won", "home": "27", "away": "13", "compareCode": 1}, {"name": "Max points in a row", "home": "7", "away": "3", "compareCode": 1}]}]}, {"period": "2ND", "groups": [{"groupName": "Service", "statisticsItems": [{"name": "Aces", "home": "0", "away": "0", "compareCode": 3}, {"name": "Double faults", "home": "0", "away": "0", "compareCode": 3}, {"name": "First serve", "home": "26/32 (81%)", "away": "15/20 (75%)", "compareCode": 1}, {"name": "Second serve", "home": "6/6 (100%)", "away": "5/5 (100%)", "compareCode": 3}, {"name": "First serve points", "home": "18/26 (69%)", "away": "7/15 (47%)", "compareCode": 1}, {"name": "Second serve points", "home": "3/6 (50%)", "away": "2/5 (40%)", "compareCode": 1}, {"name": "Break points saved", "home": "1/1 (100%)", "away": "1/3 (33%)", "compareCode": 1}, {"name": "Service games played", "home": "4", "away": "3", "compareCode": 1}]}, {"groupName": "Return", "statisticsItems": [{"name": "First serve return points", "home": "8/15 (53%)", "away": "8/26 (30%)", "compareCode": 1}, {"name": "Second serve return points", "home": "3/5 (60%)", "away": "3/6 (50%)", "compareCode": 1}, {"name": "Break points converted", "home": "2", "away": "0", "compareCode": 1}, {"name": "Return games played", "home": "3", "away": "4", "compareCode": 1}]}, {"groupName": "Points", "statisticsItems": [{"name": "Service points won", "home": "21", "away": "9", "compareCode": 1}, {"name": "Receiver points won", "home": "11", "away": "11", "compareCode": 3}, {"name": "Total points won", "home": "32", "away": "20", "compareCode": 1}, {"name": "Max points in a row", "home": "5", "away": "2", "compareCode": 1}]}]}]}