{"statistics": [{"period": "ALL", "groups": [{"groupName": "Service", "statisticsItems": [{"name": "Aces", "home": "2", "away": "0", "compareCode": 1}, {"name": "Double faults", "home": "6", "away": "9", "compareCode": 2}, {"name": "First serve", "home": "62/98 (63%)", "away": "56/81 (69%)", "compareCode": 2}, {"name": "Second serve", "home": "30/36 (83%)", "away": "16/25 (64%)", "compareCode": 1}, {"name": "First serve points", "home": "29/62 (47%)", "away": "28/56 (50%)", "compareCode": 1}, {"name": "Second serve points", "home": "17/36 (47%)", "away": "11/25 (44%)", "compareCode": 1}, {"name": "Break points saved", "home": "10/16 (62%)", "away": "8/13 (61%)", "compareCode": 2}, {"name": "Service games played", "home": "10", "away": "9", "compareCode": 1}]}, {"groupName": "Return", "statisticsItems": [{"name": "First serve return points", "home": "28/56 (50%)", "away": "33/62 (53%)", "compareCode": 1}, {"name": "Second serve return points", "home": "14/25 (56%)", "away": "19/36 (52%)", "compareCode": 1}, {"name": "Break points converted", "home": "5", "away": "6", "compareCode": 2}, {"name": "Return games played", "home": "9", "away": "10", "compareCode": 1}]}, {"groupName": "Points", "statisticsItems": [{"name": "Service points won", "home": "46", "away": "39", "compareCode": 1}, {"name": "Receiver points won", "home": "42", "away": "52", "compareCode": 2}, {"name": "Total points won", "home": "88", "away": "91", "compareCode": 2}, {"name": "Max points in a row", "home": "7", "away": "6", "compareCode": 1}]}]}, {"period": "1ST", "groups": [{"groupName": "Service", "statisticsItems": [{"name": "Aces", "home": "1", "away": "0", "compareCode": 1}, {"name": "Double faults", "home": "3", "away": "3", "compareCode": 3}, {"name": "First serve", "home": "48/62 (77%)", "away": "20/29 (69%)", "compareCode": 1}, {"name": "Second serve", "home": "11/14 (79%)", "away": "6/9 (67%)", "compareCode": 1}, {"name": "First serve points", "home": "21/48 (44%)", "away": "11/20 (55%)", "compareCode": 1}, {"name": "Second serve points", "home": "6/14 (43%)", "away": "4/9 (44%)", "compareCode": 1}, {"name": "Break points saved", "home": "8/12 (66%)", "away": "3/5 (60%)", "compareCode": 2}, {"name": "Service games played", "home": "5", "away": "4", "compareCode": 1}]}, {"groupName": "Return", "statisticsItems": [{"name": "First serve return points", "home": "9/20 (45%)", "away": "27/48 (56%)", "compareCode": 1}, {"name": "Second serve return points", "home": "5/9 (55%)", "away": "8/14 (57%)", "compareCode": 1}, {"name": "Break points converted", "home": "2", "away": "4", "compareCode": 2}, {"name": "Return games played", "home": "4", "away": "5", "compareCode": 1}]}, {"groupName": "Points", "statisticsItems": [{"name": "Service points won", "home": "27", "away": "15", "compareCode": 1}, {"name": "Receiver points won", "home": "14", "away": "35", "compareCode": 2}, {"name": "Total points won", "home": "41", "away": "50", "compareCode": 2}, {"name": "Max points in a row", "home": "3", "away": "5", "compareCode": 2}]}]}, {"period": "2ND", "groups": [{"groupName": "Service", "statisticsItems": [{"name": "Aces", "home": "1", "away": "0", "compareCode": 1}, {"name": "Double faults", "home": "2", "away": "4", "compareCode": 2}, {"name": "First serve", "home": "9/28 (32%)", "away": "30/43 (70%)", "compareCode": 2}, {"name": "Second serve", "home": "17/19 (89%)", "away": "9/13 (69%)", "compareCode": 1}, {"name": "First serve points", "home": "5/9 (56%)", "away": "14/30 (47%)", "compareCode": 2}, {"name": "Second serve points", "home": "10/19 (53%)", "away": "7/13 (54%)", "compareCode": 1}, {"name": "Break points saved", "home": "2/4 (50%)", "away": "5/8 (62%)", "compareCode": 1}, {"name": "Service games played", "home": "5", "away": "5", "compareCode": 3}]}, {"groupName": "Return", "statisticsItems": [{"name": "First serve return points", "home": "16/30 (53%)", "away": "4/9 (44%)", "compareCode": 2}, {"name": "Second serve return points", "home": "6/13 (46%)", "away": "9/19 (47%)", "compareCode": 1}, {"name": "Break points converted", "home": "3", "away": "2", "compareCode": 1}, {"name": "Return games played", "home": "5", "away": "5", "compareCode": 3}]}, {"groupName": "Points", "statisticsItems": [{"name": "Service points won", "home": "15", "away": "21", "compareCode": 2}, {"name": "Receiver points won", "home": "22", "away": "13", "compareCode": 1}, {"name": "Total points won", "home": "37", "away": "34", "compareCode": 1}, {"name": "Max points in a row", "home": "7", "away": "6", "compareCode": 1}]}]}, {"period": "3RD", "groups": [{"groupName": "Service", "statisticsItems": [{"name": "Aces", "home": "0", "away": "0", "compareCode": 3}, {"name": "Double faults", "home": "1", "away": "2", "compareCode": 2}, {"name": "First serve", "home": "5/8 (63%)", "away": "6/9 (67%)", "compareCode": 2}, {"name": "Second serve", "home": "2/3 (67%)", "away": "1/3 (33%)", "compareCode": 1}, {"name": "First serve points", "home": "3/5 (60%)", "away": "3/6 (50%)", "compareCode": 3}, {"name": "Second serve points", "home": "1/3 (33%)", "away": "0/3 (0%)", "compareCode": 1}, {"name": "Break points saved", "home": "0/0 (0%)", "away": "0/0 (0%)", "compareCode": 3}, {"name": "Service games played", "home": "0", "away": "0", "compareCode": 3}]}, {"groupName": "Return", "statisticsItems": [{"name": "First serve return points", "home": "3/6 (50%)", "away": "2/5 (40%)", "compareCode": 2}, {"name": "Second serve return points", "home": "3/3 (100%)", "away": "2/3 (66%)", "compareCode": 3}, {"name": "Break points converted", "home": "0", "away": "0", "compareCode": 3}, {"name": "Return games played", "home": "0", "away": "0", "compareCode": 3}]}, {"groupName": "Points", "statisticsItems": [{"name": "Service points won", "home": "4", "away": "3", "compareCode": 1}, {"name": "Receiver points won", "home": "6", "away": "4", "compareCode": 1}, {"name": "Total points won", "home": "10", "away": "7", "compareCode": 1}, {"name": "Max points in a row", "home": "5", "away": "2", "compareCode": 1}]}]}]}