{"statistics": [{"period": "ALL", "groups": [{"groupName": "Service", "statisticsItems": [{"name": "Aces", "home": "0", "away": "1", "compareCode": 2}, {"name": "Double faults", "home": "0", "away": "1", "compareCode": 2}, {"name": "First serve", "home": "67/73 (92%)", "away": "73/90 (81%)", "compareCode": 1}, {"name": "Second serve", "home": "6/6 (100%)", "away": "16/17 (94%)", "compareCode": 1}, {"name": "First serve points", "home": "37/67 (55%)", "away": "40/73 (55%)", "compareCode": 2}, {"name": "Second serve points", "home": "4/6 (67%)", "away": "9/17 (53%)", "compareCode": 2}, {"name": "Break points saved", "home": "4/7 (57%)", "away": "13/16 (81%)", "compareCode": 1}, {"name": "Service games played", "home": "10", "away": "10", "compareCode": 3}]}, {"groupName": "Return", "statisticsItems": [{"name": "First serve return points", "home": "33/73 (45%)", "away": "30/67 (44%)", "compareCode": 2}, {"name": "Second serve return points", "home": "8/17 (47%)", "away": "2/6 (33%)", "compareCode": 2}, {"name": "Break points converted", "home": "3", "away": "3", "compareCode": 3}, {"name": "Return games played", "home": "10", "away": "10", "compareCode": 3}]}, {"groupName": "Points", "statisticsItems": [{"name": "Service points won", "home": "41", "away": "49", "compareCode": 2}, {"name": "Receiver points won", "home": "41", "away": "32", "compareCode": 1}, {"name": "Total points won", "home": "82", "away": "81", "compareCode": 1}, {"name": "Max points in a row", "home": "6", "away": "5", "compareCode": 1}]}]}, {"period": "1ST", "groups": [{"groupName": "Service", "statisticsItems": [{"name": "Aces", "home": "0", "away": "1", "compareCode": 2}, {"name": "Double faults", "home": "0", "away": "1", "compareCode": 2}, {"name": "First serve", "home": "38/41 (93%)", "away": "28/37 (76%)", "compareCode": 1}, {"name": "Second serve", "home": "3/3 (100%)", "away": "8/9 (89%)", "compareCode": 1}, {"name": "First serve points", "home": "20/38 (53%)", "away": "19/28 (68%)", "compareCode": 1}, {"name": "Second serve points", "home": "3/3 (100%)", "away": "6/9 (67%)", "compareCode": 2}, {"name": "Break points saved", "home": "3/4 (75%)", "away": "3/3 (100%)", "compareCode": 2}, {"name": "Service games played", "home": "5", "away": "5", "compareCode": 3}]}, {"groupName": "Return", "statisticsItems": [{"name": "First serve return points", "home": "9/28 (32%)", "away": "18/38 (47%)", "compareCode": 1}, {"name": "Second serve return points", "home": "3/9 (33%)", "away": "0/3 (0%)", "compareCode": 2}, {"name": "Break points converted", "home": "0", "away": "1", "compareCode": 2}, {"name": "Return games played", "home": "5", "away": "5", "compareCode": 3}]}, {"groupName": "Points", "statisticsItems": [{"name": "Service points won", "home": "23", "away": "25", "compareCode": 2}, {"name": "Receiver points won", "home": "12", "away": "18", "compareCode": 2}, {"name": "Total points won", "home": "35", "away": "43", "compareCode": 2}, {"name": "Max points in a row", "home": "3", "away": "5", "compareCode": 2}]}]}, {"period": "2ND", "groups": [{"groupName": "Service", "statisticsItems": [{"name": "Aces", "home": "0", "away": "0", "compareCode": 3}, {"name": "Double faults", "home": "0", "away": "0", "compareCode": 3}, {"name": "First serve", "home": "23/24 (96%)", "away": "38/46 (83%)", "compareCode": 1}, {"name": "Second serve", "home": "1/1 (100%)", "away": "8/8 (100%)", "compareCode": 3}, {"name": "First serve points", "home": "12/23 (52%)", "away": "19/38 (50%)", "compareCode": 2}, {"name": "Second serve points", "home": "1/1 (100%)", "away": "3/8 (38%)", "compareCode": 2}, {"name": "Break points saved", "home": "1/3 (33%)", "away": "10/13 (76%)", "compareCode": 1}, {"name": "Service games played", "home": "5", "away": "5", "compareCode": 3}]}, {"groupName": "Return", "statisticsItems": [{"name": "First serve return points", "home": "19/38 (50%)", "away": "11/23 (47%)", "compareCode": 2}, {"name": "Second serve return points", "home": "5/8 (62%)", "away": "0/1 (0%)", "compareCode": 2}, {"name": "Break points converted", "home": "3", "away": "2", "compareCode": 1}, {"name": "Return games played", "home": "5", "away": "5", "compareCode": 3}]}, {"groupName": "Points", "statisticsItems": [{"name": "Service points won", "home": "13", "away": "22", "compareCode": 2}, {"name": "Receiver points won", "home": "24", "away": "11", "compareCode": 1}, {"name": "Total points won", "home": "37", "away": "33", "compareCode": 1}, {"name": "Max points in a row", "home": "6", "away": "4", "compareCode": 1}]}]}, {"period": "3RD", "groups": [{"groupName": "Service", "statisticsItems": [{"name": "Aces", "home": "0", "away": "0", "compareCode": 3}, {"name": "Double faults", "home": "0", "away": "0", "compareCode": 3}, {"name": "First serve", "home": "6/8 (75%)", "away": "7/7 (100%)", "compareCode": 2}, {"name": "Second serve", "home": "2/2 (100%)", "away": "0/0 (0%)", "compareCode": 1}, {"name": "First serve points", "home": "5/6 (83%)", "away": "2/7 (29%)", "compareCode": 1}, {"name": "Second serve points", "home": "0/2 (0%)", "away": "0/0 (0%)", "compareCode": 3}, {"name": "Break points saved", "home": "0/0 (0%)", "away": "0/0 (0%)", "compareCode": 3}, {"name": "Service games played", "home": "0", "away": "0", "compareCode": 3}]}, {"groupName": "Return", "statisticsItems": [{"name": "First serve return points", "home": "5/7 (71%)", "away": "1/6 (16%)", "compareCode": 1}, {"name": "Second serve return points", "home": "0/0 (0%)", "away": "2/2 (100%)", "compareCode": 1}, {"name": "Break points converted", "home": "0", "away": "0", "compareCode": 3}, {"name": "Return games played", "home": "0", "away": "0", "compareCode": 3}]}, {"groupName": "Points", "statisticsItems": [{"name": "Service points won", "home": "5", "away": "2", "compareCode": 1}, {"name": "Receiver points won", "home": "5", "away": "3", "compareCode": 1}, {"name": "Total points won", "home": "10", "away": "5", "compareCode": 1}, {"name": "Max points in a row", "home": "4", "away": "3", "compareCode": 1}]}]}]}