{"statistics": [{"period": "ALL", "groups": [{"groupName": "Service", "statisticsItems": [{"name": "Aces", "home": "0", "away": "1", "compareCode": 2}, {"name": "Double faults", "home": "3", "away": "2", "compareCode": 1}, {"name": "First serve", "home": "28/42 (67%)", "away": "44/56 (79%)", "compareCode": 2}, {"name": "Second serve", "home": "11/14 (79%)", "away": "10/12 (83%)", "compareCode": 2}, {"name": "First serve points", "home": "13/28 (46%)", "away": "30/44 (68%)", "compareCode": 2}, {"name": "Second serve points", "home": "7/14 (50%)", "away": "6/12 (50%)", "compareCode": 1}, {"name": "Break points saved", "home": "2/7 (28%)", "away": "4/5 (80%)", "compareCode": 2}, {"name": "Service games played", "home": "8", "away": "8", "compareCode": 3}]}, {"groupName": "Return", "statisticsItems": [{"name": "First serve return points", "home": "14/44 (31%)", "away": "15/28 (53%)", "compareCode": 2}, {"name": "Second serve return points", "home": "6/12 (50%)", "away": "7/14 (50%)", "compareCode": 1}, {"name": "Break points converted", "home": "1", "away": "5", "compareCode": 2}, {"name": "Return games played", "home": "8", "away": "8", "compareCode": 3}]}, {"groupName": "Points", "statisticsItems": [{"name": "Service points won", "home": "20", "away": "36", "compareCode": 2}, {"name": "Receiver points won", "home": "20", "away": "22", "compareCode": 2}, {"name": "Total points won", "home": "40", "away": "58", "compareCode": 2}, {"name": "Max points in a row", "home": "4", "away": "9", "compareCode": 2}]}]}, {"period": "1ST", "groups": [{"groupName": "Service", "statisticsItems": [{"name": "Aces", "home": "0", "away": "1", "compareCode": 2}, {"name": "Double faults", "home": "1", "away": "2", "compareCode": 2}, {"name": "First serve", "home": "12/18 (67%)", "away": "21/30 (70%)", "compareCode": 2}, {"name": "Second serve", "home": "5/6 (83%)", "away": "7/9 (78%)", "compareCode": 1}, {"name": "First serve points", "home": "6/12 (50%)", "away": "15/21 (71%)", "compareCode": 2}, {"name": "Second serve points", "home": "3/6 (50%)", "away": "4/9 (44%)", "compareCode": 2}, {"name": "Break points saved", "home": "1/3 (33%)", "away": "2/2 (100%)", "compareCode": 2}, {"name": "Service games played", "home": "3", "away": "4", "compareCode": 2}]}, {"groupName": "Return", "statisticsItems": [{"name": "First serve return points", "home": "6/21 (28%)", "away": "6/12 (50%)", "compareCode": 2}, {"name": "Second serve return points", "home": "5/9 (55%)", "away": "3/6 (50%)", "compareCode": 2}, {"name": "Break points converted", "home": "0", "away": "2", "compareCode": 2}, {"name": "Return games played", "home": "4", "away": "3", "compareCode": 2}]}, {"groupName": "Points", "statisticsItems": [{"name": "Service points won", "home": "9", "away": "19", "compareCode": 2}, {"name": "Receiver points won", "home": "11", "away": "9", "compareCode": 1}, {"name": "Total points won", "home": "20", "away": "28", "compareCode": 2}, {"name": "Max points in a row", "home": "4", "away": "5", "compareCode": 2}]}]}, {"period": "2ND", "groups": [{"groupName": "Service", "statisticsItems": [{"name": "Aces", "home": "0", "away": "0", "compareCode": 3}, {"name": "Double faults", "home": "2", "away": "0", "compareCode": 1}, {"name": "First serve", "home": "16/24 (67%)", "away": "23/26 (88%)", "compareCode": 2}, {"name": "Second serve", "home": "6/8 (75%)", "away": "3/3 (100%)", "compareCode": 2}, {"name": "First serve points", "home": "7/16 (44%)", "away": "15/23 (65%)", "compareCode": 2}, {"name": "Second serve points", "home": "4/8 (50%)", "away": "2/3 (67%)", "compareCode": 1}, {"name": "Break points saved", "home": "1/4 (25%)", "away": "2/3 (66%)", "compareCode": 2}, {"name": "Service games played", "home": "5", "away": "4", "compareCode": 1}]}, {"groupName": "Return", "statisticsItems": [{"name": "First serve return points", "home": "8/23 (34%)", "away": "9/16 (56%)", "compareCode": 2}, {"name": "Second serve return points", "home": "1/3 (33%)", "away": "4/8 (50%)", "compareCode": 1}, {"name": "Break points converted", "home": "1", "away": "3", "compareCode": 2}, {"name": "Return games played", "home": "4", "away": "5", "compareCode": 1}]}, {"groupName": "Points", "statisticsItems": [{"name": "Service points won", "home": "11", "away": "17", "compareCode": 2}, {"name": "Receiver points won", "home": "9", "away": "13", "compareCode": 2}, {"name": "Total points won", "home": "20", "away": "30", "compareCode": 2}, {"name": "Max points in a row", "home": "4", "away": "9", "compareCode": 2}]}]}]}