{"statistics": [{"period": "ALL", "groups": [{"groupName": "Service", "statisticsItems": [{"name": "Aces", "home": "2", "away": "4", "compareCode": 2}, {"name": "Double faults", "home": "7", "away": "9", "compareCode": 2}, {"name": "First serve", "home": "69/86 (80%)", "away": "55/96 (57%)", "compareCode": 1}, {"name": "Second serve", "home": "10/17 (59%)", "away": "32/41 (78%)", "compareCode": 2}, {"name": "First serve points", "home": "34/69 (49%)", "away": "30/55 (55%)", "compareCode": 1}, {"name": "Second serve points", "home": "8/17 (47%)", "away": "20/41 (49%)", "compareCode": 2}, {"name": "Break points saved", "home": "8/15 (53%)", "away": "12/17 (70%)", "compareCode": 1}, {"name": "Service games played", "home": "12", "away": "12", "compareCode": 3}]}, {"groupName": "Return", "statisticsItems": [{"name": "First serve return points", "home": "25/55 (45%)", "away": "35/69 (50%)", "compareCode": 2}, {"name": "Second serve return points", "home": "21/41 (51%)", "away": "9/17 (52%)", "compareCode": 2}, {"name": "Break points converted", "home": "5", "away": "7", "compareCode": 2}, {"name": "Return games played", "home": "12", "away": "12", "compareCode": 3}]}, {"groupName": "Points", "statisticsItems": [{"name": "Service points won", "home": "42", "away": "50", "compareCode": 2}, {"name": "Receiver points won", "home": "46", "away": "44", "compareCode": 1}, {"name": "Total points won", "home": "88", "away": "94", "compareCode": 2}, {"name": "Max points in a row", "home": "9", "away": "7", "compareCode": 1}]}]}, {"period": "1ST", "groups": [{"groupName": "Service", "statisticsItems": [{"name": "Aces", "home": "1", "away": "2", "compareCode": 2}, {"name": "Double faults", "home": "4", "away": "4", "compareCode": 3}, {"name": "First serve", "home": "36/46 (78%)", "away": "23/44 (52%)", "compareCode": 1}, {"name": "Second serve", "home": "6/10 (60%)", "away": "17/21 (81%)", "compareCode": 2}, {"name": "First serve points", "home": "17/36 (47%)", "away": "13/23 (57%)", "compareCode": 1}, {"name": "Second serve points", "home": "5/10 (50%)", "away": "9/21 (43%)", "compareCode": 2}, {"name": "Break points saved", "home": "5/9 (55%)", "away": "3/6 (50%)", "compareCode": 2}, {"name": "Service games played", "home": "6", "away": "6", "compareCode": 3}]}, {"groupName": "Return", "statisticsItems": [{"name": "First serve return points", "home": "10/23 (43%)", "away": "19/36 (52%)", "compareCode": 1}, {"name": "Second serve return points", "home": "12/21 (57%)", "away": "5/10 (50%)", "compareCode": 2}, {"name": "Break points converted", "home": "3", "away": "4", "compareCode": 2}, {"name": "Return games played", "home": "6", "away": "6", "compareCode": 3}]}, {"groupName": "Points", "statisticsItems": [{"name": "Service points won", "home": "22", "away": "22", "compareCode": 3}, {"name": "Receiver points won", "home": "22", "away": "24", "compareCode": 2}, {"name": "Total points won", "home": "44", "away": "46", "compareCode": 2}, {"name": "Max points in a row", "home": "5", "away": "5", "compareCode": 3}]}]}, {"period": "2ND", "groups": [{"groupName": "Service", "statisticsItems": [{"name": "Aces", "home": "1", "away": "2", "compareCode": 2}, {"name": "Double faults", "home": "3", "away": "5", "compareCode": 2}, {"name": "First serve", "home": "33/40 (83%)", "away": "32/52 (62%)", "compareCode": 1}, {"name": "Second serve", "home": "4/7 (57%)", "away": "15/20 (75%)", "compareCode": 2}, {"name": "First serve points", "home": "17/33 (52%)", "away": "17/32 (53%)", "compareCode": 3}, {"name": "Second serve points", "home": "3/7 (43%)", "away": "11/20 (55%)", "compareCode": 2}, {"name": "Break points saved", "home": "3/6 (50%)", "away": "9/11 (81%)", "compareCode": 1}, {"name": "Service games played", "home": "6", "away": "6", "compareCode": 3}]}, {"groupName": "Return", "statisticsItems": [{"name": "First serve return points", "home": "15/32 (46%)", "away": "16/33 (48%)", "compareCode": 2}, {"name": "Second serve return points", "home": "9/20 (45%)", "away": "4/7 (57%)", "compareCode": 2}, {"name": "Break points converted", "home": "2", "away": "3", "compareCode": 2}, {"name": "Return games played", "home": "6", "away": "6", "compareCode": 3}]}, {"groupName": "Points", "statisticsItems": [{"name": "Service points won", "home": "20", "away": "28", "compareCode": 2}, {"name": "Receiver points won", "home": "24", "away": "20", "compareCode": 1}, {"name": "Total points won", "home": "44", "away": "48", "compareCode": 2}, {"name": "Max points in a row", "home": "9", "away": "7", "compareCode": 1}]}]}]}