{"statistics": [{"period": "ALL", "groups": [{"groupName": "Service", "statisticsItems": [{"name": "Aces", "home": "0", "away": "0", "compareCode": 3}, {"name": "Double faults", "home": "1", "away": "1", "compareCode": 3}, {"name": "First serve", "home": "58/66 (88%)", "away": "45/52 (87%)", "compareCode": 1}, {"name": "Second serve", "home": "7/8 (88%)", "away": "6/7 (86%)", "compareCode": 1}, {"name": "First serve points", "home": "29/58 (50%)", "away": "31/45 (69%)", "compareCode": 2}, {"name": "Second serve points", "home": "4/8 (50%)", "away": "4/7 (57%)", "compareCode": 3}, {"name": "Break points saved", "home": "6/10 (60%)", "away": "2/3 (66%)", "compareCode": 2}, {"name": "Service games played", "home": "8", "away": "9", "compareCode": 2}]}, {"groupName": "Return", "statisticsItems": [{"name": "First serve return points", "home": "14/45 (31%)", "away": "29/58 (50%)", "compareCode": 1}, {"name": "Second serve return points", "home": "3/7 (42%)", "away": "4/8 (50%)", "compareCode": 1}, {"name": "Break points converted", "home": "1", "away": "4", "compareCode": 2}, {"name": "Return games played", "home": "9", "away": "8", "compareCode": 2}]}, {"groupName": "Points", "statisticsItems": [{"name": "Service points won", "home": "33", "away": "35", "compareCode": 2}, {"name": "Receiver points won", "home": "17", "away": "33", "compareCode": 2}, {"name": "Total points won", "home": "50", "away": "68", "compareCode": 2}, {"name": "Max points in a row", "home": "5", "away": "6", "compareCode": 2}]}]}, {"period": "1ST", "groups": [{"groupName": "Service", "statisticsItems": [{"name": "Aces", "home": "0", "away": "0", "compareCode": 3}, {"name": "Double faults", "home": "0", "away": "0", "compareCode": 3}, {"name": "First serve", "home": "20/22 (91%)", "away": "28/30 (93%)", "compareCode": 2}, {"name": "Second serve", "home": "2/2 (100%)", "away": "2/2 (100%)", "compareCode": 3}, {"name": "First serve points", "home": "9/20 (45%)", "away": "18/28 (64%)", "compareCode": 2}, {"name": "Second serve points", "home": "2/2 (100%)", "away": "1/2 (50%)", "compareCode": 1}, {"name": "Break points saved", "home": "1/3 (33%)", "away": "2/3 (66%)", "compareCode": 3}, {"name": "Service games played", "home": "4", "away": "5", "compareCode": 2}]}, {"groupName": "Return", "statisticsItems": [{"name": "First serve return points", "home": "10/28 (35%)", "away": "11/20 (55%)", "compareCode": 2}, {"name": "Second serve return points", "home": "1/2 (50%)", "away": "0/2 (0%)", "compareCode": 3}, {"name": "Break points converted", "home": "1", "away": "2", "compareCode": 2}, {"name": "Return games played", "home": "5", "away": "4", "compareCode": 2}]}, {"groupName": "Points", "statisticsItems": [{"name": "Service points won", "home": "11", "away": "19", "compareCode": 2}, {"name": "Receiver points won", "home": "11", "away": "11", "compareCode": 3}, {"name": "Total points won", "home": "22", "away": "30", "compareCode": 2}, {"name": "Max points in a row", "home": "5", "away": "6", "compareCode": 2}]}]}, {"period": "2ND", "groups": [{"groupName": "Service", "statisticsItems": [{"name": "Aces", "home": "0", "away": "0", "compareCode": 3}, {"name": "Double faults", "home": "1", "away": "1", "compareCode": 3}, {"name": "First serve", "home": "38/44 (86%)", "away": "17/22 (77%)", "compareCode": 1}, {"name": "Second serve", "home": "5/6 (83%)", "away": "4/5 (80%)", "compareCode": 1}, {"name": "First serve points", "home": "20/38 (53%)", "away": "13/17 (76%)", "compareCode": 1}, {"name": "Second serve points", "home": "2/6 (33%)", "away": "3/5 (60%)", "compareCode": 2}, {"name": "Break points saved", "home": "5/7 (71%)", "away": "0/0 (0%)", "compareCode": 2}, {"name": "Service games played", "home": "4", "away": "4", "compareCode": 3}]}, {"groupName": "Return", "statisticsItems": [{"name": "First serve return points", "home": "4/17 (23%)", "away": "18/38 (47%)", "compareCode": 1}, {"name": "Second serve return points", "home": "2/5 (40%)", "away": "4/6 (66%)", "compareCode": 1}, {"name": "Break points converted", "home": "0", "away": "2", "compareCode": 2}, {"name": "Return games played", "home": "4", "away": "4", "compareCode": 3}]}, {"groupName": "Points", "statisticsItems": [{"name": "Service points won", "home": "22", "away": "16", "compareCode": 1}, {"name": "Receiver points won", "home": "6", "away": "22", "compareCode": 2}, {"name": "Total points won", "home": "28", "away": "38", "compareCode": 2}, {"name": "Max points in a row", "home": "2", "away": "4", "compareCode": 2}]}]}]}