{"statistics": [{"period": "ALL", "groups": [{"groupName": "Service", "statisticsItems": [{"name": "Aces", "home": "3", "away": "0", "compareCode": 1}, {"name": "Double faults", "home": "2", "away": "1", "compareCode": 1}, {"name": "First serve", "home": "44/66 (67%)", "away": "46/64 (72%)", "compareCode": 2}, {"name": "Second serve", "home": "20/22 (91%)", "away": "17/18 (94%)", "compareCode": 2}, {"name": "First serve points", "home": "32/44 (73%)", "away": "30/46 (65%)", "compareCode": 1}, {"name": "Second serve points", "home": "12/22 (55%)", "away": "14/18 (78%)", "compareCode": 2}, {"name": "Break points saved", "home": "6/7 (85%)", "away": "0/1 (0%)", "compareCode": 2}, {"name": "Service games played", "home": "9", "away": "9", "compareCode": 3}]}, {"groupName": "Return", "statisticsItems": [{"name": "First serve return points", "home": "16/46 (34%)", "away": "12/44 (27%)", "compareCode": 1}, {"name": "Second serve return points", "home": "4/18 (22%)", "away": "10/22 (45%)", "compareCode": 1}, {"name": "Break points converted", "home": "1", "away": "1", "compareCode": 3}, {"name": "Return games played", "home": "9", "away": "9", "compareCode": 3}]}, {"groupName": "Points", "statisticsItems": [{"name": "Service points won", "home": "44", "away": "44", "compareCode": 3}, {"name": "Receiver points won", "home": "20", "away": "22", "compareCode": 2}, {"name": "Total points won", "home": "64", "away": "66", "compareCode": 2}, {"name": "Max points in a row", "home": "5", "away": "5", "compareCode": 3}]}]}, {"period": "1ST", "groups": [{"groupName": "Service", "statisticsItems": [{"name": "Aces", "home": "0", "away": "0", "compareCode": 3}, {"name": "Double faults", "home": "2", "away": "1", "compareCode": 1}, {"name": "First serve", "home": "17/29 (59%)", "away": "19/32 (59%)", "compareCode": 3}, {"name": "Second serve", "home": "10/12 (83%)", "away": "12/13 (92%)", "compareCode": 2}, {"name": "First serve points", "home": "11/17 (65%)", "away": "13/19 (68%)", "compareCode": 2}, {"name": "Second serve points", "home": "6/12 (50%)", "away": "9/13 (69%)", "compareCode": 2}, {"name": "Break points saved", "home": "5/6 (83%)", "away": "0/0 (0%)", "compareCode": 2}, {"name": "Service games played", "home": "4", "away": "5", "compareCode": 2}]}, {"groupName": "Return", "statisticsItems": [{"name": "First serve return points", "home": "6/19 (31%)", "away": "6/17 (35%)", "compareCode": 2}, {"name": "Second serve return points", "home": "4/13 (30%)", "away": "6/12 (50%)", "compareCode": 2}, {"name": "Break points converted", "home": "0", "away": "1", "compareCode": 2}, {"name": "Return games played", "home": "5", "away": "4", "compareCode": 2}]}, {"groupName": "Points", "statisticsItems": [{"name": "Service points won", "home": "17", "away": "22", "compareCode": 2}, {"name": "Receiver points won", "home": "10", "away": "12", "compareCode": 2}, {"name": "Total points won", "home": "27", "away": "34", "compareCode": 2}, {"name": "Max points in a row", "home": "3", "away": "4", "compareCode": 2}]}]}, {"period": "2ND", "groups": [{"groupName": "Service", "statisticsItems": [{"name": "Aces", "home": "3", "away": "0", "compareCode": 1}, {"name": "Double faults", "home": "0", "away": "0", "compareCode": 3}, {"name": "First serve", "home": "23/29 (79%)", "away": "20/23 (87%)", "compareCode": 2}, {"name": "Second serve", "home": "6/6 (100%)", "away": "3/3 (100%)", "compareCode": 3}, {"name": "First serve points", "home": "17/23 (74%)", "away": "11/20 (55%)", "compareCode": 1}, {"name": "Second serve points", "home": "4/6 (67%)", "away": "3/3 (100%)", "compareCode": 1}, {"name": "Break points saved", "home": "1/1 (100%)", "away": "0/1 (0%)", "compareCode": 3}, {"name": "Service games played", "home": "5", "away": "4", "compareCode": 1}]}, {"groupName": "Return", "statisticsItems": [{"name": "First serve return points", "home": "9/20 (45%)", "away": "6/23 (26%)", "compareCode": 1}, {"name": "Second serve return points", "home": "0/3 (0%)", "away": "2/6 (33%)", "compareCode": 1}, {"name": "Break points converted", "home": "1", "away": "0", "compareCode": 1}, {"name": "Return games played", "home": "4", "away": "5", "compareCode": 1}]}, {"groupName": "Points", "statisticsItems": [{"name": "Service points won", "home": "21", "away": "14", "compareCode": 1}, {"name": "Receiver points won", "home": "9", "away": "8", "compareCode": 1}, {"name": "Total points won", "home": "30", "away": "22", "compareCode": 1}, {"name": "Max points in a row", "home": "5", "away": "4", "compareCode": 1}]}]}, {"period": "3RD", "groups": [{"groupName": "Service", "statisticsItems": [{"name": "Aces", "home": "0", "away": "0", "compareCode": 3}, {"name": "Double faults", "home": "0", "away": "0", "compareCode": 3}, {"name": "First serve", "home": "4/8 (50%)", "away": "7/9 (78%)", "compareCode": 2}, {"name": "Second serve", "home": "4/4 (100%)", "away": "2/2 (100%)", "compareCode": 3}, {"name": "First serve points", "home": "4/4 (100%)", "away": "6/7 (86%)", "compareCode": 2}, {"name": "Second serve points", "home": "2/4 (50%)", "away": "2/2 (100%)", "compareCode": 3}, {"name": "Break points saved", "home": "0/0 (0%)", "away": "0/0 (0%)", "compareCode": 3}, {"name": "Service games played", "home": "0", "away": "0", "compareCode": 3}]}, {"groupName": "Return", "statisticsItems": [{"name": "First serve return points", "home": "1/7 (14%)", "away": "0/4 (0%)", "compareCode": 2}, {"name": "Second serve return points", "home": "0/2 (0%)", "away": "2/4 (50%)", "compareCode": 1}, {"name": "Break points converted", "home": "0", "away": "0", "compareCode": 3}, {"name": "Return games played", "home": "0", "away": "0", "compareCode": 3}]}, {"groupName": "Points", "statisticsItems": [{"name": "Service points won", "home": "6", "away": "8", "compareCode": 2}, {"name": "Receiver points won", "home": "1", "away": "2", "compareCode": 2}, {"name": "Total points won", "home": "7", "away": "10", "compareCode": 2}, {"name": "Max points in a row", "home": "2", "away": "2", "compareCode": 3}]}]}]}