{"statistics": [{"period": "ALL", "groups": [{"groupName": "Service", "statisticsItems": [{"name": "Aces", "home": "2", "away": "8", "compareCode": 2}, {"name": "Double faults", "home": "7", "away": "9", "compareCode": 2}, {"name": "First serve", "home": "65/82 (79%)", "away": "47/77 (61%)", "compareCode": 1}, {"name": "Second serve", "home": "10/17 (59%)", "away": "21/30 (70%)", "compareCode": 2}, {"name": "First serve points", "home": "41/65 (63%)", "away": "35/47 (74%)", "compareCode": 1}, {"name": "Second serve points", "home": "7/17 (41%)", "away": "12/30 (40%)", "compareCode": 2}, {"name": "Break points saved", "home": "3/6 (50%)", "away": "2/6 (33%)", "compareCode": 3}, {"name": "Service games played", "home": "11", "away": "11", "compareCode": 3}]}, {"groupName": "Return", "statisticsItems": [{"name": "First serve return points", "home": "12/47 (25%)", "away": "24/65 (36%)", "compareCode": 1}, {"name": "Second serve return points", "home": "18/30 (60%)", "away": "10/17 (58%)", "compareCode": 2}, {"name": "Break points converted", "home": "4", "away": "3", "compareCode": 1}, {"name": "Return games played", "home": "11", "away": "11", "compareCode": 3}]}, {"groupName": "Points", "statisticsItems": [{"name": "Service points won", "home": "48", "away": "47", "compareCode": 1}, {"name": "Receiver points won", "home": "30", "away": "34", "compareCode": 2}, {"name": "Total points won", "home": "78", "away": "81", "compareCode": 2}, {"name": "Max points in a row", "home": "6", "away": "7", "compareCode": 2}]}]}, {"period": "1ST", "groups": [{"groupName": "Service", "statisticsItems": [{"name": "Aces", "home": "1", "away": "4", "compareCode": 2}, {"name": "Double faults", "home": "3", "away": "2", "compareCode": 1}, {"name": "First serve", "home": "29/39 (74%)", "away": "28/38 (74%)", "compareCode": 3}, {"name": "Second serve", "home": "7/10 (70%)", "away": "8/10 (80%)", "compareCode": 2}, {"name": "First serve points", "home": "20/29 (69%)", "away": "25/28 (89%)", "compareCode": 2}, {"name": "Second serve points", "home": "5/10 (50%)", "away": "3/10 (30%)", "compareCode": 1}, {"name": "Break points saved", "home": "1/2 (50%)", "away": "0/1 (0%)", "compareCode": 2}, {"name": "Service games played", "home": "6", "away": "6", "compareCode": 3}]}, {"groupName": "Return", "statisticsItems": [{"name": "First serve return points", "home": "3/28 (10%)", "away": "9/29 (31%)", "compareCode": 1}, {"name": "Second serve return points", "home": "7/10 (70%)", "away": "5/10 (50%)", "compareCode": 3}, {"name": "Break points converted", "home": "1", "away": "1", "compareCode": 3}, {"name": "Return games played", "home": "6", "away": "6", "compareCode": 3}]}, {"groupName": "Points", "statisticsItems": [{"name": "Service points won", "home": "25", "away": "28", "compareCode": 2}, {"name": "Receiver points won", "home": "10", "away": "14", "compareCode": 2}, {"name": "Total points won", "home": "35", "away": "42", "compareCode": 2}, {"name": "Max points in a row", "home": "4", "away": "7", "compareCode": 2}]}]}, {"period": "2ND", "groups": [{"groupName": "Service", "statisticsItems": [{"name": "Aces", "home": "1", "away": "4", "compareCode": 2}, {"name": "Double faults", "home": "2", "away": "5", "compareCode": 2}, {"name": "First serve", "home": "31/35 (89%)", "away": "13/30 (43%)", "compareCode": 1}, {"name": "Second serve", "home": "2/4 (50%)", "away": "12/17 (71%)", "compareCode": 2}, {"name": "First serve points", "home": "18/31 (58%)", "away": "5/13 (38%)", "compareCode": 1}, {"name": "Second serve points", "home": "1/4 (25%)", "away": "8/17 (47%)", "compareCode": 2}, {"name": "Break points saved", "home": "2/4 (50%)", "away": "2/5 (40%)", "compareCode": 1}, {"name": "Service games played", "home": "5", "away": "5", "compareCode": 3}]}, {"groupName": "Return", "statisticsItems": [{"name": "First serve return points", "home": "8/13 (61%)", "away": "13/31 (41%)", "compareCode": 1}, {"name": "Second serve return points", "home": "9/17 (52%)", "away": "3/4 (75%)", "compareCode": 2}, {"name": "Break points converted", "home": "3", "away": "2", "compareCode": 1}, {"name": "Return games played", "home": "5", "away": "5", "compareCode": 3}]}, {"groupName": "Points", "statisticsItems": [{"name": "Service points won", "home": "19", "away": "13", "compareCode": 1}, {"name": "Receiver points won", "home": "17", "away": "16", "compareCode": 1}, {"name": "Total points won", "home": "36", "away": "29", "compareCode": 1}, {"name": "Max points in a row", "home": "6", "away": "4", "compareCode": 1}]}]}, {"period": "3RD", "groups": [{"groupName": "Service", "statisticsItems": [{"name": "Aces", "home": "0", "away": "0", "compareCode": 3}, {"name": "Double faults", "home": "2", "away": "2", "compareCode": 3}, {"name": "First serve", "home": "5/8 (63%)", "away": "6/9 (67%)", "compareCode": 2}, {"name": "Second serve", "home": "1/3 (33%)", "away": "1/3 (33%)", "compareCode": 3}, {"name": "First serve points", "home": "3/5 (60%)", "away": "5/6 (83%)", "compareCode": 2}, {"name": "Second serve points", "home": "1/3 (33%)", "away": "1/3 (33%)", "compareCode": 3}, {"name": "Break points saved", "home": "0/0 (0%)", "away": "0/0 (0%)", "compareCode": 3}, {"name": "Service games played", "home": "0", "away": "0", "compareCode": 3}]}, {"groupName": "Return", "statisticsItems": [{"name": "First serve return points", "home": "1/6 (16%)", "away": "2/5 (40%)", "compareCode": 2}, {"name": "Second serve return points", "home": "2/3 (66%)", "away": "2/3 (66%)", "compareCode": 3}, {"name": "Break points converted", "home": "0", "away": "0", "compareCode": 3}, {"name": "Return games played", "home": "0", "away": "0", "compareCode": 3}]}, {"groupName": "Points", "statisticsItems": [{"name": "Service points won", "home": "4", "away": "6", "compareCode": 2}, {"name": "Receiver points won", "home": "3", "away": "4", "compareCode": 2}, {"name": "Total points won", "home": "7", "away": "10", "compareCode": 2}, {"name": "Max points in a row", "home": "2", "away": "3", "compareCode": 2}]}]}]}