{"statistics": [{"period": "ALL", "groups": [{"groupName": "Service", "statisticsItems": [{"name": "Aces", "home": "1", "away": "0", "compareCode": 1}, {"name": "Double faults", "home": "6", "away": "7", "compareCode": 2}, {"name": "First serve", "home": "41/61 (67%)", "away": "40/62 (65%)", "compareCode": 1}, {"name": "Second serve", "home": "14/20 (70%)", "away": "15/22 (68%)", "compareCode": 1}, {"name": "First serve points", "home": "24/41 (59%)", "away": "19/40 (48%)", "compareCode": 1}, {"name": "Second serve points", "home": "7/20 (35%)", "away": "5/22 (23%)", "compareCode": 1}, {"name": "Break points saved", "home": "5/9 (55%)", "away": "6/13 (46%)", "compareCode": 1}, {"name": "Service games played", "home": "9", "away": "9", "compareCode": 3}]}, {"groupName": "Return", "statisticsItems": [{"name": "First serve return points", "home": "21/40 (52%)", "away": "17/41 (41%)", "compareCode": 2}, {"name": "Second serve return points", "home": "17/22 (77%)", "away": "13/20 (65%)", "compareCode": 2}, {"name": "Break points converted", "home": "7", "away": "4", "compareCode": 1}, {"name": "Return games played", "home": "9", "away": "9", "compareCode": 3}]}, {"groupName": "Points", "statisticsItems": [{"name": "Service points won", "home": "31", "away": "24", "compareCode": 1}, {"name": "Receiver points won", "home": "38", "away": "30", "compareCode": 1}, {"name": "Total points won", "home": "69", "away": "54", "compareCode": 1}, {"name": "Max points in a row", "home": "5", "away": "4", "compareCode": 1}]}]}, {"period": "1ST", "groups": [{"groupName": "Service", "statisticsItems": [{"name": "Aces", "home": "1", "away": "0", "compareCode": 1}, {"name": "Double faults", "home": "2", "away": "4", "compareCode": 2}, {"name": "First serve", "home": "23/33 (70%)", "away": "17/25 (68%)", "compareCode": 1}, {"name": "Second serve", "home": "8/10 (80%)", "away": "4/8 (50%)", "compareCode": 1}, {"name": "First serve points", "home": "14/23 (61%)", "away": "10/17 (59%)", "compareCode": 1}, {"name": "Second serve points", "home": "3/10 (30%)", "away": "0/8 (0%)", "compareCode": 1}, {"name": "Break points saved", "home": "2/4 (50%)", "away": "4/7 (57%)", "compareCode": 1}, {"name": "Service games played", "home": "5", "away": "4", "compareCode": 1}]}, {"groupName": "Return", "statisticsItems": [{"name": "First serve return points", "home": "7/17 (41%)", "away": "9/23 (39%)", "compareCode": 1}, {"name": "Second serve return points", "home": "8/8 (100%)", "away": "7/10 (70%)", "compareCode": 1}, {"name": "Break points converted", "home": "3", "away": "2", "compareCode": 1}, {"name": "Return games played", "home": "4", "away": "5", "compareCode": 1}]}, {"groupName": "Points", "statisticsItems": [{"name": "Service points won", "home": "17", "away": "10", "compareCode": 1}, {"name": "Receiver points won", "home": "15", "away": "16", "compareCode": 2}, {"name": "Total points won", "home": "32", "away": "26", "compareCode": 1}, {"name": "Max points in a row", "home": "5", "away": "4", "compareCode": 1}]}]}, {"period": "2ND", "groups": [{"groupName": "Service", "statisticsItems": [{"name": "Aces", "home": "0", "away": "0", "compareCode": 3}, {"name": "Double faults", "home": "4", "away": "3", "compareCode": 1}, {"name": "First serve", "home": "18/28 (64%)", "away": "23/37 (62%)", "compareCode": 1}, {"name": "Second serve", "home": "6/10 (60%)", "away": "11/14 (79%)", "compareCode": 2}, {"name": "First serve points", "home": "10/18 (56%)", "away": "9/23 (39%)", "compareCode": 1}, {"name": "Second serve points", "home": "4/10 (40%)", "away": "5/14 (36%)", "compareCode": 2}, {"name": "Break points saved", "home": "3/5 (60%)", "away": "2/6 (33%)", "compareCode": 1}, {"name": "Service games played", "home": "4", "away": "5", "compareCode": 2}]}, {"groupName": "Return", "statisticsItems": [{"name": "First serve return points", "home": "14/23 (60%)", "away": "8/18 (44%)", "compareCode": 2}, {"name": "Second serve return points", "home": "9/14 (64%)", "away": "6/10 (60%)", "compareCode": 2}, {"name": "Break points converted", "home": "4", "away": "2", "compareCode": 1}, {"name": "Return games played", "home": "5", "away": "4", "compareCode": 2}]}, {"groupName": "Points", "statisticsItems": [{"name": "Service points won", "home": "14", "away": "14", "compareCode": 3}, {"name": "Receiver points won", "home": "23", "away": "14", "compareCode": 1}, {"name": "Total points won", "home": "37", "away": "28", "compareCode": 1}, {"name": "Max points in a row", "home": "5", "away": "4", "compareCode": 1}]}]}]}