{"statistics": [{"period": "ALL", "groups": [{"groupName": "Service", "statisticsItems": [{"name": "Aces", "home": "0", "away": "4", "compareCode": 2}, {"name": "Double faults", "home": "0", "away": "1", "compareCode": 2}, {"name": "First serve", "home": "55/64 (86%)", "away": "41/63 (65%)", "compareCode": 1}, {"name": "Second serve", "home": "9/9 (100%)", "away": "21/22 (95%)", "compareCode": 1}, {"name": "First serve points", "home": "36/55 (65%)", "away": "23/41 (56%)", "compareCode": 1}, {"name": "Second serve points", "home": "6/9 (67%)", "away": "9/22 (41%)", "compareCode": 2}, {"name": "Break points saved", "home": "5/6 (83%)", "away": "4/8 (50%)", "compareCode": 1}, {"name": "Service games played", "home": "9", "away": "8", "compareCode": 1}]}, {"groupName": "Return", "statisticsItems": [{"name": "First serve return points", "home": "18/41 (43%)", "away": "19/55 (34%)", "compareCode": 1}, {"name": "Second serve return points", "home": "13/22 (59%)", "away": "3/9 (33%)", "compareCode": 2}, {"name": "Break points converted", "home": "4", "away": "1", "compareCode": 1}, {"name": "Return games played", "home": "8", "away": "9", "compareCode": 1}]}, {"groupName": "Points", "statisticsItems": [{"name": "Service points won", "home": "42", "away": "32", "compareCode": 1}, {"name": "Receiver points won", "home": "31", "away": "22", "compareCode": 1}, {"name": "Total points won", "home": "73", "away": "54", "compareCode": 1}, {"name": "Max points in a row", "home": "6", "away": "4", "compareCode": 1}]}]}, {"period": "1ST", "groups": [{"groupName": "Service", "statisticsItems": [{"name": "Aces", "home": "0", "away": "1", "compareCode": 2}, {"name": "Double faults", "home": "0", "away": "1", "compareCode": 2}, {"name": "First serve", "home": "20/24 (83%)", "away": "16/27 (59%)", "compareCode": 1}, {"name": "Second serve", "home": "4/4 (100%)", "away": "10/11 (91%)", "compareCode": 1}, {"name": "First serve points", "home": "13/20 (65%)", "away": "8/16 (50%)", "compareCode": 1}, {"name": "Second serve points", "home": "2/4 (50%)", "away": "4/11 (36%)", "compareCode": 2}, {"name": "Break points saved", "home": "1/2 (50%)", "away": "1/4 (25%)", "compareCode": 1}, {"name": "Service games played", "home": "4", "away": "4", "compareCode": 3}]}, {"groupName": "Return", "statisticsItems": [{"name": "First serve return points", "home": "8/16 (50%)", "away": "7/20 (35%)", "compareCode": 2}, {"name": "Second serve return points", "home": "7/11 (63%)", "away": "2/4 (50%)", "compareCode": 2}, {"name": "Break points converted", "home": "3", "away": "1", "compareCode": 1}, {"name": "Return games played", "home": "4", "away": "4", "compareCode": 3}]}, {"groupName": "Points", "statisticsItems": [{"name": "Service points won", "home": "15", "away": "12", "compareCode": 1}, {"name": "Receiver points won", "home": "15", "away": "9", "compareCode": 1}, {"name": "Total points won", "home": "30", "away": "21", "compareCode": 1}, {"name": "Max points in a row", "home": "6", "away": "3", "compareCode": 1}]}]}, {"period": "2ND", "groups": [{"groupName": "Service", "statisticsItems": [{"name": "Aces", "home": "0", "away": "3", "compareCode": 2}, {"name": "Double faults", "home": "0", "away": "0", "compareCode": 3}, {"name": "First serve", "home": "35/40 (88%)", "away": "25/36 (69%)", "compareCode": 1}, {"name": "Second serve", "home": "5/5 (100%)", "away": "11/11 (100%)", "compareCode": 3}, {"name": "First serve points", "home": "23/35 (66%)", "away": "15/25 (60%)", "compareCode": 1}, {"name": "Second serve points", "home": "4/5 (80%)", "away": "5/11 (45%)", "compareCode": 2}, {"name": "Break points saved", "home": "4/4 (100%)", "away": "3/4 (75%)", "compareCode": 3}, {"name": "Service games played", "home": "5", "away": "4", "compareCode": 1}]}, {"groupName": "Return", "statisticsItems": [{"name": "First serve return points", "home": "10/25 (40%)", "away": "12/35 (34%)", "compareCode": 1}, {"name": "Second serve return points", "home": "6/11 (54%)", "away": "1/5 (20%)", "compareCode": 2}, {"name": "Break points converted", "home": "1", "away": "0", "compareCode": 1}, {"name": "Return games played", "home": "4", "away": "5", "compareCode": 1}]}, {"groupName": "Points", "statisticsItems": [{"name": "Service points won", "home": "27", "away": "20", "compareCode": 1}, {"name": "Receiver points won", "home": "16", "away": "13", "compareCode": 1}, {"name": "Total points won", "home": "43", "away": "33", "compareCode": 1}, {"name": "Max points in a row", "home": "4", "away": "4", "compareCode": 3}]}]}]}