{"statistics": [{"period": "ALL", "groups": [{"groupName": "Service", "statisticsItems": [{"name": "Aces", "home": "3", "away": "1", "compareCode": 1}, {"name": "Double faults", "home": "13", "away": "5", "compareCode": 1}, {"name": "First serve", "home": "26/50 (52%)", "away": "41/55 (75%)", "compareCode": 2}, {"name": "Second serve", "home": "11/24 (46%)", "away": "9/14 (64%)", "compareCode": 2}, {"name": "First serve points", "home": "18/26 (69%)", "away": "23/41 (56%)", "compareCode": 2}, {"name": "Second serve points", "home": "6/24 (25%)", "away": "6/14 (43%)", "compareCode": 3}, {"name": "Break points saved", "home": "1/5 (20%)", "away": "2/6 (33%)", "compareCode": 1}, {"name": "Service games played", "home": "8", "away": "8", "compareCode": 3}]}, {"groupName": "Return", "statisticsItems": [{"name": "First serve return points", "home": "18/41 (43%)", "away": "8/26 (30%)", "compareCode": 2}, {"name": "Second serve return points", "home": "8/14 (57%)", "away": "18/24 (75%)", "compareCode": 1}, {"name": "Break points converted", "home": "4", "away": "4", "compareCode": 3}, {"name": "Return games played", "home": "8", "away": "8", "compareCode": 3}]}, {"groupName": "Points", "statisticsItems": [{"name": "Service points won", "home": "24", "away": "29", "compareCode": 2}, {"name": "Receiver points won", "home": "26", "away": "26", "compareCode": 3}, {"name": "Total points won", "home": "50", "away": "55", "compareCode": 2}, {"name": "Max points in a row", "home": "6", "away": "6", "compareCode": 3}]}]}, {"period": "1ST", "groups": [{"groupName": "Service", "statisticsItems": [{"name": "Aces", "home": "2", "away": "0", "compareCode": 1}, {"name": "Double faults", "home": "9", "away": "3", "compareCode": 1}, {"name": "First serve", "home": "9/23 (39%)", "away": "20/26 (77%)", "compareCode": 2}, {"name": "Second serve", "home": "5/14 (36%)", "away": "3/6 (50%)", "compareCode": 2}, {"name": "First serve points", "home": "6/9 (67%)", "away": "12/20 (60%)", "compareCode": 2}, {"name": "Second serve points", "home": "0/14 (0%)", "away": "1/6 (17%)", "compareCode": 2}, {"name": "Break points saved", "home": "1/5 (20%)", "away": "1/3 (33%)", "compareCode": 2}, {"name": "Service games played", "home": "4", "away": "4", "compareCode": 3}]}, {"groupName": "Return", "statisticsItems": [{"name": "First serve return points", "home": "8/20 (40%)", "away": "3/9 (33%)", "compareCode": 2}, {"name": "Second serve return points", "home": "5/6 (83%)", "away": "14/14 (100%)", "compareCode": 1}, {"name": "Break points converted", "home": "2", "away": "4", "compareCode": 2}, {"name": "Return games played", "home": "4", "away": "4", "compareCode": 3}]}, {"groupName": "Points", "statisticsItems": [{"name": "Service points won", "home": "6", "away": "13", "compareCode": 2}, {"name": "Receiver points won", "home": "13", "away": "17", "compareCode": 2}, {"name": "Total points won", "home": "19", "away": "30", "compareCode": 2}, {"name": "Max points in a row", "home": "4", "away": "6", "compareCode": 2}]}]}, {"period": "2ND", "groups": [{"groupName": "Service", "statisticsItems": [{"name": "Aces", "home": "1", "away": "1", "compareCode": 3}, {"name": "Double faults", "home": "1", "away": "2", "compareCode": 2}, {"name": "First serve", "home": "15/21 (71%)", "away": "16/22 (73%)", "compareCode": 2}, {"name": "Second serve", "home": "5/6 (83%)", "away": "4/6 (67%)", "compareCode": 1}, {"name": "First serve points", "home": "12/15 (80%)", "away": "8/16 (50%)", "compareCode": 1}, {"name": "Second serve points", "home": "5/6 (83%)", "away": "3/6 (50%)", "compareCode": 1}, {"name": "Break points saved", "home": "0/0 (0%)", "away": "1/3 (33%)", "compareCode": 1}, {"name": "Service games played", "home": "4", "away": "4", "compareCode": 3}]}, {"groupName": "Return", "statisticsItems": [{"name": "First serve return points", "home": "8/16 (50%)", "away": "3/15 (20%)", "compareCode": 2}, {"name": "Second serve return points", "home": "3/6 (50%)", "away": "1/6 (16%)", "compareCode": 3}, {"name": "Break points converted", "home": "2", "away": "0", "compareCode": 1}, {"name": "Return games played", "home": "4", "away": "4", "compareCode": 3}]}, {"groupName": "Points", "statisticsItems": [{"name": "Service points won", "home": "17", "away": "11", "compareCode": 1}, {"name": "Receiver points won", "home": "11", "away": "4", "compareCode": 1}, {"name": "Total points won", "home": "28", "away": "15", "compareCode": 1}, {"name": "Max points in a row", "home": "6", "away": "3", "compareCode": 1}]}]}, {"period": "3RD", "groups": [{"groupName": "Service", "statisticsItems": [{"name": "Aces", "home": "0", "away": "0", "compareCode": 3}, {"name": "Double faults", "home": "3", "away": "0", "compareCode": 1}, {"name": "First serve", "home": "2/6 (33%)", "away": "5/7 (71%)", "compareCode": 2}, {"name": "Second serve", "home": "1/4 (25%)", "away": "2/2 (100%)", "compareCode": 2}, {"name": "First serve points", "home": "0/2 (0%)", "away": "3/5 (60%)", "compareCode": 2}, {"name": "Second serve points", "home": "1/4 (25%)", "away": "2/2 (100%)", "compareCode": 2}, {"name": "Break points saved", "home": "0/0 (0%)", "away": "0/0 (0%)", "compareCode": 3}, {"name": "Service games played", "home": "0", "away": "0", "compareCode": 3}]}, {"groupName": "Return", "statisticsItems": [{"name": "First serve return points", "home": "2/5 (40%)", "away": "2/2 (100%)", "compareCode": 2}, {"name": "Second serve return points", "home": "0/2 (0%)", "away": "3/4 (75%)", "compareCode": 1}, {"name": "Break points converted", "home": "0", "away": "0", "compareCode": 3}, {"name": "Return games played", "home": "0", "away": "0", "compareCode": 3}]}, {"groupName": "Points", "statisticsItems": [{"name": "Service points won", "home": "1", "away": "5", "compareCode": 2}, {"name": "Receiver points won", "home": "2", "away": "5", "compareCode": 2}, {"name": "Total points won", "home": "3", "away": "10", "compareCode": 2}, {"name": "Max points in a row", "home": "1", "away": "4", "compareCode": 2}]}]}]}