{"statistics": [{"period": "ALL", "groups": [{"groupName": "Service", "statisticsItems": [{"name": "Aces", "home": "1", "away": "0", "compareCode": 1}, {"name": "Double faults", "home": "3", "away": "0", "compareCode": 1}, {"name": "First serve", "home": "71/105 (68%)", "away": "75/99 (76%)", "compareCode": 2}, {"name": "Second serve", "home": "31/34 (91%)", "away": "24/24 (100%)", "compareCode": 2}, {"name": "First serve points", "home": "47/71 (66%)", "away": "40/75 (53%)", "compareCode": 1}, {"name": "Second serve points", "home": "14/34 (41%)", "away": "16/24 (67%)", "compareCode": 2}, {"name": "Break points saved", "home": "4/7 (57%)", "away": "4/7 (57%)", "compareCode": 3}, {"name": "Service games played", "home": "12", "away": "12", "compareCode": 3}]}, {"groupName": "Return", "statisticsItems": [{"name": "First serve return points", "home": "35/75 (46%)", "away": "24/71 (33%)", "compareCode": 1}, {"name": "Second serve return points", "home": "8/24 (33%)", "away": "20/34 (58%)", "compareCode": 1}, {"name": "Break points converted", "home": "3", "away": "3", "compareCode": 3}, {"name": "Return games played", "home": "12", "away": "12", "compareCode": 3}]}, {"groupName": "Points", "statisticsItems": [{"name": "Service points won", "home": "61", "away": "56", "compareCode": 1}, {"name": "Receiver points won", "home": "43", "away": "44", "compareCode": 2}, {"name": "Total points won", "home": "104", "away": "100", "compareCode": 1}, {"name": "Max points in a row", "home": "7", "away": "6", "compareCode": 1}]}]}, {"period": "1ST", "groups": [{"groupName": "Service", "statisticsItems": [{"name": "Aces", "home": "1", "away": "0", "compareCode": 1}, {"name": "Double faults", "home": "1", "away": "0", "compareCode": 1}, {"name": "First serve", "home": "28/44 (64%)", "away": "30/46 (65%)", "compareCode": 2}, {"name": "Second serve", "home": "15/16 (94%)", "away": "16/16 (100%)", "compareCode": 2}, {"name": "First serve points", "home": "19/28 (68%)", "away": "19/30 (63%)", "compareCode": 3}, {"name": "Second serve points", "home": "8/16 (50%)", "away": "12/16 (75%)", "compareCode": 2}, {"name": "Break points saved", "home": "0/1 (0%)", "away": "1/2 (50%)", "compareCode": 1}, {"name": "Service games played", "home": "6", "away": "6", "compareCode": 3}]}, {"groupName": "Return", "statisticsItems": [{"name": "First serve return points", "home": "11/30 (36%)", "away": "9/28 (32%)", "compareCode": 2}, {"name": "Second serve return points", "home": "4/16 (25%)", "away": "8/16 (50%)", "compareCode": 3}, {"name": "Break points converted", "home": "1", "away": "1", "compareCode": 3}, {"name": "Return games played", "home": "6", "away": "6", "compareCode": 3}]}, {"groupName": "Points", "statisticsItems": [{"name": "Service points won", "home": "27", "away": "31", "compareCode": 2}, {"name": "Receiver points won", "home": "15", "away": "17", "compareCode": 2}, {"name": "Total points won", "home": "42", "away": "48", "compareCode": 2}, {"name": "Max points in a row", "home": "5", "away": "6", "compareCode": 2}]}]}, {"period": "2ND", "groups": [{"groupName": "Service", "statisticsItems": [{"name": "Aces", "home": "0", "away": "0", "compareCode": 3}, {"name": "Double faults", "home": "2", "away": "0", "compareCode": 1}, {"name": "First serve", "home": "36/53 (68%)", "away": "40/45 (89%)", "compareCode": 2}, {"name": "Second serve", "home": "15/17 (88%)", "away": "5/5 (100%)", "compareCode": 2}, {"name": "First serve points", "home": "24/36 (67%)", "away": "20/40 (50%)", "compareCode": 1}, {"name": "Second serve points", "home": "6/17 (35%)", "away": "3/5 (60%)", "compareCode": 1}, {"name": "Break points saved", "home": "4/6 (66%)", "away": "3/5 (60%)", "compareCode": 2}, {"name": "Service games played", "home": "6", "away": "6", "compareCode": 3}]}, {"groupName": "Return", "statisticsItems": [{"name": "First serve return points", "home": "20/40 (50%)", "away": "12/36 (33%)", "compareCode": 1}, {"name": "Second serve return points", "home": "2/5 (40%)", "away": "11/17 (64%)", "compareCode": 1}, {"name": "Break points converted", "home": "2", "away": "2", "compareCode": 3}, {"name": "Return games played", "home": "6", "away": "6", "compareCode": 3}]}, {"groupName": "Points", "statisticsItems": [{"name": "Service points won", "home": "30", "away": "23", "compareCode": 1}, {"name": "Receiver points won", "home": "22", "away": "23", "compareCode": 2}, {"name": "Total points won", "home": "52", "away": "46", "compareCode": 1}, {"name": "Max points in a row", "home": "5", "away": "4", "compareCode": 1}]}]}, {"period": "3RD", "groups": [{"groupName": "Service", "statisticsItems": [{"name": "Aces", "home": "0", "away": "0", "compareCode": 3}, {"name": "Double faults", "home": "0", "away": "0", "compareCode": 3}, {"name": "First serve", "home": "7/8 (88%)", "away": "5/8 (63%)", "compareCode": 1}, {"name": "Second serve", "home": "1/1 (100%)", "away": "3/3 (100%)", "compareCode": 3}, {"name": "First serve points", "home": "4/7 (57%)", "away": "1/5 (20%)", "compareCode": 1}, {"name": "Second serve points", "home": "0/1 (0%)", "away": "1/3 (33%)", "compareCode": 2}, {"name": "Break points saved", "home": "0/0 (0%)", "away": "0/0 (0%)", "compareCode": 3}, {"name": "Service games played", "home": "0", "away": "0", "compareCode": 3}]}, {"groupName": "Return", "statisticsItems": [{"name": "First serve return points", "home": "4/5 (80%)", "away": "3/7 (42%)", "compareCode": 3}, {"name": "Second serve return points", "home": "2/3 (66%)", "away": "1/1 (100%)", "compareCode": 2}, {"name": "Break points converted", "home": "0", "away": "0", "compareCode": 3}, {"name": "Return games played", "home": "0", "away": "0", "compareCode": 3}]}, {"groupName": "Points", "statisticsItems": [{"name": "Service points won", "home": "4", "away": "2", "compareCode": 1}, {"name": "Receiver points won", "home": "6", "away": "4", "compareCode": 1}, {"name": "Total points won", "home": "10", "away": "6", "compareCode": 1}, {"name": "Max points in a row", "home": "3", "away": "3", "compareCode": 3}]}]}]}