{"statistics": [{"period": "ALL", "groups": [{"groupName": "Service", "statisticsItems": [{"name": "Aces", "home": "0", "away": "0", "compareCode": 3}, {"name": "Double faults", "home": "7", "away": "2", "compareCode": 1}, {"name": "First serve", "home": "44/67 (66%)", "away": "52/62 (84%)", "compareCode": 2}, {"name": "Second serve", "home": "16/23 (70%)", "away": "8/10 (80%)", "compareCode": 2}, {"name": "First serve points", "home": "24/44 (55%)", "away": "33/52 (63%)", "compareCode": 2}, {"name": "Second serve points", "home": "9/23 (39%)", "away": "3/10 (30%)", "compareCode": 1}, {"name": "Break points saved", "home": "6/9 (66%)", "away": "2/5 (40%)", "compareCode": 2}, {"name": "Service games played", "home": "9", "away": "9", "compareCode": 3}]}, {"groupName": "Return", "statisticsItems": [{"name": "First serve return points", "home": "19/52 (36%)", "away": "20/44 (45%)", "compareCode": 1}, {"name": "Second serve return points", "home": "7/10 (70%)", "away": "14/23 (60%)", "compareCode": 1}, {"name": "Break points converted", "home": "3", "away": "3", "compareCode": 3}, {"name": "Return games played", "home": "9", "away": "9", "compareCode": 3}]}, {"groupName": "Points", "statisticsItems": [{"name": "Service points won", "home": "33", "away": "36", "compareCode": 2}, {"name": "Receiver points won", "home": "26", "away": "34", "compareCode": 2}, {"name": "Total points won", "home": "59", "away": "70", "compareCode": 2}, {"name": "Max points in a row", "home": "5", "away": "8", "compareCode": 2}]}]}, {"period": "1ST", "groups": [{"groupName": "Service", "statisticsItems": [{"name": "Aces", "home": "0", "away": "0", "compareCode": 3}, {"name": "Double faults", "home": "6", "away": "0", "compareCode": 1}, {"name": "First serve", "home": "26/38 (68%)", "away": "19/22 (86%)", "compareCode": 2}, {"name": "Second serve", "home": "6/12 (50%)", "away": "3/3 (100%)", "compareCode": 2}, {"name": "First serve points", "home": "17/26 (65%)", "away": "11/19 (58%)", "compareCode": 1}, {"name": "Second serve points", "home": "5/12 (42%)", "away": "0/3 (0%)", "compareCode": 1}, {"name": "Break points saved", "home": "5/6 (83%)", "away": "0/2 (0%)", "compareCode": 2}, {"name": "Service games played", "home": "5", "away": "4", "compareCode": 1}]}, {"groupName": "Return", "statisticsItems": [{"name": "First serve return points", "home": "8/19 (42%)", "away": "9/26 (34%)", "compareCode": 1}, {"name": "Second serve return points", "home": "3/3 (100%)", "away": "7/12 (58%)", "compareCode": 1}, {"name": "Break points converted", "home": "2", "away": "1", "compareCode": 1}, {"name": "Return games played", "home": "4", "away": "5", "compareCode": 1}]}, {"groupName": "Points", "statisticsItems": [{"name": "Service points won", "home": "22", "away": "11", "compareCode": 1}, {"name": "Receiver points won", "home": "11", "away": "16", "compareCode": 2}, {"name": "Total points won", "home": "33", "away": "27", "compareCode": 1}, {"name": "Max points in a row", "home": "5", "away": "3", "compareCode": 1}]}]}, {"period": "2ND", "groups": [{"groupName": "Service", "statisticsItems": [{"name": "Aces", "home": "0", "away": "0", "compareCode": 3}, {"name": "Double faults", "home": "1", "away": "2", "compareCode": 2}, {"name": "First serve", "home": "15/24 (63%)", "away": "29/34 (85%)", "compareCode": 2}, {"name": "Second serve", "home": "8/9 (89%)", "away": "3/5 (60%)", "compareCode": 1}, {"name": "First serve points", "home": "7/15 (47%)", "away": "18/29 (62%)", "compareCode": 2}, {"name": "Second serve points", "home": "4/9 (44%)", "away": "2/5 (40%)", "compareCode": 1}, {"name": "Break points saved", "home": "1/3 (33%)", "away": "2/3 (66%)", "compareCode": 3}, {"name": "Service games played", "home": "4", "away": "5", "compareCode": 2}]}, {"groupName": "Return", "statisticsItems": [{"name": "First serve return points", "home": "11/29 (37%)", "away": "8/15 (53%)", "compareCode": 2}, {"name": "Second serve return points", "home": "3/5 (60%)", "away": "5/9 (55%)", "compareCode": 1}, {"name": "Break points converted", "home": "1", "away": "2", "compareCode": 2}, {"name": "Return games played", "home": "5", "away": "4", "compareCode": 2}]}, {"groupName": "Points", "statisticsItems": [{"name": "Service points won", "home": "11", "away": "20", "compareCode": 2}, {"name": "Receiver points won", "home": "14", "away": "13", "compareCode": 1}, {"name": "Total points won", "home": "25", "away": "33", "compareCode": 2}, {"name": "Max points in a row", "home": "4", "away": "6", "compareCode": 2}]}]}, {"period": "3RD", "groups": [{"groupName": "Service", "statisticsItems": [{"name": "Aces", "home": "0", "away": "0", "compareCode": 3}, {"name": "Double faults", "home": "0", "away": "0", "compareCode": 3}, {"name": "First serve", "home": "3/5 (60%)", "away": "4/6 (67%)", "compareCode": 2}, {"name": "Second serve", "home": "2/2 (100%)", "away": "2/2 (100%)", "compareCode": 3}, {"name": "First serve points", "home": "0/3 (0%)", "away": "4/4 (100%)", "compareCode": 2}, {"name": "Second serve points", "home": "0/2 (0%)", "away": "1/2 (50%)", "compareCode": 2}, {"name": "Break points saved", "home": "0/0 (0%)", "away": "0/0 (0%)", "compareCode": 3}, {"name": "Service games played", "home": "0", "away": "0", "compareCode": 3}]}, {"groupName": "Return", "statisticsItems": [{"name": "First serve return points", "home": "0/4 (0%)", "away": "3/3 (100%)", "compareCode": 2}, {"name": "Second serve return points", "home": "1/2 (50%)", "away": "2/2 (100%)", "compareCode": 3}, {"name": "Break points converted", "home": "0", "away": "0", "compareCode": 3}, {"name": "Return games played", "home": "0", "away": "0", "compareCode": 3}]}, {"groupName": "Points", "statisticsItems": [{"name": "Service points won", "home": "0", "away": "5", "compareCode": 2}, {"name": "Receiver points won", "home": "1", "away": "5", "compareCode": 2}, {"name": "Total points won", "home": "1", "away": "10", "compareCode": 2}, {"name": "Max points in a row", "home": "1", "away": "5", "compareCode": 2}]}]}]}