{"statistics": [{"period": "ALL", "groups": [{"groupName": "Service", "statisticsItems": [{"name": "Aces", "home": "0", "away": "0", "compareCode": 3}, {"name": "First serve", "home": "38/50 (76%)", "away": "44/53 (83%)", "compareCode": 2}, {"name": "Second serve", "home": "12/12 (100%)", "away": "9/9 (100%)", "compareCode": 3}, {"name": "First serve points", "home": "28/38 (74%)", "away": "21/44 (48%)", "compareCode": 1}, {"name": "Second serve points", "home": "7/12 (58%)", "away": "7/9 (78%)", "compareCode": 3}, {"name": "Break points saved", "home": "2/3 (66%)", "away": "2/6 (33%)", "compareCode": 1}, {"name": "Service games played", "home": "9", "away": "9", "compareCode": 3}]}, {"groupName": "Return", "statisticsItems": [{"name": "First serve return points", "home": "23/44 (52%)", "away": "10/38 (26%)", "compareCode": 2}, {"name": "Second serve return points", "home": "2/9 (22%)", "away": "5/12 (41%)", "compareCode": 1}, {"name": "Break points converted", "home": "4", "away": "1", "compareCode": 1}, {"name": "Return games played", "home": "9", "away": "9", "compareCode": 3}]}, {"groupName": "Points", "statisticsItems": [{"name": "Service points won", "home": "35", "away": "28", "compareCode": 1}, {"name": "Receiver points won", "home": "25", "away": "15", "compareCode": 1}, {"name": "Total points won", "home": "60", "away": "43", "compareCode": 1}, {"name": "Max points in a row", "home": "12", "away": "6", "compareCode": 1}]}]}, {"period": "1ST", "groups": [{"groupName": "Service", "statisticsItems": [{"name": "Aces", "home": "0", "away": "0", "compareCode": 3}, {"name": "Double faults", "home": "0", "away": "0", "compareCode": 3}, {"name": "First serve", "home": "14/17 (82%)", "away": "20/24 (83%)", "compareCode": 2}, {"name": "Second serve", "home": "3/3 (100%)", "away": "4/4 (100%)", "compareCode": 3}, {"name": "First serve points", "home": "9/14 (64%)", "away": "8/20 (40%)", "compareCode": 1}, {"name": "Second serve points", "home": "3/3 (100%)", "away": "2/4 (50%)", "compareCode": 1}, {"name": "Break points saved", "home": "0/1 (0%)", "away": "0/3 (0%)", "compareCode": 1}, {"name": "Service games played", "home": "4", "away": "5", "compareCode": 2}]}, {"groupName": "Return", "statisticsItems": [{"name": "First serve return points", "home": "12/20 (60%)", "away": "5/14 (35%)", "compareCode": 2}, {"name": "Second serve return points", "home": "2/4 (50%)", "away": "0/3 (0%)", "compareCode": 2}, {"name": "Break points converted", "home": "3", "away": "1", "compareCode": 1}, {"name": "Return games played", "home": "5", "away": "4", "compareCode": 2}]}, {"groupName": "Points", "statisticsItems": [{"name": "Service points won", "home": "12", "away": "10", "compareCode": 1}, {"name": "Receiver points won", "home": "14", "away": "5", "compareCode": 1}, {"name": "Total points won", "home": "26", "away": "15", "compareCode": 1}, {"name": "Max points in a row", "home": "12", "away": "5", "compareCode": 1}]}]}, {"period": "2ND", "groups": [{"groupName": "Service", "statisticsItems": [{"name": "Aces", "home": "0", "away": "0", "compareCode": 3}, {"name": "Double faults", "home": "0", "away": "0", "compareCode": 3}, {"name": "First serve", "home": "24/33 (73%)", "away": "24/29 (83%)", "compareCode": 2}, {"name": "Second serve", "home": "9/9 (100%)", "away": "5/5 (100%)", "compareCode": 3}, {"name": "First serve points", "home": "19/24 (79%)", "away": "13/24 (54%)", "compareCode": 1}, {"name": "Second serve points", "home": "4/9 (44%)", "away": "5/5 (100%)", "compareCode": 2}, {"name": "Break points saved", "home": "2/2 (100%)", "away": "2/3 (66%)", "compareCode": 1}, {"name": "Service games played", "home": "5", "away": "4", "compareCode": 1}]}, {"groupName": "Return", "statisticsItems": [{"name": "First serve return points", "home": "11/24 (45%)", "away": "5/24 (20%)", "compareCode": 1}, {"name": "Second serve return points", "home": "0/5 (0%)", "away": "5/9 (55%)", "compareCode": 1}, {"name": "Break points converted", "home": "1", "away": "0", "compareCode": 1}, {"name": "Return games played", "home": "4", "away": "5", "compareCode": 1}]}, {"groupName": "Points", "statisticsItems": [{"name": "Service points won", "home": "23", "away": "18", "compareCode": 1}, {"name": "Receiver points won", "home": "11", "away": "10", "compareCode": 1}, {"name": "Total points won", "home": "34", "away": "28", "compareCode": 1}, {"name": "Max points in a row", "home": "5", "away": "6", "compareCode": 2}]}]}]}