{"statistics": [{"period": "ALL", "groups": [{"groupName": "Service", "statisticsItems": [{"name": "Aces", "home": "4", "away": "0", "compareCode": 1}, {"name": "Double faults", "home": "6", "away": "4", "compareCode": 1}, {"name": "First serve", "home": "44/78 (56%)", "away": "41/66 (62%)", "compareCode": 2}, {"name": "Second serve", "home": "28/34 (82%)", "away": "21/25 (84%)", "compareCode": 2}, {"name": "First serve points", "home": "25/44 (57%)", "away": "25/41 (61%)", "compareCode": 3}, {"name": "Second serve points", "home": "13/34 (38%)", "away": "9/25 (36%)", "compareCode": 1}, {"name": "Break points saved", "home": "11/16 (68%)", "away": "4/7 (57%)", "compareCode": 2}, {"name": "Service games played", "home": "9", "away": "8", "compareCode": 1}]}, {"groupName": "Return", "statisticsItems": [{"name": "First serve return points", "home": "16/41 (39%)", "away": "19/44 (43%)", "compareCode": 1}, {"name": "Second serve return points", "home": "16/25 (64%)", "away": "21/34 (61%)", "compareCode": 1}, {"name": "Break points converted", "home": "3", "away": "5", "compareCode": 2}, {"name": "Return games played", "home": "8", "away": "9", "compareCode": 1}]}, {"groupName": "Points", "statisticsItems": [{"name": "Service points won", "home": "38", "away": "34", "compareCode": 1}, {"name": "Receiver points won", "home": "32", "away": "40", "compareCode": 2}, {"name": "Total points won", "home": "70", "away": "74", "compareCode": 2}, {"name": "Max points in a row", "home": "4", "away": "7", "compareCode": 2}]}]}, {"period": "1ST", "groups": [{"groupName": "Service", "statisticsItems": [{"name": "Aces", "home": "2", "away": "0", "compareCode": 1}, {"name": "Double faults", "home": "2", "away": "3", "compareCode": 2}, {"name": "First serve", "home": "22/36 (61%)", "away": "24/40 (60%)", "compareCode": 1}, {"name": "Second serve", "home": "12/14 (86%)", "away": "13/16 (81%)", "compareCode": 1}, {"name": "First serve points", "home": "13/22 (59%)", "away": "15/24 (63%)", "compareCode": 2}, {"name": "Second serve points", "home": "5/14 (36%)", "away": "3/16 (19%)", "compareCode": 1}, {"name": "Break points saved", "home": "5/7 (71%)", "away": "2/5 (40%)", "compareCode": 2}, {"name": "Service games played", "home": "5", "away": "5", "compareCode": 3}]}, {"groupName": "Return", "statisticsItems": [{"name": "First serve return points", "home": "9/24 (37%)", "away": "9/22 (40%)", "compareCode": 2}, {"name": "Second serve return points", "home": "13/16 (81%)", "away": "9/14 (64%)", "compareCode": 2}, {"name": "Break points converted", "home": "3", "away": "2", "compareCode": 1}, {"name": "Return games played", "home": "5", "away": "5", "compareCode": 3}]}, {"groupName": "Points", "statisticsItems": [{"name": "Service points won", "home": "18", "away": "18", "compareCode": 3}, {"name": "Receiver points won", "home": "22", "away": "18", "compareCode": 1}, {"name": "Total points won", "home": "40", "away": "36", "compareCode": 1}, {"name": "Max points in a row", "home": "4", "away": "7", "compareCode": 2}]}]}, {"period": "2ND", "groups": [{"groupName": "Service", "statisticsItems": [{"name": "Aces", "home": "2", "away": "0", "compareCode": 1}, {"name": "Double faults", "home": "3", "away": "1", "compareCode": 1}, {"name": "First serve", "home": "18/34 (53%)", "away": "12/18 (67%)", "compareCode": 2}, {"name": "Second serve", "home": "13/16 (81%)", "away": "5/6 (83%)", "compareCode": 2}, {"name": "First serve points", "home": "8/18 (44%)", "away": "8/12 (67%)", "compareCode": 3}, {"name": "Second serve points", "home": "7/16 (44%)", "away": "5/6 (83%)", "compareCode": 1}, {"name": "Break points saved", "home": "6/9 (66%)", "away": "2/2 (100%)", "compareCode": 2}, {"name": "Service games played", "home": "4", "away": "3", "compareCode": 1}]}, {"groupName": "Return", "statisticsItems": [{"name": "First serve return points", "home": "4/12 (33%)", "away": "10/18 (55%)", "compareCode": 1}, {"name": "Second serve return points", "home": "1/6 (16%)", "away": "9/16 (56%)", "compareCode": 1}, {"name": "Break points converted", "home": "0", "away": "3", "compareCode": 2}, {"name": "Return games played", "home": "3", "away": "4", "compareCode": 1}]}, {"groupName": "Points", "statisticsItems": [{"name": "Service points won", "home": "15", "away": "13", "compareCode": 1}, {"name": "Receiver points won", "home": "5", "away": "19", "compareCode": 2}, {"name": "Total points won", "home": "20", "away": "32", "compareCode": 2}, {"name": "Max points in a row", "home": "4", "away": "7", "compareCode": 2}]}]}, {"period": "3RD", "groups": [{"groupName": "Service", "statisticsItems": [{"name": "Aces", "home": "0", "away": "0", "compareCode": 3}, {"name": "Double faults", "home": "1", "away": "0", "compareCode": 1}, {"name": "First serve", "home": "4/8 (50%)", "away": "5/8 (63%)", "compareCode": 2}, {"name": "Second serve", "home": "3/4 (75%)", "away": "3/3 (100%)", "compareCode": 2}, {"name": "First serve points", "home": "4/4 (100%)", "away": "2/5 (40%)", "compareCode": 1}, {"name": "Second serve points", "home": "1/4 (25%)", "away": "1/3 (33%)", "compareCode": 3}, {"name": "Break points saved", "home": "0/0 (0%)", "away": "0/0 (0%)", "compareCode": 3}, {"name": "Service games played", "home": "0", "away": "0", "compareCode": 3}]}, {"groupName": "Return", "statisticsItems": [{"name": "First serve return points", "home": "3/5 (60%)", "away": "0/4 (0%)", "compareCode": 3}, {"name": "Second serve return points", "home": "2/3 (66%)", "away": "3/4 (75%)", "compareCode": 1}, {"name": "Break points converted", "home": "0", "away": "0", "compareCode": 3}, {"name": "Return games played", "home": "0", "away": "0", "compareCode": 3}]}, {"groupName": "Points", "statisticsItems": [{"name": "Service points won", "home": "5", "away": "3", "compareCode": 1}, {"name": "Receiver points won", "home": "5", "away": "3", "compareCode": 1}, {"name": "Total points won", "home": "10", "away": "6", "compareCode": 1}, {"name": "Max points in a row", "home": "4", "away": "2", "compareCode": 1}]}]}]}