{"statistics": [{"period": "ALL", "groups": [{"groupName": "Service", "statisticsItems": [{"name": "Aces", "home": "0", "away": "2", "compareCode": 2}, {"name": "Double faults", "home": "3", "away": "3", "compareCode": 3}, {"name": "First serve", "home": "24/37 (65%)", "away": "28/51 (55%)", "compareCode": 1}, {"name": "Second serve", "home": "10/13 (77%)", "away": "20/23 (87%)", "compareCode": 2}, {"name": "First serve points", "home": "13/24 (54%)", "away": "18/28 (64%)", "compareCode": 2}, {"name": "Second serve points", "home": "8/13 (62%)", "away": "13/23 (57%)", "compareCode": 2}, {"name": "Break points saved", "home": "3/6 (50%)", "away": "2/4 (50%)", "compareCode": 2}, {"name": "Service games played", "home": "7", "away": "8", "compareCode": 2}]}, {"groupName": "Return", "statisticsItems": [{"name": "First serve return points", "home": "10/28 (35%)", "away": "11/24 (45%)", "compareCode": 2}, {"name": "Second serve return points", "home": "10/23 (43%)", "away": "5/13 (38%)", "compareCode": 2}, {"name": "Break points converted", "home": "2", "away": "3", "compareCode": 2}, {"name": "Return games played", "home": "8", "away": "7", "compareCode": 2}]}, {"groupName": "Points", "statisticsItems": [{"name": "Service points won", "home": "21", "away": "31", "compareCode": 2}, {"name": "Receiver points won", "home": "20", "away": "16", "compareCode": 1}, {"name": "Total points won", "home": "41", "away": "47", "compareCode": 2}, {"name": "Max points in a row", "home": "4", "away": "5", "compareCode": 2}]}]}, {"period": "1ST", "groups": [{"groupName": "Service", "statisticsItems": [{"name": "Aces", "home": "0", "away": "1", "compareCode": 2}, {"name": "Double faults", "home": "2", "away": "3", "compareCode": 2}, {"name": "First serve", "home": "17/26 (65%)", "away": "17/33 (52%)", "compareCode": 1}, {"name": "Second serve", "home": "7/9 (78%)", "away": "13/16 (81%)", "compareCode": 2}, {"name": "First serve points", "home": "10/17 (59%)", "away": "11/17 (65%)", "compareCode": 2}, {"name": "Second serve points", "home": "5/9 (56%)", "away": "10/16 (63%)", "compareCode": 2}, {"name": "Break points saved", "home": "2/4 (50%)", "away": "1/2 (50%)", "compareCode": 2}, {"name": "Service games played", "home": "5", "away": "5", "compareCode": 3}]}, {"groupName": "Return", "statisticsItems": [{"name": "First serve return points", "home": "6/17 (35%)", "away": "7/17 (41%)", "compareCode": 2}, {"name": "Second serve return points", "home": "6/16 (37%)", "away": "4/9 (44%)", "compareCode": 2}, {"name": "Break points converted", "home": "1", "away": "2", "compareCode": 2}, {"name": "Return games played", "home": "5", "away": "5", "compareCode": 3}]}, {"groupName": "Points", "statisticsItems": [{"name": "Service points won", "home": "15", "away": "21", "compareCode": 2}, {"name": "Receiver points won", "home": "12", "away": "11", "compareCode": 1}, {"name": "Total points won", "home": "27", "away": "32", "compareCode": 2}, {"name": "Max points in a row", "home": "4", "away": "5", "compareCode": 2}]}]}, {"period": "2ND", "groups": [{"groupName": "Service", "statisticsItems": [{"name": "Aces", "home": "0", "away": "1", "compareCode": 2}, {"name": "Double faults", "home": "1", "away": "0", "compareCode": 1}, {"name": "First serve", "home": "7/11 (64%)", "away": "11/18 (61%)", "compareCode": 1}, {"name": "Second serve", "home": "3/4 (75%)", "away": "7/7 (100%)", "compareCode": 2}, {"name": "First serve points", "home": "3/7 (43%)", "away": "7/11 (64%)", "compareCode": 2}, {"name": "Second serve points", "home": "3/4 (75%)", "away": "3/7 (43%)", "compareCode": 3}, {"name": "Break points saved", "home": "1/2 (50%)", "away": "1/2 (50%)", "compareCode": 3}, {"name": "Service games played", "home": "2", "away": "3", "compareCode": 2}]}, {"groupName": "Return", "statisticsItems": [{"name": "First serve return points", "home": "4/11 (36%)", "away": "4/7 (57%)", "compareCode": 2}, {"name": "Second serve return points", "home": "4/7 (57%)", "away": "1/4 (25%)", "compareCode": 2}, {"name": "Break points converted", "home": "1", "away": "1", "compareCode": 3}, {"name": "Return games played", "home": "3", "away": "2", "compareCode": 2}]}, {"groupName": "Points", "statisticsItems": [{"name": "Service points won", "home": "6", "away": "10", "compareCode": 2}, {"name": "Receiver points won", "home": "8", "away": "5", "compareCode": 1}, {"name": "Total points won", "home": "14", "away": "15", "compareCode": 2}, {"name": "Max points in a row", "home": "4", "away": "4", "compareCode": 3}]}]}]}