{"statistics": [{"period": "ALL", "groups": [{"groupName": "Service", "statisticsItems": [{"name": "Aces", "home": "2", "away": "0", "compareCode": 1}, {"name": "Double faults", "home": "3", "away": "3", "compareCode": 3}, {"name": "First serve", "home": "32/54 (59%)", "away": "50/64 (78%)", "compareCode": 2}, {"name": "Second serve", "home": "19/22 (86%)", "away": "11/14 (79%)", "compareCode": 1}, {"name": "First serve points", "home": "22/32 (69%)", "away": "25/50 (50%)", "compareCode": 2}, {"name": "Second serve points", "home": "12/22 (55%)", "away": "6/14 (43%)", "compareCode": 1}, {"name": "Break points saved", "home": "5/7 (71%)", "away": "6/11 (54%)", "compareCode": 1}, {"name": "Service games played", "home": "9", "away": "9", "compareCode": 3}]}, {"groupName": "Return", "statisticsItems": [{"name": "First serve return points", "home": "25/50 (50%)", "away": "10/32 (31%)", "compareCode": 2}, {"name": "Second serve return points", "home": "8/14 (57%)", "away": "10/22 (45%)", "compareCode": 1}, {"name": "Break points converted", "home": "5", "away": "2", "compareCode": 1}, {"name": "Return games played", "home": "9", "away": "9", "compareCode": 3}]}, {"groupName": "Points", "statisticsItems": [{"name": "Service points won", "home": "34", "away": "31", "compareCode": 1}, {"name": "Receiver points won", "home": "33", "away": "20", "compareCode": 1}, {"name": "Total points won", "home": "67", "away": "51", "compareCode": 1}, {"name": "Max points in a row", "home": "8", "away": "6", "compareCode": 1}]}]}, {"period": "1ST", "groups": [{"groupName": "Service", "statisticsItems": [{"name": "Aces", "home": "1", "away": "0", "compareCode": 1}, {"name": "Double faults", "home": "2", "away": "1", "compareCode": 1}, {"name": "First serve", "home": "22/37 (59%)", "away": "25/34 (74%)", "compareCode": 2}, {"name": "Second serve", "home": "13/15 (87%)", "away": "8/9 (89%)", "compareCode": 2}, {"name": "First serve points", "home": "15/22 (68%)", "away": "13/25 (52%)", "compareCode": 1}, {"name": "Second serve points", "home": "7/15 (47%)", "away": "4/9 (44%)", "compareCode": 1}, {"name": "Break points saved", "home": "5/6 (83%)", "away": "3/5 (60%)", "compareCode": 2}, {"name": "Service games played", "home": "5", "away": "4", "compareCode": 1}]}, {"groupName": "Return", "statisticsItems": [{"name": "First serve return points", "home": "12/25 (48%)", "away": "7/22 (31%)", "compareCode": 1}, {"name": "Second serve return points", "home": "5/9 (55%)", "away": "8/15 (53%)", "compareCode": 1}, {"name": "Break points converted", "home": "2", "away": "1", "compareCode": 1}, {"name": "Return games played", "home": "4", "away": "5", "compareCode": 1}]}, {"groupName": "Points", "statisticsItems": [{"name": "Service points won", "home": "22", "away": "17", "compareCode": 1}, {"name": "Receiver points won", "home": "17", "away": "15", "compareCode": 1}, {"name": "Total points won", "home": "39", "away": "32", "compareCode": 1}, {"name": "Max points in a row", "home": "5", "away": "4", "compareCode": 1}]}]}, {"period": "2ND", "groups": [{"groupName": "Service", "statisticsItems": [{"name": "Aces", "home": "1", "away": "0", "compareCode": 1}, {"name": "Double faults", "home": "1", "away": "2", "compareCode": 2}, {"name": "First serve", "home": "10/17 (59%)", "away": "25/30 (83%)", "compareCode": 2}, {"name": "Second serve", "home": "6/7 (86%)", "away": "3/5 (60%)", "compareCode": 1}, {"name": "First serve points", "home": "7/10 (70%)", "away": "12/25 (48%)", "compareCode": 2}, {"name": "Second serve points", "home": "5/7 (71%)", "away": "2/5 (40%)", "compareCode": 1}, {"name": "Break points saved", "home": "0/1 (0%)", "away": "3/6 (50%)", "compareCode": 1}, {"name": "Service games played", "home": "4", "away": "5", "compareCode": 2}]}, {"groupName": "Return", "statisticsItems": [{"name": "First serve return points", "home": "13/25 (52%)", "away": "3/10 (30%)", "compareCode": 2}, {"name": "Second serve return points", "home": "3/5 (60%)", "away": "2/7 (28%)", "compareCode": 1}, {"name": "Break points converted", "home": "3", "away": "1", "compareCode": 1}, {"name": "Return games played", "home": "5", "away": "4", "compareCode": 2}]}, {"groupName": "Points", "statisticsItems": [{"name": "Service points won", "home": "12", "away": "14", "compareCode": 2}, {"name": "Receiver points won", "home": "16", "away": "5", "compareCode": 1}, {"name": "Total points won", "home": "28", "away": "19", "compareCode": 1}, {"name": "Max points in a row", "home": "8", "away": "6", "compareCode": 1}]}]}]}