{"statistics": [{"period": "ALL", "groups": [{"groupName": "Service", "statisticsItems": [{"name": "Aces", "home": "0", "away": "1", "compareCode": 2}, {"name": "Double faults", "home": "1", "away": "0", "compareCode": 1}, {"name": "First serve", "home": "71/84 (85%)", "away": "70/99 (71%)", "compareCode": 1}, {"name": "Second serve", "home": "12/13 (92%)", "away": "29/29 (100%)", "compareCode": 2}, {"name": "First serve points", "home": "40/71 (56%)", "away": "35/70 (50%)", "compareCode": 1}, {"name": "Second serve points", "home": "6/13 (46%)", "away": "13/29 (45%)", "compareCode": 2}, {"name": "Break points saved", "home": "7/11 (63%)", "away": "13/19 (68%)", "compareCode": 1}, {"name": "Service games played", "home": "12", "away": "12", "compareCode": 3}]}, {"groupName": "Return", "statisticsItems": [{"name": "First serve return points", "home": "35/70 (50%)", "away": "31/71 (43%)", "compareCode": 2}, {"name": "Second serve return points", "home": "16/29 (55%)", "away": "7/13 (53%)", "compareCode": 2}, {"name": "Break points converted", "home": "6", "away": "4", "compareCode": 1}, {"name": "Return games played", "home": "12", "away": "12", "compareCode": 3}]}, {"groupName": "Points", "statisticsItems": [{"name": "Service points won", "home": "46", "away": "48", "compareCode": 2}, {"name": "Receiver points won", "home": "51", "away": "38", "compareCode": 1}, {"name": "Total points won", "home": "97", "away": "86", "compareCode": 1}, {"name": "Max points in a row", "home": "7", "away": "5", "compareCode": 1}]}]}, {"period": "1ST", "groups": [{"groupName": "Service", "statisticsItems": [{"name": "Aces", "home": "0", "away": "1", "compareCode": 2}, {"name": "Double faults", "home": "1", "away": "0", "compareCode": 1}, {"name": "First serve", "home": "41/45 (91%)", "away": "46/64 (72%)", "compareCode": 1}, {"name": "Second serve", "home": "3/4 (75%)", "away": "18/18 (100%)", "compareCode": 2}, {"name": "First serve points", "home": "25/41 (61%)", "away": "24/46 (52%)", "compareCode": 1}, {"name": "Second serve points", "home": "0/4 (0%)", "away": "8/18 (44%)", "compareCode": 2}, {"name": "Break points saved", "home": "5/7 (71%)", "away": "11/14 (78%)", "compareCode": 1}, {"name": "Service games played", "home": "6", "away": "6", "compareCode": 3}]}, {"groupName": "Return", "statisticsItems": [{"name": "First serve return points", "home": "22/46 (47%)", "away": "16/41 (39%)", "compareCode": 2}, {"name": "Second serve return points", "home": "10/18 (55%)", "away": "4/4 (100%)", "compareCode": 2}, {"name": "Break points converted", "home": "3", "away": "2", "compareCode": 1}, {"name": "Return games played", "home": "6", "away": "6", "compareCode": 3}]}, {"groupName": "Points", "statisticsItems": [{"name": "Service points won", "home": "25", "away": "32", "compareCode": 2}, {"name": "Receiver points won", "home": "32", "away": "20", "compareCode": 1}, {"name": "Total points won", "home": "57", "away": "52", "compareCode": 1}, {"name": "Max points in a row", "home": "5", "away": "5", "compareCode": 3}]}]}, {"period": "2ND", "groups": [{"groupName": "Service", "statisticsItems": [{"name": "Aces", "home": "0", "away": "0", "compareCode": 3}, {"name": "Double faults", "home": "0", "away": "0", "compareCode": 3}, {"name": "First serve", "home": "30/39 (77%)", "away": "24/35 (69%)", "compareCode": 1}, {"name": "Second serve", "home": "9/9 (100%)", "away": "11/11 (100%)", "compareCode": 3}, {"name": "First serve points", "home": "15/30 (50%)", "away": "11/24 (46%)", "compareCode": 1}, {"name": "Second serve points", "home": "6/9 (67%)", "away": "5/11 (45%)", "compareCode": 1}, {"name": "Break points saved", "home": "2/4 (50%)", "away": "2/5 (40%)", "compareCode": 1}, {"name": "Service games played", "home": "6", "away": "6", "compareCode": 3}]}, {"groupName": "Return", "statisticsItems": [{"name": "First serve return points", "home": "13/24 (54%)", "away": "15/30 (50%)", "compareCode": 1}, {"name": "Second serve return points", "home": "6/11 (54%)", "away": "3/9 (33%)", "compareCode": 2}, {"name": "Break points converted", "home": "3", "away": "2", "compareCode": 1}, {"name": "Return games played", "home": "6", "away": "6", "compareCode": 3}]}, {"groupName": "Points", "statisticsItems": [{"name": "Service points won", "home": "21", "away": "16", "compareCode": 1}, {"name": "Receiver points won", "home": "19", "away": "18", "compareCode": 1}, {"name": "Total points won", "home": "40", "away": "34", "compareCode": 1}, {"name": "Max points in a row", "home": "7", "away": "4", "compareCode": 1}]}]}]}