{"statistics": [{"period": "ALL", "groups": [{"groupName": "Service", "statisticsItems": [{"name": "Aces", "home": "0", "away": "1", "compareCode": 2}, {"name": "Double faults", "home": "5", "away": "3", "compareCode": 1}, {"name": "First serve", "home": "61/77 (79%)", "away": "44/69 (64%)", "compareCode": 1}, {"name": "Second serve", "home": "11/16 (69%)", "away": "22/25 (88%)", "compareCode": 2}, {"name": "First serve points", "home": "37/61 (61%)", "away": "23/44 (52%)", "compareCode": 1}, {"name": "Second serve points", "home": "6/16 (38%)", "away": "15/25 (60%)", "compareCode": 2}, {"name": "Break points saved", "home": "5/7 (71%)", "away": "3/7 (42%)", "compareCode": 3}, {"name": "Service games played", "home": "10", "away": "9", "compareCode": 1}]}, {"groupName": "Return", "statisticsItems": [{"name": "First serve return points", "home": "21/44 (47%)", "away": "24/61 (39%)", "compareCode": 1}, {"name": "Second serve return points", "home": "10/25 (40%)", "away": "10/16 (62%)", "compareCode": 2}, {"name": "Break points converted", "home": "4", "away": "2", "compareCode": 1}, {"name": "Return games played", "home": "9", "away": "10", "compareCode": 1}]}, {"groupName": "Points", "statisticsItems": [{"name": "Service points won", "home": "43", "away": "38", "compareCode": 1}, {"name": "Receiver points won", "home": "31", "away": "34", "compareCode": 2}, {"name": "Total points won", "home": "74", "away": "72", "compareCode": 1}, {"name": "Max points in a row", "home": "9", "away": "4", "compareCode": 1}]}]}, {"period": "1ST", "groups": [{"groupName": "Service", "statisticsItems": [{"name": "Aces", "home": "0", "away": "1", "compareCode": 2}, {"name": "Double faults", "home": "5", "away": "3", "compareCode": 1}, {"name": "First serve", "home": "31/44 (70%)", "away": "26/48 (54%)", "compareCode": 1}, {"name": "Second serve", "home": "8/13 (62%)", "away": "19/22 (86%)", "compareCode": 2}, {"name": "First serve points", "home": "19/31 (61%)", "away": "15/26 (58%)", "compareCode": 1}, {"name": "Second serve points", "home": "5/13 (38%)", "away": "13/22 (59%)", "compareCode": 2}, {"name": "Break points saved", "home": "4/6 (66%)", "away": "2/4 (50%)", "compareCode": 2}, {"name": "Service games played", "home": "6", "away": "6", "compareCode": 3}]}, {"groupName": "Return", "statisticsItems": [{"name": "First serve return points", "home": "11/26 (42%)", "away": "12/31 (38%)", "compareCode": 2}, {"name": "Second serve return points", "home": "9/22 (40%)", "away": "8/13 (61%)", "compareCode": 2}, {"name": "Break points converted", "home": "2", "away": "2", "compareCode": 3}, {"name": "Return games played", "home": "6", "away": "6", "compareCode": 3}]}, {"groupName": "Points", "statisticsItems": [{"name": "Service points won", "home": "24", "away": "28", "compareCode": 2}, {"name": "Receiver points won", "home": "20", "away": "20", "compareCode": 3}, {"name": "Total points won", "home": "44", "away": "48", "compareCode": 2}, {"name": "Max points in a row", "home": "4", "away": "4", "compareCode": 3}]}]}, {"period": "2ND", "groups": [{"groupName": "Service", "statisticsItems": [{"name": "Aces", "home": "0", "away": "0", "compareCode": 3}, {"name": "Double faults", "home": "0", "away": "0", "compareCode": 3}, {"name": "First serve", "home": "25/27 (93%)", "away": "12/14 (86%)", "compareCode": 1}, {"name": "Second serve", "home": "2/2 (100%)", "away": "2/2 (100%)", "compareCode": 3}, {"name": "First serve points", "home": "17/25 (68%)", "away": "4/12 (33%)", "compareCode": 1}, {"name": "Second serve points", "home": "1/2 (50%)", "away": "1/2 (50%)", "compareCode": 3}, {"name": "Break points saved", "home": "1/1 (100%)", "away": "1/3 (33%)", "compareCode": 1}, {"name": "Service games played", "home": "4", "away": "3", "compareCode": 1}]}, {"groupName": "Return", "statisticsItems": [{"name": "First serve return points", "home": "8/12 (66%)", "away": "8/25 (32%)", "compareCode": 1}, {"name": "Second serve return points", "home": "1/2 (50%)", "away": "1/2 (50%)", "compareCode": 3}, {"name": "Break points converted", "home": "2", "away": "0", "compareCode": 1}, {"name": "Return games played", "home": "3", "away": "4", "compareCode": 1}]}, {"groupName": "Points", "statisticsItems": [{"name": "Service points won", "home": "18", "away": "5", "compareCode": 1}, {"name": "Receiver points won", "home": "9", "away": "9", "compareCode": 3}, {"name": "Total points won", "home": "27", "away": "14", "compareCode": 1}, {"name": "Max points in a row", "home": "9", "away": "3", "compareCode": 1}]}]}, {"period": "3RD", "groups": [{"groupName": "Service", "statisticsItems": [{"name": "Aces", "home": "0", "away": "0", "compareCode": 3}, {"name": "Double faults", "home": "0", "away": "0", "compareCode": 3}, {"name": "First serve", "home": "5/6 (83%)", "away": "6/7 (86%)", "compareCode": 2}, {"name": "Second serve", "home": "1/1 (100%)", "away": "1/1 (100%)", "compareCode": 3}, {"name": "First serve points", "home": "1/5 (20%)", "away": "4/6 (67%)", "compareCode": 2}, {"name": "Second serve points", "home": "0/1 (0%)", "away": "1/1 (100%)", "compareCode": 2}, {"name": "Break points saved", "home": "0/0 (0%)", "away": "0/0 (0%)", "compareCode": 3}, {"name": "Service games played", "home": "0", "away": "0", "compareCode": 3}]}, {"groupName": "Return", "statisticsItems": [{"name": "First serve return points", "home": "2/6 (33%)", "away": "4/5 (80%)", "compareCode": 2}, {"name": "Second serve return points", "home": "0/1 (0%)", "away": "1/1 (100%)", "compareCode": 3}, {"name": "Break points converted", "home": "0", "away": "0", "compareCode": 3}, {"name": "Return games played", "home": "0", "away": "0", "compareCode": 3}]}, {"groupName": "Points", "statisticsItems": [{"name": "Service points won", "home": "1", "away": "5", "compareCode": 2}, {"name": "Receiver points won", "home": "2", "away": "5", "compareCode": 2}, {"name": "Total points won", "home": "3", "away": "10", "compareCode": 2}, {"name": "Max points in a row", "home": "1", "away": "4", "compareCode": 2}]}]}]}