{"statistics": [{"period": "ALL", "groups": [{"groupName": "Service", "statisticsItems": [{"name": "Aces", "home": "0", "away": "2", "compareCode": 2}, {"name": "Double faults", "home": "2", "away": "4", "compareCode": 2}, {"name": "First serve", "home": "55/68 (81%)", "away": "43/66 (65%)", "compareCode": 1}, {"name": "Second serve", "home": "11/13 (85%)", "away": "19/23 (83%)", "compareCode": 1}, {"name": "First serve points", "home": "31/55 (56%)", "away": "21/43 (49%)", "compareCode": 1}, {"name": "Second serve points", "home": "3/13 (23%)", "away": "13/23 (57%)", "compareCode": 2}, {"name": "Break points saved", "home": "3/8 (37%)", "away": "7/11 (63%)", "compareCode": 1}, {"name": "Service games played", "home": "10", "away": "9", "compareCode": 1}]}, {"groupName": "Return", "statisticsItems": [{"name": "First serve return points", "home": "22/43 (51%)", "away": "24/55 (43%)", "compareCode": 1}, {"name": "Second serve return points", "home": "10/23 (43%)", "away": "10/13 (76%)", "compareCode": 2}, {"name": "Break points converted", "home": "4", "away": "5", "compareCode": 2}, {"name": "Return games played", "home": "9", "away": "10", "compareCode": 1}]}, {"groupName": "Points", "statisticsItems": [{"name": "Service points won", "home": "34", "away": "34", "compareCode": 3}, {"name": "Receiver points won", "home": "32", "away": "34", "compareCode": 2}, {"name": "Total points won", "home": "66", "away": "68", "compareCode": 2}, {"name": "Max points in a row", "home": "7", "away": "7", "compareCode": 3}]}]}, {"period": "1ST", "groups": [{"groupName": "Service", "statisticsItems": [{"name": "Aces", "home": "0", "away": "0", "compareCode": 3}, {"name": "Double faults", "home": "2", "away": "1", "compareCode": 1}, {"name": "First serve", "home": "21/29 (72%)", "away": "17/24 (71%)", "compareCode": 1}, {"name": "Second serve", "home": "6/8 (75%)", "away": "6/7 (86%)", "compareCode": 2}, {"name": "First serve points", "home": "12/21 (57%)", "away": "10/17 (59%)", "compareCode": 1}, {"name": "Second serve points", "home": "1/8 (13%)", "away": "5/7 (71%)", "compareCode": 2}, {"name": "Break points saved", "home": "2/5 (40%)", "away": "4/5 (80%)", "compareCode": 3}, {"name": "Service games played", "home": "5", "away": "4", "compareCode": 1}]}, {"groupName": "Return", "statisticsItems": [{"name": "First serve return points", "home": "7/17 (41%)", "away": "9/21 (42%)", "compareCode": 1}, {"name": "Second serve return points", "home": "2/7 (28%)", "away": "7/8 (87%)", "compareCode": 1}, {"name": "Break points converted", "home": "1", "away": "3", "compareCode": 2}, {"name": "Return games played", "home": "4", "away": "5", "compareCode": 1}]}, {"groupName": "Points", "statisticsItems": [{"name": "Service points won", "home": "13", "away": "15", "compareCode": 2}, {"name": "Receiver points won", "home": "9", "away": "16", "compareCode": 2}, {"name": "Total points won", "home": "22", "away": "31", "compareCode": 2}, {"name": "Max points in a row", "home": "7", "away": "7", "compareCode": 3}]}]}, {"period": "2ND", "groups": [{"groupName": "Service", "statisticsItems": [{"name": "Aces", "home": "0", "away": "2", "compareCode": 2}, {"name": "Double faults", "home": "0", "away": "3", "compareCode": 2}, {"name": "First serve", "home": "26/31 (84%)", "away": "20/34 (59%)", "compareCode": 1}, {"name": "Second serve", "home": "5/5 (100%)", "away": "11/14 (79%)", "compareCode": 1}, {"name": "First serve points", "home": "15/26 (58%)", "away": "9/20 (45%)", "compareCode": 1}, {"name": "Second serve points", "home": "2/5 (40%)", "away": "8/14 (57%)", "compareCode": 2}, {"name": "Break points saved", "home": "1/3 (33%)", "away": "3/6 (50%)", "compareCode": 1}, {"name": "Service games played", "home": "5", "away": "5", "compareCode": 3}]}, {"groupName": "Return", "statisticsItems": [{"name": "First serve return points", "home": "11/20 (55%)", "away": "11/26 (42%)", "compareCode": 2}, {"name": "Second serve return points", "home": "6/14 (42%)", "away": "3/5 (60%)", "compareCode": 2}, {"name": "Break points converted", "home": "3", "away": "2", "compareCode": 1}, {"name": "Return games played", "home": "5", "away": "5", "compareCode": 3}]}, {"groupName": "Points", "statisticsItems": [{"name": "Service points won", "home": "17", "away": "17", "compareCode": 3}, {"name": "Receiver points won", "home": "17", "away": "14", "compareCode": 1}, {"name": "Total points won", "home": "34", "away": "31", "compareCode": 1}, {"name": "Max points in a row", "home": "5", "away": "5", "compareCode": 3}]}]}, {"period": "3RD", "groups": [{"groupName": "Service", "statisticsItems": [{"name": "Aces", "home": "0", "away": "0", "compareCode": 3}, {"name": "Double faults", "home": "0", "away": "0", "compareCode": 3}, {"name": "First serve", "home": "8/8 (100%)", "away": "6/8 (75%)", "compareCode": 1}, {"name": "Second serve", "home": "0/0 (0%)", "away": "2/2 (100%)", "compareCode": 2}, {"name": "First serve points", "home": "4/8 (50%)", "away": "2/6 (33%)", "compareCode": 1}, {"name": "Second serve points", "home": "0/0 (0%)", "away": "0/2 (0%)", "compareCode": 3}, {"name": "Break points saved", "home": "0/0 (0%)", "away": "0/0 (0%)", "compareCode": 3}, {"name": "Service games played", "home": "0", "away": "0", "compareCode": 3}]}, {"groupName": "Return", "statisticsItems": [{"name": "First serve return points", "home": "4/6 (66%)", "away": "4/8 (50%)", "compareCode": 3}, {"name": "Second serve return points", "home": "2/2 (100%)", "away": "0/0 (0%)", "compareCode": 2}, {"name": "Break points converted", "home": "0", "away": "0", "compareCode": 3}, {"name": "Return games played", "home": "0", "away": "0", "compareCode": 3}]}, {"groupName": "Points", "statisticsItems": [{"name": "Service points won", "home": "4", "away": "2", "compareCode": 1}, {"name": "Receiver points won", "home": "6", "away": "4", "compareCode": 1}, {"name": "Total points won", "home": "10", "away": "6", "compareCode": 1}, {"name": "Max points in a row", "home": "3", "away": "2", "compareCode": 1}]}]}]}