{"statistics": [{"period": "ALL", "groups": [{"groupName": "Service", "statisticsItems": [{"name": "Aces", "home": "0", "away": "0", "compareCode": 3}, {"name": "Double faults", "home": "6", "away": "7", "compareCode": 2}, {"name": "First serve", "home": "44/61 (72%)", "away": "20/54 (37%)", "compareCode": 1}, {"name": "Second serve", "home": "11/17 (65%)", "away": "27/34 (79%)", "compareCode": 2}, {"name": "First serve points", "home": "19/44 (43%)", "away": "15/20 (75%)", "compareCode": 1}, {"name": "Second serve points", "home": "5/17 (29%)", "away": "15/34 (44%)", "compareCode": 2}, {"name": "Break points saved", "home": "2/9 (22%)", "away": "3/5 (60%)", "compareCode": 2}, {"name": "Service games played", "home": "8", "away": "7", "compareCode": 1}]}, {"groupName": "Return", "statisticsItems": [{"name": "First serve return points", "home": "5/20 (25%)", "away": "25/44 (56%)", "compareCode": 1}, {"name": "Second serve return points", "home": "19/34 (55%)", "away": "12/17 (70%)", "compareCode": 2}, {"name": "Break points converted", "home": "2", "away": "7", "compareCode": 2}, {"name": "Return games played", "home": "7", "away": "8", "compareCode": 1}]}, {"groupName": "Points", "statisticsItems": [{"name": "Service points won", "home": "24", "away": "30", "compareCode": 2}, {"name": "Receiver points won", "home": "24", "away": "37", "compareCode": 2}, {"name": "Total points won", "home": "48", "away": "67", "compareCode": 2}, {"name": "Max points in a row", "home": "5", "away": "5", "compareCode": 3}]}]}, {"period": "1ST", "groups": [{"groupName": "Service", "statisticsItems": [{"name": "Aces", "home": "0", "away": "0", "compareCode": 3}, {"name": "Double faults", "home": "4", "away": "5", "compareCode": 2}, {"name": "First serve", "home": "23/37 (62%)", "away": "8/25 (32%)", "compareCode": 1}, {"name": "Second serve", "home": "10/14 (71%)", "away": "12/17 (71%)", "compareCode": 3}, {"name": "First serve points", "home": "9/23 (39%)", "away": "7/8 (88%)", "compareCode": 1}, {"name": "Second serve points", "home": "5/14 (36%)", "away": "6/17 (35%)", "compareCode": 2}, {"name": "Break points saved", "home": "0/4 (0%)", "away": "1/2 (50%)", "compareCode": 2}, {"name": "Service games played", "home": "4", "away": "3", "compareCode": 1}]}, {"groupName": "Return", "statisticsItems": [{"name": "First serve return points", "home": "1/8 (12%)", "away": "14/23 (60%)", "compareCode": 1}, {"name": "Second serve return points", "home": "11/17 (64%)", "away": "9/14 (64%)", "compareCode": 2}, {"name": "Break points converted", "home": "1", "away": "4", "compareCode": 2}, {"name": "Return games played", "home": "3", "away": "4", "compareCode": 1}]}, {"groupName": "Points", "statisticsItems": [{"name": "Service points won", "home": "14", "away": "13", "compareCode": 1}, {"name": "Receiver points won", "home": "12", "away": "23", "compareCode": 2}, {"name": "Total points won", "home": "26", "away": "36", "compareCode": 2}, {"name": "Max points in a row", "home": "3", "away": "5", "compareCode": 2}]}]}, {"period": "2ND", "groups": [{"groupName": "Service", "statisticsItems": [{"name": "Aces", "home": "0", "away": "0", "compareCode": 3}, {"name": "Double faults", "home": "2", "away": "2", "compareCode": 3}, {"name": "First serve", "home": "21/24 (88%)", "away": "12/29 (41%)", "compareCode": 1}, {"name": "Second serve", "home": "1/3 (33%)", "away": "15/17 (88%)", "compareCode": 2}, {"name": "First serve points", "home": "10/21 (48%)", "away": "8/12 (67%)", "compareCode": 1}, {"name": "Second serve points", "home": "0/3 (0%)", "away": "9/17 (53%)", "compareCode": 2}, {"name": "Break points saved", "home": "2/5 (40%)", "away": "2/3 (66%)", "compareCode": 2}, {"name": "Service games played", "home": "4", "away": "4", "compareCode": 3}]}, {"groupName": "Return", "statisticsItems": [{"name": "First serve return points", "home": "4/12 (33%)", "away": "11/21 (52%)", "compareCode": 2}, {"name": "Second serve return points", "home": "8/17 (47%)", "away": "3/3 (100%)", "compareCode": 2}, {"name": "Break points converted", "home": "1", "away": "3", "compareCode": 2}, {"name": "Return games played", "home": "4", "away": "4", "compareCode": 3}]}, {"groupName": "Points", "statisticsItems": [{"name": "Service points won", "home": "10", "away": "17", "compareCode": 2}, {"name": "Receiver points won", "home": "12", "away": "14", "compareCode": 2}, {"name": "Total points won", "home": "22", "away": "31", "compareCode": 2}, {"name": "Max points in a row", "home": "5", "away": "5", "compareCode": 3}]}]}]}