{"statistics": [{"period": "ALL", "groups": [{"groupName": "Service", "statisticsItems": [{"name": "Aces", "home": "0", "away": "2", "compareCode": 2}, {"name": "Double faults", "home": "4", "away": "2", "compareCode": 1}, {"name": "First serve", "home": "45/68 (66%)", "away": "30/63 (48%)", "compareCode": 1}, {"name": "Second serve", "home": "19/23 (83%)", "away": "31/33 (94%)", "compareCode": 2}, {"name": "First serve points", "home": "31/45 (69%)", "away": "17/30 (57%)", "compareCode": 1}, {"name": "Second serve points", "home": "10/23 (43%)", "away": "16/33 (48%)", "compareCode": 2}, {"name": "Break points saved", "home": "8/9 (88%)", "away": "3/7 (42%)", "compareCode": 2}, {"name": "Service games played", "home": "9", "away": "9", "compareCode": 3}]}, {"groupName": "Return", "statisticsItems": [{"name": "First serve return points", "home": "13/30 (43%)", "away": "14/45 (31%)", "compareCode": 1}, {"name": "Second serve return points", "home": "17/33 (51%)", "away": "13/23 (56%)", "compareCode": 2}, {"name": "Break points converted", "home": "4", "away": "1", "compareCode": 1}, {"name": "Return games played", "home": "9", "away": "9", "compareCode": 3}]}, {"groupName": "Points", "statisticsItems": [{"name": "Service points won", "home": "41", "away": "33", "compareCode": 1}, {"name": "Receiver points won", "home": "30", "away": "27", "compareCode": 1}, {"name": "Total points won", "home": "71", "away": "60", "compareCode": 1}, {"name": "Max points in a row", "home": "5", "away": "8", "compareCode": 2}]}]}, {"period": "1ST", "groups": [{"groupName": "Service", "statisticsItems": [{"name": "Aces", "home": "0", "away": "1", "compareCode": 2}, {"name": "Double faults", "home": "3", "away": "1", "compareCode": 1}, {"name": "First serve", "home": "31/44 (70%)", "away": "16/36 (44%)", "compareCode": 1}, {"name": "Second serve", "home": "10/13 (77%)", "away": "19/20 (95%)", "compareCode": 2}, {"name": "First serve points", "home": "23/31 (74%)", "away": "9/16 (56%)", "compareCode": 1}, {"name": "Second serve points", "home": "5/13 (38%)", "away": "12/20 (60%)", "compareCode": 2}, {"name": "Break points saved", "home": "5/5 (100%)", "away": "1/2 (50%)", "compareCode": 2}, {"name": "Service games played", "home": "5", "away": "5", "compareCode": 3}]}, {"groupName": "Return", "statisticsItems": [{"name": "First serve return points", "home": "7/16 (43%)", "away": "8/31 (25%)", "compareCode": 1}, {"name": "Second serve return points", "home": "8/20 (40%)", "away": "8/13 (61%)", "compareCode": 2}, {"name": "Break points converted", "home": "1", "away": "0", "compareCode": 1}, {"name": "Return games played", "home": "5", "away": "5", "compareCode": 3}]}, {"groupName": "Points", "statisticsItems": [{"name": "Service points won", "home": "28", "away": "21", "compareCode": 1}, {"name": "Receiver points won", "home": "15", "away": "16", "compareCode": 2}, {"name": "Total points won", "home": "43", "away": "37", "compareCode": 1}, {"name": "Max points in a row", "home": "5", "away": "3", "compareCode": 1}]}]}, {"period": "2ND", "groups": [{"groupName": "Service", "statisticsItems": [{"name": "Aces", "home": "0", "away": "1", "compareCode": 2}, {"name": "Double faults", "home": "1", "away": "1", "compareCode": 3}, {"name": "First serve", "home": "14/24 (58%)", "away": "14/27 (52%)", "compareCode": 1}, {"name": "Second serve", "home": "9/10 (90%)", "away": "12/13 (92%)", "compareCode": 2}, {"name": "First serve points", "home": "8/14 (57%)", "away": "8/14 (57%)", "compareCode": 3}, {"name": "Second serve points", "home": "5/10 (50%)", "away": "4/13 (31%)", "compareCode": 1}, {"name": "Break points saved", "home": "3/4 (75%)", "away": "2/5 (40%)", "compareCode": 1}, {"name": "Service games played", "home": "4", "away": "4", "compareCode": 3}]}, {"groupName": "Return", "statisticsItems": [{"name": "First serve return points", "home": "6/14 (42%)", "away": "6/14 (42%)", "compareCode": 2}, {"name": "Second serve return points", "home": "9/13 (69%)", "away": "5/10 (50%)", "compareCode": 2}, {"name": "Break points converted", "home": "3", "away": "1", "compareCode": 1}, {"name": "Return games played", "home": "4", "away": "4", "compareCode": 3}]}, {"groupName": "Points", "statisticsItems": [{"name": "Service points won", "home": "13", "away": "12", "compareCode": 1}, {"name": "Receiver points won", "home": "15", "away": "11", "compareCode": 1}, {"name": "Total points won", "home": "28", "away": "23", "compareCode": 1}, {"name": "Max points in a row", "home": "5", "away": "8", "compareCode": 2}]}]}]}