{"statistics": [{"period": "ALL", "groups": [{"groupName": "Service", "statisticsItems": [{"name": "Aces", "home": "2", "away": "0", "compareCode": 1}, {"name": "Double faults", "home": "13", "away": "5", "compareCode": 1}, {"name": "First serve", "home": "38/80 (48%)", "away": "49/79 (62%)", "compareCode": 2}, {"name": "Second serve", "home": "29/42 (69%)", "away": "25/30 (83%)", "compareCode": 2}, {"name": "First serve points", "home": "27/38 (71%)", "away": "30/49 (61%)", "compareCode": 2}, {"name": "Second serve points", "home": "19/42 (45%)", "away": "13/30 (43%)", "compareCode": 1}, {"name": "Break points saved", "home": "6/8 (75%)", "away": "7/10 (70%)", "compareCode": 1}, {"name": "Service games played", "home": "9", "away": "9", "compareCode": 3}]}, {"groupName": "Return", "statisticsItems": [{"name": "First serve return points", "home": "19/49 (38%)", "away": "11/38 (28%)", "compareCode": 1}, {"name": "Second serve return points", "home": "17/30 (56%)", "away": "23/42 (54%)", "compareCode": 1}, {"name": "Break points converted", "home": "3", "away": "2", "compareCode": 1}, {"name": "Return games played", "home": "9", "away": "9", "compareCode": 3}]}, {"groupName": "Points", "statisticsItems": [{"name": "Service points won", "home": "46", "away": "43", "compareCode": 1}, {"name": "Receiver points won", "home": "36", "away": "34", "compareCode": 1}, {"name": "Total points won", "home": "82", "away": "77", "compareCode": 1}, {"name": "Max points in a row", "home": "8", "away": "7", "compareCode": 1}]}]}, {"period": "1ST", "groups": [{"groupName": "Service", "statisticsItems": [{"name": "Aces", "home": "1", "away": "0", "compareCode": 1}, {"name": "Double faults", "home": "8", "away": "1", "compareCode": 1}, {"name": "First serve", "home": "10/35 (29%)", "away": "23/41 (56%)", "compareCode": 2}, {"name": "Second serve", "home": "17/25 (68%)", "away": "17/18 (94%)", "compareCode": 2}, {"name": "First serve points", "home": "6/10 (60%)", "away": "15/23 (65%)", "compareCode": 2}, {"name": "Second serve points", "home": "12/25 (48%)", "away": "9/18 (50%)", "compareCode": 1}, {"name": "Break points saved", "home": "6/8 (75%)", "away": "5/6 (83%)", "compareCode": 2}, {"name": "Service games played", "home": "5", "away": "5", "compareCode": 3}]}, {"groupName": "Return", "statisticsItems": [{"name": "First serve return points", "home": "8/23 (34%)", "away": "4/10 (40%)", "compareCode": 2}, {"name": "Second serve return points", "home": "9/18 (50%)", "away": "13/25 (52%)", "compareCode": 1}, {"name": "Break points converted", "home": "1", "away": "2", "compareCode": 2}, {"name": "Return games played", "home": "5", "away": "5", "compareCode": 3}]}, {"groupName": "Points", "statisticsItems": [{"name": "Service points won", "home": "18", "away": "24", "compareCode": 2}, {"name": "Receiver points won", "home": "17", "away": "17", "compareCode": 3}, {"name": "Total points won", "home": "35", "away": "41", "compareCode": 2}, {"name": "Max points in a row", "home": "8", "away": "7", "compareCode": 1}]}]}, {"period": "2ND", "groups": [{"groupName": "Service", "statisticsItems": [{"name": "Aces", "home": "1", "away": "0", "compareCode": 1}, {"name": "Double faults", "home": "4", "away": "4", "compareCode": 3}, {"name": "First serve", "home": "15/30 (50%)", "away": "15/23 (65%)", "compareCode": 2}, {"name": "Second serve", "home": "11/15 (73%)", "away": "4/8 (50%)", "compareCode": 1}, {"name": "First serve points", "home": "12/15 (80%)", "away": "9/15 (60%)", "compareCode": 1}, {"name": "Second serve points", "home": "7/15 (47%)", "away": "2/8 (25%)", "compareCode": 1}, {"name": "Break points saved", "home": "0/0 (0%)", "away": "2/4 (50%)", "compareCode": 1}, {"name": "Service games played", "home": "4", "away": "4", "compareCode": 3}]}, {"groupName": "Return", "statisticsItems": [{"name": "First serve return points", "home": "6/15 (40%)", "away": "3/15 (20%)", "compareCode": 1}, {"name": "Second serve return points", "home": "6/8 (75%)", "away": "8/15 (53%)", "compareCode": 1}, {"name": "Break points converted", "home": "2", "away": "0", "compareCode": 1}, {"name": "Return games played", "home": "4", "away": "4", "compareCode": 3}]}, {"groupName": "Points", "statisticsItems": [{"name": "Service points won", "home": "19", "away": "11", "compareCode": 1}, {"name": "Receiver points won", "home": "12", "away": "11", "compareCode": 1}, {"name": "Total points won", "home": "31", "away": "22", "compareCode": 1}, {"name": "Max points in a row", "home": "6", "away": "4", "compareCode": 1}]}]}, {"period": "3RD", "groups": [{"groupName": "Service", "statisticsItems": [{"name": "Aces", "home": "0", "away": "0", "compareCode": 3}, {"name": "Double faults", "home": "1", "away": "0", "compareCode": 1}, {"name": "First serve", "home": "13/15 (87%)", "away": "11/15 (73%)", "compareCode": 1}, {"name": "Second serve", "home": "1/2 (50%)", "away": "4/4 (100%)", "compareCode": 2}, {"name": "First serve points", "home": "9/13 (69%)", "away": "6/11 (55%)", "compareCode": 1}, {"name": "Second serve points", "home": "0/2 (0%)", "away": "2/4 (50%)", "compareCode": 2}, {"name": "Break points saved", "home": "0/0 (0%)", "away": "0/0 (0%)", "compareCode": 3}, {"name": "Service games played", "home": "0", "away": "0", "compareCode": 3}]}, {"groupName": "Return", "statisticsItems": [{"name": "First serve return points", "home": "5/11 (45%)", "away": "4/13 (30%)", "compareCode": 3}, {"name": "Second serve return points", "home": "2/4 (50%)", "away": "2/2 (100%)", "compareCode": 2}, {"name": "Break points converted", "home": "0", "away": "0", "compareCode": 3}, {"name": "Return games played", "home": "0", "away": "0", "compareCode": 3}]}, {"groupName": "Points", "statisticsItems": [{"name": "Service points won", "home": "9", "away": "8", "compareCode": 1}, {"name": "Receiver points won", "home": "7", "away": "6", "compareCode": 1}, {"name": "Total points won", "home": "16", "away": "14", "compareCode": 1}, {"name": "Max points in a row", "home": "3", "away": "3", "compareCode": 3}]}]}]}