{"statistics": [{"period": "ALL", "groups": [{"groupName": "Service", "statisticsItems": [{"name": "Aces", "home": "0", "away": "0", "compareCode": 3}, {"name": "Double faults", "home": "7", "away": "0", "compareCode": 1}, {"name": "First serve", "home": "27/43 (63%)", "away": "27/43 (63%)", "compareCode": 3}, {"name": "Second serve", "home": "9/16 (56%)", "away": "16/16 (100%)", "compareCode": 2}, {"name": "First serve points", "home": "15/27 (56%)", "away": "22/27 (81%)", "compareCode": 2}, {"name": "Second serve points", "home": "5/16 (31%)", "away": "8/16 (50%)", "compareCode": 2}, {"name": "Break points saved", "home": "0/5 (0%)", "away": "1/2 (50%)", "compareCode": 2}, {"name": "Service games played", "home": "8", "away": "8", "compareCode": 3}]}, {"groupName": "Return", "statisticsItems": [{"name": "First serve return points", "home": "5/27 (18%)", "away": "12/27 (44%)", "compareCode": 3}, {"name": "Second serve return points", "home": "8/16 (50%)", "away": "11/16 (68%)", "compareCode": 3}, {"name": "Break points converted", "home": "1", "away": "5", "compareCode": 2}, {"name": "Return games played", "home": "8", "away": "8", "compareCode": 3}]}, {"groupName": "Points", "statisticsItems": [{"name": "Service points won", "home": "20", "away": "30", "compareCode": 2}, {"name": "Receiver points won", "home": "13", "away": "23", "compareCode": 2}, {"name": "Total points won", "home": "33", "away": "53", "compareCode": 2}, {"name": "Max points in a row", "home": "4", "away": "8", "compareCode": 2}]}]}, {"period": "1ST", "groups": [{"groupName": "Service", "statisticsItems": [{"name": "Aces", "home": "0", "away": "0", "compareCode": 3}, {"name": "Double faults", "home": "1", "away": "0", "compareCode": 1}, {"name": "First serve", "home": "8/13 (62%)", "away": "16/22 (73%)", "compareCode": 2}, {"name": "Second serve", "home": "4/5 (80%)", "away": "6/6 (100%)", "compareCode": 2}, {"name": "First serve points", "home": "3/8 (38%)", "away": "13/16 (81%)", "compareCode": 2}, {"name": "Second serve points", "home": "2/5 (40%)", "away": "3/6 (50%)", "compareCode": 2}, {"name": "Break points saved", "home": "0/2 (0%)", "away": "0/0 (0%)", "compareCode": 2}, {"name": "Service games played", "home": "3", "away": "4", "compareCode": 2}]}, {"groupName": "Return", "statisticsItems": [{"name": "First serve return points", "home": "3/16 (18%)", "away": "5/8 (62%)", "compareCode": 2}, {"name": "Second serve return points", "home": "3/6 (50%)", "away": "3/5 (60%)", "compareCode": 2}, {"name": "Break points converted", "home": "0", "away": "2", "compareCode": 2}, {"name": "Return games played", "home": "4", "away": "3", "compareCode": 2}]}, {"groupName": "Points", "statisticsItems": [{"name": "Service points won", "home": "5", "away": "16", "compareCode": 2}, {"name": "Receiver points won", "home": "6", "away": "8", "compareCode": 2}, {"name": "Total points won", "home": "11", "away": "24", "compareCode": 2}, {"name": "Max points in a row", "home": "4", "away": "8", "compareCode": 2}]}]}, {"period": "2ND", "groups": [{"groupName": "Service", "statisticsItems": [{"name": "Aces", "home": "0", "away": "0", "compareCode": 3}, {"name": "Double faults", "home": "6", "away": "0", "compareCode": 1}, {"name": "First serve", "home": "19/30 (63%)", "away": "11/21 (52%)", "compareCode": 1}, {"name": "Second serve", "home": "5/11 (45%)", "away": "10/10 (100%)", "compareCode": 2}, {"name": "First serve points", "home": "12/19 (63%)", "away": "9/11 (82%)", "compareCode": 1}, {"name": "Second serve points", "home": "3/11 (27%)", "away": "5/10 (50%)", "compareCode": 2}, {"name": "Break points saved", "home": "0/3 (0%)", "away": "1/2 (50%)", "compareCode": 2}, {"name": "Service games played", "home": "5", "away": "4", "compareCode": 1}]}, {"groupName": "Return", "statisticsItems": [{"name": "First serve return points", "home": "2/11 (18%)", "away": "7/19 (36%)", "compareCode": 1}, {"name": "Second serve return points", "home": "5/10 (50%)", "away": "8/11 (72%)", "compareCode": 1}, {"name": "Break points converted", "home": "1", "away": "3", "compareCode": 2}, {"name": "Return games played", "home": "4", "away": "5", "compareCode": 1}]}, {"groupName": "Points", "statisticsItems": [{"name": "Service points won", "home": "15", "away": "14", "compareCode": 1}, {"name": "Receiver points won", "home": "7", "away": "15", "compareCode": 2}, {"name": "Total points won", "home": "22", "away": "29", "compareCode": 2}, {"name": "Max points in a row", "home": "4", "away": "5", "compareCode": 2}]}]}]}