{"statistics": [{"period": "ALL", "groups": [{"groupName": "Service", "statisticsItems": [{"name": "Aces", "home": "0", "away": "0", "compareCode": 3}, {"name": "Double faults", "home": "0", "away": "1", "compareCode": 2}, {"name": "First serve", "home": "39/44 (89%)", "away": "55/65 (85%)", "compareCode": 1}, {"name": "Second serve", "home": "5/5 (100%)", "away": "9/10 (90%)", "compareCode": 1}, {"name": "First serve points", "home": "14/39 (36%)", "away": "34/55 (62%)", "compareCode": 2}, {"name": "Second serve points", "home": "3/5 (60%)", "away": "3/10 (30%)", "compareCode": 3}, {"name": "Break points saved", "home": "0/6 (0%)", "away": "6/9 (66%)", "compareCode": 1}, {"name": "Service games played", "home": "9", "away": "9", "compareCode": 3}]}, {"groupName": "Return", "statisticsItems": [{"name": "First serve return points", "home": "21/55 (38%)", "away": "25/39 (64%)", "compareCode": 2}, {"name": "Second serve return points", "home": "7/10 (70%)", "away": "2/5 (40%)", "compareCode": 2}, {"name": "Break points converted", "home": "3", "away": "6", "compareCode": 2}, {"name": "Return games played", "home": "9", "away": "9", "compareCode": 3}]}, {"groupName": "Points", "statisticsItems": [{"name": "Service points won", "home": "17", "away": "37", "compareCode": 2}, {"name": "Receiver points won", "home": "28", "away": "27", "compareCode": 1}, {"name": "Total points won", "home": "45", "away": "64", "compareCode": 2}, {"name": "Max points in a row", "home": "7", "away": "10", "compareCode": 2}]}]}, {"period": "1ST", "groups": [{"groupName": "Service", "statisticsItems": [{"name": "Aces", "home": "0", "away": "0", "compareCode": 3}, {"name": "Double faults", "home": "0", "away": "0", "compareCode": 3}, {"name": "First serve", "home": "21/24 (88%)", "away": "19/26 (73%)", "compareCode": 1}, {"name": "Second serve", "home": "3/3 (100%)", "away": "7/7 (100%)", "compareCode": 3}, {"name": "First serve points", "home": "8/21 (38%)", "away": "14/19 (74%)", "compareCode": 2}, {"name": "Second serve points", "home": "1/3 (33%)", "away": "2/7 (29%)", "compareCode": 2}, {"name": "Break points saved", "home": "0/3 (0%)", "away": "3/4 (75%)", "compareCode": 1}, {"name": "Service games played", "home": "4", "away": "4", "compareCode": 3}]}, {"groupName": "Return", "statisticsItems": [{"name": "First serve return points", "home": "5/19 (26%)", "away": "13/21 (61%)", "compareCode": 2}, {"name": "Second serve return points", "home": "5/7 (71%)", "away": "2/3 (66%)", "compareCode": 2}, {"name": "Break points converted", "home": "1", "away": "3", "compareCode": 2}, {"name": "Return games played", "home": "4", "away": "4", "compareCode": 3}]}, {"groupName": "Points", "statisticsItems": [{"name": "Service points won", "home": "9", "away": "16", "compareCode": 2}, {"name": "Receiver points won", "home": "10", "away": "15", "compareCode": 2}, {"name": "Total points won", "home": "19", "away": "31", "compareCode": 2}, {"name": "Max points in a row", "home": "3", "away": "8", "compareCode": 2}]}]}, {"period": "2ND", "groups": [{"groupName": "Service", "statisticsItems": [{"name": "Aces", "home": "0", "away": "0", "compareCode": 3}, {"name": "Double faults", "home": "0", "away": "1", "compareCode": 2}, {"name": "First serve", "home": "18/20 (90%)", "away": "36/39 (92%)", "compareCode": 2}, {"name": "Second serve", "home": "2/2 (100%)", "away": "2/3 (67%)", "compareCode": 1}, {"name": "First serve points", "home": "6/18 (33%)", "away": "20/36 (56%)", "compareCode": 2}, {"name": "Second serve points", "home": "2/2 (100%)", "away": "1/3 (33%)", "compareCode": 1}, {"name": "Break points saved", "home": "0/3 (0%)", "away": "3/5 (60%)", "compareCode": 1}, {"name": "Service games played", "home": "5", "away": "5", "compareCode": 3}]}, {"groupName": "Return", "statisticsItems": [{"name": "First serve return points", "home": "16/36 (44%)", "away": "12/18 (66%)", "compareCode": 2}, {"name": "Second serve return points", "home": "2/3 (66%)", "away": "0/2 (0%)", "compareCode": 2}, {"name": "Break points converted", "home": "2", "away": "3", "compareCode": 2}, {"name": "Return games played", "home": "5", "away": "5", "compareCode": 3}]}, {"groupName": "Points", "statisticsItems": [{"name": "Service points won", "home": "8", "away": "21", "compareCode": 2}, {"name": "Receiver points won", "home": "18", "away": "12", "compareCode": 1}, {"name": "Total points won", "home": "26", "away": "33", "compareCode": 2}, {"name": "Max points in a row", "home": "7", "away": "7", "compareCode": 3}]}]}]}