{"statistics": [{"period": "ALL", "groups": [{"groupName": "Service", "statisticsItems": [{"name": "Aces", "home": "2", "away": "0", "compareCode": 1}, {"name": "Double faults", "home": "2", "away": "1", "compareCode": 1}, {"name": "First serve", "home": "75/93 (81%)", "away": "64/76 (84%)", "compareCode": 2}, {"name": "Second serve", "home": "16/18 (89%)", "away": "11/12 (92%)", "compareCode": 2}, {"name": "First serve points", "home": "35/75 (47%)", "away": "30/64 (47%)", "compareCode": 1}, {"name": "Second serve points", "home": "8/18 (44%)", "away": "5/12 (42%)", "compareCode": 1}, {"name": "Break points saved", "home": "8/15 (53%)", "away": "4/10 (40%)", "compareCode": 2}, {"name": "Service games played", "home": "11", "away": "11", "compareCode": 3}]}, {"groupName": "Return", "statisticsItems": [{"name": "First serve return points", "home": "34/64 (53%)", "away": "40/75 (53%)", "compareCode": 1}, {"name": "Second serve return points", "home": "7/12 (58%)", "away": "10/18 (55%)", "compareCode": 1}, {"name": "Break points converted", "home": "6", "away": "7", "compareCode": 2}, {"name": "Return games played", "home": "11", "away": "11", "compareCode": 3}]}, {"groupName": "Points", "statisticsItems": [{"name": "Service points won", "home": "43", "away": "35", "compareCode": 1}, {"name": "Receiver points won", "home": "41", "away": "50", "compareCode": 2}, {"name": "Total points won", "home": "84", "away": "85", "compareCode": 2}, {"name": "Max points in a row", "home": "8", "away": "8", "compareCode": 3}]}]}, {"period": "1ST", "groups": [{"groupName": "Service", "statisticsItems": [{"name": "Aces", "home": "0", "away": "0", "compareCode": 3}, {"name": "Double faults", "home": "1", "away": "0", "compareCode": 1}, {"name": "First serve", "home": "19/27 (70%)", "away": "21/27 (78%)", "compareCode": 2}, {"name": "Second serve", "home": "7/8 (88%)", "away": "6/6 (100%)", "compareCode": 2}, {"name": "First serve points", "home": "10/19 (53%)", "away": "10/21 (48%)", "compareCode": 3}, {"name": "Second serve points", "home": "3/8 (38%)", "away": "4/6 (67%)", "compareCode": 2}, {"name": "Break points saved", "home": "3/6 (50%)", "away": "1/3 (33%)", "compareCode": 2}, {"name": "Service games played", "home": "5", "away": "5", "compareCode": 3}]}, {"groupName": "Return", "statisticsItems": [{"name": "First serve return points", "home": "11/21 (52%)", "away": "9/19 (47%)", "compareCode": 3}, {"name": "Second serve return points", "home": "2/6 (33%)", "away": "5/8 (62%)", "compareCode": 1}, {"name": "Break points converted", "home": "2", "away": "3", "compareCode": 2}, {"name": "Return games played", "home": "5", "away": "5", "compareCode": 3}]}, {"groupName": "Points", "statisticsItems": [{"name": "Service points won", "home": "13", "away": "14", "compareCode": 2}, {"name": "Receiver points won", "home": "13", "away": "14", "compareCode": 2}, {"name": "Total points won", "home": "26", "away": "28", "compareCode": 2}, {"name": "Max points in a row", "home": "5", "away": "4", "compareCode": 1}]}]}, {"period": "2ND", "groups": [{"groupName": "Service", "statisticsItems": [{"name": "Aces", "home": "2", "away": "0", "compareCode": 1}, {"name": "Double faults", "home": "1", "away": "1", "compareCode": 3}, {"name": "First serve", "home": "47/57 (82%)", "away": "35/40 (88%)", "compareCode": 2}, {"name": "Second serve", "home": "9/10 (90%)", "away": "4/5 (80%)", "compareCode": 1}, {"name": "First serve points", "home": "22/47 (47%)", "away": "16/35 (46%)", "compareCode": 1}, {"name": "Second serve points", "home": "5/10 (50%)", "away": "1/5 (20%)", "compareCode": 1}, {"name": "Break points saved", "home": "5/9 (55%)", "away": "3/7 (42%)", "compareCode": 2}, {"name": "Service games played", "home": "6", "away": "6", "compareCode": 3}]}, {"groupName": "Return", "statisticsItems": [{"name": "First serve return points", "home": "19/35 (54%)", "away": "25/47 (53%)", "compareCode": 1}, {"name": "Second serve return points", "home": "4/5 (80%)", "away": "5/10 (50%)", "compareCode": 1}, {"name": "Break points converted", "home": "4", "away": "4", "compareCode": 3}, {"name": "Return games played", "home": "6", "away": "6", "compareCode": 3}]}, {"groupName": "Points", "statisticsItems": [{"name": "Service points won", "home": "27", "away": "17", "compareCode": 1}, {"name": "Receiver points won", "home": "23", "away": "30", "compareCode": 2}, {"name": "Total points won", "home": "50", "away": "47", "compareCode": 1}, {"name": "Max points in a row", "home": "7", "away": "8", "compareCode": 2}]}]}, {"period": "3RD", "groups": [{"groupName": "Service", "statisticsItems": [{"name": "Aces", "home": "0", "away": "0", "compareCode": 3}, {"name": "Double faults", "home": "0", "away": "0", "compareCode": 3}, {"name": "First serve", "home": "9/9 (100%)", "away": "8/9 (89%)", "compareCode": 1}, {"name": "Second serve", "home": "0/0 (0%)", "away": "1/1 (100%)", "compareCode": 2}, {"name": "First serve points", "home": "3/9 (33%)", "away": "4/8 (50%)", "compareCode": 2}, {"name": "Second serve points", "home": "0/0 (0%)", "away": "0/1 (0%)", "compareCode": 3}, {"name": "Break points saved", "home": "0/0 (0%)", "away": "0/0 (0%)", "compareCode": 3}, {"name": "Service games played", "home": "0", "away": "0", "compareCode": 3}]}, {"groupName": "Return", "statisticsItems": [{"name": "First serve return points", "home": "4/8 (50%)", "away": "6/9 (66%)", "compareCode": 3}, {"name": "Second serve return points", "home": "1/1 (100%)", "away": "0/0 (0%)", "compareCode": 2}, {"name": "Break points converted", "home": "0", "away": "0", "compareCode": 3}, {"name": "Return games played", "home": "0", "away": "0", "compareCode": 3}]}, {"groupName": "Points", "statisticsItems": [{"name": "Service points won", "home": "3", "away": "4", "compareCode": 2}, {"name": "Receiver points won", "home": "5", "away": "6", "compareCode": 2}, {"name": "Total points won", "home": "8", "away": "10", "compareCode": 2}, {"name": "Max points in a row", "home": "2", "away": "3", "compareCode": 2}]}]}]}