{"statistics": [{"period": "ALL", "groups": [{"groupName": "Service", "statisticsItems": [{"name": "Aces", "home": "2", "away": "0", "compareCode": 1}, {"name": "Double faults", "home": "4", "away": "1", "compareCode": 1}, {"name": "First serve", "home": "57/77 (74%)", "away": "64/80 (80%)", "compareCode": 2}, {"name": "Second serve", "home": "16/20 (80%)", "away": "15/16 (94%)", "compareCode": 2}, {"name": "First serve points", "home": "34/57 (60%)", "away": "33/64 (52%)", "compareCode": 1}, {"name": "Second serve points", "home": "4/20 (20%)", "away": "5/16 (31%)", "compareCode": 2}, {"name": "Break points saved", "home": "5/11 (45%)", "away": "10/16 (62%)", "compareCode": 1}, {"name": "Service games played", "home": "8", "away": "9", "compareCode": 2}]}, {"groupName": "Return", "statisticsItems": [{"name": "First serve return points", "home": "31/64 (48%)", "away": "23/57 (40%)", "compareCode": 2}, {"name": "Second serve return points", "home": "11/16 (68%)", "away": "16/20 (80%)", "compareCode": 1}, {"name": "Break points converted", "home": "6", "away": "6", "compareCode": 3}, {"name": "Return games played", "home": "9", "away": "8", "compareCode": 2}]}, {"groupName": "Points", "statisticsItems": [{"name": "Service points won", "home": "38", "away": "38", "compareCode": 3}, {"name": "Receiver points won", "home": "42", "away": "39", "compareCode": 1}, {"name": "Total points won", "home": "80", "away": "77", "compareCode": 1}, {"name": "Max points in a row", "home": "5", "away": "7", "compareCode": 2}]}]}, {"period": "1ST", "groups": [{"groupName": "Service", "statisticsItems": [{"name": "Aces", "home": "2", "away": "0", "compareCode": 1}, {"name": "Double faults", "home": "1", "away": "1", "compareCode": 3}, {"name": "First serve", "home": "17/24 (71%)", "away": "32/39 (82%)", "compareCode": 2}, {"name": "Second serve", "home": "6/7 (86%)", "away": "6/7 (86%)", "compareCode": 3}, {"name": "First serve points", "home": "12/17 (71%)", "away": "13/32 (41%)", "compareCode": 2}, {"name": "Second serve points", "home": "1/7 (14%)", "away": "2/7 (29%)", "compareCode": 2}, {"name": "Break points saved", "home": "0/2 (0%)", "away": "5/9 (55%)", "compareCode": 1}, {"name": "Service games played", "home": "4", "away": "5", "compareCode": 2}]}, {"groupName": "Return", "statisticsItems": [{"name": "First serve return points", "home": "19/32 (59%)", "away": "5/17 (29%)", "compareCode": 2}, {"name": "Second serve return points", "home": "5/7 (71%)", "away": "6/7 (85%)", "compareCode": 3}, {"name": "Break points converted", "home": "4", "away": "2", "compareCode": 1}, {"name": "Return games played", "home": "5", "away": "4", "compareCode": 2}]}, {"groupName": "Points", "statisticsItems": [{"name": "Service points won", "home": "13", "away": "15", "compareCode": 2}, {"name": "Receiver points won", "home": "24", "away": "11", "compareCode": 1}, {"name": "Total points won", "home": "37", "away": "26", "compareCode": 1}, {"name": "Max points in a row", "home": "5", "away": "5", "compareCode": 3}]}]}, {"period": "2ND", "groups": [{"groupName": "Service", "statisticsItems": [{"name": "Aces", "home": "0", "away": "0", "compareCode": 3}, {"name": "Double faults", "home": "3", "away": "0", "compareCode": 1}, {"name": "First serve", "home": "33/44 (75%)", "away": "26/32 (81%)", "compareCode": 2}, {"name": "Second serve", "home": "8/11 (73%)", "away": "6/6 (100%)", "compareCode": 2}, {"name": "First serve points", "home": "16/33 (48%)", "away": "15/26 (58%)", "compareCode": 1}, {"name": "Second serve points", "home": "2/11 (18%)", "away": "2/6 (33%)", "compareCode": 3}, {"name": "Break points saved", "home": "5/9 (55%)", "away": "5/7 (71%)", "compareCode": 2}, {"name": "Service games played", "home": "4", "away": "4", "compareCode": 3}]}, {"groupName": "Return", "statisticsItems": [{"name": "First serve return points", "home": "11/26 (42%)", "away": "17/33 (51%)", "compareCode": 1}, {"name": "Second serve return points", "home": "4/6 (66%)", "away": "9/11 (81%)", "compareCode": 1}, {"name": "Break points converted", "home": "2", "away": "4", "compareCode": 2}, {"name": "Return games played", "home": "4", "away": "4", "compareCode": 3}]}, {"groupName": "Points", "statisticsItems": [{"name": "Service points won", "home": "18", "away": "17", "compareCode": 1}, {"name": "Receiver points won", "home": "15", "away": "26", "compareCode": 2}, {"name": "Total points won", "home": "33", "away": "43", "compareCode": 2}, {"name": "Max points in a row", "home": "3", "away": "7", "compareCode": 2}]}]}, {"period": "3RD", "groups": [{"groupName": "Service", "statisticsItems": [{"name": "Aces", "home": "0", "away": "0", "compareCode": 3}, {"name": "Double faults", "home": "0", "away": "0", "compareCode": 3}, {"name": "First serve", "home": "7/9 (78%)", "away": "6/9 (67%)", "compareCode": 1}, {"name": "Second serve", "home": "2/2 (100%)", "away": "3/3 (100%)", "compareCode": 3}, {"name": "First serve points", "home": "6/7 (86%)", "away": "5/6 (83%)", "compareCode": 1}, {"name": "Second serve points", "home": "1/2 (50%)", "away": "1/3 (33%)", "compareCode": 3}, {"name": "Break points saved", "home": "0/0 (0%)", "away": "0/0 (0%)", "compareCode": 3}, {"name": "Service games played", "home": "0", "away": "0", "compareCode": 3}]}, {"groupName": "Return", "statisticsItems": [{"name": "First serve return points", "home": "1/6 (16%)", "away": "1/7 (14%)", "compareCode": 3}, {"name": "Second serve return points", "home": "2/3 (66%)", "away": "1/2 (50%)", "compareCode": 2}, {"name": "Break points converted", "home": "0", "away": "0", "compareCode": 3}, {"name": "Return games played", "home": "0", "away": "0", "compareCode": 3}]}, {"groupName": "Points", "statisticsItems": [{"name": "Service points won", "home": "7", "away": "6", "compareCode": 1}, {"name": "Receiver points won", "home": "3", "away": "2", "compareCode": 1}, {"name": "Total points won", "home": "10", "away": "8", "compareCode": 1}, {"name": "Max points in a row", "home": "3", "away": "3", "compareCode": 3}]}]}]}