{"statistics": [{"period": "ALL", "groups": [{"groupName": "Service", "statisticsItems": [{"name": "Aces", "home": "0", "away": "1", "compareCode": 2}, {"name": "Double faults", "home": "2", "away": "2", "compareCode": 3}, {"name": "First serve", "home": "36/41 (88%)", "away": "24/33 (73%)", "compareCode": 1}, {"name": "Second serve", "home": "3/5 (60%)", "away": "7/9 (78%)", "compareCode": 2}, {"name": "First serve points", "home": "12/36 (33%)", "away": "21/24 (88%)", "compareCode": 2}, {"name": "Second serve points", "home": "1/5 (20%)", "away": "4/9 (44%)", "compareCode": 2}, {"name": "Break points saved", "home": "8/14 (57%)", "away": "0/0 (0%)", "compareCode": 2}, {"name": "Service games played", "home": "6", "away": "6", "compareCode": 3}]}, {"groupName": "Return", "statisticsItems": [{"name": "First serve return points", "home": "3/24 (12%)", "away": "24/36 (66%)", "compareCode": 1}, {"name": "Second serve return points", "home": "5/9 (55%)", "away": "4/5 (80%)", "compareCode": 2}, {"name": "Break points converted", "home": "0", "away": "6", "compareCode": 2}, {"name": "Return games played", "home": "6", "away": "6", "compareCode": 3}]}, {"groupName": "Points", "statisticsItems": [{"name": "Service points won", "home": "13", "away": "25", "compareCode": 2}, {"name": "Receiver points won", "home": "8", "away": "28", "compareCode": 2}, {"name": "Total points won", "home": "21", "away": "53", "compareCode": 2}, {"name": "Max points in a row", "home": "4", "away": "8", "compareCode": 2}]}]}, {"period": "1ST", "groups": [{"groupName": "Service", "statisticsItems": [{"name": "Aces", "home": "0", "away": "1", "compareCode": 2}, {"name": "Double faults", "home": "0", "away": "0", "compareCode": 3}, {"name": "First serve", "home": "20/21 (95%)", "away": "12/16 (75%)", "compareCode": 1}, {"name": "Second serve", "home": "1/1 (100%)", "away": "4/4 (100%)", "compareCode": 3}, {"name": "First serve points", "home": "6/20 (30%)", "away": "10/12 (83%)", "compareCode": 2}, {"name": "Second serve points", "home": "1/1 (100%)", "away": "2/4 (50%)", "compareCode": 2}, {"name": "Break points saved", "home": "5/8 (62%)", "away": "0/0 (0%)", "compareCode": 2}, {"name": "Service games played", "home": "3", "away": "3", "compareCode": 3}]}, {"groupName": "Return", "statisticsItems": [{"name": "First serve return points", "home": "2/12 (16%)", "away": "14/20 (70%)", "compareCode": 1}, {"name": "Second serve return points", "home": "2/4 (50%)", "away": "0/1 (0%)", "compareCode": 2}, {"name": "Break points converted", "home": "0", "away": "3", "compareCode": 2}, {"name": "Return games played", "home": "3", "away": "3", "compareCode": 3}]}, {"groupName": "Points", "statisticsItems": [{"name": "Service points won", "home": "7", "away": "12", "compareCode": 2}, {"name": "Receiver points won", "home": "4", "away": "14", "compareCode": 2}, {"name": "Total points won", "home": "11", "away": "26", "compareCode": 2}, {"name": "Max points in a row", "home": "4", "away": "8", "compareCode": 2}]}]}, {"period": "2ND", "groups": [{"groupName": "Service", "statisticsItems": [{"name": "Aces", "home": "0", "away": "0", "compareCode": 3}, {"name": "Double faults", "home": "2", "away": "2", "compareCode": 3}, {"name": "First serve", "home": "16/20 (80%)", "away": "12/17 (71%)", "compareCode": 1}, {"name": "Second serve", "home": "2/4 (50%)", "away": "3/5 (60%)", "compareCode": 2}, {"name": "First serve points", "home": "6/16 (38%)", "away": "11/12 (92%)", "compareCode": 2}, {"name": "Second serve points", "home": "0/4 (0%)", "away": "2/5 (40%)", "compareCode": 2}, {"name": "Break points saved", "home": "3/6 (50%)", "away": "0/0 (0%)", "compareCode": 2}, {"name": "Service games played", "home": "3", "away": "3", "compareCode": 3}]}, {"groupName": "Return", "statisticsItems": [{"name": "First serve return points", "home": "1/12 (8%)", "away": "10/16 (62%)", "compareCode": 1}, {"name": "Second serve return points", "home": "3/5 (60%)", "away": "4/4 (100%)", "compareCode": 2}, {"name": "Break points converted", "home": "0", "away": "3", "compareCode": 2}, {"name": "Return games played", "home": "3", "away": "3", "compareCode": 3}]}, {"groupName": "Points", "statisticsItems": [{"name": "Service points won", "home": "6", "away": "13", "compareCode": 2}, {"name": "Receiver points won", "home": "4", "away": "14", "compareCode": 2}, {"name": "Total points won", "home": "10", "away": "27", "compareCode": 2}, {"name": "Max points in a row", "home": "2", "away": "8", "compareCode": 2}]}]}]}