{"statistics": [{"period": "ALL", "groups": [{"groupName": "Service", "statisticsItems": [{"name": "Aces", "home": "1", "away": "0", "compareCode": 1}, {"name": "Double faults", "home": "3", "away": "6", "compareCode": 2}, {"name": "First serve", "home": "30/49 (61%)", "away": "41/61 (67%)", "compareCode": 2}, {"name": "Second serve", "home": "16/19 (84%)", "away": "14/20 (70%)", "compareCode": 1}, {"name": "First serve points", "home": "17/30 (57%)", "away": "21/41 (51%)", "compareCode": 2}, {"name": "Second serve points", "home": "8/19 (42%)", "away": "6/20 (30%)", "compareCode": 1}, {"name": "Break points saved", "home": "1/5 (20%)", "away": "4/9 (44%)", "compareCode": 1}, {"name": "Service games played", "home": "7", "away": "8", "compareCode": 2}]}, {"groupName": "Return", "statisticsItems": [{"name": "First serve return points", "home": "20/41 (48%)", "away": "13/30 (43%)", "compareCode": 2}, {"name": "Second serve return points", "home": "14/20 (70%)", "away": "11/19 (57%)", "compareCode": 2}, {"name": "Break points converted", "home": "5", "away": "4", "compareCode": 1}, {"name": "Return games played", "home": "8", "away": "7", "compareCode": 2}]}, {"groupName": "Points", "statisticsItems": [{"name": "Service points won", "home": "25", "away": "27", "compareCode": 2}, {"name": "Receiver points won", "home": "34", "away": "24", "compareCode": 1}, {"name": "Total points won", "home": "59", "away": "51", "compareCode": 1}, {"name": "Max points in a row", "home": "7", "away": "8", "compareCode": 2}]}]}, {"period": "1ST", "groups": [{"groupName": "Service", "statisticsItems": [{"name": "Aces", "home": "1", "away": "0", "compareCode": 1}, {"name": "Double faults", "home": "3", "away": "1", "compareCode": 1}, {"name": "First serve", "home": "14/29 (48%)", "away": "17/26 (65%)", "compareCode": 2}, {"name": "Second serve", "home": "12/15 (80%)", "away": "8/9 (89%)", "compareCode": 2}, {"name": "First serve points", "home": "6/14 (43%)", "away": "12/17 (71%)", "compareCode": 2}, {"name": "Second serve points", "home": "6/15 (40%)", "away": "4/9 (44%)", "compareCode": 1}, {"name": "Break points saved", "home": "1/4 (25%)", "away": "1/2 (50%)", "compareCode": 2}, {"name": "Service games played", "home": "4", "away": "4", "compareCode": 3}]}, {"groupName": "Return", "statisticsItems": [{"name": "First serve return points", "home": "5/17 (29%)", "away": "8/14 (57%)", "compareCode": 1}, {"name": "Second serve return points", "home": "5/9 (55%)", "away": "9/15 (60%)", "compareCode": 1}, {"name": "Break points converted", "home": "1", "away": "3", "compareCode": 2}, {"name": "Return games played", "home": "4", "away": "4", "compareCode": 3}]}, {"groupName": "Points", "statisticsItems": [{"name": "Service points won", "home": "12", "away": "16", "compareCode": 2}, {"name": "Receiver points won", "home": "10", "away": "17", "compareCode": 2}, {"name": "Total points won", "home": "22", "away": "33", "compareCode": 2}, {"name": "Max points in a row", "home": "4", "away": "8", "compareCode": 2}]}]}, {"period": "2ND", "groups": [{"groupName": "Service", "statisticsItems": [{"name": "Aces", "home": "0", "away": "0", "compareCode": 3}, {"name": "Double faults", "home": "0", "away": "4", "compareCode": 2}, {"name": "First serve", "home": "12/15 (80%)", "away": "21/29 (72%)", "compareCode": 1}, {"name": "Second serve", "home": "3/3 (100%)", "away": "4/8 (50%)", "compareCode": 1}, {"name": "First serve points", "home": "7/12 (58%)", "away": "9/21 (43%)", "compareCode": 2}, {"name": "Second serve points", "home": "1/3 (33%)", "away": "1/8 (13%)", "compareCode": 3}, {"name": "Break points saved", "home": "0/1 (0%)", "away": "3/7 (42%)", "compareCode": 1}, {"name": "Service games played", "home": "3", "away": "4", "compareCode": 2}]}, {"groupName": "Return", "statisticsItems": [{"name": "First serve return points", "home": "12/21 (57%)", "away": "5/12 (41%)", "compareCode": 2}, {"name": "Second serve return points", "home": "7/8 (87%)", "away": "2/3 (66%)", "compareCode": 2}, {"name": "Break points converted", "home": "4", "away": "1", "compareCode": 1}, {"name": "Return games played", "home": "4", "away": "3", "compareCode": 2}]}, {"groupName": "Points", "statisticsItems": [{"name": "Service points won", "home": "8", "away": "10", "compareCode": 2}, {"name": "Receiver points won", "home": "19", "away": "7", "compareCode": 1}, {"name": "Total points won", "home": "27", "away": "17", "compareCode": 1}, {"name": "Max points in a row", "home": "4", "away": "4", "compareCode": 3}]}]}, {"period": "3RD", "groups": [{"groupName": "Service", "statisticsItems": [{"name": "Aces", "home": "0", "away": "0", "compareCode": 3}, {"name": "Double faults", "home": "0", "away": "1", "compareCode": 2}, {"name": "First serve", "home": "4/5 (80%)", "away": "3/6 (50%)", "compareCode": 1}, {"name": "Second serve", "home": "1/1 (100%)", "away": "2/3 (67%)", "compareCode": 1}, {"name": "First serve points", "home": "4/4 (100%)", "away": "0/3 (0%)", "compareCode": 1}, {"name": "Second serve points", "home": "1/1 (100%)", "away": "1/3 (33%)", "compareCode": 3}, {"name": "Break points saved", "home": "0/0 (0%)", "away": "0/0 (0%)", "compareCode": 3}, {"name": "Service games played", "home": "0", "away": "0", "compareCode": 3}]}, {"groupName": "Return", "statisticsItems": [{"name": "First serve return points", "home": "3/3 (100%)", "away": "0/4 (0%)", "compareCode": 2}, {"name": "Second serve return points", "home": "2/3 (66%)", "away": "0/1 (0%)", "compareCode": 2}, {"name": "Break points converted", "home": "0", "away": "0", "compareCode": 3}, {"name": "Return games played", "home": "0", "away": "0", "compareCode": 3}]}, {"groupName": "Points", "statisticsItems": [{"name": "Service points won", "home": "5", "away": "1", "compareCode": 1}, {"name": "Receiver points won", "home": "5", "away": "0", "compareCode": 1}, {"name": "Total points won", "home": "10", "away": "1", "compareCode": 1}, {"name": "Max points in a row", "home": "6", "away": "1", "compareCode": 1}]}]}]}