{"statistics": [{"period": "ALL", "groups": [{"groupName": "Service", "statisticsItems": [{"name": "Aces", "home": "1", "away": "0", "compareCode": 1}, {"name": "Double faults", "home": "0", "away": "1", "compareCode": 2}, {"name": "First serve", "home": "52/59 (88%)", "away": "42/52 (81%)", "compareCode": 1}, {"name": "Second serve", "home": "7/7 (100%)", "away": "9/10 (90%)", "compareCode": 1}, {"name": "First serve points", "home": "28/52 (54%)", "away": "14/42 (33%)", "compareCode": 1}, {"name": "Second serve points", "home": "2/7 (29%)", "away": "5/10 (50%)", "compareCode": 2}, {"name": "Break points saved", "home": "7/11 (63%)", "away": "3/10 (30%)", "compareCode": 2}, {"name": "Service games played", "home": "9", "away": "9", "compareCode": 3}]}, {"groupName": "Return", "statisticsItems": [{"name": "First serve return points", "home": "28/42 (66%)", "away": "24/52 (46%)", "compareCode": 1}, {"name": "Second serve return points", "home": "5/10 (50%)", "away": "5/7 (71%)", "compareCode": 2}, {"name": "Break points converted", "home": "7", "away": "4", "compareCode": 1}, {"name": "Return games played", "home": "9", "away": "9", "compareCode": 3}]}, {"groupName": "Points", "statisticsItems": [{"name": "Service points won", "home": "30", "away": "19", "compareCode": 1}, {"name": "Receiver points won", "home": "33", "away": "29", "compareCode": 1}, {"name": "Total points won", "home": "63", "away": "48", "compareCode": 1}, {"name": "Max points in a row", "home": "7", "away": "5", "compareCode": 1}]}]}, {"period": "1ST", "groups": [{"groupName": "Service", "statisticsItems": [{"name": "Aces", "home": "1", "away": "0", "compareCode": 1}, {"name": "Double faults", "home": "0", "away": "1", "compareCode": 2}, {"name": "First serve", "home": "24/31 (77%)", "away": "20/29 (69%)", "compareCode": 1}, {"name": "Second serve", "home": "7/7 (100%)", "away": "8/9 (89%)", "compareCode": 1}, {"name": "First serve points", "home": "11/24 (46%)", "away": "6/20 (30%)", "compareCode": 1}, {"name": "Second serve points", "home": "2/7 (29%)", "away": "4/9 (44%)", "compareCode": 2}, {"name": "Break points saved", "home": "3/6 (50%)", "away": "3/7 (42%)", "compareCode": 1}, {"name": "Service games played", "home": "5", "away": "4", "compareCode": 1}]}, {"groupName": "Return", "statisticsItems": [{"name": "First serve return points", "home": "14/20 (70%)", "away": "13/24 (54%)", "compareCode": 1}, {"name": "Second serve return points", "home": "5/9 (55%)", "away": "5/7 (71%)", "compareCode": 2}, {"name": "Break points converted", "home": "4", "away": "3", "compareCode": 1}, {"name": "Return games played", "home": "4", "away": "5", "compareCode": 1}]}, {"groupName": "Points", "statisticsItems": [{"name": "Service points won", "home": "13", "away": "10", "compareCode": 1}, {"name": "Receiver points won", "home": "19", "away": "18", "compareCode": 1}, {"name": "Total points won", "home": "32", "away": "28", "compareCode": 1}, {"name": "Max points in a row", "home": "4", "away": "5", "compareCode": 2}]}]}, {"period": "2ND", "groups": [{"groupName": "Service", "statisticsItems": [{"name": "Aces", "home": "0", "away": "0", "compareCode": 3}, {"name": "Double faults", "home": "0", "away": "0", "compareCode": 3}, {"name": "First serve", "home": "28/28 (100%)", "away": "22/23 (96%)", "compareCode": 1}, {"name": "Second serve", "home": "0/0 (0%)", "away": "1/1 (100%)", "compareCode": 2}, {"name": "First serve points", "home": "17/28 (61%)", "away": "8/22 (36%)", "compareCode": 1}, {"name": "Second serve points", "home": "0/0 (0%)", "away": "1/1 (100%)", "compareCode": 2}, {"name": "Break points saved", "home": "4/5 (80%)", "away": "0/3 (0%)", "compareCode": 2}, {"name": "Service games played", "home": "4", "away": "5", "compareCode": 2}]}, {"groupName": "Return", "statisticsItems": [{"name": "First serve return points", "home": "14/22 (63%)", "away": "11/28 (39%)", "compareCode": 1}, {"name": "Second serve return points", "home": "0/1 (0%)", "away": "0/0 (0%)", "compareCode": 2}, {"name": "Break points converted", "home": "3", "away": "1", "compareCode": 1}, {"name": "Return games played", "home": "5", "away": "4", "compareCode": 2}]}, {"groupName": "Points", "statisticsItems": [{"name": "Service points won", "home": "17", "away": "9", "compareCode": 1}, {"name": "Receiver points won", "home": "14", "away": "11", "compareCode": 1}, {"name": "Total points won", "home": "31", "away": "20", "compareCode": 1}, {"name": "Max points in a row", "home": "7", "away": "3", "compareCode": 1}]}]}]}