{"statistics": [{"period": "ALL", "groups": [{"groupName": "Service", "statisticsItems": [{"name": "Aces", "home": "0", "away": "0", "compareCode": 3}, {"name": "First serve", "home": "57/58 (98%)", "away": "60/61 (98%)", "compareCode": 3}, {"name": "Second serve", "home": "1/1 (100%)", "away": "1/1 (100%)", "compareCode": 3}, {"name": "First serve points", "home": "36/57 (63%)", "away": "30/60 (50%)", "compareCode": 1}, {"name": "Second serve points", "home": "0/1 (0%)", "away": "0/1 (0%)", "compareCode": 3}, {"name": "Break points saved", "home": "3/6 (50%)", "away": "1/6 (16%)", "compareCode": 3}, {"name": "Service games played", "home": "10", "away": "10", "compareCode": 3}]}, {"groupName": "Return", "statisticsItems": [{"name": "First serve return points", "home": "30/60 (50%)", "away": "21/57 (36%)", "compareCode": 2}, {"name": "Second serve return points", "home": "1/1 (100%)", "away": "1/1 (100%)", "compareCode": 3}, {"name": "Break points converted", "home": "5", "away": "3", "compareCode": 1}, {"name": "Return games played", "home": "10", "away": "10", "compareCode": 3}]}, {"groupName": "Points", "statisticsItems": [{"name": "Service points won", "home": "36", "away": "30", "compareCode": 1}, {"name": "Receiver points won", "home": "31", "away": "22", "compareCode": 1}, {"name": "Total points won", "home": "67", "away": "52", "compareCode": 1}, {"name": "Max points in a row", "home": "8", "away": "6", "compareCode": 1}]}]}, {"period": "1ST", "groups": [{"groupName": "Service", "statisticsItems": [{"name": "Aces", "home": "0", "away": "0", "compareCode": 3}, {"name": "Double faults", "home": "0", "away": "0", "compareCode": 3}, {"name": "First serve", "home": "29/30 (97%)", "away": "30/31 (97%)", "compareCode": 3}, {"name": "Second serve", "home": "1/1 (100%)", "away": "1/1 (100%)", "compareCode": 3}, {"name": "First serve points", "home": "17/29 (59%)", "away": "15/30 (50%)", "compareCode": 1}, {"name": "Second serve points", "home": "0/1 (0%)", "away": "0/1 (0%)", "compareCode": 3}, {"name": "Break points saved", "home": "1/3 (33%)", "away": "1/4 (25%)", "compareCode": 1}, {"name": "Service games played", "home": "5", "away": "5", "compareCode": 3}]}, {"groupName": "Return", "statisticsItems": [{"name": "First serve return points", "home": "15/30 (50%)", "away": "12/29 (41%)", "compareCode": 2}, {"name": "Second serve return points", "home": "1/1 (100%)", "away": "1/1 (100%)", "compareCode": 3}, {"name": "Break points converted", "home": "3", "away": "2", "compareCode": 1}, {"name": "Return games played", "home": "5", "away": "5", "compareCode": 3}]}, {"groupName": "Points", "statisticsItems": [{"name": "Service points won", "home": "17", "away": "15", "compareCode": 1}, {"name": "Receiver points won", "home": "16", "away": "13", "compareCode": 1}, {"name": "Total points won", "home": "33", "away": "28", "compareCode": 1}, {"name": "Max points in a row", "home": "4", "away": "6", "compareCode": 2}]}]}, {"period": "2ND", "groups": [{"groupName": "Service", "statisticsItems": [{"name": "Aces", "home": "0", "away": "0", "compareCode": 3}, {"name": "Double faults", "home": "0", "away": "0", "compareCode": 3}, {"name": "First serve", "home": "28/28 (100%)", "away": "30/30 (100%)", "compareCode": 3}, {"name": "Second serve", "home": "0/0 (0%)", "away": "0/0 (0%)", "compareCode": 3}, {"name": "First serve points", "home": "19/28 (68%)", "away": "15/30 (50%)", "compareCode": 1}, {"name": "Second serve points", "home": "0/0 (0%)", "away": "0/0 (0%)", "compareCode": 3}, {"name": "Break points saved", "home": "2/3 (66%)", "away": "0/2 (0%)", "compareCode": 2}, {"name": "Service games played", "home": "5", "away": "5", "compareCode": 3}]}, {"groupName": "Return", "statisticsItems": [{"name": "First serve return points", "home": "15/30 (50%)", "away": "9/28 (32%)", "compareCode": 2}, {"name": "Second serve return points", "home": "0/0 (0%)", "away": "0/0 (0%)", "compareCode": 3}, {"name": "Break points converted", "home": "2", "away": "1", "compareCode": 1}, {"name": "Return games played", "home": "5", "away": "5", "compareCode": 3}]}, {"groupName": "Points", "statisticsItems": [{"name": "Service points won", "home": "19", "away": "15", "compareCode": 1}, {"name": "Receiver points won", "home": "15", "away": "9", "compareCode": 1}, {"name": "Total points won", "home": "34", "away": "24", "compareCode": 1}, {"name": "Max points in a row", "home": "8", "away": "3", "compareCode": 1}]}]}]}