{"statistics": [{"period": "ALL", "groups": [{"groupName": "Service", "statisticsItems": [{"name": "Aces", "home": "0", "away": "0", "compareCode": 3}, {"name": "First serve", "home": "46/57 (81%)", "away": "38/48 (79%)", "compareCode": 1}, {"name": "Second serve", "home": "11/11 (100%)", "away": "10/10 (100%)", "compareCode": 3}, {"name": "First serve points", "home": "20/46 (43%)", "away": "25/38 (66%)", "compareCode": 2}, {"name": "Second serve points", "home": "5/11 (45%)", "away": "7/10 (70%)", "compareCode": 2}, {"name": "Break points saved", "home": "4/9 (44%)", "away": "6/6 (100%)", "compareCode": 2}, {"name": "Service games played", "home": "7", "away": "7", "compareCode": 3}]}, {"groupName": "Return", "statisticsItems": [{"name": "First serve return points", "home": "13/38 (34%)", "away": "26/46 (56%)", "compareCode": 1}, {"name": "Second serve return points", "home": "3/10 (30%)", "away": "6/11 (54%)", "compareCode": 1}, {"name": "Break points converted", "home": "0", "away": "5", "compareCode": 2}, {"name": "Return games played", "home": "7", "away": "7", "compareCode": 3}]}, {"groupName": "Points", "statisticsItems": [{"name": "Service points won", "home": "25", "away": "32", "compareCode": 2}, {"name": "Receiver points won", "home": "16", "away": "32", "compareCode": 2}, {"name": "Total points won", "home": "41", "away": "64", "compareCode": 2}, {"name": "Max points in a row", "home": "4", "away": "7", "compareCode": 2}]}]}, {"period": "1ST", "groups": [{"groupName": "Service", "statisticsItems": [{"name": "Aces", "home": "0", "away": "0", "compareCode": 3}, {"name": "Double faults", "home": "0", "away": "0", "compareCode": 3}, {"name": "First serve", "home": "23/31 (74%)", "away": "14/23 (61%)", "compareCode": 1}, {"name": "Second serve", "home": "8/8 (100%)", "away": "9/9 (100%)", "compareCode": 3}, {"name": "First serve points", "home": "10/23 (43%)", "away": "9/14 (64%)", "compareCode": 1}, {"name": "Second serve points", "home": "3/8 (38%)", "away": "6/9 (67%)", "compareCode": 2}, {"name": "Break points saved", "home": "1/4 (25%)", "away": "3/3 (100%)", "compareCode": 2}, {"name": "Service games played", "home": "4", "away": "3", "compareCode": 1}]}, {"groupName": "Return", "statisticsItems": [{"name": "First serve return points", "home": "5/14 (35%)", "away": "13/23 (56%)", "compareCode": 1}, {"name": "Second serve return points", "home": "3/9 (33%)", "away": "5/8 (62%)", "compareCode": 2}, {"name": "Break points converted", "home": "0", "away": "3", "compareCode": 2}, {"name": "Return games played", "home": "3", "away": "4", "compareCode": 1}]}, {"groupName": "Points", "statisticsItems": [{"name": "Service points won", "home": "13", "away": "15", "compareCode": 2}, {"name": "Receiver points won", "home": "8", "away": "18", "compareCode": 2}, {"name": "Total points won", "home": "21", "away": "33", "compareCode": 2}, {"name": "Max points in a row", "home": "4", "away": "5", "compareCode": 2}]}]}, {"period": "2ND", "groups": [{"groupName": "Service", "statisticsItems": [{"name": "Aces", "home": "0", "away": "0", "compareCode": 3}, {"name": "Double faults", "home": "0", "away": "0", "compareCode": 3}, {"name": "First serve", "home": "23/26 (88%)", "away": "24/25 (96%)", "compareCode": 2}, {"name": "Second serve", "home": "3/3 (100%)", "away": "1/1 (100%)", "compareCode": 3}, {"name": "First serve points", "home": "10/23 (43%)", "away": "16/24 (67%)", "compareCode": 2}, {"name": "Second serve points", "home": "2/3 (67%)", "away": "1/1 (100%)", "compareCode": 1}, {"name": "Break points saved", "home": "3/5 (60%)", "away": "3/3 (100%)", "compareCode": 2}, {"name": "Service games played", "home": "3", "away": "4", "compareCode": 2}]}, {"groupName": "Return", "statisticsItems": [{"name": "First serve return points", "home": "8/24 (33%)", "away": "13/23 (56%)", "compareCode": 1}, {"name": "Second serve return points", "home": "0/1 (0%)", "away": "1/3 (33%)", "compareCode": 1}, {"name": "Break points converted", "home": "0", "away": "2", "compareCode": 2}, {"name": "Return games played", "home": "4", "away": "3", "compareCode": 2}]}, {"groupName": "Points", "statisticsItems": [{"name": "Service points won", "home": "12", "away": "17", "compareCode": 2}, {"name": "Receiver points won", "home": "8", "away": "14", "compareCode": 2}, {"name": "Total points won", "home": "20", "away": "31", "compareCode": 2}, {"name": "Max points in a row", "home": "3", "away": "7", "compareCode": 2}]}]}]}