{"statistics": [{"period": "ALL", "groups": [{"groupName": "Service", "statisticsItems": [{"name": "Aces", "home": "0", "away": "0", "compareCode": 3}, {"name": "Double faults", "home": "1", "away": "0", "compareCode": 1}, {"name": "First serve", "home": "64/69 (93%)", "away": "58/65 (89%)", "compareCode": 1}, {"name": "Second serve", "home": "4/5 (80%)", "away": "7/7 (100%)", "compareCode": 2}, {"name": "First serve points", "home": "34/64 (53%)", "away": "26/58 (45%)", "compareCode": 1}, {"name": "Second serve points", "home": "2/5 (40%)", "away": "3/7 (43%)", "compareCode": 2}, {"name": "Break points saved", "home": "1/7 (14%)", "away": "2/9 (22%)", "compareCode": 1}, {"name": "Service games played", "home": "11", "away": "11", "compareCode": 3}]}, {"groupName": "Return", "statisticsItems": [{"name": "First serve return points", "home": "32/58 (55%)", "away": "30/64 (46%)", "compareCode": 1}, {"name": "Second serve return points", "home": "4/7 (57%)", "away": "3/5 (60%)", "compareCode": 2}, {"name": "Break points converted", "home": "7", "away": "6", "compareCode": 1}, {"name": "Return games played", "home": "11", "away": "11", "compareCode": 3}]}, {"groupName": "Points", "statisticsItems": [{"name": "Service points won", "home": "36", "away": "29", "compareCode": 1}, {"name": "Receiver points won", "home": "36", "away": "33", "compareCode": 1}, {"name": "Total points won", "home": "72", "away": "62", "compareCode": 1}, {"name": "Max points in a row", "home": "11", "away": "7", "compareCode": 1}]}]}, {"period": "1ST", "groups": [{"groupName": "Service", "statisticsItems": [{"name": "Aces", "home": "0", "away": "0", "compareCode": 3}, {"name": "Double faults", "home": "0", "away": "0", "compareCode": 3}, {"name": "First serve", "home": "36/39 (92%)", "away": "36/40 (90%)", "compareCode": 1}, {"name": "Second serve", "home": "3/3 (100%)", "away": "4/4 (100%)", "compareCode": 3}, {"name": "First serve points", "home": "21/36 (58%)", "away": "19/36 (53%)", "compareCode": 1}, {"name": "Second serve points", "home": "1/3 (33%)", "away": "2/4 (50%)", "compareCode": 2}, {"name": "Break points saved", "home": "0/3 (0%)", "away": "2/5 (40%)", "compareCode": 1}, {"name": "Service games played", "home": "6", "away": "6", "compareCode": 3}]}, {"groupName": "Return", "statisticsItems": [{"name": "First serve return points", "home": "17/36 (47%)", "away": "15/36 (41%)", "compareCode": 2}, {"name": "Second serve return points", "home": "2/4 (50%)", "away": "2/3 (66%)", "compareCode": 2}, {"name": "Break points converted", "home": "3", "away": "3", "compareCode": 3}, {"name": "Return games played", "home": "6", "away": "6", "compareCode": 3}]}, {"groupName": "Points", "statisticsItems": [{"name": "Service points won", "home": "22", "away": "21", "compareCode": 1}, {"name": "Receiver points won", "home": "19", "away": "17", "compareCode": 1}, {"name": "Total points won", "home": "41", "away": "38", "compareCode": 1}, {"name": "Max points in a row", "home": "7", "away": "7", "compareCode": 3}]}]}, {"period": "2ND", "groups": [{"groupName": "Service", "statisticsItems": [{"name": "Aces", "home": "0", "away": "0", "compareCode": 3}, {"name": "Double faults", "home": "1", "away": "0", "compareCode": 1}, {"name": "First serve", "home": "28/30 (93%)", "away": "22/25 (88%)", "compareCode": 1}, {"name": "Second serve", "home": "1/2 (50%)", "away": "3/3 (100%)", "compareCode": 2}, {"name": "First serve points", "home": "13/28 (46%)", "away": "7/22 (32%)", "compareCode": 1}, {"name": "Second serve points", "home": "1/2 (50%)", "away": "1/3 (33%)", "compareCode": 3}, {"name": "Break points saved", "home": "1/4 (25%)", "away": "0/4 (0%)", "compareCode": 3}, {"name": "Service games played", "home": "5", "away": "5", "compareCode": 3}]}, {"groupName": "Return", "statisticsItems": [{"name": "First serve return points", "home": "15/22 (68%)", "away": "15/28 (53%)", "compareCode": 1}, {"name": "Second serve return points", "home": "2/3 (66%)", "away": "1/2 (50%)", "compareCode": 2}, {"name": "Break points converted", "home": "4", "away": "3", "compareCode": 1}, {"name": "Return games played", "home": "5", "away": "5", "compareCode": 3}]}, {"groupName": "Points", "statisticsItems": [{"name": "Service points won", "home": "14", "away": "8", "compareCode": 1}, {"name": "Receiver points won", "home": "17", "away": "16", "compareCode": 1}, {"name": "Total points won", "home": "31", "away": "24", "compareCode": 1}, {"name": "Max points in a row", "home": "11", "away": "5", "compareCode": 1}]}]}]}