{"statistics": [{"period": "ALL", "groups": [{"groupName": "Service", "statisticsItems": [{"name": "Aces", "home": "0", "away": "2", "compareCode": 2}, {"name": "Double faults", "home": "2", "away": "0", "compareCode": 1}, {"name": "First serve", "home": "87/109 (80%)", "away": "93/110 (85%)", "compareCode": 2}, {"name": "Second serve", "home": "20/22 (91%)", "away": "17/17 (100%)", "compareCode": 2}, {"name": "First serve points", "home": "53/87 (61%)", "away": "51/93 (55%)", "compareCode": 1}, {"name": "Second serve points", "home": "8/22 (36%)", "away": "9/17 (53%)", "compareCode": 2}, {"name": "Break points saved", "home": "10/14 (71%)", "away": "9/13 (69%)", "compareCode": 2}, {"name": "Service games played", "home": "12", "away": "12", "compareCode": 3}]}, {"groupName": "Return", "statisticsItems": [{"name": "First serve return points", "home": "42/93 (45%)", "away": "34/87 (39%)", "compareCode": 2}, {"name": "Second serve return points", "home": "8/17 (47%)", "away": "14/22 (63%)", "compareCode": 1}, {"name": "Break points converted", "home": "4", "away": "4", "compareCode": 3}, {"name": "Return games played", "home": "12", "away": "12", "compareCode": 3}]}, {"groupName": "Points", "statisticsItems": [{"name": "Service points won", "home": "61", "away": "60", "compareCode": 1}, {"name": "Receiver points won", "home": "50", "away": "48", "compareCode": 1}, {"name": "Total points won", "home": "111", "away": "108", "compareCode": 1}, {"name": "Max points in a row", "home": "6", "away": "10", "compareCode": 2}]}]}, {"period": "1ST", "groups": [{"groupName": "Service", "statisticsItems": [{"name": "Aces", "home": "0", "away": "1", "compareCode": 2}, {"name": "Double faults", "home": "1", "away": "0", "compareCode": 1}, {"name": "First serve", "home": "35/47 (74%)", "away": "46/58 (79%)", "compareCode": 2}, {"name": "Second serve", "home": "11/12 (92%)", "away": "12/12 (100%)", "compareCode": 2}, {"name": "First serve points", "home": "24/35 (69%)", "away": "22/46 (48%)", "compareCode": 1}, {"name": "Second serve points", "home": "4/12 (33%)", "away": "8/12 (67%)", "compareCode": 2}, {"name": "Break points saved", "home": "5/7 (71%)", "away": "6/8 (75%)", "compareCode": 1}, {"name": "Service games played", "home": "6", "away": "6", "compareCode": 3}]}, {"groupName": "Return", "statisticsItems": [{"name": "First serve return points", "home": "24/46 (52%)", "away": "11/35 (31%)", "compareCode": 2}, {"name": "Second serve return points", "home": "4/12 (33%)", "away": "8/12 (66%)", "compareCode": 3}, {"name": "Break points converted", "home": "2", "away": "2", "compareCode": 3}, {"name": "Return games played", "home": "6", "away": "6", "compareCode": 3}]}, {"groupName": "Points", "statisticsItems": [{"name": "Service points won", "home": "28", "away": "30", "compareCode": 2}, {"name": "Receiver points won", "home": "28", "away": "19", "compareCode": 1}, {"name": "Total points won", "home": "56", "away": "49", "compareCode": 1}, {"name": "Max points in a row", "home": "5", "away": "4", "compareCode": 1}]}]}, {"period": "2ND", "groups": [{"groupName": "Service", "statisticsItems": [{"name": "Aces", "home": "0", "away": "0", "compareCode": 3}, {"name": "Double faults", "home": "1", "away": "0", "compareCode": 1}, {"name": "First serve", "home": "44/53 (83%)", "away": "41/43 (95%)", "compareCode": 2}, {"name": "Second serve", "home": "8/9 (89%)", "away": "2/2 (100%)", "compareCode": 2}, {"name": "First serve points", "home": "25/44 (57%)", "away": "24/41 (59%)", "compareCode": 1}, {"name": "Second serve points", "home": "4/9 (44%)", "away": "1/2 (50%)", "compareCode": 1}, {"name": "Break points saved", "home": "5/7 (71%)", "away": "3/5 (60%)", "compareCode": 2}, {"name": "Service games played", "home": "6", "away": "6", "compareCode": 3}]}, {"groupName": "Return", "statisticsItems": [{"name": "First serve return points", "home": "17/41 (41%)", "away": "19/44 (43%)", "compareCode": 1}, {"name": "Second serve return points", "home": "1/2 (50%)", "away": "5/9 (55%)", "compareCode": 1}, {"name": "Break points converted", "home": "2", "away": "2", "compareCode": 3}, {"name": "Return games played", "home": "6", "away": "6", "compareCode": 3}]}, {"groupName": "Points", "statisticsItems": [{"name": "Service points won", "home": "29", "away": "25", "compareCode": 1}, {"name": "Receiver points won", "home": "18", "away": "24", "compareCode": 2}, {"name": "Total points won", "home": "47", "away": "49", "compareCode": 2}, {"name": "Max points in a row", "home": "6", "away": "7", "compareCode": 2}]}]}, {"period": "3RD", "groups": [{"groupName": "Service", "statisticsItems": [{"name": "Aces", "home": "0", "away": "1", "compareCode": 2}, {"name": "Double faults", "home": "0", "away": "0", "compareCode": 3}, {"name": "First serve", "home": "8/9 (89%)", "away": "6/9 (67%)", "compareCode": 1}, {"name": "Second serve", "home": "1/1 (100%)", "away": "3/3 (100%)", "compareCode": 3}, {"name": "First serve points", "home": "4/8 (50%)", "away": "5/6 (83%)", "compareCode": 2}, {"name": "Second serve points", "home": "0/1 (0%)", "away": "0/3 (0%)", "compareCode": 3}, {"name": "Break points saved", "home": "0/0 (0%)", "away": "0/0 (0%)", "compareCode": 3}, {"name": "Service games played", "home": "0", "away": "0", "compareCode": 3}]}, {"groupName": "Return", "statisticsItems": [{"name": "First serve return points", "home": "1/6 (16%)", "away": "4/8 (50%)", "compareCode": 3}, {"name": "Second serve return points", "home": "3/3 (100%)", "away": "1/1 (100%)", "compareCode": 2}, {"name": "Break points converted", "home": "0", "away": "0", "compareCode": 3}, {"name": "Return games played", "home": "0", "away": "0", "compareCode": 3}]}, {"groupName": "Points", "statisticsItems": [{"name": "Service points won", "home": "4", "away": "5", "compareCode": 2}, {"name": "Receiver points won", "home": "4", "away": "5", "compareCode": 2}, {"name": "Total points won", "home": "8", "away": "10", "compareCode": 2}, {"name": "Max points in a row", "home": "6", "away": "6", "compareCode": 3}]}]}]}