{"statistics": [{"period": "ALL", "groups": [{"groupName": "Service", "statisticsItems": [{"name": "Aces", "home": "2", "away": "0", "compareCode": 1}, {"name": "Double faults", "home": "2", "away": "2", "compareCode": 3}, {"name": "First serve", "home": "60/75 (80%)", "away": "42/52 (81%)", "compareCode": 2}, {"name": "Second serve", "home": "13/15 (87%)", "away": "8/10 (80%)", "compareCode": 1}, {"name": "First serve points", "home": "28/60 (47%)", "away": "21/42 (50%)", "compareCode": 1}, {"name": "Second serve points", "home": "8/15 (53%)", "away": "5/10 (50%)", "compareCode": 1}, {"name": "Break points saved", "home": "9/14 (64%)", "away": "2/7 (28%)", "compareCode": 2}, {"name": "Service games played", "home": "9", "away": "8", "compareCode": 1}]}, {"groupName": "Return", "statisticsItems": [{"name": "First serve return points", "home": "21/42 (50%)", "away": "32/60 (53%)", "compareCode": 1}, {"name": "Second serve return points", "home": "5/10 (50%)", "away": "7/15 (46%)", "compareCode": 1}, {"name": "Break points converted", "home": "5", "away": "5", "compareCode": 3}, {"name": "Return games played", "home": "8", "away": "9", "compareCode": 1}]}, {"groupName": "Points", "statisticsItems": [{"name": "Service points won", "home": "36", "away": "26", "compareCode": 1}, {"name": "Receiver points won", "home": "26", "away": "39", "compareCode": 2}, {"name": "Total points won", "home": "62", "away": "65", "compareCode": 2}, {"name": "Max points in a row", "home": "5", "away": "7", "compareCode": 2}]}]}, {"period": "1ST", "groups": [{"groupName": "Service", "statisticsItems": [{"name": "Aces", "home": "1", "away": "0", "compareCode": 1}, {"name": "Double faults", "home": "0", "away": "1", "compareCode": 2}, {"name": "First serve", "home": "18/23 (78%)", "away": "19/22 (86%)", "compareCode": 2}, {"name": "Second serve", "home": "5/5 (100%)", "away": "2/3 (67%)", "compareCode": 1}, {"name": "First serve points", "home": "6/18 (33%)", "away": "6/19 (32%)", "compareCode": 3}, {"name": "Second serve points", "home": "5/5 (100%)", "away": "0/3 (0%)", "compareCode": 1}, {"name": "Break points saved", "home": "1/3 (33%)", "away": "1/5 (20%)", "compareCode": 1}, {"name": "Service games played", "home": "4", "away": "4", "compareCode": 3}]}, {"groupName": "Return", "statisticsItems": [{"name": "First serve return points", "home": "13/19 (68%)", "away": "12/18 (66%)", "compareCode": 1}, {"name": "Second serve return points", "home": "3/3 (100%)", "away": "0/5 (0%)", "compareCode": 1}, {"name": "Break points converted", "home": "4", "away": "2", "compareCode": 1}, {"name": "Return games played", "home": "4", "away": "4", "compareCode": 3}]}, {"groupName": "Points", "statisticsItems": [{"name": "Service points won", "home": "11", "away": "6", "compareCode": 1}, {"name": "Receiver points won", "home": "16", "away": "12", "compareCode": 1}, {"name": "Total points won", "home": "27", "away": "18", "compareCode": 1}, {"name": "Max points in a row", "home": "5", "away": "3", "compareCode": 1}]}]}, {"period": "2ND", "groups": [{"groupName": "Service", "statisticsItems": [{"name": "Aces", "home": "1", "away": "0", "compareCode": 1}, {"name": "Double faults", "home": "2", "away": "1", "compareCode": 1}, {"name": "First serve", "home": "35/43 (81%)", "away": "14/21 (67%)", "compareCode": 1}, {"name": "Second serve", "home": "6/8 (75%)", "away": "6/7 (86%)", "compareCode": 2}, {"name": "First serve points", "home": "18/35 (51%)", "away": "9/14 (64%)", "compareCode": 1}, {"name": "Second serve points", "home": "2/8 (25%)", "away": "5/7 (71%)", "compareCode": 2}, {"name": "Break points saved", "home": "8/11 (72%)", "away": "1/2 (50%)", "compareCode": 2}, {"name": "Service games played", "home": "5", "away": "4", "compareCode": 1}]}, {"groupName": "Return", "statisticsItems": [{"name": "First serve return points", "home": "5/14 (35%)", "away": "17/35 (48%)", "compareCode": 1}, {"name": "Second serve return points", "home": "2/7 (28%)", "away": "6/8 (75%)", "compareCode": 1}, {"name": "Break points converted", "home": "1", "away": "3", "compareCode": 2}, {"name": "Return games played", "home": "4", "away": "5", "compareCode": 1}]}, {"groupName": "Points", "statisticsItems": [{"name": "Service points won", "home": "20", "away": "14", "compareCode": 1}, {"name": "Receiver points won", "home": "7", "away": "23", "compareCode": 2}, {"name": "Total points won", "home": "27", "away": "37", "compareCode": 2}, {"name": "Max points in a row", "home": "4", "away": "7", "compareCode": 2}]}]}, {"period": "3RD", "groups": [{"groupName": "Service", "statisticsItems": [{"name": "Aces", "home": "0", "away": "0", "compareCode": 3}, {"name": "Double faults", "home": "0", "away": "0", "compareCode": 3}, {"name": "First serve", "home": "7/9 (78%)", "away": "9/9 (100%)", "compareCode": 2}, {"name": "Second serve", "home": "2/2 (100%)", "away": "0/0 (0%)", "compareCode": 1}, {"name": "First serve points", "home": "4/7 (57%)", "away": "6/9 (67%)", "compareCode": 2}, {"name": "Second serve points", "home": "1/2 (50%)", "away": "0/0 (0%)", "compareCode": 1}, {"name": "Break points saved", "home": "0/0 (0%)", "away": "0/0 (0%)", "compareCode": 3}, {"name": "Service games played", "home": "0", "away": "0", "compareCode": 3}]}, {"groupName": "Return", "statisticsItems": [{"name": "First serve return points", "home": "3/9 (33%)", "away": "3/7 (42%)", "compareCode": 3}, {"name": "Second serve return points", "home": "0/0 (0%)", "away": "1/2 (50%)", "compareCode": 1}, {"name": "Break points converted", "home": "0", "away": "0", "compareCode": 3}, {"name": "Return games played", "home": "0", "away": "0", "compareCode": 3}]}, {"groupName": "Points", "statisticsItems": [{"name": "Service points won", "home": "5", "away": "6", "compareCode": 2}, {"name": "Receiver points won", "home": "3", "away": "4", "compareCode": 2}, {"name": "Total points won", "home": "8", "away": "10", "compareCode": 2}, {"name": "Max points in a row", "home": "2", "away": "3", "compareCode": 2}]}]}]}