{"statistics": [{"period": "ALL", "groups": [{"groupName": "Service", "statisticsItems": [{"name": "Aces", "home": "4", "away": "2", "compareCode": 1}, {"name": "Double faults", "home": "0", "away": "4", "compareCode": 2}, {"name": "First serve", "home": "57/79 (72%)", "away": "75/103 (73%)", "compareCode": 2}, {"name": "Second serve", "home": "22/22 (100%)", "away": "24/28 (86%)", "compareCode": 1}, {"name": "First serve points", "home": "33/57 (58%)", "away": "44/75 (59%)", "compareCode": 2}, {"name": "Second serve points", "home": "12/22 (55%)", "away": "13/28 (46%)", "compareCode": 2}, {"name": "Break points saved", "home": "1/5 (20%)", "away": "4/7 (57%)", "compareCode": 1}, {"name": "Service games played", "home": "12", "away": "12", "compareCode": 3}]}, {"groupName": "Return", "statisticsItems": [{"name": "First serve return points", "home": "31/75 (41%)", "away": "24/57 (42%)", "compareCode": 2}, {"name": "Second serve return points", "home": "15/28 (53%)", "away": "10/22 (45%)", "compareCode": 2}, {"name": "Break points converted", "home": "3", "away": "4", "compareCode": 2}, {"name": "Return games played", "home": "12", "away": "12", "compareCode": 3}]}, {"groupName": "Points", "statisticsItems": [{"name": "Service points won", "home": "45", "away": "57", "compareCode": 2}, {"name": "Receiver points won", "home": "46", "away": "34", "compareCode": 1}, {"name": "Total points won", "home": "91", "away": "91", "compareCode": 3}, {"name": "Max points in a row", "home": "5", "away": "5", "compareCode": 3}]}]}, {"period": "1ST", "groups": [{"groupName": "Service", "statisticsItems": [{"name": "Aces", "home": "4", "away": "1", "compareCode": 1}, {"name": "Double faults", "home": "0", "away": "3", "compareCode": 2}, {"name": "First serve", "home": "22/31 (71%)", "away": "27/42 (64%)", "compareCode": 1}, {"name": "Second serve", "home": "9/9 (100%)", "away": "12/15 (80%)", "compareCode": 1}, {"name": "First serve points", "home": "14/22 (64%)", "away": "18/27 (67%)", "compareCode": 2}, {"name": "Second serve points", "home": "5/9 (56%)", "away": "8/15 (53%)", "compareCode": 2}, {"name": "Break points saved", "home": "0/2 (0%)", "away": "2/3 (66%)", "compareCode": 1}, {"name": "Service games played", "home": "6", "away": "6", "compareCode": 3}]}, {"groupName": "Return", "statisticsItems": [{"name": "First serve return points", "home": "9/27 (33%)", "away": "8/22 (36%)", "compareCode": 2}, {"name": "Second serve return points", "home": "7/15 (46%)", "away": "4/9 (44%)", "compareCode": 2}, {"name": "Break points converted", "home": "1", "away": "2", "compareCode": 2}, {"name": "Return games played", "home": "6", "away": "6", "compareCode": 3}]}, {"groupName": "Points", "statisticsItems": [{"name": "Service points won", "home": "19", "away": "26", "compareCode": 2}, {"name": "Receiver points won", "home": "16", "away": "12", "compareCode": 1}, {"name": "Total points won", "home": "35", "away": "38", "compareCode": 2}, {"name": "Max points in a row", "home": "5", "away": "4", "compareCode": 1}]}]}, {"period": "2ND", "groups": [{"groupName": "Service", "statisticsItems": [{"name": "Aces", "home": "0", "away": "1", "compareCode": 2}, {"name": "Double faults", "home": "0", "away": "1", "compareCode": 2}, {"name": "First serve", "home": "27/37 (73%)", "away": "39/50 (78%)", "compareCode": 2}, {"name": "Second serve", "home": "10/10 (100%)", "away": "10/11 (91%)", "compareCode": 1}, {"name": "First serve points", "home": "16/27 (59%)", "away": "21/39 (54%)", "compareCode": 2}, {"name": "Second serve points", "home": "5/10 (50%)", "away": "4/11 (36%)", "compareCode": 1}, {"name": "Break points saved", "home": "1/3 (33%)", "away": "2/4 (50%)", "compareCode": 1}, {"name": "Service games played", "home": "6", "away": "6", "compareCode": 3}]}, {"groupName": "Return", "statisticsItems": [{"name": "First serve return points", "home": "18/39 (46%)", "away": "11/27 (40%)", "compareCode": 2}, {"name": "Second serve return points", "home": "7/11 (63%)", "away": "5/10 (50%)", "compareCode": 2}, {"name": "Break points converted", "home": "2", "away": "2", "compareCode": 3}, {"name": "Return games played", "home": "6", "away": "6", "compareCode": 3}]}, {"groupName": "Points", "statisticsItems": [{"name": "Service points won", "home": "21", "away": "25", "compareCode": 2}, {"name": "Receiver points won", "home": "25", "away": "16", "compareCode": 1}, {"name": "Total points won", "home": "46", "away": "41", "compareCode": 1}, {"name": "Max points in a row", "home": "5", "away": "5", "compareCode": 3}]}]}, {"period": "3RD", "groups": [{"groupName": "Service", "statisticsItems": [{"name": "Aces", "home": "0", "away": "0", "compareCode": 3}, {"name": "Double faults", "home": "0", "away": "0", "compareCode": 3}, {"name": "First serve", "home": "8/11 (73%)", "away": "9/11 (82%)", "compareCode": 2}, {"name": "Second serve", "home": "3/3 (100%)", "away": "2/2 (100%)", "compareCode": 3}, {"name": "First serve points", "home": "3/8 (38%)", "away": "5/9 (56%)", "compareCode": 2}, {"name": "Second serve points", "home": "2/3 (67%)", "away": "1/2 (50%)", "compareCode": 1}, {"name": "Break points saved", "home": "0/0 (0%)", "away": "0/0 (0%)", "compareCode": 3}, {"name": "Service games played", "home": "0", "away": "0", "compareCode": 3}]}, {"groupName": "Return", "statisticsItems": [{"name": "First serve return points", "home": "4/9 (44%)", "away": "5/8 (62%)", "compareCode": 3}, {"name": "Second serve return points", "home": "1/2 (50%)", "away": "1/3 (33%)", "compareCode": 1}, {"name": "Break points converted", "home": "0", "away": "0", "compareCode": 3}, {"name": "Return games played", "home": "0", "away": "0", "compareCode": 3}]}, {"groupName": "Points", "statisticsItems": [{"name": "Service points won", "home": "5", "away": "6", "compareCode": 2}, {"name": "Receiver points won", "home": "5", "away": "6", "compareCode": 2}, {"name": "Total points won", "home": "10", "away": "12", "compareCode": 2}, {"name": "Max points in a row", "home": "4", "away": "5", "compareCode": 2}]}]}]}