{"statistics": [{"period": "ALL", "groups": [{"groupName": "Service", "statisticsItems": [{"name": "Aces", "home": "0", "away": "1", "compareCode": 2}, {"name": "Double faults", "home": "0", "away": "2", "compareCode": 2}, {"name": "First serve", "home": "18/22 (82%)", "away": "17/27 (63%)", "compareCode": 1}, {"name": "Second serve", "home": "4/4 (100%)", "away": "8/10 (80%)", "compareCode": 1}, {"name": "First serve points", "home": "13/18 (72%)", "away": "10/17 (59%)", "compareCode": 1}, {"name": "Second serve points", "home": "2/4 (50%)", "away": "1/10 (10%)", "compareCode": 1}, {"name": "Break points saved", "home": "0/1 (0%)", "away": "3/7 (42%)", "compareCode": 1}, {"name": "Service games played", "home": "4", "away": "5", "compareCode": 2}]}, {"groupName": "Return", "statisticsItems": [{"name": "First serve return points", "home": "7/17 (41%)", "away": "5/18 (27%)", "compareCode": 2}, {"name": "Second serve return points", "home": "9/10 (90%)", "away": "2/4 (50%)", "compareCode": 2}, {"name": "Break points converted", "home": "4", "away": "1", "compareCode": 1}, {"name": "Return games played", "home": "5", "away": "4", "compareCode": 2}]}, {"groupName": "Points", "statisticsItems": [{"name": "Service points won", "home": "15", "away": "11", "compareCode": 1}, {"name": "Receiver points won", "home": "16", "away": "7", "compareCode": 1}, {"name": "Total points won", "home": "31", "away": "18", "compareCode": 1}, {"name": "Max points in a row", "home": "5", "away": "5", "compareCode": 3}]}]}, {"period": "1ST", "groups": [{"groupName": "Service", "statisticsItems": [{"name": "Aces", "home": "0", "away": "1", "compareCode": 2}, {"name": "Double faults", "home": "0", "away": "2", "compareCode": 2}, {"name": "First serve", "home": "17/21 (81%)", "away": "14/21 (67%)", "compareCode": 1}, {"name": "Second serve", "home": "4/4 (100%)", "away": "5/7 (71%)", "compareCode": 1}, {"name": "First serve points", "home": "12/17 (71%)", "away": "8/14 (57%)", "compareCode": 1}, {"name": "Second serve points", "home": "2/4 (50%)", "away": "1/7 (14%)", "compareCode": 1}, {"name": "Break points saved", "home": "0/1 (0%)", "away": "3/6 (50%)", "compareCode": 1}, {"name": "Service games played", "home": "4", "away": "4", "compareCode": 3}]}, {"groupName": "Return", "statisticsItems": [{"name": "First serve return points", "home": "6/14 (42%)", "away": "5/17 (29%)", "compareCode": 3}, {"name": "Second serve return points", "home": "6/7 (85%)", "away": "2/4 (50%)", "compareCode": 2}, {"name": "Break points converted", "home": "3", "away": "1", "compareCode": 1}, {"name": "Return games played", "home": "4", "away": "4", "compareCode": 3}]}, {"groupName": "Points", "statisticsItems": [{"name": "Service points won", "home": "14", "away": "9", "compareCode": 1}, {"name": "Receiver points won", "home": "12", "away": "7", "compareCode": 1}, {"name": "Total points won", "home": "26", "away": "16", "compareCode": 1}, {"name": "Max points in a row", "home": "5", "away": "5", "compareCode": 3}]}]}, {"period": "2ND", "groups": [{"groupName": "Service", "statisticsItems": [{"name": "Aces", "home": "0", "away": "0", "compareCode": 3}, {"name": "Double faults", "home": "0", "away": "0", "compareCode": 3}, {"name": "First serve", "home": "1/1 (100%)", "away": "3/6 (50%)", "compareCode": 1}, {"name": "Second serve", "home": "0/0 (0%)", "away": "3/3 (100%)", "compareCode": 2}, {"name": "First serve points", "home": "1/1 (100%)", "away": "2/3 (67%)", "compareCode": 2}, {"name": "Second serve points", "home": "0/0 (0%)", "away": "0/3 (0%)", "compareCode": 3}, {"name": "Break points saved", "home": "0/0 (0%)", "away": "0/1 (0%)", "compareCode": 1}, {"name": "Service games played", "home": "0", "away": "1", "compareCode": 2}]}, {"groupName": "Return", "statisticsItems": [{"name": "First serve return points", "home": "1/3 (33%)", "away": "0/1 (0%)", "compareCode": 2}, {"name": "Second serve return points", "home": "3/3 (100%)", "away": "0/0 (0%)", "compareCode": 2}, {"name": "Break points converted", "home": "1", "away": "0", "compareCode": 1}, {"name": "Return games played", "home": "1", "away": "0", "compareCode": 2}]}, {"groupName": "Points", "statisticsItems": [{"name": "Service points won", "home": "1", "away": "2", "compareCode": 2}, {"name": "Receiver points won", "home": "4", "away": "0", "compareCode": 1}, {"name": "Total points won", "home": "5", "away": "2", "compareCode": 1}, {"name": "Max points in a row", "home": "4", "away": "1", "compareCode": 1}]}]}]}