{"statistics": [{"period": "ALL", "groups": [{"groupName": "Service", "statisticsItems": [{"name": "Aces", "home": "5", "away": "0", "compareCode": 1}, {"name": "Double faults", "home": "2", "away": "0", "compareCode": 1}, {"name": "First serve", "home": "65/81 (80%)", "away": "81/86 (94%)", "compareCode": 2}, {"name": "Second serve", "home": "14/16 (88%)", "away": "5/5 (100%)", "compareCode": 2}, {"name": "First serve points", "home": "45/65 (69%)", "away": "47/81 (58%)", "compareCode": 2}, {"name": "Second serve points", "home": "6/16 (38%)", "away": "1/5 (20%)", "compareCode": 1}, {"name": "Break points saved", "home": "3/4 (75%)", "away": "7/10 (70%)", "compareCode": 1}, {"name": "Service games played", "home": "11", "away": "10", "compareCode": 1}]}, {"groupName": "Return", "statisticsItems": [{"name": "First serve return points", "home": "34/81 (41%)", "away": "20/65 (30%)", "compareCode": 2}, {"name": "Second serve return points", "home": "4/5 (80%)", "away": "10/16 (62%)", "compareCode": 1}, {"name": "Break points converted", "home": "3", "away": "1", "compareCode": 1}, {"name": "Return games played", "home": "10", "away": "11", "compareCode": 1}]}, {"groupName": "Points", "statisticsItems": [{"name": "Service points won", "home": "51", "away": "48", "compareCode": 1}, {"name": "Receiver points won", "home": "38", "away": "30", "compareCode": 1}, {"name": "Total points won", "home": "89", "away": "78", "compareCode": 1}, {"name": "Max points in a row", "home": "6", "away": "5", "compareCode": 1}]}]}, {"period": "1ST", "groups": [{"groupName": "Service", "statisticsItems": [{"name": "Aces", "home": "1", "away": "0", "compareCode": 1}, {"name": "Double faults", "home": "0", "away": "0", "compareCode": 3}, {"name": "First serve", "home": "36/43 (84%)", "away": "53/58 (91%)", "compareCode": 2}, {"name": "Second serve", "home": "7/7 (100%)", "away": "5/5 (100%)", "compareCode": 3}, {"name": "First serve points", "home": "26/36 (72%)", "away": "33/53 (62%)", "compareCode": 2}, {"name": "Second serve points", "home": "2/7 (29%)", "away": "1/5 (20%)", "compareCode": 1}, {"name": "Break points saved", "home": "1/1 (100%)", "away": "7/8 (87%)", "compareCode": 1}, {"name": "Service games played", "home": "6", "away": "6", "compareCode": 3}]}, {"groupName": "Return", "statisticsItems": [{"name": "First serve return points", "home": "20/53 (37%)", "away": "10/36 (27%)", "compareCode": 2}, {"name": "Second serve return points", "home": "4/5 (80%)", "away": "5/7 (71%)", "compareCode": 1}, {"name": "Break points converted", "home": "1", "away": "0", "compareCode": 1}, {"name": "Return games played", "home": "6", "away": "6", "compareCode": 3}]}, {"groupName": "Points", "statisticsItems": [{"name": "Service points won", "home": "28", "away": "34", "compareCode": 2}, {"name": "Receiver points won", "home": "24", "away": "15", "compareCode": 1}, {"name": "Total points won", "home": "52", "away": "49", "compareCode": 1}, {"name": "Max points in a row", "home": "3", "away": "5", "compareCode": 2}]}]}, {"period": "2ND", "groups": [{"groupName": "Service", "statisticsItems": [{"name": "Aces", "home": "4", "away": "0", "compareCode": 1}, {"name": "Double faults", "home": "2", "away": "0", "compareCode": 1}, {"name": "First serve", "home": "29/38 (76%)", "away": "28/28 (100%)", "compareCode": 2}, {"name": "Second serve", "home": "7/9 (78%)", "away": "0/0 (0%)", "compareCode": 1}, {"name": "First serve points", "home": "19/29 (66%)", "away": "14/28 (50%)", "compareCode": 1}, {"name": "Second serve points", "home": "4/9 (44%)", "away": "0/0 (0%)", "compareCode": 1}, {"name": "Break points saved", "home": "2/3 (66%)", "away": "0/2 (0%)", "compareCode": 2}, {"name": "Service games played", "home": "5", "away": "4", "compareCode": 1}]}, {"groupName": "Return", "statisticsItems": [{"name": "First serve return points", "home": "14/28 (50%)", "away": "10/29 (34%)", "compareCode": 1}, {"name": "Second serve return points", "home": "0/0 (0%)", "away": "5/9 (55%)", "compareCode": 1}, {"name": "Break points converted", "home": "2", "away": "1", "compareCode": 1}, {"name": "Return games played", "home": "4", "away": "5", "compareCode": 1}]}, {"groupName": "Points", "statisticsItems": [{"name": "Service points won", "home": "23", "away": "14", "compareCode": 1}, {"name": "Receiver points won", "home": "14", "away": "15", "compareCode": 2}, {"name": "Total points won", "home": "37", "away": "29", "compareCode": 1}, {"name": "Max points in a row", "home": "6", "away": "5", "compareCode": 1}]}]}]}