{"statistics": [{"period": "ALL", "groups": [{"groupName": "Service", "statisticsItems": [{"name": "Aces", "home": "0", "away": "0", "compareCode": 3}, {"name": "Double faults", "home": "5", "away": "2", "compareCode": 1}, {"name": "First serve", "home": "55/76 (72%)", "away": "55/72 (76%)", "compareCode": 2}, {"name": "Second serve", "home": "16/21 (76%)", "away": "15/17 (88%)", "compareCode": 2}, {"name": "First serve points", "home": "31/55 (56%)", "away": "30/55 (55%)", "compareCode": 1}, {"name": "Second serve points", "home": "11/21 (52%)", "away": "8/17 (47%)", "compareCode": 1}, {"name": "Break points saved", "home": "4/8 (50%)", "away": "4/8 (50%)", "compareCode": 3}, {"name": "Service games played", "home": "10", "away": "9", "compareCode": 1}]}, {"groupName": "Return", "statisticsItems": [{"name": "First serve return points", "home": "25/55 (45%)", "away": "24/55 (43%)", "compareCode": 1}, {"name": "Second serve return points", "home": "9/17 (52%)", "away": "10/21 (47%)", "compareCode": 1}, {"name": "Break points converted", "home": "4", "away": "4", "compareCode": 3}, {"name": "Return games played", "home": "9", "away": "10", "compareCode": 1}]}, {"groupName": "Points", "statisticsItems": [{"name": "Service points won", "home": "42", "away": "38", "compareCode": 1}, {"name": "Receiver points won", "home": "34", "away": "34", "compareCode": 3}, {"name": "Total points won", "home": "76", "away": "72", "compareCode": 1}, {"name": "Max points in a row", "home": "6", "away": "5", "compareCode": 1}]}]}, {"period": "1ST", "groups": [{"groupName": "Service", "statisticsItems": [{"name": "Aces", "home": "0", "away": "0", "compareCode": 3}, {"name": "Double faults", "home": "2", "away": "2", "compareCode": 3}, {"name": "First serve", "home": "26/35 (74%)", "away": "22/29 (76%)", "compareCode": 2}, {"name": "Second serve", "home": "7/9 (78%)", "away": "5/7 (71%)", "compareCode": 1}, {"name": "First serve points", "home": "11/26 (42%)", "away": "9/22 (41%)", "compareCode": 1}, {"name": "Second serve points", "home": "3/9 (33%)", "away": "3/7 (43%)", "compareCode": 3}, {"name": "Break points saved", "home": "4/8 (50%)", "away": "0/3 (0%)", "compareCode": 2}, {"name": "Service games played", "home": "5", "away": "5", "compareCode": 3}]}, {"groupName": "Return", "statisticsItems": [{"name": "First serve return points", "home": "13/22 (59%)", "away": "15/26 (57%)", "compareCode": 1}, {"name": "Second serve return points", "home": "4/7 (57%)", "away": "6/9 (66%)", "compareCode": 1}, {"name": "Break points converted", "home": "3", "away": "4", "compareCode": 2}, {"name": "Return games played", "home": "5", "away": "5", "compareCode": 3}]}, {"groupName": "Points", "statisticsItems": [{"name": "Service points won", "home": "14", "away": "12", "compareCode": 1}, {"name": "Receiver points won", "home": "17", "away": "21", "compareCode": 2}, {"name": "Total points won", "home": "31", "away": "33", "compareCode": 2}, {"name": "Max points in a row", "home": "6", "away": "5", "compareCode": 1}]}]}, {"period": "2ND", "groups": [{"groupName": "Service", "statisticsItems": [{"name": "Aces", "home": "0", "away": "0", "compareCode": 3}, {"name": "Double faults", "home": "3", "away": "0", "compareCode": 1}, {"name": "First serve", "home": "22/31 (71%)", "away": "27/33 (82%)", "compareCode": 2}, {"name": "Second serve", "home": "6/9 (67%)", "away": "6/6 (100%)", "compareCode": 2}, {"name": "First serve points", "home": "17/22 (77%)", "away": "17/27 (63%)", "compareCode": 3}, {"name": "Second serve points", "home": "5/9 (56%)", "away": "2/6 (33%)", "compareCode": 1}, {"name": "Break points saved", "home": "0/0 (0%)", "away": "4/5 (80%)", "compareCode": 1}, {"name": "Service games played", "home": "5", "away": "4", "compareCode": 1}]}, {"groupName": "Return", "statisticsItems": [{"name": "First serve return points", "home": "10/27 (37%)", "away": "5/22 (22%)", "compareCode": 2}, {"name": "Second serve return points", "home": "4/6 (66%)", "away": "4/9 (44%)", "compareCode": 1}, {"name": "Break points converted", "home": "1", "away": "0", "compareCode": 1}, {"name": "Return games played", "home": "4", "away": "5", "compareCode": 1}]}, {"groupName": "Points", "statisticsItems": [{"name": "Service points won", "home": "22", "away": "19", "compareCode": 1}, {"name": "Receiver points won", "home": "14", "away": "9", "compareCode": 1}, {"name": "Total points won", "home": "36", "away": "28", "compareCode": 1}, {"name": "Max points in a row", "home": "4", "away": "3", "compareCode": 1}]}]}, {"period": "3RD", "groups": [{"groupName": "Service", "statisticsItems": [{"name": "Aces", "home": "0", "away": "0", "compareCode": 3}, {"name": "Double faults", "home": "0", "away": "0", "compareCode": 3}, {"name": "First serve", "home": "7/10 (70%)", "away": "6/10 (60%)", "compareCode": 1}, {"name": "Second serve", "home": "3/3 (100%)", "away": "4/4 (100%)", "compareCode": 3}, {"name": "First serve points", "home": "3/7 (43%)", "away": "4/6 (67%)", "compareCode": 2}, {"name": "Second serve points", "home": "3/3 (100%)", "away": "3/4 (75%)", "compareCode": 3}, {"name": "Break points saved", "home": "0/0 (0%)", "away": "0/0 (0%)", "compareCode": 3}, {"name": "Service games played", "home": "0", "away": "0", "compareCode": 3}]}, {"groupName": "Return", "statisticsItems": [{"name": "First serve return points", "home": "2/6 (33%)", "away": "4/7 (57%)", "compareCode": 3}, {"name": "Second serve return points", "home": "1/4 (25%)", "away": "0/3 (0%)", "compareCode": 2}, {"name": "Break points converted", "home": "0", "away": "0", "compareCode": 3}, {"name": "Return games played", "home": "0", "away": "0", "compareCode": 3}]}, {"groupName": "Points", "statisticsItems": [{"name": "Service points won", "home": "6", "away": "7", "compareCode": 2}, {"name": "Receiver points won", "home": "3", "away": "4", "compareCode": 2}, {"name": "Total points won", "home": "9", "away": "11", "compareCode": 2}, {"name": "Max points in a row", "home": "3", "away": "3", "compareCode": 3}]}]}]}