{"statistics": [{"period": "ALL", "groups": [{"groupName": "Service", "statisticsItems": [{"name": "Aces", "home": "0", "away": "1", "compareCode": 2}, {"name": "First serve", "home": "44/45 (98%)", "away": "43/53 (81%)", "compareCode": 1}, {"name": "Second serve", "home": "1/1 (100%)", "away": "10/10 (100%)", "compareCode": 3}, {"name": "First serve points", "home": "20/44 (45%)", "away": "35/43 (81%)", "compareCode": 2}, {"name": "Second serve points", "home": "0/1 (0%)", "away": "5/10 (50%)", "compareCode": 2}, {"name": "Break points saved", "home": "5/9 (55%)", "away": "3/3 (100%)", "compareCode": 2}, {"name": "Service games played", "home": "7", "away": "8", "compareCode": 2}]}, {"groupName": "Return", "statisticsItems": [{"name": "First serve return points", "home": "8/43 (18%)", "away": "24/44 (54%)", "compareCode": 2}, {"name": "Second serve return points", "home": "5/10 (50%)", "away": "1/1 (100%)", "compareCode": 2}, {"name": "Break points converted", "home": "0", "away": "4", "compareCode": 2}, {"name": "Return games played", "home": "8", "away": "7", "compareCode": 2}]}, {"groupName": "Points", "statisticsItems": [{"name": "Service points won", "home": "20", "away": "40", "compareCode": 2}, {"name": "Receiver points won", "home": "13", "away": "25", "compareCode": 2}, {"name": "Total points won", "home": "33", "away": "65", "compareCode": 2}, {"name": "Max points in a row", "home": "4", "away": "18", "compareCode": 2}]}]}, {"period": "1ST", "groups": [{"groupName": "Service", "statisticsItems": [{"name": "Aces", "home": "0", "away": "1", "compareCode": 2}, {"name": "Double faults", "home": "0", "away": "0", "compareCode": 3}, {"name": "First serve", "home": "27/27 (100%)", "away": "26/36 (72%)", "compareCode": 1}, {"name": "Second serve", "home": "0/0 (0%)", "away": "10/10 (100%)", "compareCode": 2}, {"name": "First serve points", "home": "12/27 (44%)", "away": "19/26 (73%)", "compareCode": 2}, {"name": "Second serve points", "home": "0/0 (0%)", "away": "5/10 (50%)", "compareCode": 2}, {"name": "Break points saved", "home": "5/7 (71%)", "away": "3/3 (100%)", "compareCode": 2}, {"name": "Service games played", "home": "3", "away": "4", "compareCode": 2}]}, {"groupName": "Return", "statisticsItems": [{"name": "First serve return points", "home": "7/26 (26%)", "away": "15/27 (55%)", "compareCode": 2}, {"name": "Second serve return points", "home": "5/10 (50%)", "away": "0/0 (0%)", "compareCode": 2}, {"name": "Break points converted", "home": "0", "away": "2", "compareCode": 2}, {"name": "Return games played", "home": "4", "away": "3", "compareCode": 2}]}, {"groupName": "Points", "statisticsItems": [{"name": "Service points won", "home": "12", "away": "24", "compareCode": 2}, {"name": "Receiver points won", "home": "12", "away": "15", "compareCode": 2}, {"name": "Total points won", "home": "24", "away": "39", "compareCode": 2}, {"name": "Max points in a row", "home": "3", "away": "7", "compareCode": 2}]}]}, {"period": "2ND", "groups": [{"groupName": "Service", "statisticsItems": [{"name": "Aces", "home": "0", "away": "0", "compareCode": 3}, {"name": "Double faults", "home": "0", "away": "0", "compareCode": 3}, {"name": "First serve", "home": "17/18 (94%)", "away": "17/17 (100%)", "compareCode": 2}, {"name": "Second serve", "home": "1/1 (100%)", "away": "0/0 (0%)", "compareCode": 1}, {"name": "First serve points", "home": "8/17 (47%)", "away": "16/17 (94%)", "compareCode": 2}, {"name": "Second serve points", "home": "0/1 (0%)", "away": "0/0 (0%)", "compareCode": 3}, {"name": "Break points saved", "home": "0/2 (0%)", "away": "0/0 (0%)", "compareCode": 2}, {"name": "Service games played", "home": "4", "away": "4", "compareCode": 3}]}, {"groupName": "Return", "statisticsItems": [{"name": "First serve return points", "home": "1/17 (5%)", "away": "9/17 (52%)", "compareCode": 1}, {"name": "Second serve return points", "home": "0/0 (0%)", "away": "1/1 (100%)", "compareCode": 1}, {"name": "Break points converted", "home": "0", "away": "2", "compareCode": 2}, {"name": "Return games played", "home": "4", "away": "4", "compareCode": 3}]}, {"groupName": "Points", "statisticsItems": [{"name": "Service points won", "home": "8", "away": "16", "compareCode": 2}, {"name": "Receiver points won", "home": "1", "away": "10", "compareCode": 2}, {"name": "Total points won", "home": "9", "away": "26", "compareCode": 2}, {"name": "Max points in a row", "home": "4", "away": "18", "compareCode": 2}]}]}]}