{"statistics": [{"period": "ALL", "groups": [{"groupName": "Service", "statisticsItems": [{"name": "Aces", "home": "0", "away": "0", "compareCode": 3}, {"name": "Double faults", "home": "1", "away": "0", "compareCode": 1}, {"name": "First serve", "home": "54/67 (81%)", "away": "71/77 (92%)", "compareCode": 2}, {"name": "Second serve", "home": "12/13 (92%)", "away": "6/6 (100%)", "compareCode": 2}, {"name": "First serve points", "home": "28/54 (52%)", "away": "38/71 (54%)", "compareCode": 2}, {"name": "Second serve points", "home": "6/13 (46%)", "away": "1/6 (17%)", "compareCode": 1}, {"name": "Break points saved", "home": "0/5 (0%)", "away": "3/9 (33%)", "compareCode": 1}, {"name": "Service games played", "home": "11", "away": "11", "compareCode": 3}]}, {"groupName": "Return", "statisticsItems": [{"name": "First serve return points", "home": "33/71 (46%)", "away": "26/54 (48%)", "compareCode": 2}, {"name": "Second serve return points", "home": "5/6 (83%)", "away": "7/13 (53%)", "compareCode": 1}, {"name": "Break points converted", "home": "6", "away": "5", "compareCode": 1}, {"name": "Return games played", "home": "11", "away": "11", "compareCode": 3}]}, {"groupName": "Points", "statisticsItems": [{"name": "Service points won", "home": "34", "away": "39", "compareCode": 2}, {"name": "Receiver points won", "home": "38", "away": "33", "compareCode": 1}, {"name": "Total points won", "home": "72", "away": "72", "compareCode": 3}, {"name": "Max points in a row", "home": "7", "away": "12", "compareCode": 2}]}]}, {"period": "1ST", "groups": [{"groupName": "Service", "statisticsItems": [{"name": "Aces", "home": "0", "away": "0", "compareCode": 3}, {"name": "Double faults", "home": "1", "away": "0", "compareCode": 1}, {"name": "First serve", "home": "21/28 (75%)", "away": "30/35 (86%)", "compareCode": 2}, {"name": "Second serve", "home": "6/7 (86%)", "away": "5/5 (100%)", "compareCode": 2}, {"name": "First serve points", "home": "12/21 (57%)", "away": "16/30 (53%)", "compareCode": 2}, {"name": "Second serve points", "home": "3/7 (43%)", "away": "1/5 (20%)", "compareCode": 1}, {"name": "Break points saved", "home": "0/2 (0%)", "away": "2/5 (40%)", "compareCode": 1}, {"name": "Service games played", "home": "5", "away": "5", "compareCode": 3}]}, {"groupName": "Return", "statisticsItems": [{"name": "First serve return points", "home": "14/30 (46%)", "away": "9/21 (42%)", "compareCode": 2}, {"name": "Second serve return points", "home": "4/5 (80%)", "away": "4/7 (57%)", "compareCode": 1}, {"name": "Break points converted", "home": "3", "away": "2", "compareCode": 1}, {"name": "Return games played", "home": "5", "away": "5", "compareCode": 3}]}, {"groupName": "Points", "statisticsItems": [{"name": "Service points won", "home": "15", "away": "17", "compareCode": 2}, {"name": "Receiver points won", "home": "18", "away": "13", "compareCode": 1}, {"name": "Total points won", "home": "33", "away": "30", "compareCode": 1}, {"name": "Max points in a row", "home": "6", "away": "5", "compareCode": 1}]}]}, {"period": "2ND", "groups": [{"groupName": "Service", "statisticsItems": [{"name": "Aces", "home": "0", "away": "0", "compareCode": 3}, {"name": "Double faults", "home": "0", "away": "0", "compareCode": 3}, {"name": "First serve", "home": "33/39 (85%)", "away": "41/42 (98%)", "compareCode": 2}, {"name": "Second serve", "home": "6/6 (100%)", "away": "1/1 (100%)", "compareCode": 3}, {"name": "First serve points", "home": "16/33 (48%)", "away": "22/41 (54%)", "compareCode": 2}, {"name": "Second serve points", "home": "3/6 (50%)", "away": "0/1 (0%)", "compareCode": 1}, {"name": "Break points saved", "home": "0/3 (0%)", "away": "1/4 (25%)", "compareCode": 1}, {"name": "Service games played", "home": "6", "away": "6", "compareCode": 3}]}, {"groupName": "Return", "statisticsItems": [{"name": "First serve return points", "home": "19/41 (46%)", "away": "17/33 (51%)", "compareCode": 2}, {"name": "Second serve return points", "home": "1/1 (100%)", "away": "3/6 (50%)", "compareCode": 1}, {"name": "Break points converted", "home": "3", "away": "3", "compareCode": 3}, {"name": "Return games played", "home": "6", "away": "6", "compareCode": 3}]}, {"groupName": "Points", "statisticsItems": [{"name": "Service points won", "home": "19", "away": "22", "compareCode": 2}, {"name": "Receiver points won", "home": "20", "away": "20", "compareCode": 3}, {"name": "Total points won", "home": "39", "away": "42", "compareCode": 2}, {"name": "Max points in a row", "home": "7", "away": "12", "compareCode": 2}]}]}]}