{"statistics": [{"period": "ALL", "groups": [{"groupName": "Service", "statisticsItems": [{"name": "Aces", "home": "0", "away": "0", "compareCode": 3}, {"name": "Double faults", "home": "2", "away": "1", "compareCode": 1}, {"name": "First serve", "home": "31/49 (63%)", "away": "45/58 (78%)", "compareCode": 2}, {"name": "Second serve", "home": "16/18 (89%)", "away": "12/13 (92%)", "compareCode": 2}, {"name": "First serve points", "home": "18/31 (58%)", "away": "32/45 (71%)", "compareCode": 2}, {"name": "Second serve points", "home": "3/18 (17%)", "away": "5/13 (38%)", "compareCode": 2}, {"name": "Break points saved", "home": "0/5 (0%)", "away": "3/5 (60%)", "compareCode": 3}, {"name": "Service games played", "home": "9", "away": "9", "compareCode": 3}]}, {"groupName": "Return", "statisticsItems": [{"name": "First serve return points", "home": "13/45 (28%)", "away": "13/31 (41%)", "compareCode": 2}, {"name": "Second serve return points", "home": "8/13 (61%)", "away": "15/18 (83%)", "compareCode": 1}, {"name": "Break points converted", "home": "2", "away": "5", "compareCode": 2}, {"name": "Return games played", "home": "9", "away": "9", "compareCode": 3}]}, {"groupName": "Points", "statisticsItems": [{"name": "Service points won", "home": "21", "away": "37", "compareCode": 2}, {"name": "Receiver points won", "home": "21", "away": "28", "compareCode": 2}, {"name": "Total points won", "home": "42", "away": "65", "compareCode": 2}, {"name": "Max points in a row", "home": "6", "away": "10", "compareCode": 2}]}]}, {"period": "1ST", "groups": [{"groupName": "Service", "statisticsItems": [{"name": "Aces", "home": "0", "away": "0", "compareCode": 3}, {"name": "Double faults", "home": "0", "away": "0", "compareCode": 3}, {"name": "First serve", "home": "16/23 (70%)", "away": "20/27 (74%)", "compareCode": 2}, {"name": "Second serve", "home": "7/7 (100%)", "away": "7/7 (100%)", "compareCode": 3}, {"name": "First serve points", "home": "11/16 (69%)", "away": "15/20 (75%)", "compareCode": 2}, {"name": "Second serve points", "home": "0/7 (0%)", "away": "4/7 (57%)", "compareCode": 2}, {"name": "Break points saved", "home": "0/2 (0%)", "away": "3/3 (100%)", "compareCode": 1}, {"name": "Service games played", "home": "4", "away": "4", "compareCode": 3}]}, {"groupName": "Return", "statisticsItems": [{"name": "First serve return points", "home": "5/20 (25%)", "away": "5/16 (31%)", "compareCode": 2}, {"name": "Second serve return points", "home": "3/7 (42%)", "away": "7/7 (100%)", "compareCode": 3}, {"name": "Break points converted", "home": "0", "away": "2", "compareCode": 2}, {"name": "Return games played", "home": "4", "away": "4", "compareCode": 3}]}, {"groupName": "Points", "statisticsItems": [{"name": "Service points won", "home": "11", "away": "19", "compareCode": 2}, {"name": "Receiver points won", "home": "8", "away": "12", "compareCode": 2}, {"name": "Total points won", "home": "19", "away": "31", "compareCode": 2}, {"name": "Max points in a row", "home": "3", "away": "8", "compareCode": 2}]}]}, {"period": "2ND", "groups": [{"groupName": "Service", "statisticsItems": [{"name": "Aces", "home": "0", "away": "0", "compareCode": 3}, {"name": "Double faults", "home": "2", "away": "1", "compareCode": 1}, {"name": "First serve", "home": "15/26 (58%)", "away": "25/31 (81%)", "compareCode": 2}, {"name": "Second serve", "home": "9/11 (82%)", "away": "5/6 (83%)", "compareCode": 2}, {"name": "First serve points", "home": "7/15 (47%)", "away": "17/25 (68%)", "compareCode": 2}, {"name": "Second serve points", "home": "3/11 (27%)", "away": "1/6 (17%)", "compareCode": 1}, {"name": "Break points saved", "home": "0/3 (0%)", "away": "0/2 (0%)", "compareCode": 2}, {"name": "Service games played", "home": "5", "away": "5", "compareCode": 3}]}, {"groupName": "Return", "statisticsItems": [{"name": "First serve return points", "home": "8/25 (32%)", "away": "8/15 (53%)", "compareCode": 2}, {"name": "Second serve return points", "home": "5/6 (83%)", "away": "8/11 (72%)", "compareCode": 1}, {"name": "Break points converted", "home": "2", "away": "3", "compareCode": 2}, {"name": "Return games played", "home": "5", "away": "5", "compareCode": 3}]}, {"groupName": "Points", "statisticsItems": [{"name": "Service points won", "home": "10", "away": "18", "compareCode": 2}, {"name": "Receiver points won", "home": "13", "away": "16", "compareCode": 2}, {"name": "Total points won", "home": "23", "away": "34", "compareCode": 2}, {"name": "Max points in a row", "home": "6", "away": "10", "compareCode": 2}]}]}]}