{"statistics": [{"period": "ALL", "groups": [{"groupName": "Service", "statisticsItems": [{"name": "Aces", "home": "1", "away": "3", "compareCode": 2}, {"name": "Double faults", "home": "3", "away": "4", "compareCode": 2}, {"name": "First serve", "home": "41/70 (59%)", "away": "59/98 (60%)", "compareCode": 2}, {"name": "Second serve", "home": "26/29 (90%)", "away": "35/39 (90%)", "compareCode": 3}, {"name": "First serve points", "home": "26/41 (63%)", "away": "29/59 (49%)", "compareCode": 2}, {"name": "Second serve points", "home": "14/29 (48%)", "away": "19/39 (49%)", "compareCode": 2}, {"name": "Break points saved", "home": "4/9 (44%)", "away": "5/9 (55%)", "compareCode": 3}, {"name": "Service games played", "home": "10", "away": "11", "compareCode": 2}]}, {"groupName": "Return", "statisticsItems": [{"name": "First serve return points", "home": "30/59 (50%)", "away": "15/41 (36%)", "compareCode": 2}, {"name": "Second serve return points", "home": "20/39 (51%)", "away": "15/29 (51%)", "compareCode": 2}, {"name": "Break points converted", "home": "4", "away": "5", "compareCode": 2}, {"name": "Return games played", "home": "11", "away": "10", "compareCode": 2}]}, {"groupName": "Points", "statisticsItems": [{"name": "Service points won", "home": "40", "away": "48", "compareCode": 2}, {"name": "Receiver points won", "home": "50", "away": "30", "compareCode": 1}, {"name": "Total points won", "home": "90", "away": "78", "compareCode": 1}, {"name": "Max points in a row", "home": "8", "away": "6", "compareCode": 1}]}]}, {"period": "1ST", "groups": [{"groupName": "Service", "statisticsItems": [{"name": "Aces", "home": "0", "away": "2", "compareCode": 2}, {"name": "Double faults", "home": "2", "away": "2", "compareCode": 3}, {"name": "First serve", "home": "8/22 (36%)", "away": "25/47 (53%)", "compareCode": 2}, {"name": "Second serve", "home": "12/14 (86%)", "away": "20/22 (91%)", "compareCode": 2}, {"name": "First serve points", "home": "5/8 (63%)", "away": "16/25 (64%)", "compareCode": 2}, {"name": "Second serve points", "home": "7/14 (50%)", "away": "11/22 (50%)", "compareCode": 2}, {"name": "Break points saved", "home": "0/2 (0%)", "away": "4/5 (80%)", "compareCode": 1}, {"name": "Service games played", "home": "4", "away": "5", "compareCode": 2}]}, {"groupName": "Return", "statisticsItems": [{"name": "First serve return points", "home": "9/25 (36%)", "away": "3/8 (37%)", "compareCode": 2}, {"name": "Second serve return points", "home": "11/22 (50%)", "away": "7/14 (50%)", "compareCode": 2}, {"name": "Break points converted", "home": "1", "away": "2", "compareCode": 2}, {"name": "Return games played", "home": "5", "away": "4", "compareCode": 2}]}, {"groupName": "Points", "statisticsItems": [{"name": "Service points won", "home": "12", "away": "27", "compareCode": 2}, {"name": "Receiver points won", "home": "20", "away": "10", "compareCode": 1}, {"name": "Total points won", "home": "32", "away": "37", "compareCode": 2}, {"name": "Max points in a row", "home": "8", "away": "5", "compareCode": 1}]}]}, {"period": "2ND", "groups": [{"groupName": "Service", "statisticsItems": [{"name": "Aces", "home": "1", "away": "1", "compareCode": 3}, {"name": "Double faults", "home": "1", "away": "2", "compareCode": 2}, {"name": "First serve", "home": "27/42 (64%)", "away": "29/45 (64%)", "compareCode": 3}, {"name": "Second serve", "home": "14/15 (93%)", "away": "14/16 (88%)", "compareCode": 1}, {"name": "First serve points", "home": "16/27 (59%)", "away": "12/29 (41%)", "compareCode": 1}, {"name": "Second serve points", "home": "7/15 (47%)", "away": "8/16 (50%)", "compareCode": 2}, {"name": "Break points saved", "home": "4/7 (57%)", "away": "1/4 (25%)", "compareCode": 2}, {"name": "Service games played", "home": "6", "away": "6", "compareCode": 3}]}, {"groupName": "Return", "statisticsItems": [{"name": "First serve return points", "home": "17/29 (58%)", "away": "11/27 (40%)", "compareCode": 2}, {"name": "Second serve return points", "home": "8/16 (50%)", "away": "8/15 (53%)", "compareCode": 2}, {"name": "Break points converted", "home": "3", "away": "3", "compareCode": 3}, {"name": "Return games played", "home": "6", "away": "6", "compareCode": 3}]}, {"groupName": "Points", "statisticsItems": [{"name": "Service points won", "home": "23", "away": "20", "compareCode": 1}, {"name": "Receiver points won", "home": "25", "away": "19", "compareCode": 1}, {"name": "Total points won", "home": "48", "away": "39", "compareCode": 1}, {"name": "Max points in a row", "home": "8", "away": "4", "compareCode": 1}]}]}, {"period": "3RD", "groups": [{"groupName": "Service", "statisticsItems": [{"name": "Aces", "home": "0", "away": "0", "compareCode": 3}, {"name": "Double faults", "home": "0", "away": "0", "compareCode": 3}, {"name": "First serve", "home": "6/6 (100%)", "away": "5/6 (83%)", "compareCode": 1}, {"name": "Second serve", "home": "0/0 (0%)", "away": "1/1 (100%)", "compareCode": 2}, {"name": "First serve points", "home": "5/6 (83%)", "away": "1/5 (20%)", "compareCode": 1}, {"name": "Second serve points", "home": "0/0 (0%)", "away": "0/1 (0%)", "compareCode": 3}, {"name": "Break points saved", "home": "0/0 (0%)", "away": "0/0 (0%)", "compareCode": 3}, {"name": "Service games played", "home": "0", "away": "0", "compareCode": 3}]}, {"groupName": "Return", "statisticsItems": [{"name": "First serve return points", "home": "4/5 (80%)", "away": "1/6 (16%)", "compareCode": 3}, {"name": "Second serve return points", "home": "1/1 (100%)", "away": "0/0 (0%)", "compareCode": 2}, {"name": "Break points converted", "home": "0", "away": "0", "compareCode": 3}, {"name": "Return games played", "home": "0", "away": "0", "compareCode": 3}]}, {"groupName": "Points", "statisticsItems": [{"name": "Service points won", "home": "5", "away": "1", "compareCode": 1}, {"name": "Receiver points won", "home": "5", "away": "1", "compareCode": 1}, {"name": "Total points won", "home": "10", "away": "2", "compareCode": 1}, {"name": "Max points in a row", "home": "5", "away": "1", "compareCode": 1}]}]}]}