{"statistics": [{"period": "ALL", "groups": [{"groupName": "Service", "statisticsItems": [{"name": "Aces", "home": "0", "away": "1", "compareCode": 2}, {"name": "Double faults", "home": "2", "away": "3", "compareCode": 2}, {"name": "First serve", "home": "47/58 (81%)", "away": "40/66 (61%)", "compareCode": 1}, {"name": "Second serve", "home": "9/11 (82%)", "away": "23/26 (88%)", "compareCode": 2}, {"name": "First serve points", "home": "25/47 (53%)", "away": "25/40 (63%)", "compareCode": 3}, {"name": "Second serve points", "home": "6/11 (55%)", "away": "12/26 (46%)", "compareCode": 2}, {"name": "Break points saved", "home": "1/4 (25%)", "away": "2/6 (33%)", "compareCode": 1}, {"name": "Service games played", "home": "8", "away": "9", "compareCode": 2}]}, {"groupName": "Return", "statisticsItems": [{"name": "First serve return points", "home": "15/40 (37%)", "away": "22/47 (46%)", "compareCode": 2}, {"name": "Second serve return points", "home": "14/26 (53%)", "away": "5/11 (45%)", "compareCode": 2}, {"name": "Break points converted", "home": "4", "away": "3", "compareCode": 1}, {"name": "Return games played", "home": "9", "away": "8", "compareCode": 2}]}, {"groupName": "Points", "statisticsItems": [{"name": "Service points won", "home": "31", "away": "37", "compareCode": 2}, {"name": "Receiver points won", "home": "29", "away": "27", "compareCode": 1}, {"name": "Total points won", "home": "60", "away": "64", "compareCode": 2}, {"name": "Max points in a row", "home": "6", "away": "8", "compareCode": 2}]}]}, {"period": "1ST", "groups": [{"groupName": "Service", "statisticsItems": [{"name": "Aces", "home": "0", "away": "0", "compareCode": 3}, {"name": "Double faults", "home": "1", "away": "1", "compareCode": 3}, {"name": "First serve", "home": "20/26 (77%)", "away": "10/24 (42%)", "compareCode": 1}, {"name": "Second serve", "home": "5/6 (83%)", "away": "13/14 (93%)", "compareCode": 2}, {"name": "First serve points", "home": "12/20 (60%)", "away": "5/10 (50%)", "compareCode": 1}, {"name": "Second serve points", "home": "3/6 (50%)", "away": "5/14 (36%)", "compareCode": 2}, {"name": "Break points saved", "home": "0/1 (0%)", "away": "1/4 (25%)", "compareCode": 1}, {"name": "Service games played", "home": "4", "away": "4", "compareCode": 3}]}, {"groupName": "Return", "statisticsItems": [{"name": "First serve return points", "home": "5/10 (50%)", "away": "8/20 (40%)", "compareCode": 1}, {"name": "Second serve return points", "home": "9/14 (64%)", "away": "3/6 (50%)", "compareCode": 2}, {"name": "Break points converted", "home": "3", "away": "1", "compareCode": 1}, {"name": "Return games played", "home": "4", "away": "4", "compareCode": 3}]}, {"groupName": "Points", "statisticsItems": [{"name": "Service points won", "home": "15", "away": "10", "compareCode": 1}, {"name": "Receiver points won", "home": "14", "away": "11", "compareCode": 1}, {"name": "Total points won", "home": "29", "away": "21", "compareCode": 1}, {"name": "Max points in a row", "home": "6", "away": "4", "compareCode": 1}]}]}, {"period": "2ND", "groups": [{"groupName": "Service", "statisticsItems": [{"name": "Aces", "home": "0", "away": "0", "compareCode": 3}, {"name": "Double faults", "home": "1", "away": "2", "compareCode": 2}, {"name": "First serve", "home": "20/25 (80%)", "away": "25/34 (74%)", "compareCode": 1}, {"name": "Second serve", "home": "4/5 (80%)", "away": "7/9 (78%)", "compareCode": 1}, {"name": "First serve points", "home": "10/20 (50%)", "away": "15/25 (60%)", "compareCode": 2}, {"name": "Second serve points", "home": "3/5 (60%)", "away": "6/9 (67%)", "compareCode": 2}, {"name": "Break points saved", "home": "1/3 (33%)", "away": "1/2 (50%)", "compareCode": 2}, {"name": "Service games played", "home": "4", "away": "5", "compareCode": 2}]}, {"groupName": "Return", "statisticsItems": [{"name": "First serve return points", "home": "10/25 (40%)", "away": "10/20 (50%)", "compareCode": 2}, {"name": "Second serve return points", "home": "3/9 (33%)", "away": "2/5 (40%)", "compareCode": 2}, {"name": "Break points converted", "home": "1", "away": "2", "compareCode": 2}, {"name": "Return games played", "home": "5", "away": "4", "compareCode": 2}]}, {"groupName": "Points", "statisticsItems": [{"name": "Service points won", "home": "13", "away": "21", "compareCode": 2}, {"name": "Receiver points won", "home": "13", "away": "12", "compareCode": 1}, {"name": "Total points won", "home": "26", "away": "33", "compareCode": 2}, {"name": "Max points in a row", "home": "4", "away": "8", "compareCode": 2}]}]}, {"period": "3RD", "groups": [{"groupName": "Service", "statisticsItems": [{"name": "Aces", "home": "0", "away": "1", "compareCode": 2}, {"name": "Double faults", "home": "0", "away": "0", "compareCode": 3}, {"name": "First serve", "home": "7/7 (100%)", "away": "5/8 (63%)", "compareCode": 1}, {"name": "Second serve", "home": "0/0 (0%)", "away": "3/3 (100%)", "compareCode": 2}, {"name": "First serve points", "home": "3/7 (43%)", "away": "5/5 (100%)", "compareCode": 2}, {"name": "Second serve points", "home": "0/0 (0%)", "away": "1/3 (33%)", "compareCode": 2}, {"name": "Break points saved", "home": "0/0 (0%)", "away": "0/0 (0%)", "compareCode": 3}, {"name": "Service games played", "home": "0", "away": "0", "compareCode": 3}]}, {"groupName": "Return", "statisticsItems": [{"name": "First serve return points", "home": "0/5 (0%)", "away": "4/7 (57%)", "compareCode": 2}, {"name": "Second serve return points", "home": "2/3 (66%)", "away": "0/0 (0%)", "compareCode": 2}, {"name": "Break points converted", "home": "0", "away": "0", "compareCode": 3}, {"name": "Return games played", "home": "0", "away": "0", "compareCode": 3}]}, {"groupName": "Points", "statisticsItems": [{"name": "Service points won", "home": "3", "away": "6", "compareCode": 2}, {"name": "Receiver points won", "home": "2", "away": "4", "compareCode": 2}, {"name": "Total points won", "home": "5", "away": "10", "compareCode": 2}, {"name": "Max points in a row", "home": "2", "away": "5", "compareCode": 2}]}]}]}