{"statistics": [{"period": "ALL", "groups": [{"groupName": "Service", "statisticsItems": [{"name": "Aces", "home": "1", "away": "0", "compareCode": 1}, {"name": "Double faults", "home": "2", "away": "1", "compareCode": 1}, {"name": "First serve", "home": "44/52 (85%)", "away": "46/57 (81%)", "compareCode": 1}, {"name": "Second serve", "home": "6/8 (75%)", "away": "10/11 (91%)", "compareCode": 2}, {"name": "First serve points", "home": "27/44 (61%)", "away": "18/46 (39%)", "compareCode": 1}, {"name": "Second serve points", "home": "3/8 (38%)", "away": "4/11 (36%)", "compareCode": 2}, {"name": "Break points saved", "home": "0/3 (0%)", "away": "5/11 (45%)", "compareCode": 1}, {"name": "Service games played", "home": "9", "away": "8", "compareCode": 1}]}, {"groupName": "Return", "statisticsItems": [{"name": "First serve return points", "home": "28/46 (60%)", "away": "17/44 (38%)", "compareCode": 2}, {"name": "Second serve return points", "home": "7/11 (63%)", "away": "5/8 (62%)", "compareCode": 2}, {"name": "Break points converted", "home": "6", "away": "3", "compareCode": 1}, {"name": "Return games played", "home": "8", "away": "9", "compareCode": 1}]}, {"groupName": "Points", "statisticsItems": [{"name": "Service points won", "home": "30", "away": "22", "compareCode": 1}, {"name": "Receiver points won", "home": "35", "away": "22", "compareCode": 1}, {"name": "Total points won", "home": "65", "away": "44", "compareCode": 1}, {"name": "Max points in a row", "home": "6", "away": "4", "compareCode": 1}]}]}, {"period": "1ST", "groups": [{"groupName": "Service", "statisticsItems": [{"name": "Aces", "home": "0", "away": "0", "compareCode": 3}, {"name": "Double faults", "home": "2", "away": "0", "compareCode": 1}, {"name": "First serve", "home": "24/30 (80%)", "away": "28/30 (93%)", "compareCode": 2}, {"name": "Second serve", "home": "4/6 (67%)", "away": "2/2 (100%)", "compareCode": 2}, {"name": "First serve points", "home": "15/24 (63%)", "away": "11/28 (39%)", "compareCode": 1}, {"name": "Second serve points", "home": "2/6 (33%)", "away": "1/2 (50%)", "compareCode": 1}, {"name": "Break points saved", "home": "0/2 (0%)", "away": "3/6 (50%)", "compareCode": 1}, {"name": "Service games played", "home": "5", "away": "4", "compareCode": 1}]}, {"groupName": "Return", "statisticsItems": [{"name": "First serve return points", "home": "17/28 (60%)", "away": "9/24 (37%)", "compareCode": 3}, {"name": "Second serve return points", "home": "1/2 (50%)", "away": "4/6 (66%)", "compareCode": 1}, {"name": "Break points converted", "home": "3", "away": "2", "compareCode": 1}, {"name": "Return games played", "home": "4", "away": "5", "compareCode": 1}]}, {"groupName": "Points", "statisticsItems": [{"name": "Service points won", "home": "17", "away": "12", "compareCode": 1}, {"name": "Receiver points won", "home": "18", "away": "13", "compareCode": 1}, {"name": "Total points won", "home": "35", "away": "25", "compareCode": 1}, {"name": "Max points in a row", "home": "4", "away": "4", "compareCode": 3}]}]}, {"period": "2ND", "groups": [{"groupName": "Service", "statisticsItems": [{"name": "Aces", "home": "1", "away": "0", "compareCode": 1}, {"name": "Double faults", "home": "0", "away": "1", "compareCode": 2}, {"name": "First serve", "home": "20/22 (91%)", "away": "18/27 (67%)", "compareCode": 1}, {"name": "Second serve", "home": "2/2 (100%)", "away": "8/9 (89%)", "compareCode": 1}, {"name": "First serve points", "home": "12/20 (60%)", "away": "7/18 (39%)", "compareCode": 1}, {"name": "Second serve points", "home": "1/2 (50%)", "away": "3/9 (33%)", "compareCode": 2}, {"name": "Break points saved", "home": "0/1 (0%)", "away": "2/5 (40%)", "compareCode": 1}, {"name": "Service games played", "home": "4", "away": "4", "compareCode": 3}]}, {"groupName": "Return", "statisticsItems": [{"name": "First serve return points", "home": "11/18 (61%)", "away": "8/20 (40%)", "compareCode": 2}, {"name": "Second serve return points", "home": "6/9 (66%)", "away": "1/2 (50%)", "compareCode": 2}, {"name": "Break points converted", "home": "3", "away": "1", "compareCode": 1}, {"name": "Return games played", "home": "4", "away": "4", "compareCode": 3}]}, {"groupName": "Points", "statisticsItems": [{"name": "Service points won", "home": "13", "away": "10", "compareCode": 1}, {"name": "Receiver points won", "home": "17", "away": "9", "compareCode": 1}, {"name": "Total points won", "home": "30", "away": "19", "compareCode": 1}, {"name": "Max points in a row", "home": "6", "away": "4", "compareCode": 1}]}]}]}