{"statistics": [{"period": "ALL", "groups": [{"groupName": "Service", "statisticsItems": [{"name": "Aces", "home": "0", "away": "0", "compareCode": 3}, {"name": "Double faults", "home": "1", "away": "0", "compareCode": 1}, {"name": "First serve", "home": "69/82 (84%)", "away": "79/87 (91%)", "compareCode": 2}, {"name": "Second serve", "home": "12/13 (92%)", "away": "8/8 (100%)", "compareCode": 2}, {"name": "First serve points", "home": "33/69 (48%)", "away": "38/79 (48%)", "compareCode": 2}, {"name": "Second serve points", "home": "5/13 (38%)", "away": "3/8 (38%)", "compareCode": 1}, {"name": "Break points saved", "home": "7/12 (58%)", "away": "3/9 (33%)", "compareCode": 2}, {"name": "Service games played", "home": "11", "away": "11", "compareCode": 3}]}, {"groupName": "Return", "statisticsItems": [{"name": "First serve return points", "home": "41/79 (51%)", "away": "36/69 (52%)", "compareCode": 2}, {"name": "Second serve return points", "home": "5/8 (62%)", "away": "8/13 (61%)", "compareCode": 1}, {"name": "Break points converted", "home": "6", "away": "5", "compareCode": 1}, {"name": "Return games played", "home": "11", "away": "11", "compareCode": 3}]}, {"groupName": "Points", "statisticsItems": [{"name": "Service points won", "home": "38", "away": "41", "compareCode": 2}, {"name": "Receiver points won", "home": "46", "away": "44", "compareCode": 1}, {"name": "Total points won", "home": "84", "away": "85", "compareCode": 2}, {"name": "Max points in a row", "home": "6", "away": "5", "compareCode": 1}]}]}, {"period": "1ST", "groups": [{"groupName": "Service", "statisticsItems": [{"name": "Aces", "home": "0", "away": "0", "compareCode": 3}, {"name": "Double faults", "home": "1", "away": "0", "compareCode": 1}, {"name": "First serve", "home": "36/40 (90%)", "away": "44/45 (98%)", "compareCode": 2}, {"name": "Second serve", "home": "3/4 (75%)", "away": "1/1 (100%)", "compareCode": 2}, {"name": "First serve points", "home": "18/36 (50%)", "away": "22/44 (50%)", "compareCode": 2}, {"name": "Second serve points", "home": "1/4 (25%)", "away": "1/1 (100%)", "compareCode": 3}, {"name": "Break points saved", "home": "4/7 (57%)", "away": "1/4 (25%)", "compareCode": 2}, {"name": "Service games played", "home": "6", "away": "6", "compareCode": 3}]}, {"groupName": "Return", "statisticsItems": [{"name": "First serve return points", "home": "22/44 (50%)", "away": "18/36 (50%)", "compareCode": 2}, {"name": "Second serve return points", "home": "0/1 (0%)", "away": "3/4 (75%)", "compareCode": 1}, {"name": "Break points converted", "home": "3", "away": "3", "compareCode": 3}, {"name": "Return games played", "home": "6", "away": "6", "compareCode": 3}]}, {"groupName": "Points", "statisticsItems": [{"name": "Service points won", "home": "19", "away": "23", "compareCode": 2}, {"name": "Receiver points won", "home": "22", "away": "21", "compareCode": 1}, {"name": "Total points won", "home": "41", "away": "44", "compareCode": 2}, {"name": "Max points in a row", "home": "6", "away": "5", "compareCode": 1}]}]}, {"period": "2ND", "groups": [{"groupName": "Service", "statisticsItems": [{"name": "Aces", "home": "0", "away": "0", "compareCode": 3}, {"name": "Double faults", "home": "0", "away": "0", "compareCode": 3}, {"name": "First serve", "home": "26/33 (79%)", "away": "28/34 (82%)", "compareCode": 2}, {"name": "Second serve", "home": "7/7 (100%)", "away": "6/6 (100%)", "compareCode": 3}, {"name": "First serve points", "home": "14/26 (54%)", "away": "13/28 (46%)", "compareCode": 1}, {"name": "Second serve points", "home": "3/7 (43%)", "away": "2/6 (33%)", "compareCode": 1}, {"name": "Break points saved", "home": "3/5 (60%)", "away": "2/5 (40%)", "compareCode": 3}, {"name": "Service games played", "home": "5", "away": "5", "compareCode": 3}]}, {"groupName": "Return", "statisticsItems": [{"name": "First serve return points", "home": "15/28 (53%)", "away": "12/26 (46%)", "compareCode": 2}, {"name": "Second serve return points", "home": "4/6 (66%)", "away": "4/7 (57%)", "compareCode": 1}, {"name": "Break points converted", "home": "3", "away": "2", "compareCode": 1}, {"name": "Return games played", "home": "5", "away": "5", "compareCode": 3}]}, {"groupName": "Points", "statisticsItems": [{"name": "Service points won", "home": "17", "away": "15", "compareCode": 1}, {"name": "Receiver points won", "home": "19", "away": "16", "compareCode": 1}, {"name": "Total points won", "home": "36", "away": "31", "compareCode": 1}, {"name": "Max points in a row", "home": "5", "away": "4", "compareCode": 1}]}]}, {"period": "3RD", "groups": [{"groupName": "Service", "statisticsItems": [{"name": "Aces", "home": "0", "away": "0", "compareCode": 3}, {"name": "Double faults", "home": "0", "away": "0", "compareCode": 3}, {"name": "First serve", "home": "7/9 (78%)", "away": "7/8 (88%)", "compareCode": 2}, {"name": "Second serve", "home": "2/2 (100%)", "away": "1/1 (100%)", "compareCode": 3}, {"name": "First serve points", "home": "1/7 (14%)", "away": "3/7 (43%)", "compareCode": 2}, {"name": "Second serve points", "home": "1/2 (50%)", "away": "0/1 (0%)", "compareCode": 1}, {"name": "Break points saved", "home": "0/0 (0%)", "away": "0/0 (0%)", "compareCode": 3}, {"name": "Service games played", "home": "0", "away": "0", "compareCode": 3}]}, {"groupName": "Return", "statisticsItems": [{"name": "First serve return points", "home": "4/7 (57%)", "away": "6/7 (85%)", "compareCode": 1}, {"name": "Second serve return points", "home": "1/1 (100%)", "away": "1/2 (50%)", "compareCode": 1}, {"name": "Break points converted", "home": "0", "away": "0", "compareCode": 3}, {"name": "Return games played", "home": "0", "away": "0", "compareCode": 3}]}, {"groupName": "Points", "statisticsItems": [{"name": "Service points won", "home": "2", "away": "3", "compareCode": 2}, {"name": "Receiver points won", "home": "5", "away": "7", "compareCode": 2}, {"name": "Total points won", "home": "7", "away": "10", "compareCode": 2}, {"name": "Max points in a row", "home": "3", "away": "4", "compareCode": 2}]}]}]}