{"statistics": [{"period": "ALL", "groups": [{"groupName": "Service", "statisticsItems": [{"name": "Aces", "home": "0", "away": "1", "compareCode": 2}, {"name": "Double faults", "home": "1", "away": "0", "compareCode": 1}, {"name": "First serve", "home": "42/46 (91%)", "away": "60/61 (98%)", "compareCode": 2}, {"name": "Second serve", "home": "3/4 (75%)", "away": "1/1 (100%)", "compareCode": 2}, {"name": "First serve points", "home": "27/42 (64%)", "away": "29/60 (48%)", "compareCode": 2}, {"name": "Second serve points", "home": "3/4 (75%)", "away": "0/1 (0%)", "compareCode": 1}, {"name": "Break points saved", "home": "1/3 (33%)", "away": "3/8 (37%)", "compareCode": 1}, {"name": "Service games played", "home": "9", "away": "8", "compareCode": 1}]}, {"groupName": "Return", "statisticsItems": [{"name": "First serve return points", "home": "31/60 (51%)", "away": "15/42 (35%)", "compareCode": 2}, {"name": "Second serve return points", "home": "1/1 (100%)", "away": "1/4 (25%)", "compareCode": 1}, {"name": "Break points converted", "home": "5", "away": "2", "compareCode": 1}, {"name": "Return games played", "home": "8", "away": "9", "compareCode": 1}]}, {"groupName": "Points", "statisticsItems": [{"name": "Service points won", "home": "30", "away": "29", "compareCode": 1}, {"name": "Receiver points won", "home": "32", "away": "16", "compareCode": 1}, {"name": "Total points won", "home": "62", "away": "45", "compareCode": 1}, {"name": "Max points in a row", "home": "8", "away": "5", "compareCode": 1}]}]}, {"period": "1ST", "groups": [{"groupName": "Service", "statisticsItems": [{"name": "Aces", "home": "0", "away": "0", "compareCode": 3}, {"name": "Double faults", "home": "0", "away": "0", "compareCode": 3}, {"name": "First serve", "home": "19/21 (90%)", "away": "23/23 (100%)", "compareCode": 2}, {"name": "Second serve", "home": "2/2 (100%)", "away": "0/0 (0%)", "compareCode": 1}, {"name": "First serve points", "home": "11/19 (58%)", "away": "10/23 (43%)", "compareCode": 1}, {"name": "Second serve points", "home": "2/2 (100%)", "away": "0/0 (0%)", "compareCode": 1}, {"name": "Break points saved", "home": "0/1 (0%)", "away": "0/3 (0%)", "compareCode": 1}, {"name": "Service games played", "home": "4", "away": "4", "compareCode": 3}]}, {"groupName": "Return", "statisticsItems": [{"name": "First serve return points", "home": "13/23 (56%)", "away": "8/19 (42%)", "compareCode": 2}, {"name": "Second serve return points", "home": "0/0 (0%)", "away": "0/2 (0%)", "compareCode": 1}, {"name": "Break points converted", "home": "3", "away": "1", "compareCode": 1}, {"name": "Return games played", "home": "4", "away": "4", "compareCode": 3}]}, {"groupName": "Points", "statisticsItems": [{"name": "Service points won", "home": "13", "away": "10", "compareCode": 1}, {"name": "Receiver points won", "home": "13", "away": "8", "compareCode": 1}, {"name": "Total points won", "home": "26", "away": "18", "compareCode": 1}, {"name": "Max points in a row", "home": "6", "away": "5", "compareCode": 1}]}]}, {"period": "2ND", "groups": [{"groupName": "Service", "statisticsItems": [{"name": "Aces", "home": "0", "away": "1", "compareCode": 2}, {"name": "Double faults", "home": "1", "away": "0", "compareCode": 1}, {"name": "First serve", "home": "23/25 (92%)", "away": "37/38 (97%)", "compareCode": 2}, {"name": "Second serve", "home": "1/2 (50%)", "away": "1/1 (100%)", "compareCode": 2}, {"name": "First serve points", "home": "16/23 (70%)", "away": "19/37 (51%)", "compareCode": 2}, {"name": "Second serve points", "home": "1/2 (50%)", "away": "0/1 (0%)", "compareCode": 1}, {"name": "Break points saved", "home": "1/2 (50%)", "away": "3/5 (60%)", "compareCode": 1}, {"name": "Service games played", "home": "5", "away": "4", "compareCode": 1}]}, {"groupName": "Return", "statisticsItems": [{"name": "First serve return points", "home": "18/37 (48%)", "away": "7/23 (30%)", "compareCode": 2}, {"name": "Second serve return points", "home": "1/1 (100%)", "away": "1/2 (50%)", "compareCode": 1}, {"name": "Break points converted", "home": "2", "away": "1", "compareCode": 1}, {"name": "Return games played", "home": "4", "away": "5", "compareCode": 1}]}, {"groupName": "Points", "statisticsItems": [{"name": "Service points won", "home": "17", "away": "19", "compareCode": 2}, {"name": "Receiver points won", "home": "19", "away": "8", "compareCode": 1}, {"name": "Total points won", "home": "36", "away": "27", "compareCode": 1}, {"name": "Max points in a row", "home": "8", "away": "3", "compareCode": 1}]}]}]}