{"statistics": [{"period": "ALL", "groups": [{"groupName": "Service", "statisticsItems": [{"name": "Aces", "home": "0", "away": "2", "compareCode": 2}, {"name": "First serve", "home": "64/76 (84%)", "away": "61/73 (84%)", "compareCode": 3}, {"name": "Second serve", "home": "12/12 (100%)", "away": "12/12 (100%)", "compareCode": 3}, {"name": "First serve points", "home": "34/64 (53%)", "away": "36/61 (59%)", "compareCode": 2}, {"name": "Second serve points", "home": "6/12 (50%)", "away": "7/12 (58%)", "compareCode": 2}, {"name": "Break points saved", "home": "6/9 (66%)", "away": "5/8 (62%)", "compareCode": 2}, {"name": "Service games played", "home": "9", "away": "10", "compareCode": 2}]}, {"groupName": "Return", "statisticsItems": [{"name": "First serve return points", "home": "25/61 (40%)", "away": "30/64 (46%)", "compareCode": 1}, {"name": "Second serve return points", "home": "5/12 (41%)", "away": "6/12 (50%)", "compareCode": 3}, {"name": "Break points converted", "home": "3", "away": "3", "compareCode": 3}, {"name": "Return games played", "home": "10", "away": "9", "compareCode": 2}]}, {"groupName": "Points", "statisticsItems": [{"name": "Service points won", "home": "40", "away": "43", "compareCode": 2}, {"name": "Receiver points won", "home": "30", "away": "36", "compareCode": 2}, {"name": "Total points won", "home": "70", "away": "79", "compareCode": 2}, {"name": "Max points in a row", "home": "6", "away": "5", "compareCode": 1}]}]}, {"period": "1ST", "groups": [{"groupName": "Service", "statisticsItems": [{"name": "Aces", "home": "0", "away": "0", "compareCode": 3}, {"name": "Double faults", "home": "0", "away": "0", "compareCode": 3}, {"name": "First serve", "home": "31/40 (78%)", "away": "29/32 (91%)", "compareCode": 2}, {"name": "Second serve", "home": "9/9 (100%)", "away": "3/3 (100%)", "compareCode": 3}, {"name": "First serve points", "home": "19/31 (61%)", "away": "16/29 (55%)", "compareCode": 1}, {"name": "Second serve points", "home": "4/9 (44%)", "away": "2/3 (67%)", "compareCode": 1}, {"name": "Break points saved", "home": "3/4 (75%)", "away": "2/4 (50%)", "compareCode": 3}, {"name": "Service games played", "home": "5", "away": "5", "compareCode": 3}]}, {"groupName": "Return", "statisticsItems": [{"name": "First serve return points", "home": "13/29 (44%)", "away": "12/31 (38%)", "compareCode": 1}, {"name": "Second serve return points", "home": "1/3 (33%)", "away": "5/9 (55%)", "compareCode": 1}, {"name": "Break points converted", "home": "2", "away": "1", "compareCode": 1}, {"name": "Return games played", "home": "5", "away": "5", "compareCode": 3}]}, {"groupName": "Points", "statisticsItems": [{"name": "Service points won", "home": "23", "away": "18", "compareCode": 1}, {"name": "Receiver points won", "home": "14", "away": "17", "compareCode": 2}, {"name": "Total points won", "home": "37", "away": "35", "compareCode": 1}, {"name": "Max points in a row", "home": "5", "away": "5", "compareCode": 3}]}]}, {"period": "2ND", "groups": [{"groupName": "Service", "statisticsItems": [{"name": "Aces", "home": "0", "away": "2", "compareCode": 2}, {"name": "Double faults", "home": "0", "away": "0", "compareCode": 3}, {"name": "First serve", "home": "25/27 (93%)", "away": "27/33 (82%)", "compareCode": 1}, {"name": "Second serve", "home": "2/2 (100%)", "away": "6/6 (100%)", "compareCode": 3}, {"name": "First serve points", "home": "12/25 (48%)", "away": "16/27 (59%)", "compareCode": 2}, {"name": "Second serve points", "home": "1/2 (50%)", "away": "4/6 (67%)", "compareCode": 2}, {"name": "Break points saved", "home": "3/5 (60%)", "away": "3/4 (75%)", "compareCode": 2}, {"name": "Service games played", "home": "4", "away": "5", "compareCode": 2}]}, {"groupName": "Return", "statisticsItems": [{"name": "First serve return points", "home": "11/27 (40%)", "away": "13/25 (52%)", "compareCode": 2}, {"name": "Second serve return points", "home": "2/6 (33%)", "away": "1/2 (50%)", "compareCode": 2}, {"name": "Break points converted", "home": "1", "away": "2", "compareCode": 2}, {"name": "Return games played", "home": "5", "away": "4", "compareCode": 2}]}, {"groupName": "Points", "statisticsItems": [{"name": "Service points won", "home": "13", "away": "20", "compareCode": 2}, {"name": "Receiver points won", "home": "13", "away": "14", "compareCode": 2}, {"name": "Total points won", "home": "26", "away": "34", "compareCode": 2}, {"name": "Max points in a row", "home": "6", "away": "5", "compareCode": 1}]}]}, {"period": "3RD", "groups": [{"groupName": "Service", "statisticsItems": [{"name": "Aces", "home": "0", "away": "0", "compareCode": 3}, {"name": "Double faults", "home": "0", "away": "0", "compareCode": 3}, {"name": "First serve", "home": "8/9 (89%)", "away": "5/8 (63%)", "compareCode": 1}, {"name": "Second serve", "home": "1/1 (100%)", "away": "3/3 (100%)", "compareCode": 3}, {"name": "First serve points", "home": "3/8 (38%)", "away": "4/5 (80%)", "compareCode": 2}, {"name": "Second serve points", "home": "1/1 (100%)", "away": "1/3 (33%)", "compareCode": 3}, {"name": "Break points saved", "home": "0/0 (0%)", "away": "0/0 (0%)", "compareCode": 3}, {"name": "Service games played", "home": "0", "away": "0", "compareCode": 3}]}, {"groupName": "Return", "statisticsItems": [{"name": "First serve return points", "home": "1/5 (20%)", "away": "5/8 (62%)", "compareCode": 1}, {"name": "Second serve return points", "home": "2/3 (66%)", "away": "0/1 (0%)", "compareCode": 2}, {"name": "Break points converted", "home": "0", "away": "0", "compareCode": 3}, {"name": "Return games played", "home": "0", "away": "0", "compareCode": 3}]}, {"groupName": "Points", "statisticsItems": [{"name": "Service points won", "home": "4", "away": "5", "compareCode": 2}, {"name": "Receiver points won", "home": "3", "away": "5", "compareCode": 2}, {"name": "Total points won", "home": "7", "away": "10", "compareCode": 2}, {"name": "Max points in a row", "home": "2", "away": "3", "compareCode": 2}]}]}]}