{"statistics": [{"period": "ALL", "groups": [{"groupName": "Service", "statisticsItems": [{"name": "Aces", "home": "0", "away": "0", "compareCode": 3}, {"name": "First serve", "home": "62/77 (81%)", "away": "54/70 (77%)", "compareCode": 1}, {"name": "Second serve", "home": "15/15 (100%)", "away": "16/16 (100%)", "compareCode": 3}, {"name": "First serve points", "home": "35/62 (56%)", "away": "28/54 (52%)", "compareCode": 1}, {"name": "Second serve points", "home": "9/15 (60%)", "away": "8/16 (50%)", "compareCode": 1}, {"name": "Break points saved", "home": "4/8 (50%)", "away": "1/6 (16%)", "compareCode": 2}, {"name": "Service games played", "home": "11", "away": "11", "compareCode": 3}]}, {"groupName": "Return", "statisticsItems": [{"name": "First serve return points", "home": "26/54 (48%)", "away": "27/62 (43%)", "compareCode": 1}, {"name": "Second serve return points", "home": "8/16 (50%)", "away": "6/15 (40%)", "compareCode": 2}, {"name": "Break points converted", "home": "5", "away": "4", "compareCode": 1}, {"name": "Return games played", "home": "11", "away": "11", "compareCode": 3}]}, {"groupName": "Points", "statisticsItems": [{"name": "Service points won", "home": "44", "away": "36", "compareCode": 1}, {"name": "Receiver points won", "home": "34", "away": "33", "compareCode": 1}, {"name": "Total points won", "home": "78", "away": "69", "compareCode": 1}, {"name": "Max points in a row", "home": "9", "away": "8", "compareCode": 1}]}]}, {"period": "1ST", "groups": [{"groupName": "Service", "statisticsItems": [{"name": "Aces", "home": "0", "away": "0", "compareCode": 3}, {"name": "Double faults", "home": "0", "away": "0", "compareCode": 3}, {"name": "First serve", "home": "24/33 (73%)", "away": "23/30 (77%)", "compareCode": 2}, {"name": "Second serve", "home": "9/9 (100%)", "away": "7/7 (100%)", "compareCode": 3}, {"name": "First serve points", "home": "15/24 (63%)", "away": "11/23 (48%)", "compareCode": 1}, {"name": "Second serve points", "home": "5/9 (56%)", "away": "2/7 (29%)", "compareCode": 1}, {"name": "Break points saved", "home": "2/4 (50%)", "away": "1/4 (25%)", "compareCode": 3}, {"name": "Service games played", "home": "5", "away": "5", "compareCode": 3}]}, {"groupName": "Return", "statisticsItems": [{"name": "First serve return points", "home": "12/23 (52%)", "away": "9/24 (37%)", "compareCode": 1}, {"name": "Second serve return points", "home": "5/7 (71%)", "away": "4/9 (44%)", "compareCode": 1}, {"name": "Break points converted", "home": "3", "away": "2", "compareCode": 1}, {"name": "Return games played", "home": "5", "away": "5", "compareCode": 3}]}, {"groupName": "Points", "statisticsItems": [{"name": "Service points won", "home": "20", "away": "13", "compareCode": 1}, {"name": "Receiver points won", "home": "17", "away": "13", "compareCode": 1}, {"name": "Total points won", "home": "37", "away": "26", "compareCode": 1}, {"name": "Max points in a row", "home": "9", "away": "4", "compareCode": 1}]}]}, {"period": "2ND", "groups": [{"groupName": "Service", "statisticsItems": [{"name": "Aces", "home": "0", "away": "0", "compareCode": 3}, {"name": "Double faults", "home": "0", "away": "0", "compareCode": 3}, {"name": "First serve", "home": "38/44 (86%)", "away": "31/40 (78%)", "compareCode": 1}, {"name": "Second serve", "home": "6/6 (100%)", "away": "9/9 (100%)", "compareCode": 3}, {"name": "First serve points", "home": "20/38 (53%)", "away": "17/31 (55%)", "compareCode": 1}, {"name": "Second serve points", "home": "4/6 (67%)", "away": "6/9 (67%)", "compareCode": 2}, {"name": "Break points saved", "home": "2/4 (50%)", "away": "0/2 (0%)", "compareCode": 2}, {"name": "Service games played", "home": "6", "away": "6", "compareCode": 3}]}, {"groupName": "Return", "statisticsItems": [{"name": "First serve return points", "home": "14/31 (45%)", "away": "18/38 (47%)", "compareCode": 1}, {"name": "Second serve return points", "home": "3/9 (33%)", "away": "2/6 (33%)", "compareCode": 2}, {"name": "Break points converted", "home": "2", "away": "2", "compareCode": 3}, {"name": "Return games played", "home": "6", "away": "6", "compareCode": 3}]}, {"groupName": "Points", "statisticsItems": [{"name": "Service points won", "home": "24", "away": "23", "compareCode": 1}, {"name": "Receiver points won", "home": "17", "away": "20", "compareCode": 2}, {"name": "Total points won", "home": "41", "away": "43", "compareCode": 2}, {"name": "Max points in a row", "home": "6", "away": "8", "compareCode": 2}]}]}]}