{"statistics": [{"period": "ALL", "groups": [{"groupName": "Service", "statisticsItems": [{"name": "Aces", "home": "0", "away": "0", "compareCode": 3}, {"name": "Double faults", "home": "0", "away": "1", "compareCode": 2}, {"name": "First serve", "home": "49/59 (83%)", "away": "53/68 (78%)", "compareCode": 1}, {"name": "Second serve", "home": "10/10 (100%)", "away": "14/15 (93%)", "compareCode": 1}, {"name": "First serve points", "home": "32/49 (65%)", "away": "30/53 (57%)", "compareCode": 1}, {"name": "Second serve points", "home": "7/10 (70%)", "away": "9/15 (60%)", "compareCode": 2}, {"name": "Break points saved", "home": "3/4 (75%)", "away": "6/9 (66%)", "compareCode": 1}, {"name": "Service games played", "home": "10", "away": "10", "compareCode": 3}]}, {"groupName": "Return", "statisticsItems": [{"name": "First serve return points", "home": "23/53 (43%)", "away": "17/49 (34%)", "compareCode": 2}, {"name": "Second serve return points", "home": "6/15 (40%)", "away": "3/10 (30%)", "compareCode": 2}, {"name": "Break points converted", "home": "3", "away": "1", "compareCode": 1}, {"name": "Return games played", "home": "10", "away": "10", "compareCode": 3}]}, {"groupName": "Points", "statisticsItems": [{"name": "Service points won", "home": "39", "away": "39", "compareCode": 3}, {"name": "Receiver points won", "home": "29", "away": "20", "compareCode": 1}, {"name": "Total points won", "home": "68", "away": "59", "compareCode": 1}, {"name": "Max points in a row", "home": "7", "away": "6", "compareCode": 1}]}]}, {"period": "1ST", "groups": [{"groupName": "Service", "statisticsItems": [{"name": "Aces", "home": "0", "away": "0", "compareCode": 3}, {"name": "Double faults", "home": "0", "away": "1", "compareCode": 2}, {"name": "First serve", "home": "23/29 (79%)", "away": "22/35 (63%)", "compareCode": 1}, {"name": "Second serve", "home": "6/6 (100%)", "away": "12/13 (92%)", "compareCode": 1}, {"name": "First serve points", "home": "17/23 (74%)", "away": "12/22 (55%)", "compareCode": 1}, {"name": "Second serve points", "home": "3/6 (50%)", "away": "9/13 (69%)", "compareCode": 2}, {"name": "Break points saved", "home": "0/0 (0%)", "away": "2/3 (66%)", "compareCode": 1}, {"name": "Service games played", "home": "5", "away": "5", "compareCode": 3}]}, {"groupName": "Return", "statisticsItems": [{"name": "First serve return points", "home": "10/22 (45%)", "away": "6/23 (26%)", "compareCode": 2}, {"name": "Second serve return points", "home": "4/13 (30%)", "away": "3/6 (50%)", "compareCode": 2}, {"name": "Break points converted", "home": "1", "away": "0", "compareCode": 1}, {"name": "Return games played", "home": "5", "away": "5", "compareCode": 3}]}, {"groupName": "Points", "statisticsItems": [{"name": "Service points won", "home": "20", "away": "21", "compareCode": 2}, {"name": "Receiver points won", "home": "14", "away": "9", "compareCode": 1}, {"name": "Total points won", "home": "34", "away": "30", "compareCode": 1}, {"name": "Max points in a row", "home": "4", "away": "4", "compareCode": 3}]}]}, {"period": "2ND", "groups": [{"groupName": "Service", "statisticsItems": [{"name": "Aces", "home": "0", "away": "0", "compareCode": 3}, {"name": "Double faults", "home": "0", "away": "0", "compareCode": 3}, {"name": "First serve", "home": "26/30 (87%)", "away": "31/33 (94%)", "compareCode": 2}, {"name": "Second serve", "home": "4/4 (100%)", "away": "2/2 (100%)", "compareCode": 3}, {"name": "First serve points", "home": "15/26 (58%)", "away": "18/31 (58%)", "compareCode": 2}, {"name": "Second serve points", "home": "4/4 (100%)", "away": "0/2 (0%)", "compareCode": 1}, {"name": "Break points saved", "home": "3/4 (75%)", "away": "4/6 (66%)", "compareCode": 1}, {"name": "Service games played", "home": "5", "away": "5", "compareCode": 3}]}, {"groupName": "Return", "statisticsItems": [{"name": "First serve return points", "home": "13/31 (41%)", "away": "11/26 (42%)", "compareCode": 2}, {"name": "Second serve return points", "home": "2/2 (100%)", "away": "0/4 (0%)", "compareCode": 1}, {"name": "Break points converted", "home": "2", "away": "1", "compareCode": 1}, {"name": "Return games played", "home": "5", "away": "5", "compareCode": 3}]}, {"groupName": "Points", "statisticsItems": [{"name": "Service points won", "home": "19", "away": "18", "compareCode": 1}, {"name": "Receiver points won", "home": "15", "away": "11", "compareCode": 1}, {"name": "Total points won", "home": "34", "away": "29", "compareCode": 1}, {"name": "Max points in a row", "home": "7", "away": "6", "compareCode": 1}]}]}]}