{"statistics": [{"period": "ALL", "groups": [{"groupName": "Service", "statisticsItems": [{"name": "Aces", "home": "0", "away": "0", "compareCode": 3}, {"name": "Double faults", "home": "2", "away": "0", "compareCode": 1}, {"name": "First serve", "home": "40/54 (74%)", "away": "46/64 (72%)", "compareCode": 1}, {"name": "Second serve", "home": "12/14 (86%)", "away": "18/18 (100%)", "compareCode": 2}, {"name": "First serve points", "home": "30/40 (75%)", "away": "28/46 (61%)", "compareCode": 1}, {"name": "Second serve points", "home": "9/14 (64%)", "away": "6/18 (33%)", "compareCode": 1}, {"name": "Break points saved", "home": "2/3 (66%)", "away": "6/9 (66%)", "compareCode": 1}, {"name": "Service games played", "home": "10", "away": "9", "compareCode": 1}]}, {"groupName": "Return", "statisticsItems": [{"name": "First serve return points", "home": "18/46 (39%)", "away": "10/40 (25%)", "compareCode": 2}, {"name": "Second serve return points", "home": "12/18 (66%)", "away": "5/14 (35%)", "compareCode": 2}, {"name": "Break points converted", "home": "3", "away": "1", "compareCode": 1}, {"name": "Return games played", "home": "9", "away": "10", "compareCode": 1}]}, {"groupName": "Points", "statisticsItems": [{"name": "Service points won", "home": "39", "away": "34", "compareCode": 1}, {"name": "Receiver points won", "home": "30", "away": "15", "compareCode": 1}, {"name": "Total points won", "home": "69", "away": "49", "compareCode": 1}, {"name": "Max points in a row", "home": "10", "away": "6", "compareCode": 1}]}]}, {"period": "1ST", "groups": [{"groupName": "Service", "statisticsItems": [{"name": "Aces", "home": "0", "away": "0", "compareCode": 3}, {"name": "Double faults", "home": "0", "away": "0", "compareCode": 3}, {"name": "First serve", "home": "19/26 (73%)", "away": "17/23 (74%)", "compareCode": 2}, {"name": "Second serve", "home": "7/7 (100%)", "away": "6/6 (100%)", "compareCode": 3}, {"name": "First serve points", "home": "16/19 (84%)", "away": "11/17 (65%)", "compareCode": 1}, {"name": "Second serve points", "home": "4/7 (57%)", "away": "3/6 (50%)", "compareCode": 1}, {"name": "Break points saved", "home": "0/0 (0%)", "away": "0/1 (0%)", "compareCode": 1}, {"name": "Service games played", "home": "5", "away": "4", "compareCode": 1}]}, {"groupName": "Return", "statisticsItems": [{"name": "First serve return points", "home": "6/17 (35%)", "away": "3/19 (15%)", "compareCode": 1}, {"name": "Second serve return points", "home": "3/6 (50%)", "away": "3/7 (42%)", "compareCode": 1}, {"name": "Break points converted", "home": "1", "away": "0", "compareCode": 1}, {"name": "Return games played", "home": "4", "away": "5", "compareCode": 1}]}, {"groupName": "Points", "statisticsItems": [{"name": "Service points won", "home": "20", "away": "14", "compareCode": 1}, {"name": "Receiver points won", "home": "9", "away": "6", "compareCode": 1}, {"name": "Total points won", "home": "29", "away": "20", "compareCode": 1}, {"name": "Max points in a row", "home": "6", "away": "4", "compareCode": 1}]}]}, {"period": "2ND", "groups": [{"groupName": "Service", "statisticsItems": [{"name": "Aces", "home": "0", "away": "0", "compareCode": 3}, {"name": "Double faults", "home": "2", "away": "0", "compareCode": 1}, {"name": "First serve", "home": "21/28 (75%)", "away": "29/41 (71%)", "compareCode": 1}, {"name": "Second serve", "home": "5/7 (71%)", "away": "12/12 (100%)", "compareCode": 2}, {"name": "First serve points", "home": "14/21 (67%)", "away": "17/29 (59%)", "compareCode": 2}, {"name": "Second serve points", "home": "5/7 (71%)", "away": "3/12 (25%)", "compareCode": 1}, {"name": "Break points saved", "home": "2/3 (66%)", "away": "6/8 (75%)", "compareCode": 1}, {"name": "Service games played", "home": "5", "away": "5", "compareCode": 3}]}, {"groupName": "Return", "statisticsItems": [{"name": "First serve return points", "home": "12/29 (41%)", "away": "7/21 (33%)", "compareCode": 2}, {"name": "Second serve return points", "home": "9/12 (75%)", "away": "2/7 (28%)", "compareCode": 2}, {"name": "Break points converted", "home": "2", "away": "1", "compareCode": 1}, {"name": "Return games played", "home": "5", "away": "5", "compareCode": 3}]}, {"groupName": "Points", "statisticsItems": [{"name": "Service points won", "home": "19", "away": "20", "compareCode": 2}, {"name": "Receiver points won", "home": "21", "away": "9", "compareCode": 1}, {"name": "Total points won", "home": "40", "away": "29", "compareCode": 1}, {"name": "Max points in a row", "home": "10", "away": "6", "compareCode": 1}]}]}]}