{"statistics": [{"period": "ALL", "groups": [{"groupName": "Service", "statisticsItems": [{"name": "Aces", "home": "4", "away": "0", "compareCode": 1}, {"name": "Double faults", "home": "3", "away": "0", "compareCode": 1}, {"name": "First serve", "home": "54/69 (78%)", "away": "69/80 (86%)", "compareCode": 2}, {"name": "Second serve", "home": "12/15 (80%)", "away": "11/11 (100%)", "compareCode": 2}, {"name": "First serve points", "home": "36/54 (67%)", "away": "35/69 (51%)", "compareCode": 1}, {"name": "Second serve points", "home": "5/15 (33%)", "away": "6/11 (55%)", "compareCode": 2}, {"name": "Break points saved", "home": "0/3 (0%)", "away": "3/8 (37%)", "compareCode": 1}, {"name": "Service games played", "home": "10", "away": "10", "compareCode": 3}]}, {"groupName": "Return", "statisticsItems": [{"name": "First serve return points", "home": "34/69 (49%)", "away": "18/54 (33%)", "compareCode": 2}, {"name": "Second serve return points", "home": "5/11 (45%)", "away": "10/15 (66%)", "compareCode": 1}, {"name": "Break points converted", "home": "5", "away": "3", "compareCode": 1}, {"name": "Return games played", "home": "10", "away": "10", "compareCode": 3}]}, {"groupName": "Points", "statisticsItems": [{"name": "Service points won", "home": "41", "away": "41", "compareCode": 3}, {"name": "Receiver points won", "home": "39", "away": "28", "compareCode": 1}, {"name": "Total points won", "home": "80", "away": "69", "compareCode": 1}, {"name": "Max points in a row", "home": "8", "away": "5", "compareCode": 1}]}]}, {"period": "1ST", "groups": [{"groupName": "Service", "statisticsItems": [{"name": "Aces", "home": "2", "away": "0", "compareCode": 1}, {"name": "Double faults", "home": "2", "away": "0", "compareCode": 1}, {"name": "First serve", "home": "24/37 (65%)", "away": "41/50 (82%)", "compareCode": 2}, {"name": "Second serve", "home": "11/13 (85%)", "away": "9/9 (100%)", "compareCode": 2}, {"name": "First serve points", "home": "17/24 (71%)", "away": "24/41 (59%)", "compareCode": 2}, {"name": "Second serve points", "home": "4/13 (31%)", "away": "5/9 (56%)", "compareCode": 2}, {"name": "Break points saved", "home": "0/2 (0%)", "away": "2/4 (50%)", "compareCode": 1}, {"name": "Service games played", "home": "6", "away": "6", "compareCode": 3}]}, {"groupName": "Return", "statisticsItems": [{"name": "First serve return points", "home": "17/41 (41%)", "away": "7/24 (29%)", "compareCode": 2}, {"name": "Second serve return points", "home": "4/9 (44%)", "away": "9/13 (69%)", "compareCode": 1}, {"name": "Break points converted", "home": "2", "away": "2", "compareCode": 3}, {"name": "Return games played", "home": "6", "away": "6", "compareCode": 3}]}, {"groupName": "Points", "statisticsItems": [{"name": "Service points won", "home": "21", "away": "29", "compareCode": 2}, {"name": "Receiver points won", "home": "21", "away": "16", "compareCode": 1}, {"name": "Total points won", "home": "42", "away": "45", "compareCode": 2}, {"name": "Max points in a row", "home": "8", "away": "5", "compareCode": 1}]}]}, {"period": "2ND", "groups": [{"groupName": "Service", "statisticsItems": [{"name": "Aces", "home": "0", "away": "0", "compareCode": 3}, {"name": "Double faults", "home": "1", "away": "0", "compareCode": 1}, {"name": "First serve", "home": "22/24 (92%)", "away": "20/22 (91%)", "compareCode": 1}, {"name": "Second serve", "home": "1/2 (50%)", "away": "2/2 (100%)", "compareCode": 2}, {"name": "First serve points", "home": "14/22 (64%)", "away": "8/20 (40%)", "compareCode": 1}, {"name": "Second serve points", "home": "1/2 (50%)", "away": "1/2 (50%)", "compareCode": 3}, {"name": "Break points saved", "home": "0/1 (0%)", "away": "1/4 (25%)", "compareCode": 1}, {"name": "Service games played", "home": "4", "away": "4", "compareCode": 3}]}, {"groupName": "Return", "statisticsItems": [{"name": "First serve return points", "home": "12/20 (60%)", "away": "8/22 (36%)", "compareCode": 1}, {"name": "Second serve return points", "home": "1/2 (50%)", "away": "1/2 (50%)", "compareCode": 3}, {"name": "Break points converted", "home": "3", "away": "1", "compareCode": 1}, {"name": "Return games played", "home": "4", "away": "4", "compareCode": 3}]}, {"groupName": "Points", "statisticsItems": [{"name": "Service points won", "home": "15", "away": "9", "compareCode": 1}, {"name": "Receiver points won", "home": "13", "away": "9", "compareCode": 1}, {"name": "Total points won", "home": "28", "away": "18", "compareCode": 1}, {"name": "Max points in a row", "home": "5", "away": "5", "compareCode": 3}]}]}, {"period": "3RD", "groups": [{"groupName": "Service", "statisticsItems": [{"name": "Aces", "home": "2", "away": "0", "compareCode": 1}, {"name": "Double faults", "home": "0", "away": "0", "compareCode": 3}, {"name": "First serve", "home": "8/8 (100%)", "away": "8/8 (100%)", "compareCode": 3}, {"name": "Second serve", "home": "0/0 (0%)", "away": "0/0 (0%)", "compareCode": 3}, {"name": "First serve points", "home": "5/8 (63%)", "away": "3/8 (38%)", "compareCode": 1}, {"name": "Second serve points", "home": "0/0 (0%)", "away": "0/0 (0%)", "compareCode": 3}, {"name": "Break points saved", "home": "0/0 (0%)", "away": "0/0 (0%)", "compareCode": 3}, {"name": "Service games played", "home": "0", "away": "0", "compareCode": 3}]}, {"groupName": "Return", "statisticsItems": [{"name": "First serve return points", "home": "5/8 (62%)", "away": "3/8 (37%)", "compareCode": 3}, {"name": "Second serve return points", "home": "0/0 (0%)", "away": "0/0 (0%)", "compareCode": 3}, {"name": "Break points converted", "home": "0", "away": "0", "compareCode": 3}, {"name": "Return games played", "home": "0", "away": "0", "compareCode": 3}]}, {"groupName": "Points", "statisticsItems": [{"name": "Service points won", "home": "5", "away": "3", "compareCode": 1}, {"name": "Receiver points won", "home": "5", "away": "3", "compareCode": 1}, {"name": "Total points won", "home": "10", "away": "6", "compareCode": 1}, {"name": "Max points in a row", "home": "4", "away": "2", "compareCode": 1}]}]}]}