{"statistics": [{"period": "ALL", "groups": [{"groupName": "Service", "statisticsItems": [{"name": "Aces", "home": "1", "away": "0", "compareCode": 1}, {"name": "Double faults", "home": "1", "away": "4", "compareCode": 2}, {"name": "First serve", "home": "50/75 (67%)", "away": "59/70 (84%)", "compareCode": 2}, {"name": "Second serve", "home": "24/25 (96%)", "away": "7/11 (64%)", "compareCode": 1}, {"name": "First serve points", "home": "25/50 (50%)", "away": "31/59 (53%)", "compareCode": 2}, {"name": "Second serve points", "home": "16/25 (64%)", "away": "4/11 (36%)", "compareCode": 1}, {"name": "Break points saved", "home": "4/8 (50%)", "away": "2/8 (25%)", "compareCode": 3}, {"name": "Service games played", "home": "11", "away": "10", "compareCode": 1}]}, {"groupName": "Return", "statisticsItems": [{"name": "First serve return points", "home": "28/59 (47%)", "away": "25/50 (50%)", "compareCode": 1}, {"name": "Second serve return points", "home": "7/11 (63%)", "away": "9/25 (36%)", "compareCode": 1}, {"name": "Break points converted", "home": "6", "away": "4", "compareCode": 1}, {"name": "Return games played", "home": "10", "away": "11", "compareCode": 1}]}, {"groupName": "Points", "statisticsItems": [{"name": "Service points won", "home": "41", "away": "35", "compareCode": 1}, {"name": "Receiver points won", "home": "35", "away": "34", "compareCode": 1}, {"name": "Total points won", "home": "76", "away": "69", "compareCode": 1}, {"name": "Max points in a row", "home": "7", "away": "7", "compareCode": 3}]}]}, {"period": "1ST", "groups": [{"groupName": "Service", "statisticsItems": [{"name": "Aces", "home": "1", "away": "0", "compareCode": 1}, {"name": "Double faults", "home": "1", "away": "3", "compareCode": 2}, {"name": "First serve", "home": "22/39 (56%)", "away": "21/28 (75%)", "compareCode": 2}, {"name": "Second serve", "home": "16/17 (94%)", "away": "4/7 (57%)", "compareCode": 1}, {"name": "First serve points", "home": "11/22 (50%)", "away": "11/21 (52%)", "compareCode": 3}, {"name": "Second serve points", "home": "9/17 (53%)", "away": "2/7 (29%)", "compareCode": 1}, {"name": "Break points saved", "home": "2/4 (50%)", "away": "1/4 (25%)", "compareCode": 3}, {"name": "Service games played", "home": "5", "away": "4", "compareCode": 1}]}, {"groupName": "Return", "statisticsItems": [{"name": "First serve return points", "home": "10/21 (47%)", "away": "11/22 (50%)", "compareCode": 1}, {"name": "Second serve return points", "home": "5/7 (71%)", "away": "8/17 (47%)", "compareCode": 1}, {"name": "Break points converted", "home": "3", "away": "2", "compareCode": 1}, {"name": "Return games played", "home": "4", "away": "5", "compareCode": 1}]}, {"groupName": "Points", "statisticsItems": [{"name": "Service points won", "home": "20", "away": "13", "compareCode": 1}, {"name": "Receiver points won", "home": "15", "away": "19", "compareCode": 2}, {"name": "Total points won", "home": "35", "away": "32", "compareCode": 1}, {"name": "Max points in a row", "home": "7", "away": "6", "compareCode": 1}]}]}, {"period": "2ND", "groups": [{"groupName": "Service", "statisticsItems": [{"name": "Aces", "home": "0", "away": "0", "compareCode": 3}, {"name": "Double faults", "home": "0", "away": "1", "compareCode": 2}, {"name": "First serve", "home": "28/36 (78%)", "away": "38/42 (90%)", "compareCode": 2}, {"name": "Second serve", "home": "8/8 (100%)", "away": "3/4 (75%)", "compareCode": 1}, {"name": "First serve points", "home": "14/28 (50%)", "away": "20/38 (53%)", "compareCode": 2}, {"name": "Second serve points", "home": "7/8 (88%)", "away": "2/4 (50%)", "compareCode": 1}, {"name": "Break points saved", "home": "2/4 (50%)", "away": "1/4 (25%)", "compareCode": 3}, {"name": "Service games played", "home": "6", "away": "6", "compareCode": 3}]}, {"groupName": "Return", "statisticsItems": [{"name": "First serve return points", "home": "18/38 (47%)", "away": "14/28 (50%)", "compareCode": 2}, {"name": "Second serve return points", "home": "2/4 (50%)", "away": "1/8 (12%)", "compareCode": 1}, {"name": "Break points converted", "home": "3", "away": "2", "compareCode": 1}, {"name": "Return games played", "home": "6", "away": "6", "compareCode": 3}]}, {"groupName": "Points", "statisticsItems": [{"name": "Service points won", "home": "21", "away": "22", "compareCode": 2}, {"name": "Receiver points won", "home": "20", "away": "15", "compareCode": 1}, {"name": "Total points won", "home": "41", "away": "37", "compareCode": 1}, {"name": "Max points in a row", "home": "5", "away": "7", "compareCode": 2}]}]}]}