{"statistics": [{"period": "ALL", "groups": [{"groupName": "Service", "statisticsItems": [{"name": "Aces", "home": "0", "away": "0", "compareCode": 3}, {"name": "Double faults", "home": "3", "away": "2", "compareCode": 1}, {"name": "First serve", "home": "43/61 (70%)", "away": "61/75 (81%)", "compareCode": 2}, {"name": "Second serve", "home": "15/18 (83%)", "away": "12/14 (86%)", "compareCode": 2}, {"name": "First serve points", "home": "21/43 (49%)", "away": "37/61 (61%)", "compareCode": 2}, {"name": "Second serve points", "home": "10/18 (56%)", "away": "5/14 (36%)", "compareCode": 1}, {"name": "Break points saved", "home": "3/7 (42%)", "away": "5/8 (62%)", "compareCode": 1}, {"name": "Service games played", "home": "8", "away": "9", "compareCode": 2}]}, {"groupName": "Return", "statisticsItems": [{"name": "First serve return points", "home": "24/61 (39%)", "away": "22/43 (51%)", "compareCode": 2}, {"name": "Second serve return points", "home": "9/14 (64%)", "away": "8/18 (44%)", "compareCode": 1}, {"name": "Break points converted", "home": "3", "away": "4", "compareCode": 2}, {"name": "Return games played", "home": "9", "away": "8", "compareCode": 2}]}, {"groupName": "Points", "statisticsItems": [{"name": "Service points won", "home": "31", "away": "42", "compareCode": 2}, {"name": "Receiver points won", "home": "33", "away": "30", "compareCode": 1}, {"name": "Total points won", "home": "64", "away": "72", "compareCode": 2}, {"name": "Max points in a row", "home": "7", "away": "6", "compareCode": 1}]}]}, {"period": "1ST", "groups": [{"groupName": "Service", "statisticsItems": [{"name": "Aces", "home": "0", "away": "0", "compareCode": 3}, {"name": "Double faults", "home": "3", "away": "1", "compareCode": 1}, {"name": "First serve", "home": "22/36 (61%)", "away": "25/34 (74%)", "compareCode": 2}, {"name": "Second serve", "home": "11/14 (79%)", "away": "8/9 (89%)", "compareCode": 2}, {"name": "First serve points", "home": "12/22 (55%)", "away": "12/25 (48%)", "compareCode": 3}, {"name": "Second serve points", "home": "7/14 (50%)", "away": "3/9 (33%)", "compareCode": 1}, {"name": "Break points saved", "home": "3/5 (60%)", "away": "4/7 (57%)", "compareCode": 1}, {"name": "Service games played", "home": "5", "away": "5", "compareCode": 3}]}, {"groupName": "Return", "statisticsItems": [{"name": "First serve return points", "home": "13/25 (52%)", "away": "10/22 (45%)", "compareCode": 1}, {"name": "Second serve return points", "home": "6/9 (66%)", "away": "7/14 (50%)", "compareCode": 1}, {"name": "Break points converted", "home": "3", "away": "2", "compareCode": 1}, {"name": "Return games played", "home": "5", "away": "5", "compareCode": 3}]}, {"groupName": "Points", "statisticsItems": [{"name": "Service points won", "home": "19", "away": "15", "compareCode": 1}, {"name": "Receiver points won", "home": "19", "away": "17", "compareCode": 1}, {"name": "Total points won", "home": "38", "away": "32", "compareCode": 1}, {"name": "Max points in a row", "home": "7", "away": "5", "compareCode": 1}]}]}, {"period": "2ND", "groups": [{"groupName": "Service", "statisticsItems": [{"name": "Aces", "home": "0", "away": "0", "compareCode": 3}, {"name": "Double faults", "home": "0", "away": "1", "compareCode": 2}, {"name": "First serve", "home": "12/15 (80%)", "away": "27/31 (87%)", "compareCode": 2}, {"name": "Second serve", "home": "3/3 (100%)", "away": "3/4 (75%)", "compareCode": 1}, {"name": "First serve points", "home": "4/12 (33%)", "away": "18/27 (67%)", "compareCode": 2}, {"name": "Second serve points", "home": "2/3 (67%)", "away": "2/4 (50%)", "compareCode": 3}, {"name": "Break points saved", "home": "0/2 (0%)", "away": "1/1 (100%)", "compareCode": 2}, {"name": "Service games played", "home": "3", "away": "4", "compareCode": 2}]}, {"groupName": "Return", "statisticsItems": [{"name": "First serve return points", "home": "9/27 (33%)", "away": "8/12 (66%)", "compareCode": 2}, {"name": "Second serve return points", "home": "2/4 (50%)", "away": "1/3 (33%)", "compareCode": 2}, {"name": "Break points converted", "home": "0", "away": "2", "compareCode": 2}, {"name": "Return games played", "home": "4", "away": "3", "compareCode": 2}]}, {"groupName": "Points", "statisticsItems": [{"name": "Service points won", "home": "6", "away": "20", "compareCode": 2}, {"name": "Receiver points won", "home": "11", "away": "9", "compareCode": 1}, {"name": "Total points won", "home": "17", "away": "29", "compareCode": 2}, {"name": "Max points in a row", "home": "2", "away": "6", "compareCode": 2}]}]}, {"period": "3RD", "groups": [{"groupName": "Service", "statisticsItems": [{"name": "Aces", "home": "0", "away": "0", "compareCode": 3}, {"name": "Double faults", "home": "0", "away": "0", "compareCode": 3}, {"name": "First serve", "home": "9/10 (90%)", "away": "9/10 (90%)", "compareCode": 3}, {"name": "Second serve", "home": "1/1 (100%)", "away": "1/1 (100%)", "compareCode": 3}, {"name": "First serve points", "home": "5/9 (56%)", "away": "7/9 (78%)", "compareCode": 2}, {"name": "Second serve points", "home": "1/1 (100%)", "away": "0/1 (0%)", "compareCode": 1}, {"name": "Break points saved", "home": "0/0 (0%)", "away": "0/0 (0%)", "compareCode": 3}, {"name": "Service games played", "home": "0", "away": "0", "compareCode": 3}]}, {"groupName": "Return", "statisticsItems": [{"name": "First serve return points", "home": "2/9 (22%)", "away": "4/9 (44%)", "compareCode": 3}, {"name": "Second serve return points", "home": "1/1 (100%)", "away": "0/1 (0%)", "compareCode": 3}, {"name": "Break points converted", "home": "0", "away": "0", "compareCode": 3}, {"name": "Return games played", "home": "0", "away": "0", "compareCode": 3}]}, {"groupName": "Points", "statisticsItems": [{"name": "Service points won", "home": "6", "away": "7", "compareCode": 2}, {"name": "Receiver points won", "home": "3", "away": "4", "compareCode": 2}, {"name": "Total points won", "home": "9", "away": "11", "compareCode": 2}, {"name": "Max points in a row", "home": "2", "away": "3", "compareCode": 2}]}]}]}