{"statistics": [{"period": "ALL", "groups": [{"groupName": "Service", "statisticsItems": [{"name": "Aces", "home": "2", "away": "0", "compareCode": 1}, {"name": "Double faults", "home": "0", "away": "2", "compareCode": 2}, {"name": "First serve", "home": "46/78 (59%)", "away": "41/56 (73%)", "compareCode": 2}, {"name": "Second serve", "home": "32/32 (100%)", "away": "13/15 (87%)", "compareCode": 1}, {"name": "First serve points", "home": "35/46 (76%)", "away": "25/41 (61%)", "compareCode": 1}, {"name": "Second serve points", "home": "12/32 (38%)", "away": "6/15 (40%)", "compareCode": 1}, {"name": "Break points saved", "home": "5/7 (71%)", "away": "0/3 (0%)", "compareCode": 2}, {"name": "Service games played", "home": "9", "away": "8", "compareCode": 1}]}, {"groupName": "Return", "statisticsItems": [{"name": "First serve return points", "home": "16/41 (39%)", "away": "11/46 (23%)", "compareCode": 1}, {"name": "Second serve return points", "home": "9/15 (60%)", "away": "20/32 (62%)", "compareCode": 1}, {"name": "Break points converted", "home": "3", "away": "2", "compareCode": 1}, {"name": "Return games played", "home": "8", "away": "9", "compareCode": 1}]}, {"groupName": "Points", "statisticsItems": [{"name": "Service points won", "home": "47", "away": "31", "compareCode": 1}, {"name": "Receiver points won", "home": "25", "away": "31", "compareCode": 2}, {"name": "Total points won", "home": "72", "away": "62", "compareCode": 1}, {"name": "Max points in a row", "home": "5", "away": "5", "compareCode": 3}]}]}, {"period": "1ST", "groups": [{"groupName": "Service", "statisticsItems": [{"name": "Aces", "home": "2", "away": "0", "compareCode": 1}, {"name": "Double faults", "home": "0", "away": "2", "compareCode": 2}, {"name": "First serve", "home": "20/31 (65%)", "away": "14/17 (82%)", "compareCode": 2}, {"name": "Second serve", "home": "11/11 (100%)", "away": "1/3 (33%)", "compareCode": 1}, {"name": "First serve points", "home": "16/20 (80%)", "away": "7/14 (50%)", "compareCode": 1}, {"name": "Second serve points", "home": "4/11 (36%)", "away": "0/3 (0%)", "compareCode": 1}, {"name": "Break points saved", "home": "4/4 (100%)", "away": "0/2 (0%)", "compareCode": 2}, {"name": "Service games played", "home": "4", "away": "3", "compareCode": 1}]}, {"groupName": "Return", "statisticsItems": [{"name": "First serve return points", "home": "7/14 (50%)", "away": "4/20 (20%)", "compareCode": 1}, {"name": "Second serve return points", "home": "3/3 (100%)", "away": "7/11 (63%)", "compareCode": 1}, {"name": "Break points converted", "home": "2", "away": "0", "compareCode": 1}, {"name": "Return games played", "home": "3", "away": "4", "compareCode": 1}]}, {"groupName": "Points", "statisticsItems": [{"name": "Service points won", "home": "20", "away": "7", "compareCode": 1}, {"name": "Receiver points won", "home": "10", "away": "11", "compareCode": 2}, {"name": "Total points won", "home": "30", "away": "18", "compareCode": 1}, {"name": "Max points in a row", "home": "5", "away": "3", "compareCode": 1}]}]}, {"period": "2ND", "groups": [{"groupName": "Service", "statisticsItems": [{"name": "Aces", "home": "0", "away": "0", "compareCode": 3}, {"name": "Double faults", "home": "0", "away": "0", "compareCode": 3}, {"name": "First serve", "home": "21/36 (58%)", "away": "19/28 (68%)", "compareCode": 2}, {"name": "Second serve", "home": "15/15 (100%)", "away": "9/9 (100%)", "compareCode": 3}, {"name": "First serve points", "home": "15/21 (71%)", "away": "14/19 (74%)", "compareCode": 1}, {"name": "Second serve points", "home": "5/15 (33%)", "away": "4/9 (44%)", "compareCode": 1}, {"name": "Break points saved", "home": "1/3 (33%)", "away": "0/1 (0%)", "compareCode": 2}, {"name": "Service games played", "home": "5", "away": "5", "compareCode": 3}]}, {"groupName": "Return", "statisticsItems": [{"name": "First serve return points", "home": "5/19 (26%)", "away": "6/21 (28%)", "compareCode": 1}, {"name": "Second serve return points", "home": "5/9 (55%)", "away": "10/15 (66%)", "compareCode": 1}, {"name": "Break points converted", "home": "1", "away": "2", "compareCode": 2}, {"name": "Return games played", "home": "5", "away": "5", "compareCode": 3}]}, {"groupName": "Points", "statisticsItems": [{"name": "Service points won", "home": "20", "away": "18", "compareCode": 1}, {"name": "Receiver points won", "home": "10", "away": "16", "compareCode": 2}, {"name": "Total points won", "home": "30", "away": "34", "compareCode": 2}, {"name": "Max points in a row", "home": "5", "away": "5", "compareCode": 3}]}]}, {"period": "3RD", "groups": [{"groupName": "Service", "statisticsItems": [{"name": "Aces", "home": "0", "away": "0", "compareCode": 3}, {"name": "Double faults", "home": "0", "away": "0", "compareCode": 3}, {"name": "First serve", "home": "5/11 (45%)", "away": "8/11 (73%)", "compareCode": 2}, {"name": "Second serve", "home": "6/6 (100%)", "away": "3/3 (100%)", "compareCode": 3}, {"name": "First serve points", "home": "4/5 (80%)", "away": "4/8 (50%)", "compareCode": 3}, {"name": "Second serve points", "home": "3/6 (50%)", "away": "2/3 (67%)", "compareCode": 1}, {"name": "Break points saved", "home": "0/0 (0%)", "away": "0/0 (0%)", "compareCode": 3}, {"name": "Service games played", "home": "0", "away": "0", "compareCode": 3}]}, {"groupName": "Return", "statisticsItems": [{"name": "First serve return points", "home": "4/8 (50%)", "away": "1/5 (20%)", "compareCode": 3}, {"name": "Second serve return points", "home": "1/3 (33%)", "away": "3/6 (50%)", "compareCode": 1}, {"name": "Break points converted", "home": "0", "away": "0", "compareCode": 3}, {"name": "Return games played", "home": "0", "away": "0", "compareCode": 3}]}, {"groupName": "Points", "statisticsItems": [{"name": "Service points won", "home": "7", "away": "6", "compareCode": 1}, {"name": "Receiver points won", "home": "5", "away": "4", "compareCode": 1}, {"name": "Total points won", "home": "12", "away": "10", "compareCode": 1}, {"name": "Max points in a row", "home": "4", "away": "3", "compareCode": 1}]}]}]}