{"statistics": [{"period": "ALL", "groups": [{"groupName": "Service", "statisticsItems": [{"name": "Aces", "home": "1", "away": "2", "compareCode": 2}, {"name": "Double faults", "home": "1", "away": "2", "compareCode": 2}, {"name": "First serve", "home": "48/65 (74%)", "away": "49/76 (64%)", "compareCode": 1}, {"name": "Second serve", "home": "16/17 (94%)", "away": "25/27 (93%)", "compareCode": 1}, {"name": "First serve points", "home": "30/48 (63%)", "away": "28/49 (57%)", "compareCode": 1}, {"name": "Second serve points", "home": "7/17 (41%)", "away": "16/27 (59%)", "compareCode": 2}, {"name": "Break points saved", "home": "5/8 (62%)", "away": "7/10 (70%)", "compareCode": 1}, {"name": "Service games played", "home": "8", "away": "9", "compareCode": 2}]}, {"groupName": "Return", "statisticsItems": [{"name": "First serve return points", "home": "21/49 (42%)", "away": "18/48 (37%)", "compareCode": 2}, {"name": "Second serve return points", "home": "11/27 (40%)", "away": "10/17 (58%)", "compareCode": 2}, {"name": "Break points converted", "home": "3", "away": "3", "compareCode": 3}, {"name": "Return games played", "home": "9", "away": "8", "compareCode": 2}]}, {"groupName": "Points", "statisticsItems": [{"name": "Service points won", "home": "37", "away": "44", "compareCode": 2}, {"name": "Receiver points won", "home": "32", "away": "28", "compareCode": 1}, {"name": "Total points won", "home": "69", "away": "72", "compareCode": 2}, {"name": "Max points in a row", "home": "6", "away": "5", "compareCode": 1}]}]}, {"period": "1ST", "groups": [{"groupName": "Service", "statisticsItems": [{"name": "Aces", "home": "1", "away": "2", "compareCode": 2}, {"name": "Double faults", "home": "1", "away": "2", "compareCode": 2}, {"name": "First serve", "home": "24/32 (75%)", "away": "16/27 (59%)", "compareCode": 1}, {"name": "Second serve", "home": "7/8 (88%)", "away": "9/11 (82%)", "compareCode": 1}, {"name": "First serve points", "home": "13/24 (54%)", "away": "9/16 (56%)", "compareCode": 1}, {"name": "Second serve points", "home": "1/8 (13%)", "away": "8/11 (73%)", "compareCode": 2}, {"name": "Break points saved", "home": "5/8 (62%)", "away": "1/2 (50%)", "compareCode": 2}, {"name": "Service games played", "home": "4", "away": "4", "compareCode": 3}]}, {"groupName": "Return", "statisticsItems": [{"name": "First serve return points", "home": "7/16 (43%)", "away": "11/24 (45%)", "compareCode": 1}, {"name": "Second serve return points", "home": "3/11 (27%)", "away": "7/8 (87%)", "compareCode": 2}, {"name": "Break points converted", "home": "1", "away": "3", "compareCode": 2}, {"name": "Return games played", "home": "4", "away": "4", "compareCode": 3}]}, {"groupName": "Points", "statisticsItems": [{"name": "Service points won", "home": "14", "away": "17", "compareCode": 2}, {"name": "Receiver points won", "home": "10", "away": "18", "compareCode": 2}, {"name": "Total points won", "home": "24", "away": "35", "compareCode": 2}, {"name": "Max points in a row", "home": "3", "away": "5", "compareCode": 2}]}]}, {"period": "2ND", "groups": [{"groupName": "Service", "statisticsItems": [{"name": "Aces", "home": "0", "away": "0", "compareCode": 3}, {"name": "Double faults", "home": "0", "away": "0", "compareCode": 3}, {"name": "First serve", "home": "18/24 (75%)", "away": "26/40 (65%)", "compareCode": 1}, {"name": "Second serve", "home": "6/6 (100%)", "away": "14/14 (100%)", "compareCode": 3}, {"name": "First serve points", "home": "14/18 (78%)", "away": "14/26 (54%)", "compareCode": 3}, {"name": "Second serve points", "home": "4/6 (67%)", "away": "7/14 (50%)", "compareCode": 2}, {"name": "Break points saved", "home": "0/0 (0%)", "away": "6/8 (75%)", "compareCode": 1}, {"name": "Service games played", "home": "4", "away": "5", "compareCode": 2}]}, {"groupName": "Return", "statisticsItems": [{"name": "First serve return points", "home": "12/26 (46%)", "away": "4/18 (22%)", "compareCode": 2}, {"name": "Second serve return points", "home": "7/14 (50%)", "away": "2/6 (33%)", "compareCode": 2}, {"name": "Break points converted", "home": "2", "away": "0", "compareCode": 1}, {"name": "Return games played", "home": "5", "away": "4", "compareCode": 2}]}, {"groupName": "Points", "statisticsItems": [{"name": "Service points won", "home": "18", "away": "21", "compareCode": 2}, {"name": "Receiver points won", "home": "19", "away": "6", "compareCode": 1}, {"name": "Total points won", "home": "37", "away": "27", "compareCode": 1}, {"name": "Max points in a row", "home": "6", "away": "4", "compareCode": 1}]}]}, {"period": "3RD", "groups": [{"groupName": "Service", "statisticsItems": [{"name": "Aces", "home": "0", "away": "0", "compareCode": 3}, {"name": "Double faults", "home": "0", "away": "0", "compareCode": 3}, {"name": "First serve", "home": "6/9 (67%)", "away": "7/9 (78%)", "compareCode": 2}, {"name": "Second serve", "home": "3/3 (100%)", "away": "2/2 (100%)", "compareCode": 3}, {"name": "First serve points", "home": "3/6 (50%)", "away": "5/7 (71%)", "compareCode": 2}, {"name": "Second serve points", "home": "2/3 (67%)", "away": "1/2 (50%)", "compareCode": 1}, {"name": "Break points saved", "home": "0/0 (0%)", "away": "0/0 (0%)", "compareCode": 3}, {"name": "Service games played", "home": "0", "away": "0", "compareCode": 3}]}, {"groupName": "Return", "statisticsItems": [{"name": "First serve return points", "home": "2/7 (28%)", "away": "3/6 (50%)", "compareCode": 3}, {"name": "Second serve return points", "home": "1/2 (50%)", "away": "1/3 (33%)", "compareCode": 1}, {"name": "Break points converted", "home": "0", "away": "0", "compareCode": 3}, {"name": "Return games played", "home": "0", "away": "0", "compareCode": 3}]}, {"groupName": "Points", "statisticsItems": [{"name": "Service points won", "home": "5", "away": "6", "compareCode": 2}, {"name": "Receiver points won", "home": "3", "away": "4", "compareCode": 2}, {"name": "Total points won", "home": "8", "away": "10", "compareCode": 2}, {"name": "Max points in a row", "home": "3", "away": "4", "compareCode": 2}]}]}]}