{"statistics": [{"period": "ALL", "groups": [{"groupName": "Service", "statisticsItems": [{"name": "Aces", "home": "1", "away": "0", "compareCode": 1}, {"name": "Double faults", "home": "1", "away": "0", "compareCode": 1}, {"name": "First serve", "home": "51/63 (81%)", "away": "60/63 (95%)", "compareCode": 2}, {"name": "Second serve", "home": "11/12 (92%)", "away": "3/3 (100%)", "compareCode": 2}, {"name": "First serve points", "home": "31/51 (61%)", "away": "28/60 (47%)", "compareCode": 1}, {"name": "Second serve points", "home": "6/12 (50%)", "away": "3/3 (100%)", "compareCode": 1}, {"name": "Break points saved", "home": "5/7 (71%)", "away": "4/9 (44%)", "compareCode": 1}, {"name": "Service games played", "home": "9", "away": "9", "compareCode": 3}]}, {"groupName": "Return", "statisticsItems": [{"name": "First serve return points", "home": "32/60 (53%)", "away": "20/51 (39%)", "compareCode": 3}, {"name": "Second serve return points", "home": "0/3 (0%)", "away": "6/12 (50%)", "compareCode": 1}, {"name": "Break points converted", "home": "5", "away": "2", "compareCode": 1}, {"name": "Return games played", "home": "9", "away": "9", "compareCode": 3}]}, {"groupName": "Points", "statisticsItems": [{"name": "Service points won", "home": "37", "away": "31", "compareCode": 1}, {"name": "Receiver points won", "home": "32", "away": "26", "compareCode": 1}, {"name": "Total points won", "home": "69", "away": "57", "compareCode": 1}, {"name": "Max points in a row", "home": "10", "away": "7", "compareCode": 1}]}]}, {"period": "1ST", "groups": [{"groupName": "Service", "statisticsItems": [{"name": "Aces", "home": "0", "away": "0", "compareCode": 3}, {"name": "Double faults", "home": "1", "away": "0", "compareCode": 1}, {"name": "First serve", "home": "23/31 (74%)", "away": "36/39 (92%)", "compareCode": 2}, {"name": "Second serve", "home": "7/8 (88%)", "away": "3/3 (100%)", "compareCode": 2}, {"name": "First serve points", "home": "13/23 (57%)", "away": "16/36 (44%)", "compareCode": 2}, {"name": "Second serve points", "home": "4/8 (50%)", "away": "3/3 (100%)", "compareCode": 1}, {"name": "Break points saved", "home": "4/6 (66%)", "away": "2/5 (40%)", "compareCode": 2}, {"name": "Service games played", "home": "5", "away": "5", "compareCode": 3}]}, {"groupName": "Return", "statisticsItems": [{"name": "First serve return points", "home": "20/36 (55%)", "away": "10/23 (43%)", "compareCode": 2}, {"name": "Second serve return points", "home": "0/3 (0%)", "away": "4/8 (50%)", "compareCode": 1}, {"name": "Break points converted", "home": "3", "away": "2", "compareCode": 1}, {"name": "Return games played", "home": "5", "away": "5", "compareCode": 3}]}, {"groupName": "Points", "statisticsItems": [{"name": "Service points won", "home": "17", "away": "19", "compareCode": 2}, {"name": "Receiver points won", "home": "20", "away": "14", "compareCode": 1}, {"name": "Total points won", "home": "37", "away": "33", "compareCode": 1}, {"name": "Max points in a row", "home": "10", "away": "7", "compareCode": 1}]}]}, {"period": "2ND", "groups": [{"groupName": "Service", "statisticsItems": [{"name": "Aces", "home": "1", "away": "0", "compareCode": 1}, {"name": "Double faults", "home": "0", "away": "0", "compareCode": 3}, {"name": "First serve", "home": "28/32 (88%)", "away": "24/24 (100%)", "compareCode": 2}, {"name": "Second serve", "home": "4/4 (100%)", "away": "0/0 (0%)", "compareCode": 1}, {"name": "First serve points", "home": "18/28 (64%)", "away": "12/24 (50%)", "compareCode": 1}, {"name": "Second serve points", "home": "2/4 (50%)", "away": "0/0 (0%)", "compareCode": 1}, {"name": "Break points saved", "home": "1/1 (100%)", "away": "2/4 (50%)", "compareCode": 1}, {"name": "Service games played", "home": "4", "away": "4", "compareCode": 3}]}, {"groupName": "Return", "statisticsItems": [{"name": "First serve return points", "home": "12/24 (50%)", "away": "10/28 (35%)", "compareCode": 1}, {"name": "Second serve return points", "home": "0/0 (0%)", "away": "2/4 (50%)", "compareCode": 1}, {"name": "Break points converted", "home": "2", "away": "0", "compareCode": 1}, {"name": "Return games played", "home": "4", "away": "4", "compareCode": 3}]}, {"groupName": "Points", "statisticsItems": [{"name": "Service points won", "home": "20", "away": "12", "compareCode": 1}, {"name": "Receiver points won", "home": "12", "away": "12", "compareCode": 3}, {"name": "Total points won", "home": "32", "away": "24", "compareCode": 1}, {"name": "Max points in a row", "home": "3", "away": "4", "compareCode": 2}]}]}]}