{"statistics": [{"period": "ALL", "groups": [{"groupName": "Service", "statisticsItems": [{"name": "Aces", "home": "0", "away": "2", "compareCode": 2}, {"name": "Double faults", "home": "2", "away": "3", "compareCode": 2}, {"name": "First serve", "home": "72/89 (81%)", "away": "55/74 (74%)", "compareCode": 1}, {"name": "Second serve", "home": "15/17 (88%)", "away": "16/19 (84%)", "compareCode": 1}, {"name": "First serve points", "home": "41/72 (57%)", "away": "33/55 (60%)", "compareCode": 1}, {"name": "Second serve points", "home": "9/17 (53%)", "away": "6/19 (32%)", "compareCode": 1}, {"name": "Break points saved", "home": "5/9 (55%)", "away": "5/9 (55%)", "compareCode": 3}, {"name": "Service games played", "home": "11", "away": "10", "compareCode": 1}]}, {"groupName": "Return", "statisticsItems": [{"name": "First serve return points", "home": "22/55 (40%)", "away": "31/72 (43%)", "compareCode": 1}, {"name": "Second serve return points", "home": "13/19 (68%)", "away": "8/17 (47%)", "compareCode": 2}, {"name": "Break points converted", "home": "4", "away": "4", "compareCode": 3}, {"name": "Return games played", "home": "10", "away": "11", "compareCode": 1}]}, {"groupName": "Points", "statisticsItems": [{"name": "Service points won", "home": "50", "away": "39", "compareCode": 1}, {"name": "Receiver points won", "home": "35", "away": "39", "compareCode": 2}, {"name": "Total points won", "home": "85", "away": "78", "compareCode": 1}, {"name": "Max points in a row", "home": "7", "away": "10", "compareCode": 2}]}]}, {"period": "1ST", "groups": [{"groupName": "Service", "statisticsItems": [{"name": "Aces", "home": "0", "away": "1", "compareCode": 2}, {"name": "Double faults", "home": "1", "away": "1", "compareCode": 3}, {"name": "First serve", "home": "38/44 (86%)", "away": "24/32 (75%)", "compareCode": 1}, {"name": "Second serve", "home": "5/6 (83%)", "away": "7/8 (88%)", "compareCode": 2}, {"name": "First serve points", "home": "20/38 (53%)", "away": "16/24 (67%)", "compareCode": 1}, {"name": "Second serve points", "home": "2/6 (33%)", "away": "3/8 (38%)", "compareCode": 2}, {"name": "Break points saved", "home": "3/6 (50%)", "away": "1/3 (33%)", "compareCode": 2}, {"name": "Service games played", "home": "6", "away": "6", "compareCode": 3}]}, {"groupName": "Return", "statisticsItems": [{"name": "First serve return points", "home": "8/24 (33%)", "away": "18/38 (47%)", "compareCode": 1}, {"name": "Second serve return points", "home": "5/8 (62%)", "away": "4/6 (66%)", "compareCode": 2}, {"name": "Break points converted", "home": "2", "away": "3", "compareCode": 2}, {"name": "Return games played", "home": "6", "away": "6", "compareCode": 3}]}, {"groupName": "Points", "statisticsItems": [{"name": "Service points won", "home": "22", "away": "19", "compareCode": 1}, {"name": "Receiver points won", "home": "13", "away": "22", "compareCode": 2}, {"name": "Total points won", "home": "35", "away": "41", "compareCode": 2}, {"name": "Max points in a row", "home": "7", "away": "10", "compareCode": 2}]}]}, {"period": "2ND", "groups": [{"groupName": "Service", "statisticsItems": [{"name": "Aces", "home": "0", "away": "1", "compareCode": 2}, {"name": "Double faults", "home": "1", "away": "2", "compareCode": 2}, {"name": "First serve", "home": "27/37 (73%)", "away": "25/34 (74%)", "compareCode": 2}, {"name": "Second serve", "home": "9/10 (90%)", "away": "7/9 (78%)", "compareCode": 1}, {"name": "First serve points", "home": "17/27 (63%)", "away": "14/25 (56%)", "compareCode": 1}, {"name": "Second serve points", "home": "6/10 (60%)", "away": "3/9 (33%)", "compareCode": 1}, {"name": "Break points saved", "home": "2/3 (66%)", "away": "4/6 (66%)", "compareCode": 1}, {"name": "Service games played", "home": "5", "away": "4", "compareCode": 1}]}, {"groupName": "Return", "statisticsItems": [{"name": "First serve return points", "home": "11/25 (44%)", "away": "10/27 (37%)", "compareCode": 1}, {"name": "Second serve return points", "home": "6/9 (66%)", "away": "4/10 (40%)", "compareCode": 1}, {"name": "Break points converted", "home": "2", "away": "1", "compareCode": 1}, {"name": "Return games played", "home": "4", "away": "5", "compareCode": 1}]}, {"groupName": "Points", "statisticsItems": [{"name": "Service points won", "home": "23", "away": "17", "compareCode": 1}, {"name": "Receiver points won", "home": "17", "away": "14", "compareCode": 1}, {"name": "Total points won", "home": "40", "away": "31", "compareCode": 1}, {"name": "Max points in a row", "home": "7", "away": "4", "compareCode": 1}]}]}, {"period": "3RD", "groups": [{"groupName": "Service", "statisticsItems": [{"name": "Aces", "home": "0", "away": "0", "compareCode": 3}, {"name": "Double faults", "home": "0", "away": "0", "compareCode": 3}, {"name": "First serve", "home": "7/8 (88%)", "away": "6/8 (75%)", "compareCode": 1}, {"name": "Second serve", "home": "1/1 (100%)", "away": "2/2 (100%)", "compareCode": 3}, {"name": "First serve points", "home": "4/7 (57%)", "away": "3/6 (50%)", "compareCode": 1}, {"name": "Second serve points", "home": "1/1 (100%)", "away": "0/2 (0%)", "compareCode": 1}, {"name": "Break points saved", "home": "0/0 (0%)", "away": "0/0 (0%)", "compareCode": 3}, {"name": "Service games played", "home": "0", "away": "0", "compareCode": 3}]}, {"groupName": "Return", "statisticsItems": [{"name": "First serve return points", "home": "3/6 (50%)", "away": "3/7 (42%)", "compareCode": 3}, {"name": "Second serve return points", "home": "2/2 (100%)", "away": "0/1 (0%)", "compareCode": 2}, {"name": "Break points converted", "home": "0", "away": "0", "compareCode": 3}, {"name": "Return games played", "home": "0", "away": "0", "compareCode": 3}]}, {"groupName": "Points", "statisticsItems": [{"name": "Service points won", "home": "5", "away": "3", "compareCode": 1}, {"name": "Receiver points won", "home": "5", "away": "3", "compareCode": 1}, {"name": "Total points won", "home": "10", "away": "6", "compareCode": 1}, {"name": "Max points in a row", "home": "4", "away": "2", "compareCode": 1}]}]}]}