{"statistics": [{"period": "ALL", "groups": [{"groupName": "Service", "statisticsItems": [{"name": "Aces", "home": "0", "away": "0", "compareCode": 3}, {"name": "Double faults", "home": "1", "away": "0", "compareCode": 1}, {"name": "First serve", "home": "40/68 (59%)", "away": "62/72 (86%)", "compareCode": 2}, {"name": "Second serve", "home": "27/28 (96%)", "away": "10/10 (100%)", "compareCode": 2}, {"name": "First serve points", "home": "20/40 (50%)", "away": "24/62 (39%)", "compareCode": 2}, {"name": "Second serve points", "home": "14/28 (50%)", "away": "4/10 (40%)", "compareCode": 1}, {"name": "Break points saved", "home": "7/12 (58%)", "away": "9/17 (52%)", "compareCode": 1}, {"name": "Service games played", "home": "9", "away": "8", "compareCode": 1}]}, {"groupName": "Return", "statisticsItems": [{"name": "First serve return points", "home": "38/62 (61%)", "away": "20/40 (50%)", "compareCode": 2}, {"name": "Second serve return points", "home": "6/10 (60%)", "away": "14/28 (50%)", "compareCode": 1}, {"name": "Break points converted", "home": "8", "away": "5", "compareCode": 1}, {"name": "Return games played", "home": "8", "away": "9", "compareCode": 1}]}, {"groupName": "Points", "statisticsItems": [{"name": "Service points won", "home": "34", "away": "28", "compareCode": 1}, {"name": "Receiver points won", "home": "44", "away": "34", "compareCode": 1}, {"name": "Total points won", "home": "78", "away": "62", "compareCode": 1}, {"name": "Max points in a row", "home": "5", "away": "4", "compareCode": 1}]}]}, {"period": "1ST", "groups": [{"groupName": "Service", "statisticsItems": [{"name": "Aces", "home": "0", "away": "0", "compareCode": 3}, {"name": "Double faults", "home": "1", "away": "0", "compareCode": 1}, {"name": "First serve", "home": "24/37 (65%)", "away": "35/40 (88%)", "compareCode": 2}, {"name": "Second serve", "home": "12/13 (92%)", "away": "5/5 (100%)", "compareCode": 2}, {"name": "First serve points", "home": "13/24 (54%)", "away": "14/35 (40%)", "compareCode": 2}, {"name": "Second serve points", "home": "6/13 (46%)", "away": "2/5 (40%)", "compareCode": 1}, {"name": "Break points saved", "home": "3/5 (60%)", "away": "5/9 (55%)", "compareCode": 1}, {"name": "Service games played", "home": "4", "away": "4", "compareCode": 3}]}, {"groupName": "Return", "statisticsItems": [{"name": "First serve return points", "home": "21/35 (60%)", "away": "11/24 (45%)", "compareCode": 2}, {"name": "Second serve return points", "home": "3/5 (60%)", "away": "7/13 (53%)", "compareCode": 1}, {"name": "Break points converted", "home": "4", "away": "2", "compareCode": 1}, {"name": "Return games played", "home": "4", "away": "4", "compareCode": 3}]}, {"groupName": "Points", "statisticsItems": [{"name": "Service points won", "home": "19", "away": "16", "compareCode": 1}, {"name": "Receiver points won", "home": "24", "away": "18", "compareCode": 1}, {"name": "Total points won", "home": "43", "away": "34", "compareCode": 1}, {"name": "Max points in a row", "home": "5", "away": "4", "compareCode": 1}]}]}, {"period": "2ND", "groups": [{"groupName": "Service", "statisticsItems": [{"name": "Aces", "home": "0", "away": "0", "compareCode": 3}, {"name": "Double faults", "home": "0", "away": "0", "compareCode": 3}, {"name": "First serve", "home": "16/31 (52%)", "away": "27/32 (84%)", "compareCode": 2}, {"name": "Second serve", "home": "15/15 (100%)", "away": "5/5 (100%)", "compareCode": 3}, {"name": "First serve points", "home": "7/16 (44%)", "away": "10/27 (37%)", "compareCode": 2}, {"name": "Second serve points", "home": "8/15 (53%)", "away": "2/5 (40%)", "compareCode": 1}, {"name": "Break points saved", "home": "4/7 (57%)", "away": "4/8 (50%)", "compareCode": 1}, {"name": "Service games played", "home": "5", "away": "4", "compareCode": 1}]}, {"groupName": "Return", "statisticsItems": [{"name": "First serve return points", "home": "17/27 (62%)", "away": "9/16 (56%)", "compareCode": 2}, {"name": "Second serve return points", "home": "3/5 (60%)", "away": "7/15 (46%)", "compareCode": 1}, {"name": "Break points converted", "home": "4", "away": "3", "compareCode": 1}, {"name": "Return games played", "home": "4", "away": "5", "compareCode": 1}]}, {"groupName": "Points", "statisticsItems": [{"name": "Service points won", "home": "15", "away": "12", "compareCode": 1}, {"name": "Receiver points won", "home": "20", "away": "16", "compareCode": 1}, {"name": "Total points won", "home": "35", "away": "28", "compareCode": 1}, {"name": "Max points in a row", "home": "5", "away": "4", "compareCode": 1}]}]}]}