{"statistics": [{"period": "ALL", "groups": [{"groupName": "Service", "statisticsItems": [{"name": "Aces", "home": "0", "away": "0", "compareCode": 3}, {"name": "Double faults", "home": "3", "away": "1", "compareCode": 1}, {"name": "First serve", "home": "62/81 (77%)", "away": "60/69 (87%)", "compareCode": 2}, {"name": "Second serve", "home": "16/19 (84%)", "away": "8/9 (89%)", "compareCode": 2}, {"name": "First serve points", "home": "31/62 (50%)", "away": "27/60 (45%)", "compareCode": 1}, {"name": "Second serve points", "home": "7/19 (37%)", "away": "5/9 (56%)", "compareCode": 1}, {"name": "Break points saved", "home": "5/11 (45%)", "away": "3/8 (37%)", "compareCode": 2}, {"name": "Service games played", "home": "11", "away": "10", "compareCode": 1}]}, {"groupName": "Return", "statisticsItems": [{"name": "First serve return points", "home": "33/60 (55%)", "away": "31/62 (50%)", "compareCode": 1}, {"name": "Second serve return points", "home": "4/9 (44%)", "away": "12/19 (63%)", "compareCode": 1}, {"name": "Break points converted", "home": "5", "away": "6", "compareCode": 2}, {"name": "Return games played", "home": "10", "away": "11", "compareCode": 1}]}, {"groupName": "Points", "statisticsItems": [{"name": "Service points won", "home": "38", "away": "32", "compareCode": 1}, {"name": "Receiver points won", "home": "37", "away": "43", "compareCode": 2}, {"name": "Total points won", "home": "75", "away": "75", "compareCode": 3}, {"name": "Max points in a row", "home": "9", "away": "6", "compareCode": 1}]}]}, {"period": "1ST", "groups": [{"groupName": "Service", "statisticsItems": [{"name": "Aces", "home": "0", "away": "0", "compareCode": 3}, {"name": "Double faults", "home": "2", "away": "0", "compareCode": 1}, {"name": "First serve", "home": "29/37 (78%)", "away": "30/36 (83%)", "compareCode": 2}, {"name": "Second serve", "home": "6/8 (75%)", "away": "6/6 (100%)", "compareCode": 2}, {"name": "First serve points", "home": "19/29 (66%)", "away": "13/30 (43%)", "compareCode": 1}, {"name": "Second serve points", "home": "2/8 (25%)", "away": "3/6 (50%)", "compareCode": 2}, {"name": "Break points saved", "home": "1/3 (33%)", "away": "1/4 (25%)", "compareCode": 1}, {"name": "Service games played", "home": "6", "away": "6", "compareCode": 3}]}, {"groupName": "Return", "statisticsItems": [{"name": "First serve return points", "home": "17/30 (56%)", "away": "10/29 (34%)", "compareCode": 1}, {"name": "Second serve return points", "home": "3/6 (50%)", "away": "6/8 (75%)", "compareCode": 1}, {"name": "Break points converted", "home": "3", "away": "2", "compareCode": 1}, {"name": "Return games played", "home": "6", "away": "6", "compareCode": 3}]}, {"groupName": "Points", "statisticsItems": [{"name": "Service points won", "home": "21", "away": "16", "compareCode": 1}, {"name": "Receiver points won", "home": "20", "away": "16", "compareCode": 1}, {"name": "Total points won", "home": "41", "away": "32", "compareCode": 1}, {"name": "Max points in a row", "home": "9", "away": "5", "compareCode": 1}]}]}, {"period": "2ND", "groups": [{"groupName": "Service", "statisticsItems": [{"name": "Aces", "home": "0", "away": "0", "compareCode": 3}, {"name": "Double faults", "home": "1", "away": "1", "compareCode": 3}, {"name": "First serve", "home": "27/35 (77%)", "away": "22/24 (92%)", "compareCode": 2}, {"name": "Second serve", "home": "7/8 (88%)", "away": "1/2 (50%)", "compareCode": 1}, {"name": "First serve points", "home": "12/27 (44%)", "away": "11/22 (50%)", "compareCode": 1}, {"name": "Second serve points", "home": "2/8 (25%)", "away": "1/2 (50%)", "compareCode": 1}, {"name": "Break points saved", "home": "4/8 (50%)", "away": "2/4 (50%)", "compareCode": 2}, {"name": "Service games played", "home": "5", "away": "4", "compareCode": 1}]}, {"groupName": "Return", "statisticsItems": [{"name": "First serve return points", "home": "11/22 (50%)", "away": "15/27 (55%)", "compareCode": 1}, {"name": "Second serve return points", "home": "1/2 (50%)", "away": "6/8 (75%)", "compareCode": 1}, {"name": "Break points converted", "home": "2", "away": "4", "compareCode": 2}, {"name": "Return games played", "home": "4", "away": "5", "compareCode": 1}]}, {"groupName": "Points", "statisticsItems": [{"name": "Service points won", "home": "14", "away": "12", "compareCode": 1}, {"name": "Receiver points won", "home": "12", "away": "21", "compareCode": 2}, {"name": "Total points won", "home": "26", "away": "33", "compareCode": 2}, {"name": "Max points in a row", "home": "4", "away": "5", "compareCode": 2}]}]}, {"period": "3RD", "groups": [{"groupName": "Service", "statisticsItems": [{"name": "Aces", "home": "0", "away": "0", "compareCode": 3}, {"name": "Double faults", "home": "0", "away": "0", "compareCode": 3}, {"name": "First serve", "home": "6/9 (67%)", "away": "8/9 (89%)", "compareCode": 2}, {"name": "Second serve", "home": "3/3 (100%)", "away": "1/1 (100%)", "compareCode": 3}, {"name": "First serve points", "home": "0/6 (0%)", "away": "3/8 (38%)", "compareCode": 2}, {"name": "Second serve points", "home": "3/3 (100%)", "away": "1/1 (100%)", "compareCode": 1}, {"name": "Break points saved", "home": "0/0 (0%)", "away": "0/0 (0%)", "compareCode": 3}, {"name": "Service games played", "home": "0", "away": "0", "compareCode": 3}]}, {"groupName": "Return", "statisticsItems": [{"name": "First serve return points", "home": "5/8 (62%)", "away": "6/6 (100%)", "compareCode": 3}, {"name": "Second serve return points", "home": "0/1 (0%)", "away": "0/3 (0%)", "compareCode": 1}, {"name": "Break points converted", "home": "0", "away": "0", "compareCode": 3}, {"name": "Return games played", "home": "0", "away": "0", "compareCode": 3}]}, {"groupName": "Points", "statisticsItems": [{"name": "Service points won", "home": "3", "away": "4", "compareCode": 2}, {"name": "Receiver points won", "home": "5", "away": "6", "compareCode": 2}, {"name": "Total points won", "home": "8", "away": "10", "compareCode": 2}, {"name": "Max points in a row", "home": "4", "away": "3", "compareCode": 1}]}]}]}