{"statistics": [{"period": "ALL", "groups": [{"groupName": "Service", "statisticsItems": [{"name": "Aces", "home": "0", "away": "0", "compareCode": 3}, {"name": "Double faults", "home": "1", "away": "2", "compareCode": 2}, {"name": "First serve", "home": "37/46 (80%)", "away": "37/49 (76%)", "compareCode": 1}, {"name": "Second serve", "home": "8/9 (89%)", "away": "10/12 (83%)", "compareCode": 1}, {"name": "First serve points", "home": "16/37 (43%)", "away": "25/37 (68%)", "compareCode": 2}, {"name": "Second serve points", "home": "4/9 (44%)", "away": "6/12 (50%)", "compareCode": 2}, {"name": "Break points saved", "home": "1/6 (16%)", "away": "1/2 (50%)", "compareCode": 2}, {"name": "Service games played", "home": "9", "away": "8", "compareCode": 1}]}, {"groupName": "Return", "statisticsItems": [{"name": "First serve return points", "home": "12/37 (32%)", "away": "21/37 (56%)", "compareCode": 2}, {"name": "Second serve return points", "home": "6/12 (50%)", "away": "5/9 (55%)", "compareCode": 2}, {"name": "Break points converted", "home": "1", "away": "5", "compareCode": 2}, {"name": "Return games played", "home": "8", "away": "9", "compareCode": 1}]}, {"groupName": "Points", "statisticsItems": [{"name": "Service points won", "home": "20", "away": "31", "compareCode": 2}, {"name": "Receiver points won", "home": "18", "away": "26", "compareCode": 2}, {"name": "Total points won", "home": "38", "away": "57", "compareCode": 2}, {"name": "Max points in a row", "home": "6", "away": "7", "compareCode": 2}]}]}, {"period": "1ST", "groups": [{"groupName": "Service", "statisticsItems": [{"name": "Aces", "home": "0", "away": "0", "compareCode": 3}, {"name": "Double faults", "home": "1", "away": "1", "compareCode": 3}, {"name": "First serve", "home": "16/21 (76%)", "away": "19/26 (73%)", "compareCode": 1}, {"name": "Second serve", "home": "4/5 (80%)", "away": "6/7 (86%)", "compareCode": 2}, {"name": "First serve points", "home": "7/16 (44%)", "away": "13/19 (68%)", "compareCode": 2}, {"name": "Second serve points", "home": "3/5 (60%)", "away": "4/7 (57%)", "compareCode": 2}, {"name": "Break points saved", "home": "0/2 (0%)", "away": "0/0 (0%)", "compareCode": 2}, {"name": "Service games played", "home": "4", "away": "4", "compareCode": 3}]}, {"groupName": "Return", "statisticsItems": [{"name": "First serve return points", "home": "6/19 (31%)", "away": "9/16 (56%)", "compareCode": 2}, {"name": "Second serve return points", "home": "3/7 (42%)", "away": "2/5 (40%)", "compareCode": 2}, {"name": "Break points converted", "home": "0", "away": "2", "compareCode": 2}, {"name": "Return games played", "home": "4", "away": "4", "compareCode": 3}]}, {"groupName": "Points", "statisticsItems": [{"name": "Service points won", "home": "10", "away": "17", "compareCode": 2}, {"name": "Receiver points won", "home": "9", "away": "11", "compareCode": 2}, {"name": "Total points won", "home": "19", "away": "28", "compareCode": 2}, {"name": "Max points in a row", "home": "3", "away": "7", "compareCode": 2}]}]}, {"period": "2ND", "groups": [{"groupName": "Service", "statisticsItems": [{"name": "Aces", "home": "0", "away": "0", "compareCode": 3}, {"name": "Double faults", "home": "0", "away": "1", "compareCode": 2}, {"name": "First serve", "home": "21/25 (84%)", "away": "18/23 (78%)", "compareCode": 1}, {"name": "Second serve", "home": "4/4 (100%)", "away": "4/5 (80%)", "compareCode": 1}, {"name": "First serve points", "home": "9/21 (43%)", "away": "12/18 (67%)", "compareCode": 2}, {"name": "Second serve points", "home": "1/4 (25%)", "away": "2/5 (40%)", "compareCode": 2}, {"name": "Break points saved", "home": "1/4 (25%)", "away": "1/2 (50%)", "compareCode": 2}, {"name": "Service games played", "home": "5", "away": "4", "compareCode": 1}]}, {"groupName": "Return", "statisticsItems": [{"name": "First serve return points", "home": "6/18 (33%)", "away": "12/21 (57%)", "compareCode": 1}, {"name": "Second serve return points", "home": "3/5 (60%)", "away": "3/4 (75%)", "compareCode": 2}, {"name": "Break points converted", "home": "1", "away": "3", "compareCode": 2}, {"name": "Return games played", "home": "4", "away": "5", "compareCode": 1}]}, {"groupName": "Points", "statisticsItems": [{"name": "Service points won", "home": "10", "away": "14", "compareCode": 2}, {"name": "Receiver points won", "home": "9", "away": "15", "compareCode": 2}, {"name": "Total points won", "home": "19", "away": "29", "compareCode": 2}, {"name": "Max points in a row", "home": "6", "away": "7", "compareCode": 2}]}]}]}