{"statistics": [{"period": "ALL", "groups": [{"groupName": "Service", "statisticsItems": [{"name": "Aces", "home": "1", "away": "0", "compareCode": 1}, {"name": "Double faults", "home": "2", "away": "0", "compareCode": 1}, {"name": "First serve", "home": "25/53 (47%)", "away": "43/57 (75%)", "compareCode": 2}, {"name": "Second serve", "home": "26/28 (93%)", "away": "14/14 (100%)", "compareCode": 2}, {"name": "First serve points", "home": "21/25 (84%)", "away": "25/43 (58%)", "compareCode": 2}, {"name": "Second serve points", "home": "17/28 (61%)", "away": "8/14 (57%)", "compareCode": 1}, {"name": "Break points saved", "home": "2/2 (100%)", "away": "2/5 (40%)", "compareCode": 1}, {"name": "Service games played", "home": "9", "away": "9", "compareCode": 3}]}, {"groupName": "Return", "statisticsItems": [{"name": "First serve return points", "home": "18/43 (41%)", "away": "4/25 (16%)", "compareCode": 2}, {"name": "Second serve return points", "home": "6/14 (42%)", "away": "11/28 (39%)", "compareCode": 1}, {"name": "Break points converted", "home": "3", "away": "0", "compareCode": 1}, {"name": "Return games played", "home": "9", "away": "9", "compareCode": 3}]}, {"groupName": "Points", "statisticsItems": [{"name": "Service points won", "home": "38", "away": "33", "compareCode": 1}, {"name": "Receiver points won", "home": "24", "away": "15", "compareCode": 1}, {"name": "Total points won", "home": "62", "away": "48", "compareCode": 1}, {"name": "Max points in a row", "home": "5", "away": "4", "compareCode": 1}]}]}, {"period": "1ST", "groups": [{"groupName": "Service", "statisticsItems": [{"name": "Aces", "home": "0", "away": "0", "compareCode": 3}, {"name": "Double faults", "home": "1", "away": "0", "compareCode": 1}, {"name": "First serve", "home": "12/24 (50%)", "away": "21/27 (78%)", "compareCode": 2}, {"name": "Second serve", "home": "11/12 (92%)", "away": "6/6 (100%)", "compareCode": 2}, {"name": "First serve points", "home": "11/12 (92%)", "away": "11/21 (52%)", "compareCode": 3}, {"name": "Second serve points", "home": "6/12 (50%)", "away": "3/6 (50%)", "compareCode": 1}, {"name": "Break points saved", "home": "0/0 (0%)", "away": "2/4 (50%)", "compareCode": 1}, {"name": "Service games played", "home": "4", "away": "4", "compareCode": 3}]}, {"groupName": "Return", "statisticsItems": [{"name": "First serve return points", "home": "10/21 (47%)", "away": "1/12 (8%)", "compareCode": 2}, {"name": "Second serve return points", "home": "3/6 (50%)", "away": "6/12 (50%)", "compareCode": 1}, {"name": "Break points converted", "home": "2", "away": "0", "compareCode": 1}, {"name": "Return games played", "home": "4", "away": "4", "compareCode": 3}]}, {"groupName": "Points", "statisticsItems": [{"name": "Service points won", "home": "17", "away": "14", "compareCode": 1}, {"name": "Receiver points won", "home": "13", "away": "7", "compareCode": 1}, {"name": "Total points won", "home": "30", "away": "21", "compareCode": 1}, {"name": "Max points in a row", "home": "5", "away": "4", "compareCode": 1}]}]}, {"period": "2ND", "groups": [{"groupName": "Service", "statisticsItems": [{"name": "Aces", "home": "1", "away": "0", "compareCode": 1}, {"name": "Double faults", "home": "1", "away": "0", "compareCode": 1}, {"name": "First serve", "home": "13/29 (45%)", "away": "22/30 (73%)", "compareCode": 2}, {"name": "Second serve", "home": "15/16 (94%)", "away": "8/8 (100%)", "compareCode": 2}, {"name": "First serve points", "home": "10/13 (77%)", "away": "14/22 (64%)", "compareCode": 2}, {"name": "Second serve points", "home": "11/16 (69%)", "away": "5/8 (63%)", "compareCode": 1}, {"name": "Break points saved", "home": "2/2 (100%)", "away": "0/1 (0%)", "compareCode": 2}, {"name": "Service games played", "home": "5", "away": "5", "compareCode": 3}]}, {"groupName": "Return", "statisticsItems": [{"name": "First serve return points", "home": "8/22 (36%)", "away": "3/13 (23%)", "compareCode": 2}, {"name": "Second serve return points", "home": "3/8 (37%)", "away": "5/16 (31%)", "compareCode": 1}, {"name": "Break points converted", "home": "1", "away": "0", "compareCode": 1}, {"name": "Return games played", "home": "5", "away": "5", "compareCode": 3}]}, {"groupName": "Points", "statisticsItems": [{"name": "Service points won", "home": "21", "away": "19", "compareCode": 1}, {"name": "Receiver points won", "home": "11", "away": "8", "compareCode": 1}, {"name": "Total points won", "home": "32", "away": "27", "compareCode": 1}, {"name": "Max points in a row", "home": "4", "away": "4", "compareCode": 3}]}]}]}