{"statistics": [{"period": "ALL", "groups": [{"groupName": "Service", "statisticsItems": [{"name": "Aces", "home": "0", "away": "5", "compareCode": 2}, {"name": "Double faults", "home": "7", "away": "1", "compareCode": 1}, {"name": "First serve", "home": "25/47 (53%)", "away": "32/56 (57%)", "compareCode": 2}, {"name": "Second serve", "home": "15/22 (68%)", "away": "23/24 (96%)", "compareCode": 2}, {"name": "First serve points", "home": "11/25 (44%)", "away": "23/32 (72%)", "compareCode": 2}, {"name": "Second serve points", "home": "4/22 (18%)", "away": "11/24 (46%)", "compareCode": 2}, {"name": "Break points saved", "home": "2/9 (22%)", "away": "5/7 (71%)", "compareCode": 2}, {"name": "Service games played", "home": "8", "away": "7", "compareCode": 1}]}, {"groupName": "Return", "statisticsItems": [{"name": "First serve return points", "home": "9/32 (28%)", "away": "14/25 (56%)", "compareCode": 2}, {"name": "Second serve return points", "home": "13/24 (54%)", "away": "18/22 (81%)", "compareCode": 2}, {"name": "Break points converted", "home": "2", "away": "7", "compareCode": 2}, {"name": "Return games played", "home": "7", "away": "8", "compareCode": 1}]}, {"groupName": "Points", "statisticsItems": [{"name": "Service points won", "home": "15", "away": "34", "compareCode": 2}, {"name": "Receiver points won", "home": "22", "away": "32", "compareCode": 2}, {"name": "Total points won", "home": "37", "away": "66", "compareCode": 2}, {"name": "Max points in a row", "home": "4", "away": "11", "compareCode": 2}]}]}, {"period": "1ST", "groups": [{"groupName": "Service", "statisticsItems": [{"name": "Aces", "home": "0", "away": "3", "compareCode": 2}, {"name": "Double faults", "home": "5", "away": "0", "compareCode": 1}, {"name": "First serve", "home": "7/18 (39%)", "away": "18/24 (75%)", "compareCode": 2}, {"name": "Second serve", "home": "6/11 (55%)", "away": "6/6 (100%)", "compareCode": 2}, {"name": "First serve points", "home": "3/7 (43%)", "away": "11/18 (61%)", "compareCode": 2}, {"name": "Second serve points", "home": "2/11 (18%)", "away": "5/6 (83%)", "compareCode": 2}, {"name": "Break points saved", "home": "0/3 (0%)", "away": "2/2 (100%)", "compareCode": 2}, {"name": "Service games played", "home": "3", "away": "3", "compareCode": 3}]}, {"groupName": "Return", "statisticsItems": [{"name": "First serve return points", "home": "7/18 (38%)", "away": "4/7 (57%)", "compareCode": 2}, {"name": "Second serve return points", "home": "1/6 (16%)", "away": "9/11 (81%)", "compareCode": 1}, {"name": "Break points converted", "home": "0", "away": "3", "compareCode": 2}, {"name": "Return games played", "home": "3", "away": "3", "compareCode": 3}]}, {"groupName": "Points", "statisticsItems": [{"name": "Service points won", "home": "5", "away": "16", "compareCode": 2}, {"name": "Receiver points won", "home": "8", "away": "13", "compareCode": 2}, {"name": "Total points won", "home": "13", "away": "29", "compareCode": 2}, {"name": "Max points in a row", "home": "3", "away": "11", "compareCode": 2}]}]}, {"period": "2ND", "groups": [{"groupName": "Service", "statisticsItems": [{"name": "Aces", "home": "0", "away": "2", "compareCode": 2}, {"name": "Double faults", "home": "2", "away": "1", "compareCode": 1}, {"name": "First serve", "home": "18/29 (62%)", "away": "14/32 (44%)", "compareCode": 1}, {"name": "Second serve", "home": "9/11 (82%)", "away": "17/18 (94%)", "compareCode": 2}, {"name": "First serve points", "home": "8/18 (44%)", "away": "12/14 (86%)", "compareCode": 2}, {"name": "Second serve points", "home": "2/11 (18%)", "away": "6/18 (33%)", "compareCode": 2}, {"name": "Break points saved", "home": "2/6 (33%)", "away": "3/5 (60%)", "compareCode": 2}, {"name": "Service games played", "home": "5", "away": "4", "compareCode": 1}]}, {"groupName": "Return", "statisticsItems": [{"name": "First serve return points", "home": "2/14 (14%)", "away": "10/18 (55%)", "compareCode": 2}, {"name": "Second serve return points", "home": "12/18 (66%)", "away": "9/11 (81%)", "compareCode": 2}, {"name": "Break points converted", "home": "2", "away": "4", "compareCode": 2}, {"name": "Return games played", "home": "4", "away": "5", "compareCode": 1}]}, {"groupName": "Points", "statisticsItems": [{"name": "Service points won", "home": "10", "away": "18", "compareCode": 2}, {"name": "Receiver points won", "home": "14", "away": "19", "compareCode": 2}, {"name": "Total points won", "home": "24", "away": "37", "compareCode": 2}, {"name": "Max points in a row", "home": "4", "away": "9", "compareCode": 2}]}]}]}