{"statistics": [{"period": "ALL", "groups": [{"groupName": "Service", "statisticsItems": [{"name": "Aces", "home": "0", "away": "0", "compareCode": 3}, {"name": "Double faults", "home": "1", "away": "2", "compareCode": 2}, {"name": "First serve", "home": "71/92 (77%)", "away": "64/79 (81%)", "compareCode": 2}, {"name": "Second serve", "home": "20/21 (95%)", "away": "13/15 (87%)", "compareCode": 1}, {"name": "First serve points", "home": "43/71 (61%)", "away": "35/64 (55%)", "compareCode": 1}, {"name": "Second serve points", "home": "9/21 (43%)", "away": "6/15 (40%)", "compareCode": 1}, {"name": "Break points saved", "home": "7/10 (70%)", "away": "5/9 (55%)", "compareCode": 2}, {"name": "Service games played", "home": "10", "away": "10", "compareCode": 3}]}, {"groupName": "Return", "statisticsItems": [{"name": "First serve return points", "home": "29/64 (45%)", "away": "28/71 (39%)", "compareCode": 1}, {"name": "Second serve return points", "home": "9/15 (60%)", "away": "12/21 (57%)", "compareCode": 1}, {"name": "Break points converted", "home": "4", "away": "3", "compareCode": 1}, {"name": "Return games played", "home": "10", "away": "10", "compareCode": 3}]}, {"groupName": "Points", "statisticsItems": [{"name": "Service points won", "home": "52", "away": "41", "compareCode": 1}, {"name": "Receiver points won", "home": "38", "away": "40", "compareCode": 2}, {"name": "Total points won", "home": "90", "away": "81", "compareCode": 1}, {"name": "Max points in a row", "home": "7", "away": "5", "compareCode": 1}]}]}, {"period": "1ST", "groups": [{"groupName": "Service", "statisticsItems": [{"name": "Aces", "home": "0", "away": "0", "compareCode": 3}, {"name": "Double faults", "home": "1", "away": "2", "compareCode": 2}, {"name": "First serve", "home": "33/46 (72%)", "away": "25/35 (71%)", "compareCode": 1}, {"name": "Second serve", "home": "12/13 (92%)", "away": "8/10 (80%)", "compareCode": 1}, {"name": "First serve points", "home": "22/33 (67%)", "away": "15/25 (60%)", "compareCode": 1}, {"name": "Second serve points", "home": "5/13 (38%)", "away": "3/10 (30%)", "compareCode": 1}, {"name": "Break points saved", "home": "7/7 (100%)", "away": "4/6 (66%)", "compareCode": 2}, {"name": "Service games played", "home": "4", "away": "4", "compareCode": 3}]}, {"groupName": "Return", "statisticsItems": [{"name": "First serve return points", "home": "10/25 (40%)", "away": "11/33 (33%)", "compareCode": 1}, {"name": "Second serve return points", "home": "7/10 (70%)", "away": "8/13 (61%)", "compareCode": 1}, {"name": "Break points converted", "home": "2", "away": "0", "compareCode": 1}, {"name": "Return games played", "home": "4", "away": "4", "compareCode": 3}]}, {"groupName": "Points", "statisticsItems": [{"name": "Service points won", "home": "27", "away": "18", "compareCode": 1}, {"name": "Receiver points won", "home": "17", "away": "19", "compareCode": 2}, {"name": "Total points won", "home": "44", "away": "37", "compareCode": 1}, {"name": "Max points in a row", "home": "4", "away": "3", "compareCode": 1}]}]}, {"period": "2ND", "groups": [{"groupName": "Service", "statisticsItems": [{"name": "Aces", "home": "0", "away": "0", "compareCode": 3}, {"name": "Double faults", "home": "0", "away": "0", "compareCode": 3}, {"name": "First serve", "home": "32/38 (84%)", "away": "34/37 (92%)", "compareCode": 2}, {"name": "Second serve", "home": "6/6 (100%)", "away": "3/3 (100%)", "compareCode": 3}, {"name": "First serve points", "home": "16/32 (50%)", "away": "19/34 (56%)", "compareCode": 2}, {"name": "Second serve points", "home": "3/6 (50%)", "away": "1/3 (33%)", "compareCode": 1}, {"name": "Break points saved", "home": "0/3 (0%)", "away": "1/3 (33%)", "compareCode": 3}, {"name": "Service games played", "home": "6", "away": "6", "compareCode": 3}]}, {"groupName": "Return", "statisticsItems": [{"name": "First serve return points", "home": "15/34 (44%)", "away": "16/32 (50%)", "compareCode": 1}, {"name": "Second serve return points", "home": "2/3 (66%)", "away": "3/6 (50%)", "compareCode": 1}, {"name": "Break points converted", "home": "2", "away": "3", "compareCode": 2}, {"name": "Return games played", "home": "6", "away": "6", "compareCode": 3}]}, {"groupName": "Points", "statisticsItems": [{"name": "Service points won", "home": "19", "away": "20", "compareCode": 2}, {"name": "Receiver points won", "home": "17", "away": "19", "compareCode": 2}, {"name": "Total points won", "home": "36", "away": "39", "compareCode": 2}, {"name": "Max points in a row", "home": "7", "away": "5", "compareCode": 1}]}]}, {"period": "3RD", "groups": [{"groupName": "Service", "statisticsItems": [{"name": "Aces", "home": "0", "away": "0", "compareCode": 3}, {"name": "Double faults", "home": "0", "away": "0", "compareCode": 3}, {"name": "First serve", "home": "6/8 (75%)", "away": "5/7 (71%)", "compareCode": 1}, {"name": "Second serve", "home": "2/2 (100%)", "away": "2/2 (100%)", "compareCode": 3}, {"name": "First serve points", "home": "5/6 (83%)", "away": "1/5 (20%)", "compareCode": 1}, {"name": "Second serve points", "home": "1/2 (50%)", "away": "2/2 (100%)", "compareCode": 2}, {"name": "Break points saved", "home": "0/0 (0%)", "away": "0/0 (0%)", "compareCode": 3}, {"name": "Service games played", "home": "0", "away": "0", "compareCode": 3}]}, {"groupName": "Return", "statisticsItems": [{"name": "First serve return points", "home": "4/5 (80%)", "away": "1/6 (16%)", "compareCode": 1}, {"name": "Second serve return points", "home": "0/2 (0%)", "away": "1/2 (50%)", "compareCode": 3}, {"name": "Break points converted", "home": "0", "away": "0", "compareCode": 3}, {"name": "Return games played", "home": "0", "away": "0", "compareCode": 3}]}, {"groupName": "Points", "statisticsItems": [{"name": "Service points won", "home": "6", "away": "3", "compareCode": 1}, {"name": "Receiver points won", "home": "4", "away": "2", "compareCode": 1}, {"name": "Total points won", "home": "10", "away": "5", "compareCode": 1}, {"name": "Max points in a row", "home": "4", "away": "1", "compareCode": 1}]}]}]}