{"statistics": [{"period": "ALL", "groups": [{"groupName": "Service", "statisticsItems": [{"name": "Aces", "home": "0", "away": "0", "compareCode": 3}, {"name": "Double faults", "home": "2", "away": "2", "compareCode": 3}, {"name": "First serve", "home": "40/48 (83%)", "away": "42/61 (69%)", "compareCode": 1}, {"name": "Second serve", "home": "6/8 (75%)", "away": "17/19 (89%)", "compareCode": 2}, {"name": "First serve points", "home": "30/40 (75%)", "away": "22/42 (52%)", "compareCode": 1}, {"name": "Second serve points", "home": "4/8 (50%)", "away": "9/19 (47%)", "compareCode": 2}, {"name": "Break points saved", "home": "1/1 (100%)", "away": "2/6 (33%)", "compareCode": 1}, {"name": "Service games played", "home": "8", "away": "8", "compareCode": 3}]}, {"groupName": "Return", "statisticsItems": [{"name": "First serve return points", "home": "20/42 (47%)", "away": "10/40 (25%)", "compareCode": 2}, {"name": "Second serve return points", "home": "10/19 (52%)", "away": "4/8 (50%)", "compareCode": 2}, {"name": "Break points converted", "home": "4", "away": "0", "compareCode": 1}, {"name": "Return games played", "home": "8", "away": "8", "compareCode": 3}]}, {"groupName": "Points", "statisticsItems": [{"name": "Service points won", "home": "34", "away": "31", "compareCode": 1}, {"name": "Receiver points won", "home": "30", "away": "14", "compareCode": 1}, {"name": "Total points won", "home": "64", "away": "45", "compareCode": 1}, {"name": "Max points in a row", "home": "5", "away": "4", "compareCode": 1}]}]}, {"period": "1ST", "groups": [{"groupName": "Service", "statisticsItems": [{"name": "Aces", "home": "0", "away": "0", "compareCode": 3}, {"name": "Double faults", "home": "1", "away": "1", "compareCode": 3}, {"name": "First serve", "home": "14/17 (82%)", "away": "20/32 (63%)", "compareCode": 1}, {"name": "Second serve", "home": "2/3 (67%)", "away": "11/12 (92%)", "compareCode": 2}, {"name": "First serve points", "home": "11/14 (79%)", "away": "9/20 (45%)", "compareCode": 1}, {"name": "Second serve points", "home": "1/3 (33%)", "away": "5/12 (42%)", "compareCode": 2}, {"name": "Break points saved", "home": "0/0 (0%)", "away": "2/5 (40%)", "compareCode": 1}, {"name": "Service games played", "home": "3", "away": "4", "compareCode": 2}]}, {"groupName": "Return", "statisticsItems": [{"name": "First serve return points", "home": "11/20 (55%)", "away": "3/14 (21%)", "compareCode": 2}, {"name": "Second serve return points", "home": "7/12 (58%)", "away": "2/3 (66%)", "compareCode": 2}, {"name": "Break points converted", "home": "3", "away": "0", "compareCode": 1}, {"name": "Return games played", "home": "4", "away": "3", "compareCode": 2}]}, {"groupName": "Points", "statisticsItems": [{"name": "Service points won", "home": "12", "away": "14", "compareCode": 2}, {"name": "Receiver points won", "home": "18", "away": "5", "compareCode": 1}, {"name": "Total points won", "home": "30", "away": "19", "compareCode": 1}, {"name": "Max points in a row", "home": "4", "away": "3", "compareCode": 1}]}]}, {"period": "2ND", "groups": [{"groupName": "Service", "statisticsItems": [{"name": "Aces", "home": "0", "away": "0", "compareCode": 3}, {"name": "Double faults", "home": "1", "away": "1", "compareCode": 3}, {"name": "First serve", "home": "26/31 (84%)", "away": "22/29 (76%)", "compareCode": 1}, {"name": "Second serve", "home": "4/5 (80%)", "away": "6/7 (86%)", "compareCode": 2}, {"name": "First serve points", "home": "19/26 (73%)", "away": "13/22 (59%)", "compareCode": 1}, {"name": "Second serve points", "home": "3/5 (60%)", "away": "4/7 (57%)", "compareCode": 2}, {"name": "Break points saved", "home": "1/1 (100%)", "away": "0/1 (0%)", "compareCode": 3}, {"name": "Service games played", "home": "5", "away": "4", "compareCode": 1}]}, {"groupName": "Return", "statisticsItems": [{"name": "First serve return points", "home": "9/22 (40%)", "away": "7/26 (26%)", "compareCode": 1}, {"name": "Second serve return points", "home": "3/7 (42%)", "away": "2/5 (40%)", "compareCode": 2}, {"name": "Break points converted", "home": "1", "away": "0", "compareCode": 1}, {"name": "Return games played", "home": "4", "away": "5", "compareCode": 1}]}, {"groupName": "Points", "statisticsItems": [{"name": "Service points won", "home": "22", "away": "17", "compareCode": 1}, {"name": "Receiver points won", "home": "12", "away": "9", "compareCode": 1}, {"name": "Total points won", "home": "34", "away": "26", "compareCode": 1}, {"name": "Max points in a row", "home": "5", "away": "4", "compareCode": 1}]}]}]}