{"statistics": [{"period": "ALL", "groups": [{"groupName": "Service", "statisticsItems": [{"name": "Aces", "home": "0", "away": "0", "compareCode": 3}, {"name": "Double faults", "home": "0", "away": "1", "compareCode": 2}, {"name": "First serve", "home": "35/49 (71%)", "away": "39/50 (78%)", "compareCode": 2}, {"name": "Second serve", "home": "14/14 (100%)", "away": "10/11 (91%)", "compareCode": 1}, {"name": "First serve points", "home": "12/35 (34%)", "away": "24/39 (62%)", "compareCode": 2}, {"name": "Second serve points", "home": "5/14 (36%)", "away": "6/11 (55%)", "compareCode": 2}, {"name": "Break points saved", "home": "3/9 (33%)", "away": "2/5 (40%)", "compareCode": 2}, {"name": "Service games played", "home": "8", "away": "9", "compareCode": 2}]}, {"groupName": "Return", "statisticsItems": [{"name": "First serve return points", "home": "15/39 (38%)", "away": "23/35 (65%)", "compareCode": 2}, {"name": "Second serve return points", "home": "5/11 (45%)", "away": "9/14 (64%)", "compareCode": 1}, {"name": "Break points converted", "home": "3", "away": "6", "compareCode": 2}, {"name": "Return games played", "home": "9", "away": "8", "compareCode": 2}]}, {"groupName": "Points", "statisticsItems": [{"name": "Service points won", "home": "17", "away": "30", "compareCode": 2}, {"name": "Receiver points won", "home": "20", "away": "32", "compareCode": 2}, {"name": "Total points won", "home": "37", "away": "62", "compareCode": 2}, {"name": "Max points in a row", "home": "5", "away": "10", "compareCode": 2}]}]}, {"period": "1ST", "groups": [{"groupName": "Service", "statisticsItems": [{"name": "Aces", "home": "0", "away": "0", "compareCode": 3}, {"name": "Double faults", "home": "0", "away": "1", "compareCode": 2}, {"name": "First serve", "home": "17/21 (81%)", "away": "22/30 (73%)", "compareCode": 1}, {"name": "Second serve", "home": "4/4 (100%)", "away": "7/8 (88%)", "compareCode": 1}, {"name": "First serve points", "home": "6/17 (35%)", "away": "14/22 (64%)", "compareCode": 2}, {"name": "Second serve points", "home": "0/4 (0%)", "away": "3/8 (38%)", "compareCode": 2}, {"name": "Break points saved", "home": "2/5 (40%)", "away": "2/4 (50%)", "compareCode": 2}, {"name": "Service games played", "home": "4", "away": "5", "compareCode": 2}]}, {"groupName": "Return", "statisticsItems": [{"name": "First serve return points", "home": "8/22 (36%)", "away": "11/17 (64%)", "compareCode": 2}, {"name": "Second serve return points", "home": "5/8 (62%)", "away": "4/4 (100%)", "compareCode": 2}, {"name": "Break points converted", "home": "2", "away": "3", "compareCode": 2}, {"name": "Return games played", "home": "5", "away": "4", "compareCode": 2}]}, {"groupName": "Points", "statisticsItems": [{"name": "Service points won", "home": "6", "away": "17", "compareCode": 2}, {"name": "Receiver points won", "home": "13", "away": "15", "compareCode": 2}, {"name": "Total points won", "home": "19", "away": "32", "compareCode": 2}, {"name": "Max points in a row", "home": "5", "away": "10", "compareCode": 2}]}]}, {"period": "2ND", "groups": [{"groupName": "Service", "statisticsItems": [{"name": "Aces", "home": "0", "away": "0", "compareCode": 3}, {"name": "Double faults", "home": "0", "away": "0", "compareCode": 3}, {"name": "First serve", "home": "18/28 (64%)", "away": "17/20 (85%)", "compareCode": 2}, {"name": "Second serve", "home": "10/10 (100%)", "away": "3/3 (100%)", "compareCode": 3}, {"name": "First serve points", "home": "6/18 (33%)", "away": "10/17 (59%)", "compareCode": 2}, {"name": "Second serve points", "home": "5/10 (50%)", "away": "3/3 (100%)", "compareCode": 1}, {"name": "Break points saved", "home": "1/4 (25%)", "away": "0/1 (0%)", "compareCode": 2}, {"name": "Service games played", "home": "4", "away": "4", "compareCode": 3}]}, {"groupName": "Return", "statisticsItems": [{"name": "First serve return points", "home": "7/17 (41%)", "away": "12/18 (66%)", "compareCode": 1}, {"name": "Second serve return points", "home": "0/3 (0%)", "away": "5/10 (50%)", "compareCode": 1}, {"name": "Break points converted", "home": "1", "away": "3", "compareCode": 2}, {"name": "Return games played", "home": "4", "away": "4", "compareCode": 3}]}, {"groupName": "Points", "statisticsItems": [{"name": "Service points won", "home": "11", "away": "13", "compareCode": 2}, {"name": "Receiver points won", "home": "7", "away": "17", "compareCode": 2}, {"name": "Total points won", "home": "18", "away": "30", "compareCode": 2}, {"name": "Max points in a row", "home": "4", "away": "6", "compareCode": 2}]}]}]}