{"statistics": [{"period": "ALL", "groups": [{"groupName": "Service", "statisticsItems": [{"name": "Aces", "home": "1", "away": "0", "compareCode": 1}, {"name": "Double faults", "home": "0", "away": "1", "compareCode": 2}, {"name": "First serve", "home": "56/76 (74%)", "away": "71/93 (76%)", "compareCode": 2}, {"name": "Second serve", "home": "20/20 (100%)", "away": "21/22 (95%)", "compareCode": 1}, {"name": "First serve points", "home": "27/56 (48%)", "away": "40/71 (56%)", "compareCode": 2}, {"name": "Second serve points", "home": "9/20 (45%)", "away": "9/22 (41%)", "compareCode": 3}, {"name": "Break points saved", "home": "9/15 (60%)", "away": "9/13 (69%)", "compareCode": 2}, {"name": "Service games played", "home": "9", "away": "9", "compareCode": 3}]}, {"groupName": "Return", "statisticsItems": [{"name": "First serve return points", "home": "31/71 (43%)", "away": "29/56 (51%)", "compareCode": 2}, {"name": "Second serve return points", "home": "13/22 (59%)", "away": "11/20 (55%)", "compareCode": 2}, {"name": "Break points converted", "home": "4", "away": "6", "compareCode": 2}, {"name": "Return games played", "home": "9", "away": "9", "compareCode": 3}]}, {"groupName": "Points", "statisticsItems": [{"name": "Service points won", "home": "36", "away": "49", "compareCode": 2}, {"name": "Receiver points won", "home": "44", "away": "40", "compareCode": 1}, {"name": "Total points won", "home": "80", "away": "89", "compareCode": 2}, {"name": "Max points in a row", "home": "7", "away": "7", "compareCode": 3}]}]}, {"period": "1ST", "groups": [{"groupName": "Service", "statisticsItems": [{"name": "Aces", "home": "1", "away": "0", "compareCode": 1}, {"name": "Double faults", "home": "0", "away": "1", "compareCode": 2}, {"name": "First serve", "home": "31/44 (70%)", "away": "46/55 (84%)", "compareCode": 2}, {"name": "Second serve", "home": "13/13 (100%)", "away": "8/9 (89%)", "compareCode": 1}, {"name": "First serve points", "home": "17/31 (55%)", "away": "22/46 (48%)", "compareCode": 2}, {"name": "Second serve points", "home": "5/13 (38%)", "away": "3/9 (33%)", "compareCode": 1}, {"name": "Break points saved", "home": "3/6 (50%)", "away": "7/11 (63%)", "compareCode": 1}, {"name": "Service games played", "home": "6", "away": "6", "compareCode": 3}]}, {"groupName": "Return", "statisticsItems": [{"name": "First serve return points", "home": "24/46 (52%)", "away": "14/31 (45%)", "compareCode": 2}, {"name": "Second serve return points", "home": "6/9 (66%)", "away": "8/13 (61%)", "compareCode": 1}, {"name": "Break points converted", "home": "4", "away": "3", "compareCode": 1}, {"name": "Return games played", "home": "6", "away": "6", "compareCode": 3}]}, {"groupName": "Points", "statisticsItems": [{"name": "Service points won", "home": "22", "away": "25", "compareCode": 2}, {"name": "Receiver points won", "home": "30", "away": "22", "compareCode": 1}, {"name": "Total points won", "home": "52", "away": "47", "compareCode": 1}, {"name": "Max points in a row", "home": "7", "away": "6", "compareCode": 1}]}]}, {"period": "2ND", "groups": [{"groupName": "Service", "statisticsItems": [{"name": "Aces", "home": "0", "away": "0", "compareCode": 3}, {"name": "Double faults", "home": "0", "away": "0", "compareCode": 3}, {"name": "First serve", "home": "18/22 (82%)", "away": "16/28 (57%)", "compareCode": 1}, {"name": "Second serve", "home": "4/4 (100%)", "away": "12/12 (100%)", "compareCode": 3}, {"name": "First serve points", "home": "7/18 (39%)", "away": "11/16 (69%)", "compareCode": 2}, {"name": "Second serve points", "home": "1/4 (25%)", "away": "6/12 (50%)", "compareCode": 2}, {"name": "Break points saved", "home": "6/9 (66%)", "away": "2/2 (100%)", "compareCode": 2}, {"name": "Service games played", "home": "3", "away": "3", "compareCode": 3}]}, {"groupName": "Return", "statisticsItems": [{"name": "First serve return points", "home": "5/16 (31%)", "away": "11/18 (61%)", "compareCode": 2}, {"name": "Second serve return points", "home": "6/12 (50%)", "away": "3/4 (75%)", "compareCode": 2}, {"name": "Break points converted", "home": "0", "away": "3", "compareCode": 2}, {"name": "Return games played", "home": "3", "away": "3", "compareCode": 3}]}, {"groupName": "Points", "statisticsItems": [{"name": "Service points won", "home": "8", "away": "17", "compareCode": 2}, {"name": "Receiver points won", "home": "11", "away": "14", "compareCode": 2}, {"name": "Total points won", "home": "19", "away": "31", "compareCode": 2}, {"name": "Max points in a row", "home": "3", "away": "7", "compareCode": 2}]}]}, {"period": "3RD", "groups": [{"groupName": "Service", "statisticsItems": [{"name": "Aces", "home": "0", "away": "0", "compareCode": 3}, {"name": "Double faults", "home": "0", "away": "0", "compareCode": 3}, {"name": "First serve", "home": "7/10 (70%)", "away": "9/10 (90%)", "compareCode": 2}, {"name": "Second serve", "home": "3/3 (100%)", "away": "1/1 (100%)", "compareCode": 3}, {"name": "First serve points", "home": "3/7 (43%)", "away": "7/9 (78%)", "compareCode": 2}, {"name": "Second serve points", "home": "3/3 (100%)", "away": "0/1 (0%)", "compareCode": 1}, {"name": "Break points saved", "home": "0/0 (0%)", "away": "0/0 (0%)", "compareCode": 3}, {"name": "Service games played", "home": "0", "away": "0", "compareCode": 3}]}, {"groupName": "Return", "statisticsItems": [{"name": "First serve return points", "home": "2/9 (22%)", "away": "4/7 (57%)", "compareCode": 3}, {"name": "Second serve return points", "home": "1/1 (100%)", "away": "0/3 (0%)", "compareCode": 1}, {"name": "Break points converted", "home": "0", "away": "0", "compareCode": 3}, {"name": "Return games played", "home": "0", "away": "0", "compareCode": 3}]}, {"groupName": "Points", "statisticsItems": [{"name": "Service points won", "home": "6", "away": "7", "compareCode": 2}, {"name": "Receiver points won", "home": "3", "away": "4", "compareCode": 2}, {"name": "Total points won", "home": "9", "away": "11", "compareCode": 2}, {"name": "Max points in a row", "home": "3", "away": "5", "compareCode": 2}]}]}]}