{"statistics": [{"period": "ALL", "groups": [{"groupName": "Service", "statisticsItems": [{"name": "Aces", "home": "0", "away": "1", "compareCode": 2}, {"name": "Double faults", "home": "1", "away": "1", "compareCode": 3}, {"name": "First serve", "home": "52/64 (81%)", "away": "34/48 (71%)", "compareCode": 1}, {"name": "Second serve", "home": "11/12 (92%)", "away": "13/14 (93%)", "compareCode": 2}, {"name": "First serve points", "home": "30/52 (58%)", "away": "19/34 (56%)", "compareCode": 1}, {"name": "Second serve points", "home": "5/12 (42%)", "away": "7/14 (50%)", "compareCode": 2}, {"name": "Break points saved", "home": "1/5 (20%)", "away": "4/8 (50%)", "compareCode": 1}, {"name": "Service games played", "home": "8", "away": "7", "compareCode": 1}]}, {"groupName": "Return", "statisticsItems": [{"name": "First serve return points", "home": "15/34 (44%)", "away": "22/52 (42%)", "compareCode": 1}, {"name": "Second serve return points", "home": "7/14 (50%)", "away": "7/12 (58%)", "compareCode": 2}, {"name": "Break points converted", "home": "4", "away": "4", "compareCode": 3}, {"name": "Return games played", "home": "7", "away": "8", "compareCode": 1}]}, {"groupName": "Points", "statisticsItems": [{"name": "Service points won", "home": "35", "away": "26", "compareCode": 1}, {"name": "Receiver points won", "home": "22", "away": "29", "compareCode": 2}, {"name": "Total points won", "home": "57", "away": "55", "compareCode": 1}, {"name": "Max points in a row", "home": "5", "away": "5", "compareCode": 3}]}]}, {"period": "1ST", "groups": [{"groupName": "Service", "statisticsItems": [{"name": "Aces", "home": "0", "away": "0", "compareCode": 3}, {"name": "Double faults", "home": "1", "away": "0", "compareCode": 1}, {"name": "First serve", "home": "21/26 (81%)", "away": "16/20 (80%)", "compareCode": 1}, {"name": "Second serve", "home": "4/5 (80%)", "away": "4/4 (100%)", "compareCode": 2}, {"name": "First serve points", "home": "14/21 (67%)", "away": "5/16 (31%)", "compareCode": 1}, {"name": "Second serve points", "home": "2/5 (40%)", "away": "2/4 (50%)", "compareCode": 3}, {"name": "Break points saved", "home": "1/2 (50%)", "away": "4/7 (57%)", "compareCode": 1}, {"name": "Service games played", "home": "4", "away": "3", "compareCode": 1}]}, {"groupName": "Return", "statisticsItems": [{"name": "First serve return points", "home": "11/16 (68%)", "away": "7/21 (33%)", "compareCode": 1}, {"name": "Second serve return points", "home": "2/4 (50%)", "away": "3/5 (60%)", "compareCode": 1}, {"name": "Break points converted", "home": "3", "away": "1", "compareCode": 1}, {"name": "Return games played", "home": "3", "away": "4", "compareCode": 1}]}, {"groupName": "Points", "statisticsItems": [{"name": "Service points won", "home": "16", "away": "7", "compareCode": 1}, {"name": "Receiver points won", "home": "13", "away": "10", "compareCode": 1}, {"name": "Total points won", "home": "29", "away": "17", "compareCode": 1}, {"name": "Max points in a row", "home": "5", "away": "4", "compareCode": 1}]}]}, {"period": "2ND", "groups": [{"groupName": "Service", "statisticsItems": [{"name": "Aces", "home": "0", "away": "0", "compareCode": 3}, {"name": "Double faults", "home": "0", "away": "1", "compareCode": 2}, {"name": "First serve", "home": "22/27 (81%)", "away": "12/17 (71%)", "compareCode": 1}, {"name": "Second serve", "home": "5/5 (100%)", "away": "4/5 (80%)", "compareCode": 1}, {"name": "First serve points", "home": "9/22 (41%)", "away": "10/12 (83%)", "compareCode": 2}, {"name": "Second serve points", "home": "2/5 (40%)", "away": "2/5 (40%)", "compareCode": 3}, {"name": "Break points saved", "home": "0/3 (0%)", "away": "0/1 (0%)", "compareCode": 2}, {"name": "Service games played", "home": "4", "away": "4", "compareCode": 3}]}, {"groupName": "Return", "statisticsItems": [{"name": "First serve return points", "home": "2/12 (16%)", "away": "13/22 (59%)", "compareCode": 1}, {"name": "Second serve return points", "home": "3/5 (60%)", "away": "3/5 (60%)", "compareCode": 3}, {"name": "Break points converted", "home": "1", "away": "3", "compareCode": 2}, {"name": "Return games played", "home": "4", "away": "4", "compareCode": 3}]}, {"groupName": "Points", "statisticsItems": [{"name": "Service points won", "home": "11", "away": "12", "compareCode": 2}, {"name": "Receiver points won", "home": "5", "away": "16", "compareCode": 2}, {"name": "Total points won", "home": "16", "away": "28", "compareCode": 2}, {"name": "Max points in a row", "home": "4", "away": "4", "compareCode": 3}]}]}, {"period": "3RD", "groups": [{"groupName": "Service", "statisticsItems": [{"name": "Aces", "home": "0", "away": "1", "compareCode": 2}, {"name": "Double faults", "home": "0", "away": "0", "compareCode": 3}, {"name": "First serve", "home": "9/11 (82%)", "away": "6/11 (55%)", "compareCode": 1}, {"name": "Second serve", "home": "2/2 (100%)", "away": "5/5 (100%)", "compareCode": 3}, {"name": "First serve points", "home": "7/9 (78%)", "away": "4/6 (67%)", "compareCode": 1}, {"name": "Second serve points", "home": "1/2 (50%)", "away": "3/5 (60%)", "compareCode": 2}, {"name": "Break points saved", "home": "0/0 (0%)", "away": "0/0 (0%)", "compareCode": 3}, {"name": "Service games played", "home": "0", "away": "0", "compareCode": 3}]}, {"groupName": "Return", "statisticsItems": [{"name": "First serve return points", "home": "2/6 (33%)", "away": "2/9 (22%)", "compareCode": 3}, {"name": "Second serve return points", "home": "2/5 (40%)", "away": "1/2 (50%)", "compareCode": 2}, {"name": "Break points converted", "home": "0", "away": "0", "compareCode": 3}, {"name": "Return games played", "home": "0", "away": "0", "compareCode": 3}]}, {"groupName": "Points", "statisticsItems": [{"name": "Service points won", "home": "8", "away": "7", "compareCode": 1}, {"name": "Receiver points won", "home": "4", "away": "3", "compareCode": 1}, {"name": "Total points won", "home": "12", "away": "10", "compareCode": 1}, {"name": "Max points in a row", "home": "4", "away": "5", "compareCode": 2}]}]}]}