{"statistics": [{"period": "ALL", "groups": [{"groupName": "Service", "statisticsItems": [{"name": "Aces", "home": "0", "away": "0", "compareCode": 3}, {"name": "Double faults", "home": "0", "away": "1", "compareCode": 2}, {"name": "First serve", "home": "40/65 (62%)", "away": "50/59 (85%)", "compareCode": 2}, {"name": "Second serve", "home": "25/25 (100%)", "away": "8/9 (89%)", "compareCode": 1}, {"name": "First serve points", "home": "20/40 (50%)", "away": "28/50 (56%)", "compareCode": 2}, {"name": "Second serve points", "home": "9/25 (36%)", "away": "6/9 (67%)", "compareCode": 1}, {"name": "Break points saved", "home": "4/10 (40%)", "away": "3/6 (50%)", "compareCode": 2}, {"name": "Service games played", "home": "9", "away": "9", "compareCode": 3}]}, {"groupName": "Return", "statisticsItems": [{"name": "First serve return points", "home": "22/50 (44%)", "away": "20/40 (50%)", "compareCode": 1}, {"name": "Second serve return points", "home": "3/9 (33%)", "away": "16/25 (64%)", "compareCode": 1}, {"name": "Break points converted", "home": "3", "away": "6", "compareCode": 2}, {"name": "Return games played", "home": "9", "away": "9", "compareCode": 3}]}, {"groupName": "Points", "statisticsItems": [{"name": "Service points won", "home": "29", "away": "34", "compareCode": 2}, {"name": "Receiver points won", "home": "25", "away": "36", "compareCode": 2}, {"name": "Total points won", "home": "54", "away": "70", "compareCode": 2}, {"name": "Max points in a row", "home": "6", "away": "9", "compareCode": 2}]}]}, {"period": "1ST", "groups": [{"groupName": "Service", "statisticsItems": [{"name": "Aces", "home": "0", "away": "0", "compareCode": 3}, {"name": "Double faults", "home": "0", "away": "1", "compareCode": 2}, {"name": "First serve", "home": "22/34 (65%)", "away": "22/25 (88%)", "compareCode": 2}, {"name": "Second serve", "home": "12/12 (100%)", "away": "2/3 (67%)", "compareCode": 1}, {"name": "First serve points", "home": "12/22 (55%)", "away": "13/22 (59%)", "compareCode": 2}, {"name": "Second serve points", "home": "3/12 (25%)", "away": "2/3 (67%)", "compareCode": 1}, {"name": "Break points saved", "home": "1/4 (25%)", "away": "1/2 (50%)", "compareCode": 2}, {"name": "Service games played", "home": "4", "away": "4", "compareCode": 3}]}, {"groupName": "Return", "statisticsItems": [{"name": "First serve return points", "home": "9/22 (40%)", "away": "10/22 (45%)", "compareCode": 1}, {"name": "Second serve return points", "home": "1/3 (33%)", "away": "9/12 (75%)", "compareCode": 1}, {"name": "Break points converted", "home": "1", "away": "3", "compareCode": 2}, {"name": "Return games played", "home": "4", "away": "4", "compareCode": 3}]}, {"groupName": "Points", "statisticsItems": [{"name": "Service points won", "home": "15", "away": "15", "compareCode": 3}, {"name": "Receiver points won", "home": "10", "away": "19", "compareCode": 2}, {"name": "Total points won", "home": "25", "away": "34", "compareCode": 2}, {"name": "Max points in a row", "home": "3", "away": "6", "compareCode": 2}]}]}, {"period": "2ND", "groups": [{"groupName": "Service", "statisticsItems": [{"name": "Aces", "home": "0", "away": "0", "compareCode": 3}, {"name": "Double faults", "home": "0", "away": "0", "compareCode": 3}, {"name": "First serve", "home": "18/31 (58%)", "away": "28/34 (82%)", "compareCode": 2}, {"name": "Second serve", "home": "13/13 (100%)", "away": "6/6 (100%)", "compareCode": 3}, {"name": "First serve points", "home": "8/18 (44%)", "away": "15/28 (54%)", "compareCode": 2}, {"name": "Second serve points", "home": "6/13 (46%)", "away": "4/6 (67%)", "compareCode": 1}, {"name": "Break points saved", "home": "3/6 (50%)", "away": "2/4 (50%)", "compareCode": 2}, {"name": "Service games played", "home": "5", "away": "5", "compareCode": 3}]}, {"groupName": "Return", "statisticsItems": [{"name": "First serve return points", "home": "13/28 (46%)", "away": "10/18 (55%)", "compareCode": 2}, {"name": "Second serve return points", "home": "2/6 (33%)", "away": "7/13 (53%)", "compareCode": 1}, {"name": "Break points converted", "home": "2", "away": "3", "compareCode": 2}, {"name": "Return games played", "home": "5", "away": "5", "compareCode": 3}]}, {"groupName": "Points", "statisticsItems": [{"name": "Service points won", "home": "14", "away": "19", "compareCode": 2}, {"name": "Receiver points won", "home": "15", "away": "17", "compareCode": 2}, {"name": "Total points won", "home": "29", "away": "36", "compareCode": 2}, {"name": "Max points in a row", "home": "6", "away": "9", "compareCode": 2}]}]}]}