{"statistics": [{"period": "ALL", "groups": [{"groupName": "Service", "statisticsItems": [{"name": "Aces", "home": "0", "away": "0", "compareCode": 3}, {"name": "Double faults", "home": "2", "away": "4", "compareCode": 2}, {"name": "First serve", "home": "37/52 (71%)", "away": "40/69 (58%)", "compareCode": 1}, {"name": "Second serve", "home": "13/15 (87%)", "away": "25/29 (86%)", "compareCode": 1}, {"name": "First serve points", "home": "23/37 (62%)", "away": "25/40 (63%)", "compareCode": 2}, {"name": "Second serve points", "home": "7/15 (47%)", "away": "11/29 (38%)", "compareCode": 2}, {"name": "Break points saved", "home": "1/3 (33%)", "away": "2/7 (28%)", "compareCode": 1}, {"name": "Service games played", "home": "9", "away": "10", "compareCode": 2}]}, {"groupName": "Return", "statisticsItems": [{"name": "First serve return points", "home": "15/40 (37%)", "away": "14/37 (37%)", "compareCode": 2}, {"name": "Second serve return points", "home": "18/29 (62%)", "away": "8/15 (53%)", "compareCode": 2}, {"name": "Break points converted", "home": "5", "away": "2", "compareCode": 1}, {"name": "Return games played", "home": "10", "away": "9", "compareCode": 2}]}, {"groupName": "Points", "statisticsItems": [{"name": "Service points won", "home": "30", "away": "36", "compareCode": 2}, {"name": "Receiver points won", "home": "33", "away": "22", "compareCode": 1}, {"name": "Total points won", "home": "63", "away": "58", "compareCode": 1}, {"name": "Max points in a row", "home": "7", "away": "8", "compareCode": 2}]}]}, {"period": "1ST", "groups": [{"groupName": "Service", "statisticsItems": [{"name": "Aces", "home": "0", "away": "0", "compareCode": 3}, {"name": "Double faults", "home": "1", "away": "3", "compareCode": 2}, {"name": "First serve", "home": "23/30 (77%)", "away": "20/33 (61%)", "compareCode": 1}, {"name": "Second serve", "home": "6/7 (86%)", "away": "10/13 (77%)", "compareCode": 1}, {"name": "First serve points", "home": "13/23 (57%)", "away": "15/20 (75%)", "compareCode": 2}, {"name": "Second serve points", "home": "4/7 (57%)", "away": "4/13 (31%)", "compareCode": 3}, {"name": "Break points saved", "home": "0/1 (0%)", "away": "1/3 (33%)", "compareCode": 1}, {"name": "Service games played", "home": "5", "away": "5", "compareCode": 3}]}, {"groupName": "Return", "statisticsItems": [{"name": "First serve return points", "home": "5/20 (25%)", "away": "10/23 (43%)", "compareCode": 2}, {"name": "Second serve return points", "home": "9/13 (69%)", "away": "3/7 (42%)", "compareCode": 2}, {"name": "Break points converted", "home": "2", "away": "1", "compareCode": 1}, {"name": "Return games played", "home": "5", "away": "5", "compareCode": 3}]}, {"groupName": "Points", "statisticsItems": [{"name": "Service points won", "home": "17", "away": "19", "compareCode": 2}, {"name": "Receiver points won", "home": "14", "away": "13", "compareCode": 1}, {"name": "Total points won", "home": "31", "away": "32", "compareCode": 2}, {"name": "Max points in a row", "home": "4", "away": "8", "compareCode": 2}]}]}, {"period": "2ND", "groups": [{"groupName": "Service", "statisticsItems": [{"name": "Aces", "home": "0", "away": "0", "compareCode": 3}, {"name": "Double faults", "home": "1", "away": "1", "compareCode": 3}, {"name": "First serve", "home": "14/22 (64%)", "away": "20/36 (56%)", "compareCode": 1}, {"name": "Second serve", "home": "7/8 (88%)", "away": "15/16 (94%)", "compareCode": 2}, {"name": "First serve points", "home": "10/14 (71%)", "away": "10/20 (50%)", "compareCode": 3}, {"name": "Second serve points", "home": "3/8 (38%)", "away": "7/16 (44%)", "compareCode": 2}, {"name": "Break points saved", "home": "1/2 (50%)", "away": "1/4 (25%)", "compareCode": 1}, {"name": "Service games played", "home": "4", "away": "5", "compareCode": 2}]}, {"groupName": "Return", "statisticsItems": [{"name": "First serve return points", "home": "10/20 (50%)", "away": "4/14 (28%)", "compareCode": 2}, {"name": "Second serve return points", "home": "9/16 (56%)", "away": "5/8 (62%)", "compareCode": 2}, {"name": "Break points converted", "home": "3", "away": "1", "compareCode": 1}, {"name": "Return games played", "home": "5", "away": "4", "compareCode": 2}]}, {"groupName": "Points", "statisticsItems": [{"name": "Service points won", "home": "13", "away": "17", "compareCode": 2}, {"name": "Receiver points won", "home": "19", "away": "9", "compareCode": 1}, {"name": "Total points won", "home": "32", "away": "26", "compareCode": 1}, {"name": "Max points in a row", "home": "7", "away": "4", "compareCode": 1}]}]}]}