{"statistics": [{"period": "ALL", "groups": [{"groupName": "Service", "statisticsItems": [{"name": "Aces", "home": "0", "away": "0", "compareCode": 3}, {"name": "Double faults", "home": "4", "away": "3", "compareCode": 1}, {"name": "First serve", "home": "45/67 (67%)", "away": "53/70 (76%)", "compareCode": 2}, {"name": "Second serve", "home": "18/22 (82%)", "away": "14/17 (82%)", "compareCode": 3}, {"name": "First serve points", "home": "25/45 (56%)", "away": "26/53 (49%)", "compareCode": 2}, {"name": "Second serve points", "home": "9/22 (41%)", "away": "8/17 (47%)", "compareCode": 1}, {"name": "Break points saved", "home": "1/5 (20%)", "away": "6/11 (54%)", "compareCode": 1}, {"name": "Service games played", "home": "9", "away": "9", "compareCode": 3}]}, {"groupName": "Return", "statisticsItems": [{"name": "First serve return points", "home": "27/53 (50%)", "away": "20/45 (44%)", "compareCode": 2}, {"name": "Second serve return points", "home": "9/17 (52%)", "away": "13/22 (59%)", "compareCode": 1}, {"name": "Break points converted", "home": "5", "away": "4", "compareCode": 1}, {"name": "Return games played", "home": "9", "away": "9", "compareCode": 3}]}, {"groupName": "Points", "statisticsItems": [{"name": "Service points won", "home": "34", "away": "34", "compareCode": 3}, {"name": "Receiver points won", "home": "36", "away": "33", "compareCode": 1}, {"name": "Total points won", "home": "70", "away": "67", "compareCode": 1}, {"name": "Max points in a row", "home": "7", "away": "5", "compareCode": 1}]}]}, {"period": "1ST", "groups": [{"groupName": "Service", "statisticsItems": [{"name": "Aces", "home": "0", "away": "0", "compareCode": 3}, {"name": "Double faults", "home": "0", "away": "3", "compareCode": 2}, {"name": "First serve", "home": "17/24 (71%)", "away": "20/27 (74%)", "compareCode": 2}, {"name": "Second serve", "home": "7/7 (100%)", "away": "4/7 (57%)", "compareCode": 1}, {"name": "First serve points", "home": "12/17 (71%)", "away": "9/20 (45%)", "compareCode": 1}, {"name": "Second serve points", "home": "3/7 (43%)", "away": "2/7 (29%)", "compareCode": 1}, {"name": "Break points saved", "home": "0/1 (0%)", "away": "3/6 (50%)", "compareCode": 1}, {"name": "Service games played", "home": "4", "away": "4", "compareCode": 3}]}, {"groupName": "Return", "statisticsItems": [{"name": "First serve return points", "home": "11/20 (55%)", "away": "5/17 (29%)", "compareCode": 2}, {"name": "Second serve return points", "home": "5/7 (71%)", "away": "4/7 (57%)", "compareCode": 3}, {"name": "Break points converted", "home": "3", "away": "1", "compareCode": 1}, {"name": "Return games played", "home": "4", "away": "4", "compareCode": 3}]}, {"groupName": "Points", "statisticsItems": [{"name": "Service points won", "home": "15", "away": "11", "compareCode": 1}, {"name": "Receiver points won", "home": "16", "away": "9", "compareCode": 1}, {"name": "Total points won", "home": "31", "away": "20", "compareCode": 1}, {"name": "Max points in a row", "home": "5", "away": "4", "compareCode": 1}]}]}, {"period": "2ND", "groups": [{"groupName": "Service", "statisticsItems": [{"name": "Aces", "home": "0", "away": "0", "compareCode": 3}, {"name": "Double faults", "home": "4", "away": "0", "compareCode": 1}, {"name": "First serve", "home": "24/36 (67%)", "away": "28/36 (78%)", "compareCode": 2}, {"name": "Second serve", "home": "8/12 (67%)", "away": "8/8 (100%)", "compareCode": 2}, {"name": "First serve points", "home": "12/24 (50%)", "away": "13/28 (46%)", "compareCode": 2}, {"name": "Second serve points", "home": "5/12 (42%)", "away": "5/8 (63%)", "compareCode": 3}, {"name": "Break points saved", "home": "1/4 (25%)", "away": "3/5 (60%)", "compareCode": 1}, {"name": "Service games played", "home": "5", "away": "5", "compareCode": 3}]}, {"groupName": "Return", "statisticsItems": [{"name": "First serve return points", "home": "15/28 (53%)", "away": "12/24 (50%)", "compareCode": 3}, {"name": "Second serve return points", "home": "3/8 (37%)", "away": "7/12 (58%)", "compareCode": 1}, {"name": "Break points converted", "home": "2", "away": "3", "compareCode": 2}, {"name": "Return games played", "home": "5", "away": "5", "compareCode": 3}]}, {"groupName": "Points", "statisticsItems": [{"name": "Service points won", "home": "17", "away": "18", "compareCode": 2}, {"name": "Receiver points won", "home": "18", "away": "19", "compareCode": 2}, {"name": "Total points won", "home": "35", "away": "37", "compareCode": 2}, {"name": "Max points in a row", "home": "7", "away": "5", "compareCode": 1}]}]}, {"period": "3RD", "groups": [{"groupName": "Service", "statisticsItems": [{"name": "Aces", "home": "0", "away": "0", "compareCode": 3}, {"name": "Double faults", "home": "0", "away": "0", "compareCode": 3}, {"name": "First serve", "home": "4/7 (57%)", "away": "5/7 (71%)", "compareCode": 2}, {"name": "Second serve", "home": "3/3 (100%)", "away": "2/2 (100%)", "compareCode": 3}, {"name": "First serve points", "home": "1/4 (25%)", "away": "4/5 (80%)", "compareCode": 2}, {"name": "Second serve points", "home": "1/3 (33%)", "away": "1/2 (50%)", "compareCode": 3}, {"name": "Break points saved", "home": "0/0 (0%)", "away": "0/0 (0%)", "compareCode": 3}, {"name": "Service games played", "home": "0", "away": "0", "compareCode": 3}]}, {"groupName": "Return", "statisticsItems": [{"name": "First serve return points", "home": "1/5 (20%)", "away": "3/4 (75%)", "compareCode": 3}, {"name": "Second serve return points", "home": "1/2 (50%)", "away": "2/3 (66%)", "compareCode": 1}, {"name": "Break points converted", "home": "0", "away": "0", "compareCode": 3}, {"name": "Return games played", "home": "0", "away": "0", "compareCode": 3}]}, {"groupName": "Points", "statisticsItems": [{"name": "Service points won", "home": "2", "away": "5", "compareCode": 2}, {"name": "Receiver points won", "home": "2", "away": "5", "compareCode": 2}, {"name": "Total points won", "home": "4", "away": "10", "compareCode": 2}, {"name": "Max points in a row", "home": "2", "away": "4", "compareCode": 2}]}]}]}