{"statistics": [{"period": "ALL", "groups": [{"groupName": "Service", "statisticsItems": [{"name": "Aces", "home": "3", "away": "4", "compareCode": 2}, {"name": "Double faults", "home": "5", "away": "0", "compareCode": 1}, {"name": "First serve", "home": "41/60 (68%)", "away": "41/52 (79%)", "compareCode": 2}, {"name": "Second serve", "home": "14/19 (74%)", "away": "11/11 (100%)", "compareCode": 2}, {"name": "First serve points", "home": "29/41 (71%)", "away": "30/41 (73%)", "compareCode": 2}, {"name": "Second serve points", "home": "3/19 (16%)", "away": "6/11 (55%)", "compareCode": 2}, {"name": "Break points saved", "home": "4/8 (50%)", "away": "1/2 (50%)", "compareCode": 2}, {"name": "Service games played", "home": "9", "away": "9", "compareCode": 3}]}, {"groupName": "Return", "statisticsItems": [{"name": "First serve return points", "home": "11/41 (26%)", "away": "12/41 (29%)", "compareCode": 1}, {"name": "Second serve return points", "home": "5/11 (45%)", "away": "16/19 (84%)", "compareCode": 1}, {"name": "Break points converted", "home": "1", "away": "4", "compareCode": 2}, {"name": "Return games played", "home": "9", "away": "9", "compareCode": 3}]}, {"groupName": "Points", "statisticsItems": [{"name": "Service points won", "home": "32", "away": "36", "compareCode": 2}, {"name": "Receiver points won", "home": "16", "away": "28", "compareCode": 2}, {"name": "Total points won", "home": "48", "away": "64", "compareCode": 2}, {"name": "Max points in a row", "home": "4", "away": "9", "compareCode": 2}]}]}, {"period": "1ST", "groups": [{"groupName": "Service", "statisticsItems": [{"name": "Aces", "home": "1", "away": "2", "compareCode": 2}, {"name": "Double faults", "home": "4", "away": "0", "compareCode": 1}, {"name": "First serve", "home": "29/37 (78%)", "away": "17/19 (89%)", "compareCode": 2}, {"name": "Second serve", "home": "4/8 (50%)", "away": "2/2 (100%)", "compareCode": 2}, {"name": "First serve points", "home": "20/29 (69%)", "away": "14/17 (82%)", "compareCode": 1}, {"name": "Second serve points", "home": "1/8 (13%)", "away": "2/2 (100%)", "compareCode": 2}, {"name": "Break points saved", "home": "3/5 (60%)", "away": "0/0 (0%)", "compareCode": 2}, {"name": "Service games played", "home": "5", "away": "4", "compareCode": 1}]}, {"groupName": "Return", "statisticsItems": [{"name": "First serve return points", "home": "3/17 (17%)", "away": "9/29 (31%)", "compareCode": 1}, {"name": "Second serve return points", "home": "0/2 (0%)", "away": "7/8 (87%)", "compareCode": 1}, {"name": "Break points converted", "home": "0", "away": "2", "compareCode": 2}, {"name": "Return games played", "home": "4", "away": "5", "compareCode": 1}]}, {"groupName": "Points", "statisticsItems": [{"name": "Service points won", "home": "21", "away": "16", "compareCode": 1}, {"name": "Receiver points won", "home": "3", "away": "16", "compareCode": 2}, {"name": "Total points won", "home": "24", "away": "32", "compareCode": 2}, {"name": "Max points in a row", "home": "4", "away": "4", "compareCode": 3}]}]}, {"period": "2ND", "groups": [{"groupName": "Service", "statisticsItems": [{"name": "Aces", "home": "2", "away": "2", "compareCode": 3}, {"name": "Double faults", "home": "1", "away": "0", "compareCode": 1}, {"name": "First serve", "home": "12/23 (52%)", "away": "24/33 (73%)", "compareCode": 2}, {"name": "Second serve", "home": "10/11 (91%)", "away": "9/9 (100%)", "compareCode": 2}, {"name": "First serve points", "home": "9/12 (75%)", "away": "16/24 (67%)", "compareCode": 2}, {"name": "Second serve points", "home": "2/11 (18%)", "away": "4/9 (44%)", "compareCode": 2}, {"name": "Break points saved", "home": "1/3 (33%)", "away": "1/2 (50%)", "compareCode": 2}, {"name": "Service games played", "home": "4", "away": "5", "compareCode": 2}]}, {"groupName": "Return", "statisticsItems": [{"name": "First serve return points", "home": "8/24 (33%)", "away": "3/12 (25%)", "compareCode": 2}, {"name": "Second serve return points", "home": "5/9 (55%)", "away": "9/11 (81%)", "compareCode": 1}, {"name": "Break points converted", "home": "1", "away": "2", "compareCode": 2}, {"name": "Return games played", "home": "5", "away": "4", "compareCode": 2}]}, {"groupName": "Points", "statisticsItems": [{"name": "Service points won", "home": "11", "away": "20", "compareCode": 2}, {"name": "Receiver points won", "home": "13", "away": "12", "compareCode": 1}, {"name": "Total points won", "home": "24", "away": "32", "compareCode": 2}, {"name": "Max points in a row", "home": "4", "away": "9", "compareCode": 2}]}]}]}