{"statistics": [{"period": "ALL", "groups": [{"groupName": "Service", "statisticsItems": [{"name": "Aces", "home": "1", "away": "2", "compareCode": 2}, {"name": "Double faults", "home": "0", "away": "1", "compareCode": 2}, {"name": "First serve", "home": "67/84 (80%)", "away": "54/80 (68%)", "compareCode": 1}, {"name": "Second serve", "home": "17/17 (100%)", "away": "25/26 (96%)", "compareCode": 1}, {"name": "First serve points", "home": "41/67 (61%)", "away": "30/54 (56%)", "compareCode": 1}, {"name": "Second serve points", "home": "5/17 (29%)", "away": "9/26 (35%)", "compareCode": 2}, {"name": "Break points saved", "home": "7/12 (58%)", "away": "6/12 (50%)", "compareCode": 3}, {"name": "Service games played", "home": "11", "away": "11", "compareCode": 3}]}, {"groupName": "Return", "statisticsItems": [{"name": "First serve return points", "home": "24/54 (44%)", "away": "26/67 (38%)", "compareCode": 1}, {"name": "Second serve return points", "home": "17/26 (65%)", "away": "12/17 (70%)", "compareCode": 2}, {"name": "Break points converted", "home": "6", "away": "5", "compareCode": 1}, {"name": "Return games played", "home": "11", "away": "11", "compareCode": 3}]}, {"groupName": "Points", "statisticsItems": [{"name": "Service points won", "home": "46", "away": "39", "compareCode": 1}, {"name": "Receiver points won", "home": "41", "away": "38", "compareCode": 1}, {"name": "Total points won", "home": "87", "away": "77", "compareCode": 1}, {"name": "Max points in a row", "home": "9", "away": "6", "compareCode": 1}]}]}, {"period": "1ST", "groups": [{"groupName": "Service", "statisticsItems": [{"name": "Aces", "home": "1", "away": "0", "compareCode": 1}, {"name": "Double faults", "home": "0", "away": "1", "compareCode": 2}, {"name": "First serve", "home": "22/28 (79%)", "away": "16/25 (64%)", "compareCode": 1}, {"name": "Second serve", "home": "6/6 (100%)", "away": "8/9 (89%)", "compareCode": 1}, {"name": "First serve points", "home": "15/22 (68%)", "away": "8/16 (50%)", "compareCode": 1}, {"name": "Second serve points", "home": "1/6 (17%)", "away": "3/9 (33%)", "compareCode": 2}, {"name": "Break points saved", "home": "2/4 (50%)", "away": "0/3 (0%)", "compareCode": 2}, {"name": "Service games played", "home": "5", "away": "5", "compareCode": 3}]}, {"groupName": "Return", "statisticsItems": [{"name": "First serve return points", "home": "8/16 (50%)", "away": "7/22 (31%)", "compareCode": 1}, {"name": "Second serve return points", "home": "6/9 (66%)", "away": "5/6 (83%)", "compareCode": 2}, {"name": "Break points converted", "home": "3", "away": "2", "compareCode": 1}, {"name": "Return games played", "home": "5", "away": "5", "compareCode": 3}]}, {"groupName": "Points", "statisticsItems": [{"name": "Service points won", "home": "16", "away": "11", "compareCode": 1}, {"name": "Receiver points won", "home": "14", "away": "12", "compareCode": 1}, {"name": "Total points won", "home": "30", "away": "23", "compareCode": 1}, {"name": "Max points in a row", "home": "9", "away": "6", "compareCode": 1}]}]}, {"period": "2ND", "groups": [{"groupName": "Service", "statisticsItems": [{"name": "Aces", "home": "0", "away": "2", "compareCode": 2}, {"name": "Double faults", "home": "0", "away": "0", "compareCode": 3}, {"name": "First serve", "home": "45/56 (80%)", "away": "38/55 (69%)", "compareCode": 1}, {"name": "Second serve", "home": "11/11 (100%)", "away": "17/17 (100%)", "compareCode": 3}, {"name": "First serve points", "home": "26/45 (58%)", "away": "22/38 (58%)", "compareCode": 1}, {"name": "Second serve points", "home": "4/11 (36%)", "away": "6/17 (35%)", "compareCode": 2}, {"name": "Break points saved", "home": "5/8 (62%)", "away": "6/9 (66%)", "compareCode": 1}, {"name": "Service games played", "home": "6", "away": "6", "compareCode": 3}]}, {"groupName": "Return", "statisticsItems": [{"name": "First serve return points", "home": "16/38 (42%)", "away": "19/45 (42%)", "compareCode": 1}, {"name": "Second serve return points", "home": "11/17 (64%)", "away": "7/11 (63%)", "compareCode": 2}, {"name": "Break points converted", "home": "3", "away": "3", "compareCode": 3}, {"name": "Return games played", "home": "6", "away": "6", "compareCode": 3}]}, {"groupName": "Points", "statisticsItems": [{"name": "Service points won", "home": "30", "away": "28", "compareCode": 1}, {"name": "Receiver points won", "home": "27", "away": "26", "compareCode": 1}, {"name": "Total points won", "home": "57", "away": "54", "compareCode": 1}, {"name": "Max points in a row", "home": "5", "away": "5", "compareCode": 3}]}]}]}