{"statistics": [{"period": "ALL", "groups": [{"groupName": "Service", "statisticsItems": [{"name": "Aces", "home": "2", "away": "2", "compareCode": 3}, {"name": "Double faults", "home": "2", "away": "8", "compareCode": 2}, {"name": "First serve", "home": "49/63 (78%)", "away": "39/63 (62%)", "compareCode": 1}, {"name": "Second serve", "home": "12/14 (86%)", "away": "16/24 (67%)", "compareCode": 1}, {"name": "First serve points", "home": "25/49 (51%)", "away": "28/39 (72%)", "compareCode": 2}, {"name": "Second serve points", "home": "5/14 (36%)", "away": "9/24 (38%)", "compareCode": 2}, {"name": "Break points saved", "home": "2/8 (25%)", "away": "5/9 (55%)", "compareCode": 1}, {"name": "Service games played", "home": "10", "away": "10", "compareCode": 3}]}, {"groupName": "Return", "statisticsItems": [{"name": "First serve return points", "home": "11/39 (28%)", "away": "24/49 (48%)", "compareCode": 3}, {"name": "Second serve return points", "home": "15/24 (62%)", "away": "9/14 (64%)", "compareCode": 2}, {"name": "Break points converted", "home": "4", "away": "6", "compareCode": 2}, {"name": "Return games played", "home": "10", "away": "10", "compareCode": 3}]}, {"groupName": "Points", "statisticsItems": [{"name": "Service points won", "home": "30", "away": "37", "compareCode": 2}, {"name": "Receiver points won", "home": "26", "away": "33", "compareCode": 2}, {"name": "Total points won", "home": "56", "away": "70", "compareCode": 2}, {"name": "Max points in a row", "home": "5", "away": "7", "compareCode": 2}]}]}, {"period": "1ST", "groups": [{"groupName": "Service", "statisticsItems": [{"name": "Aces", "home": "1", "away": "2", "compareCode": 2}, {"name": "Double faults", "home": "1", "away": "3", "compareCode": 2}, {"name": "First serve", "home": "21/28 (75%)", "away": "21/34 (62%)", "compareCode": 1}, {"name": "Second serve", "home": "6/7 (86%)", "away": "10/13 (77%)", "compareCode": 1}, {"name": "First serve points", "home": "11/21 (52%)", "away": "14/21 (67%)", "compareCode": 2}, {"name": "Second serve points", "home": "2/7 (29%)", "away": "5/13 (38%)", "compareCode": 2}, {"name": "Break points saved", "home": "1/4 (25%)", "away": "3/5 (60%)", "compareCode": 1}, {"name": "Service games played", "home": "5", "away": "5", "compareCode": 3}]}, {"groupName": "Return", "statisticsItems": [{"name": "First serve return points", "home": "7/21 (33%)", "away": "10/21 (47%)", "compareCode": 2}, {"name": "Second serve return points", "home": "8/13 (61%)", "away": "5/7 (71%)", "compareCode": 2}, {"name": "Break points converted", "home": "2", "away": "3", "compareCode": 2}, {"name": "Return games played", "home": "5", "away": "5", "compareCode": 3}]}, {"groupName": "Points", "statisticsItems": [{"name": "Service points won", "home": "13", "away": "19", "compareCode": 2}, {"name": "Receiver points won", "home": "15", "away": "15", "compareCode": 3}, {"name": "Total points won", "home": "28", "away": "34", "compareCode": 2}, {"name": "Max points in a row", "home": "5", "away": "4", "compareCode": 1}]}]}, {"period": "2ND", "groups": [{"groupName": "Service", "statisticsItems": [{"name": "Aces", "home": "1", "away": "0", "compareCode": 1}, {"name": "Double faults", "home": "1", "away": "5", "compareCode": 2}, {"name": "First serve", "home": "28/35 (80%)", "away": "18/29 (62%)", "compareCode": 1}, {"name": "Second serve", "home": "6/7 (86%)", "away": "6/11 (55%)", "compareCode": 1}, {"name": "First serve points", "home": "14/28 (50%)", "away": "14/18 (78%)", "compareCode": 3}, {"name": "Second serve points", "home": "3/7 (43%)", "away": "4/11 (36%)", "compareCode": 2}, {"name": "Break points saved", "home": "1/4 (25%)", "away": "2/4 (50%)", "compareCode": 3}, {"name": "Service games played", "home": "5", "away": "5", "compareCode": 3}]}, {"groupName": "Return", "statisticsItems": [{"name": "First serve return points", "home": "4/18 (22%)", "away": "14/28 (50%)", "compareCode": 1}, {"name": "Second serve return points", "home": "7/11 (63%)", "away": "4/7 (57%)", "compareCode": 2}, {"name": "Break points converted", "home": "2", "away": "3", "compareCode": 2}, {"name": "Return games played", "home": "5", "away": "5", "compareCode": 3}]}, {"groupName": "Points", "statisticsItems": [{"name": "Service points won", "home": "17", "away": "18", "compareCode": 2}, {"name": "Receiver points won", "home": "11", "away": "18", "compareCode": 2}, {"name": "Total points won", "home": "28", "away": "36", "compareCode": 2}, {"name": "Max points in a row", "home": "5", "away": "7", "compareCode": 2}]}]}]}