{"statistics": [{"period": "ALL", "groups": [{"groupName": "Service", "statisticsItems": [{"name": "Aces", "home": "1", "away": "0", "compareCode": 1}, {"name": "Double faults", "home": "2", "away": "1", "compareCode": 1}, {"name": "First serve", "home": "27/45 (60%)", "away": "36/39 (92%)", "compareCode": 2}, {"name": "Second serve", "home": "16/18 (89%)", "away": "2/3 (67%)", "compareCode": 1}, {"name": "First serve points", "home": "10/27 (37%)", "away": "18/36 (50%)", "compareCode": 2}, {"name": "Second serve points", "home": "5/18 (28%)", "away": "2/3 (67%)", "compareCode": 1}, {"name": "Break points saved", "home": "1/7 (14%)", "away": "0/3 (0%)", "compareCode": 2}, {"name": "Service games played", "home": "8", "away": "7", "compareCode": 1}]}, {"groupName": "Return", "statisticsItems": [{"name": "First serve return points", "home": "18/36 (50%)", "away": "17/27 (62%)", "compareCode": 1}, {"name": "Second serve return points", "home": "1/3 (33%)", "away": "13/18 (72%)", "compareCode": 1}, {"name": "Break points converted", "home": "3", "away": "6", "compareCode": 2}, {"name": "Return games played", "home": "7", "away": "8", "compareCode": 1}]}, {"groupName": "Points", "statisticsItems": [{"name": "Service points won", "home": "15", "away": "20", "compareCode": 2}, {"name": "Receiver points won", "home": "19", "away": "30", "compareCode": 2}, {"name": "Total points won", "home": "34", "away": "50", "compareCode": 2}, {"name": "Max points in a row", "home": "5", "away": "9", "compareCode": 2}]}]}, {"period": "1ST", "groups": [{"groupName": "Service", "statisticsItems": [{"name": "Aces", "home": "1", "away": "0", "compareCode": 1}, {"name": "Double faults", "home": "1", "away": "1", "compareCode": 3}, {"name": "First serve", "home": "16/29 (55%)", "away": "26/28 (93%)", "compareCode": 2}, {"name": "Second serve", "home": "12/13 (92%)", "away": "1/2 (50%)", "compareCode": 1}, {"name": "First serve points", "home": "7/16 (44%)", "away": "14/26 (54%)", "compareCode": 2}, {"name": "Second serve points", "home": "5/13 (38%)", "away": "1/2 (50%)", "compareCode": 1}, {"name": "Break points saved", "home": "0/3 (0%)", "away": "0/2 (0%)", "compareCode": 2}, {"name": "Service games played", "home": "5", "away": "5", "compareCode": 3}]}, {"groupName": "Return", "statisticsItems": [{"name": "First serve return points", "home": "12/26 (46%)", "away": "9/16 (56%)", "compareCode": 1}, {"name": "Second serve return points", "home": "1/2 (50%)", "away": "8/13 (61%)", "compareCode": 1}, {"name": "Break points converted", "home": "2", "away": "3", "compareCode": 2}, {"name": "Return games played", "home": "5", "away": "5", "compareCode": 3}]}, {"groupName": "Points", "statisticsItems": [{"name": "Service points won", "home": "12", "away": "15", "compareCode": 2}, {"name": "Receiver points won", "home": "13", "away": "17", "compareCode": 2}, {"name": "Total points won", "home": "25", "away": "32", "compareCode": 2}, {"name": "Max points in a row", "home": "5", "away": "9", "compareCode": 2}]}]}, {"period": "2ND", "groups": [{"groupName": "Service", "statisticsItems": [{"name": "Aces", "home": "0", "away": "0", "compareCode": 3}, {"name": "Double faults", "home": "1", "away": "0", "compareCode": 1}, {"name": "First serve", "home": "11/16 (69%)", "away": "10/11 (91%)", "compareCode": 2}, {"name": "Second serve", "home": "4/5 (80%)", "away": "1/1 (100%)", "compareCode": 2}, {"name": "First serve points", "home": "3/11 (27%)", "away": "4/10 (40%)", "compareCode": 2}, {"name": "Second serve points", "home": "0/5 (0%)", "away": "1/1 (100%)", "compareCode": 2}, {"name": "Break points saved", "home": "1/4 (25%)", "away": "0/1 (0%)", "compareCode": 2}, {"name": "Service games played", "home": "3", "away": "2", "compareCode": 1}]}, {"groupName": "Return", "statisticsItems": [{"name": "First serve return points", "home": "6/10 (60%)", "away": "8/11 (72%)", "compareCode": 1}, {"name": "Second serve return points", "home": "0/1 (0%)", "away": "5/5 (100%)", "compareCode": 1}, {"name": "Break points converted", "home": "1", "away": "3", "compareCode": 2}, {"name": "Return games played", "home": "2", "away": "3", "compareCode": 1}]}, {"groupName": "Points", "statisticsItems": [{"name": "Service points won", "home": "3", "away": "5", "compareCode": 2}, {"name": "Receiver points won", "home": "6", "away": "13", "compareCode": 2}, {"name": "Total points won", "home": "9", "away": "18", "compareCode": 2}, {"name": "Max points in a row", "home": "4", "away": "9", "compareCode": 2}]}]}]}