{"statistics": [{"period": "ALL", "groups": [{"groupName": "Service", "statisticsItems": [{"name": "Aces", "home": "0", "away": "1", "compareCode": 2}, {"name": "First serve", "home": "42/56 (75%)", "away": "47/51 (92%)", "compareCode": 2}, {"name": "Second serve", "home": "14/14 (100%)", "away": "4/4 (100%)", "compareCode": 3}, {"name": "First serve points", "home": "26/42 (62%)", "away": "17/47 (36%)", "compareCode": 1}, {"name": "Second serve points", "home": "6/14 (43%)", "away": "3/4 (75%)", "compareCode": 1}, {"name": "Break points saved", "home": "2/4 (50%)", "away": "5/11 (45%)", "compareCode": 1}, {"name": "Service games played", "home": "8", "away": "8", "compareCode": 3}]}, {"groupName": "Return", "statisticsItems": [{"name": "First serve return points", "home": "30/47 (63%)", "away": "16/42 (38%)", "compareCode": 1}, {"name": "Second serve return points", "home": "1/4 (25%)", "away": "8/14 (57%)", "compareCode": 1}, {"name": "Break points converted", "home": "6", "away": "2", "compareCode": 1}, {"name": "Return games played", "home": "8", "away": "8", "compareCode": 3}]}, {"groupName": "Points", "statisticsItems": [{"name": "Service points won", "home": "32", "away": "20", "compareCode": 1}, {"name": "Receiver points won", "home": "31", "away": "24", "compareCode": 1}, {"name": "Total points won", "home": "63", "away": "44", "compareCode": 1}, {"name": "Max points in a row", "home": "7", "away": "5", "compareCode": 1}]}]}, {"period": "1ST", "groups": [{"groupName": "Service", "statisticsItems": [{"name": "Aces", "home": "0", "away": "0", "compareCode": 3}, {"name": "Double faults", "home": "0", "away": "0", "compareCode": 3}, {"name": "First serve", "home": "24/32 (75%)", "away": "24/25 (96%)", "compareCode": 2}, {"name": "Second serve", "home": "8/8 (100%)", "away": "1/1 (100%)", "compareCode": 3}, {"name": "First serve points", "home": "15/24 (63%)", "away": "8/24 (33%)", "compareCode": 1}, {"name": "Second serve points", "home": "3/8 (38%)", "away": "1/1 (100%)", "compareCode": 1}, {"name": "Break points saved", "home": "2/3 (66%)", "away": "1/4 (25%)", "compareCode": 1}, {"name": "Service games played", "home": "4", "away": "4", "compareCode": 3}]}, {"groupName": "Return", "statisticsItems": [{"name": "First serve return points", "home": "16/24 (66%)", "away": "9/24 (37%)", "compareCode": 1}, {"name": "Second serve return points", "home": "0/1 (0%)", "away": "5/8 (62%)", "compareCode": 1}, {"name": "Break points converted", "home": "3", "away": "1", "compareCode": 1}, {"name": "Return games played", "home": "4", "away": "4", "compareCode": 3}]}, {"groupName": "Points", "statisticsItems": [{"name": "Service points won", "home": "18", "away": "9", "compareCode": 1}, {"name": "Receiver points won", "home": "16", "away": "14", "compareCode": 1}, {"name": "Total points won", "home": "34", "away": "23", "compareCode": 1}, {"name": "Max points in a row", "home": "7", "away": "5", "compareCode": 1}]}]}, {"period": "2ND", "groups": [{"groupName": "Service", "statisticsItems": [{"name": "Aces", "home": "0", "away": "1", "compareCode": 2}, {"name": "Double faults", "home": "0", "away": "0", "compareCode": 3}, {"name": "First serve", "home": "18/24 (75%)", "away": "23/26 (88%)", "compareCode": 2}, {"name": "Second serve", "home": "6/6 (100%)", "away": "3/3 (100%)", "compareCode": 3}, {"name": "First serve points", "home": "11/18 (61%)", "away": "9/23 (39%)", "compareCode": 1}, {"name": "Second serve points", "home": "3/6 (50%)", "away": "2/3 (67%)", "compareCode": 1}, {"name": "Break points saved", "home": "0/1 (0%)", "away": "4/7 (57%)", "compareCode": 1}, {"name": "Service games played", "home": "4", "away": "4", "compareCode": 3}]}, {"groupName": "Return", "statisticsItems": [{"name": "First serve return points", "home": "14/23 (60%)", "away": "7/18 (38%)", "compareCode": 2}, {"name": "Second serve return points", "home": "1/3 (33%)", "away": "3/6 (50%)", "compareCode": 1}, {"name": "Break points converted", "home": "3", "away": "1", "compareCode": 1}, {"name": "Return games played", "home": "4", "away": "4", "compareCode": 3}]}, {"groupName": "Points", "statisticsItems": [{"name": "Service points won", "home": "14", "away": "11", "compareCode": 1}, {"name": "Receiver points won", "home": "15", "away": "10", "compareCode": 1}, {"name": "Total points won", "home": "29", "away": "21", "compareCode": 1}, {"name": "Max points in a row", "home": "6", "away": "5", "compareCode": 1}]}]}]}