{"statistics": [{"period": "ALL", "groups": [{"groupName": "Service", "statisticsItems": [{"name": "Aces", "home": "1", "away": "1", "compareCode": 3}, {"name": "Double faults", "home": "2", "away": "2", "compareCode": 3}, {"name": "First serve", "home": "34/61 (56%)", "away": "38/84 (45%)", "compareCode": 1}, {"name": "Second serve", "home": "25/27 (93%)", "away": "44/46 (96%)", "compareCode": 2}, {"name": "First serve points", "home": "26/34 (76%)", "away": "24/38 (63%)", "compareCode": 1}, {"name": "Second serve points", "home": "12/27 (44%)", "away": "18/46 (39%)", "compareCode": 2}, {"name": "Break points saved", "home": "3/5 (60%)", "away": "8/13 (61%)", "compareCode": 1}, {"name": "Service games played", "home": "10", "away": "10", "compareCode": 3}]}, {"groupName": "Return", "statisticsItems": [{"name": "First serve return points", "home": "14/38 (36%)", "away": "8/34 (23%)", "compareCode": 2}, {"name": "Second serve return points", "home": "28/46 (60%)", "away": "15/27 (55%)", "compareCode": 2}, {"name": "Break points converted", "home": "5", "away": "2", "compareCode": 1}, {"name": "Return games played", "home": "10", "away": "10", "compareCode": 3}]}, {"groupName": "Points", "statisticsItems": [{"name": "Service points won", "home": "38", "away": "42", "compareCode": 2}, {"name": "Receiver points won", "home": "42", "away": "23", "compareCode": 1}, {"name": "Total points won", "home": "80", "away": "65", "compareCode": 1}, {"name": "Max points in a row", "home": "9", "away": "6", "compareCode": 1}]}]}, {"period": "1ST", "groups": [{"groupName": "Service", "statisticsItems": [{"name": "Aces", "home": "1", "away": "0", "compareCode": 1}, {"name": "Double faults", "home": "1", "away": "0", "compareCode": 1}, {"name": "First serve", "home": "15/30 (50%)", "away": "17/43 (40%)", "compareCode": 1}, {"name": "Second serve", "home": "14/15 (93%)", "away": "26/26 (100%)", "compareCode": 2}, {"name": "First serve points", "home": "10/15 (67%)", "away": "10/17 (59%)", "compareCode": 3}, {"name": "Second serve points", "home": "7/15 (47%)", "away": "9/26 (35%)", "compareCode": 2}, {"name": "Break points saved", "home": "3/4 (75%)", "away": "5/8 (62%)", "compareCode": 1}, {"name": "Service games played", "home": "4", "away": "4", "compareCode": 3}]}, {"groupName": "Return", "statisticsItems": [{"name": "First serve return points", "home": "7/17 (41%)", "away": "5/15 (33%)", "compareCode": 2}, {"name": "Second serve return points", "home": "17/26 (65%)", "away": "8/15 (53%)", "compareCode": 2}, {"name": "Break points converted", "home": "3", "away": "1", "compareCode": 1}, {"name": "Return games played", "home": "4", "away": "4", "compareCode": 3}]}, {"groupName": "Points", "statisticsItems": [{"name": "Service points won", "home": "17", "away": "19", "compareCode": 2}, {"name": "Receiver points won", "home": "24", "away": "13", "compareCode": 1}, {"name": "Total points won", "home": "41", "away": "32", "compareCode": 1}, {"name": "Max points in a row", "home": "8", "away": "5", "compareCode": 1}]}]}, {"period": "2ND", "groups": [{"groupName": "Service", "statisticsItems": [{"name": "Aces", "home": "0", "away": "1", "compareCode": 2}, {"name": "Double faults", "home": "1", "away": "2", "compareCode": 2}, {"name": "First serve", "home": "19/31 (61%)", "away": "21/41 (51%)", "compareCode": 1}, {"name": "Second serve", "home": "11/12 (92%)", "away": "18/20 (90%)", "compareCode": 1}, {"name": "First serve points", "home": "16/19 (84%)", "away": "14/21 (67%)", "compareCode": 1}, {"name": "Second serve points", "home": "5/12 (42%)", "away": "9/20 (45%)", "compareCode": 2}, {"name": "Break points saved", "home": "0/1 (0%)", "away": "3/5 (60%)", "compareCode": 1}, {"name": "Service games played", "home": "6", "away": "6", "compareCode": 3}]}, {"groupName": "Return", "statisticsItems": [{"name": "First serve return points", "home": "7/21 (33%)", "away": "3/19 (15%)", "compareCode": 2}, {"name": "Second serve return points", "home": "11/20 (55%)", "away": "7/12 (58%)", "compareCode": 2}, {"name": "Break points converted", "home": "2", "away": "1", "compareCode": 1}, {"name": "Return games played", "home": "6", "away": "6", "compareCode": 3}]}, {"groupName": "Points", "statisticsItems": [{"name": "Service points won", "home": "21", "away": "23", "compareCode": 2}, {"name": "Receiver points won", "home": "18", "away": "10", "compareCode": 1}, {"name": "Total points won", "home": "39", "away": "33", "compareCode": 1}, {"name": "Max points in a row", "home": "6", "away": "6", "compareCode": 3}]}]}]}