{"statistics": [{"period": "ALL", "groups": [{"groupName": "Service", "statisticsItems": [{"name": "Aces", "home": "0", "away": "0", "compareCode": 3}, {"name": "Double faults", "home": "2", "away": "1", "compareCode": 1}, {"name": "First serve", "home": "76/96 (79%)", "away": "68/84 (81%)", "compareCode": 2}, {"name": "Second serve", "home": "18/20 (90%)", "away": "15/16 (94%)", "compareCode": 2}, {"name": "First serve points", "home": "44/76 (58%)", "away": "39/68 (57%)", "compareCode": 1}, {"name": "Second serve points", "home": "6/20 (30%)", "away": "8/16 (50%)", "compareCode": 2}, {"name": "Break points saved", "home": "2/8 (25%)", "away": "6/11 (54%)", "compareCode": 1}, {"name": "Service games played", "home": "12", "away": "12", "compareCode": 3}]}, {"groupName": "Return", "statisticsItems": [{"name": "First serve return points", "home": "29/68 (42%)", "away": "32/76 (42%)", "compareCode": 1}, {"name": "Second serve return points", "home": "8/16 (50%)", "away": "14/20 (70%)", "compareCode": 1}, {"name": "Break points converted", "home": "5", "away": "6", "compareCode": 2}, {"name": "Return games played", "home": "12", "away": "12", "compareCode": 3}]}, {"groupName": "Points", "statisticsItems": [{"name": "Service points won", "home": "50", "away": "47", "compareCode": 1}, {"name": "Receiver points won", "home": "37", "away": "46", "compareCode": 2}, {"name": "Total points won", "home": "87", "away": "93", "compareCode": 2}, {"name": "Max points in a row", "home": "9", "away": "7", "compareCode": 1}]}]}, {"period": "1ST", "groups": [{"groupName": "Service", "statisticsItems": [{"name": "Aces", "home": "0", "away": "0", "compareCode": 3}, {"name": "Double faults", "home": "0", "away": "1", "compareCode": 2}, {"name": "First serve", "home": "34/39 (87%)", "away": "31/34 (91%)", "compareCode": 2}, {"name": "Second serve", "home": "5/5 (100%)", "away": "2/3 (67%)", "compareCode": 1}, {"name": "First serve points", "home": "16/34 (47%)", "away": "16/31 (52%)", "compareCode": 3}, {"name": "Second serve points", "home": "1/5 (20%)", "away": "1/3 (33%)", "compareCode": 3}, {"name": "Break points saved", "home": "1/5 (20%)", "away": "3/6 (50%)", "compareCode": 1}, {"name": "Service games played", "home": "6", "away": "6", "compareCode": 3}]}, {"groupName": "Return", "statisticsItems": [{"name": "First serve return points", "home": "15/31 (48%)", "away": "18/34 (52%)", "compareCode": 1}, {"name": "Second serve return points", "home": "2/3 (66%)", "away": "4/5 (80%)", "compareCode": 1}, {"name": "Break points converted", "home": "3", "away": "4", "compareCode": 2}, {"name": "Return games played", "home": "6", "away": "6", "compareCode": 3}]}, {"groupName": "Points", "statisticsItems": [{"name": "Service points won", "home": "17", "away": "17", "compareCode": 3}, {"name": "Receiver points won", "home": "17", "away": "22", "compareCode": 2}, {"name": "Total points won", "home": "34", "away": "39", "compareCode": 2}, {"name": "Max points in a row", "home": "9", "away": "6", "compareCode": 1}]}]}, {"period": "2ND", "groups": [{"groupName": "Service", "statisticsItems": [{"name": "Aces", "home": "0", "away": "0", "compareCode": 3}, {"name": "Double faults", "home": "2", "away": "0", "compareCode": 1}, {"name": "First serve", "home": "37/49 (76%)", "away": "31/42 (74%)", "compareCode": 1}, {"name": "Second serve", "home": "10/12 (83%)", "away": "11/11 (100%)", "compareCode": 2}, {"name": "First serve points", "home": "25/37 (68%)", "away": "18/31 (58%)", "compareCode": 1}, {"name": "Second serve points", "home": "4/12 (33%)", "away": "6/11 (55%)", "compareCode": 2}, {"name": "Break points saved", "home": "1/3 (33%)", "away": "3/5 (60%)", "compareCode": 1}, {"name": "Service games played", "home": "6", "away": "6", "compareCode": 3}]}, {"groupName": "Return", "statisticsItems": [{"name": "First serve return points", "home": "13/31 (41%)", "away": "12/37 (32%)", "compareCode": 1}, {"name": "Second serve return points", "home": "5/11 (45%)", "away": "8/12 (66%)", "compareCode": 1}, {"name": "Break points converted", "home": "2", "away": "2", "compareCode": 3}, {"name": "Return games played", "home": "6", "away": "6", "compareCode": 3}]}, {"groupName": "Points", "statisticsItems": [{"name": "Service points won", "home": "29", "away": "24", "compareCode": 1}, {"name": "Receiver points won", "home": "18", "away": "20", "compareCode": 2}, {"name": "Total points won", "home": "47", "away": "44", "compareCode": 1}, {"name": "Max points in a row", "home": "7", "away": "5", "compareCode": 1}]}]}, {"period": "3RD", "groups": [{"groupName": "Service", "statisticsItems": [{"name": "Aces", "home": "0", "away": "0", "compareCode": 3}, {"name": "Double faults", "home": "0", "away": "0", "compareCode": 3}, {"name": "First serve", "home": "5/8 (63%)", "away": "6/8 (75%)", "compareCode": 2}, {"name": "Second serve", "home": "3/3 (100%)", "away": "2/2 (100%)", "compareCode": 3}, {"name": "First serve points", "home": "3/5 (60%)", "away": "5/6 (83%)", "compareCode": 2}, {"name": "Second serve points", "home": "1/3 (33%)", "away": "1/2 (50%)", "compareCode": 3}, {"name": "Break points saved", "home": "0/0 (0%)", "away": "0/0 (0%)", "compareCode": 3}, {"name": "Service games played", "home": "0", "away": "0", "compareCode": 3}]}, {"groupName": "Return", "statisticsItems": [{"name": "First serve return points", "home": "1/6 (16%)", "away": "2/5 (40%)", "compareCode": 3}, {"name": "Second serve return points", "home": "1/2 (50%)", "away": "2/3 (66%)", "compareCode": 1}, {"name": "Break points converted", "home": "0", "away": "0", "compareCode": 3}, {"name": "Return games played", "home": "0", "away": "0", "compareCode": 3}]}, {"groupName": "Points", "statisticsItems": [{"name": "Service points won", "home": "4", "away": "6", "compareCode": 2}, {"name": "Receiver points won", "home": "2", "away": "4", "compareCode": 2}, {"name": "Total points won", "home": "6", "away": "10", "compareCode": 2}, {"name": "Max points in a row", "home": "2", "away": "7", "compareCode": 2}]}]}]}