{"statistics": [{"period": "ALL", "groups": [{"groupName": "Service", "statisticsItems": [{"name": "Aces", "home": "0", "away": "0", "compareCode": 3}, {"name": "Double faults", "home": "1", "away": "1", "compareCode": 3}, {"name": "First serve", "home": "46/60 (77%)", "away": "59/67 (88%)", "compareCode": 2}, {"name": "Second serve", "home": "13/14 (93%)", "away": "7/8 (88%)", "compareCode": 1}, {"name": "First serve points", "home": "26/46 (57%)", "away": "36/59 (61%)", "compareCode": 2}, {"name": "Second serve points", "home": "0/14 (0%)", "away": "3/8 (38%)", "compareCode": 2}, {"name": "Break points saved", "home": "3/9 (33%)", "away": "6/9 (66%)", "compareCode": 3}, {"name": "Service games played", "home": "9", "away": "9", "compareCode": 3}]}, {"groupName": "Return", "statisticsItems": [{"name": "First serve return points", "home": "23/59 (38%)", "away": "20/46 (43%)", "compareCode": 2}, {"name": "Second serve return points", "home": "5/8 (62%)", "away": "14/14 (100%)", "compareCode": 1}, {"name": "Break points converted", "home": "3", "away": "6", "compareCode": 2}, {"name": "Return games played", "home": "9", "away": "9", "compareCode": 3}]}, {"groupName": "Points", "statisticsItems": [{"name": "Service points won", "home": "26", "away": "39", "compareCode": 2}, {"name": "Receiver points won", "home": "28", "away": "34", "compareCode": 2}, {"name": "Total points won", "home": "54", "away": "73", "compareCode": 2}, {"name": "Max points in a row", "home": "5", "away": "11", "compareCode": 2}]}]}, {"period": "1ST", "groups": [{"groupName": "Service", "statisticsItems": [{"name": "Aces", "home": "0", "away": "0", "compareCode": 3}, {"name": "Double faults", "home": "1", "away": "1", "compareCode": 3}, {"name": "First serve", "home": "28/31 (90%)", "away": "34/38 (89%)", "compareCode": 1}, {"name": "Second serve", "home": "2/3 (67%)", "away": "3/4 (75%)", "compareCode": 2}, {"name": "First serve points", "home": "14/28 (50%)", "away": "19/34 (56%)", "compareCode": 2}, {"name": "Second serve points", "home": "0/3 (0%)", "away": "2/4 (50%)", "compareCode": 2}, {"name": "Break points saved", "home": "2/5 (40%)", "away": "2/4 (50%)", "compareCode": 2}, {"name": "Service games played", "home": "5", "away": "5", "compareCode": 3}]}, {"groupName": "Return", "statisticsItems": [{"name": "First serve return points", "home": "15/34 (44%)", "away": "14/28 (50%)", "compareCode": 2}, {"name": "Second serve return points", "home": "2/4 (50%)", "away": "3/3 (100%)", "compareCode": 2}, {"name": "Break points converted", "home": "2", "away": "3", "compareCode": 2}, {"name": "Return games played", "home": "5", "away": "5", "compareCode": 3}]}, {"groupName": "Points", "statisticsItems": [{"name": "Service points won", "home": "14", "away": "21", "compareCode": 2}, {"name": "Receiver points won", "home": "17", "away": "17", "compareCode": 3}, {"name": "Total points won", "home": "31", "away": "38", "compareCode": 2}, {"name": "Max points in a row", "home": "5", "away": "11", "compareCode": 2}]}]}, {"period": "2ND", "groups": [{"groupName": "Service", "statisticsItems": [{"name": "Aces", "home": "0", "away": "0", "compareCode": 3}, {"name": "Double faults", "home": "0", "away": "0", "compareCode": 3}, {"name": "First serve", "home": "18/29 (62%)", "away": "25/29 (86%)", "compareCode": 2}, {"name": "Second serve", "home": "11/11 (100%)", "away": "4/4 (100%)", "compareCode": 3}, {"name": "First serve points", "home": "12/18 (67%)", "away": "17/25 (68%)", "compareCode": 2}, {"name": "Second serve points", "home": "0/11 (0%)", "away": "1/4 (25%)", "compareCode": 2}, {"name": "Break points saved", "home": "1/4 (25%)", "away": "4/5 (80%)", "compareCode": 1}, {"name": "Service games played", "home": "4", "away": "4", "compareCode": 3}]}, {"groupName": "Return", "statisticsItems": [{"name": "First serve return points", "home": "8/25 (32%)", "away": "6/18 (33%)", "compareCode": 3}, {"name": "Second serve return points", "home": "3/4 (75%)", "away": "11/11 (100%)", "compareCode": 1}, {"name": "Break points converted", "home": "1", "away": "3", "compareCode": 2}, {"name": "Return games played", "home": "4", "away": "4", "compareCode": 3}]}, {"groupName": "Points", "statisticsItems": [{"name": "Service points won", "home": "12", "away": "18", "compareCode": 2}, {"name": "Receiver points won", "home": "11", "away": "17", "compareCode": 2}, {"name": "Total points won", "home": "23", "away": "35", "compareCode": 2}, {"name": "Max points in a row", "home": "3", "away": "7", "compareCode": 2}]}]}]}