{"statistics": [{"period": "ALL", "groups": [{"groupName": "Service", "statisticsItems": [{"name": "Aces", "home": "3", "away": "1", "compareCode": 1}, {"name": "Double faults", "home": "1", "away": "0", "compareCode": 1}, {"name": "First serve", "home": "77/91 (85%)", "away": "65/76 (86%)", "compareCode": 2}, {"name": "Second serve", "home": "13/14 (93%)", "away": "11/11 (100%)", "compareCode": 2}, {"name": "First serve points", "home": "44/77 (57%)", "away": "39/65 (60%)", "compareCode": 1}, {"name": "Second serve points", "home": "2/14 (14%)", "away": "7/11 (64%)", "compareCode": 2}, {"name": "Break points saved", "home": "7/12 (58%)", "away": "1/4 (25%)", "compareCode": 2}, {"name": "Service games played", "home": "10", "away": "10", "compareCode": 3}]}, {"groupName": "Return", "statisticsItems": [{"name": "First serve return points", "home": "26/65 (40%)", "away": "33/77 (42%)", "compareCode": 1}, {"name": "Second serve return points", "home": "4/11 (36%)", "away": "12/14 (85%)", "compareCode": 1}, {"name": "Break points converted", "home": "3", "away": "5", "compareCode": 2}, {"name": "Return games played", "home": "10", "away": "10", "compareCode": 3}]}, {"groupName": "Points", "statisticsItems": [{"name": "Service points won", "home": "46", "away": "46", "compareCode": 3}, {"name": "Receiver points won", "home": "30", "away": "45", "compareCode": 2}, {"name": "Total points won", "home": "76", "away": "91", "compareCode": 2}, {"name": "Max points in a row", "home": "4", "away": "6", "compareCode": 2}]}]}, {"period": "1ST", "groups": [{"groupName": "Service", "statisticsItems": [{"name": "Aces", "home": "2", "away": "1", "compareCode": 1}, {"name": "Double faults", "home": "0", "away": "0", "compareCode": 3}, {"name": "First serve", "home": "23/26 (88%)", "away": "18/23 (78%)", "compareCode": 1}, {"name": "Second serve", "home": "3/3 (100%)", "away": "5/5 (100%)", "compareCode": 3}, {"name": "First serve points", "home": "13/23 (57%)", "away": "13/18 (72%)", "compareCode": 3}, {"name": "Second serve points", "home": "0/3 (0%)", "away": "4/5 (80%)", "compareCode": 2}, {"name": "Break points saved", "home": "1/3 (33%)", "away": "0/0 (0%)", "compareCode": 2}, {"name": "Service games played", "home": "4", "away": "4", "compareCode": 3}]}, {"groupName": "Return", "statisticsItems": [{"name": "First serve return points", "home": "5/18 (27%)", "away": "10/23 (43%)", "compareCode": 1}, {"name": "Second serve return points", "home": "1/5 (20%)", "away": "3/3 (100%)", "compareCode": 2}, {"name": "Break points converted", "home": "0", "away": "2", "compareCode": 2}, {"name": "Return games played", "home": "4", "away": "4", "compareCode": 3}]}, {"groupName": "Points", "statisticsItems": [{"name": "Service points won", "home": "13", "away": "17", "compareCode": 2}, {"name": "Receiver points won", "home": "6", "away": "13", "compareCode": 2}, {"name": "Total points won", "home": "19", "away": "30", "compareCode": 2}, {"name": "Max points in a row", "home": "3", "away": "6", "compareCode": 2}]}]}, {"period": "2ND", "groups": [{"groupName": "Service", "statisticsItems": [{"name": "Aces", "home": "1", "away": "0", "compareCode": 1}, {"name": "Double faults", "home": "1", "away": "0", "compareCode": 1}, {"name": "First serve", "home": "54/65 (83%)", "away": "47/53 (89%)", "compareCode": 2}, {"name": "Second serve", "home": "10/11 (91%)", "away": "6/6 (100%)", "compareCode": 2}, {"name": "First serve points", "home": "31/54 (57%)", "away": "26/47 (55%)", "compareCode": 1}, {"name": "Second serve points", "home": "2/11 (18%)", "away": "3/6 (50%)", "compareCode": 2}, {"name": "Break points saved", "home": "6/9 (66%)", "away": "1/4 (25%)", "compareCode": 2}, {"name": "Service games played", "home": "6", "away": "6", "compareCode": 3}]}, {"groupName": "Return", "statisticsItems": [{"name": "First serve return points", "home": "21/47 (44%)", "away": "23/54 (42%)", "compareCode": 1}, {"name": "Second serve return points", "home": "3/6 (50%)", "away": "9/11 (81%)", "compareCode": 1}, {"name": "Break points converted", "home": "3", "away": "3", "compareCode": 3}, {"name": "Return games played", "home": "6", "away": "6", "compareCode": 3}]}, {"groupName": "Points", "statisticsItems": [{"name": "Service points won", "home": "33", "away": "29", "compareCode": 1}, {"name": "Receiver points won", "home": "24", "away": "32", "compareCode": 2}, {"name": "Total points won", "home": "57", "away": "61", "compareCode": 2}, {"name": "Max points in a row", "home": "4", "away": "4", "compareCode": 3}]}]}]}