{"statistics": [{"period": "ALL", "groups": [{"groupName": "Service", "statisticsItems": [{"name": "Aces", "home": "1", "away": "0", "compareCode": 1}, {"name": "Double faults", "home": "3", "away": "4", "compareCode": 2}, {"name": "First serve", "home": "52/81 (64%)", "away": "66/88 (75%)", "compareCode": 2}, {"name": "Second serve", "home": "26/29 (90%)", "away": "18/22 (82%)", "compareCode": 1}, {"name": "First serve points", "home": "33/52 (63%)", "away": "39/66 (59%)", "compareCode": 2}, {"name": "Second serve points", "home": "12/29 (41%)", "away": "5/22 (23%)", "compareCode": 1}, {"name": "Break points saved", "home": "0/3 (0%)", "away": "3/8 (37%)", "compareCode": 1}, {"name": "Service games played", "home": "10", "away": "10", "compareCode": 3}]}, {"groupName": "Return", "statisticsItems": [{"name": "First serve return points", "home": "27/66 (40%)", "away": "19/52 (36%)", "compareCode": 2}, {"name": "Second serve return points", "home": "17/22 (77%)", "away": "17/29 (58%)", "compareCode": 1}, {"name": "Break points converted", "home": "5", "away": "3", "compareCode": 1}, {"name": "Return games played", "home": "10", "away": "10", "compareCode": 3}]}, {"groupName": "Points", "statisticsItems": [{"name": "Service points won", "home": "45", "away": "44", "compareCode": 1}, {"name": "Receiver points won", "home": "44", "away": "36", "compareCode": 1}, {"name": "Total points won", "home": "89", "away": "80", "compareCode": 1}, {"name": "Max points in a row", "home": "5", "away": "4", "compareCode": 1}]}]}, {"period": "1ST", "groups": [{"groupName": "Service", "statisticsItems": [{"name": "Aces", "home": "1", "away": "0", "compareCode": 1}, {"name": "Double faults", "home": "2", "away": "2", "compareCode": 3}, {"name": "First serve", "home": "28/42 (67%)", "away": "27/42 (64%)", "compareCode": 1}, {"name": "Second serve", "home": "12/14 (86%)", "away": "13/15 (87%)", "compareCode": 2}, {"name": "First serve points", "home": "16/28 (57%)", "away": "18/27 (67%)", "compareCode": 2}, {"name": "Second serve points", "home": "5/14 (36%)", "away": "3/15 (20%)", "compareCode": 1}, {"name": "Break points saved", "home": "0/3 (0%)", "away": "0/3 (0%)", "compareCode": 3}, {"name": "Service games played", "home": "6", "away": "6", "compareCode": 3}]}, {"groupName": "Return", "statisticsItems": [{"name": "First serve return points", "home": "9/27 (33%)", "away": "12/28 (42%)", "compareCode": 3}, {"name": "Second serve return points", "home": "12/15 (80%)", "away": "9/14 (64%)", "compareCode": 2}, {"name": "Break points converted", "home": "3", "away": "3", "compareCode": 3}, {"name": "Return games played", "home": "6", "away": "6", "compareCode": 3}]}, {"groupName": "Points", "statisticsItems": [{"name": "Service points won", "home": "21", "away": "21", "compareCode": 3}, {"name": "Receiver points won", "home": "21", "away": "21", "compareCode": 3}, {"name": "Total points won", "home": "42", "away": "42", "compareCode": 3}, {"name": "Max points in a row", "home": "5", "away": "4", "compareCode": 1}]}]}, {"period": "2ND", "groups": [{"groupName": "Service", "statisticsItems": [{"name": "Aces", "home": "0", "away": "0", "compareCode": 3}, {"name": "Double faults", "home": "1", "away": "2", "compareCode": 2}, {"name": "First serve", "home": "19/29 (66%)", "away": "31/36 (86%)", "compareCode": 2}, {"name": "Second serve", "home": "9/10 (90%)", "away": "3/5 (60%)", "compareCode": 1}, {"name": "First serve points", "home": "15/19 (79%)", "away": "16/31 (52%)", "compareCode": 2}, {"name": "Second serve points", "home": "5/10 (50%)", "away": "2/5 (40%)", "compareCode": 1}, {"name": "Break points saved", "home": "0/0 (0%)", "away": "3/5 (60%)", "compareCode": 1}, {"name": "Service games played", "home": "4", "away": "4", "compareCode": 3}]}, {"groupName": "Return", "statisticsItems": [{"name": "First serve return points", "home": "15/31 (48%)", "away": "4/19 (21%)", "compareCode": 2}, {"name": "Second serve return points", "home": "3/5 (60%)", "away": "5/10 (50%)", "compareCode": 1}, {"name": "Break points converted", "home": "2", "away": "0", "compareCode": 1}, {"name": "Return games played", "home": "4", "away": "4", "compareCode": 3}]}, {"groupName": "Points", "statisticsItems": [{"name": "Service points won", "home": "20", "away": "18", "compareCode": 1}, {"name": "Receiver points won", "home": "18", "away": "9", "compareCode": 1}, {"name": "Total points won", "home": "38", "away": "27", "compareCode": 1}, {"name": "Max points in a row", "home": "5", "away": "3", "compareCode": 1}]}]}, {"period": "3RD", "groups": [{"groupName": "Service", "statisticsItems": [{"name": "Aces", "home": "0", "away": "0", "compareCode": 3}, {"name": "Double faults", "home": "0", "away": "0", "compareCode": 3}, {"name": "First serve", "home": "5/10 (50%)", "away": "8/10 (80%)", "compareCode": 2}, {"name": "Second serve", "home": "5/5 (100%)", "away": "2/2 (100%)", "compareCode": 3}, {"name": "First serve points", "home": "2/5 (40%)", "away": "5/8 (63%)", "compareCode": 2}, {"name": "Second serve points", "home": "2/5 (40%)", "away": "0/2 (0%)", "compareCode": 1}, {"name": "Break points saved", "home": "0/0 (0%)", "away": "0/0 (0%)", "compareCode": 3}, {"name": "Service games played", "home": "0", "away": "0", "compareCode": 3}]}, {"groupName": "Return", "statisticsItems": [{"name": "First serve return points", "home": "3/8 (37%)", "away": "3/5 (60%)", "compareCode": 3}, {"name": "Second serve return points", "home": "2/2 (100%)", "away": "3/5 (60%)", "compareCode": 1}, {"name": "Break points converted", "home": "0", "away": "0", "compareCode": 3}, {"name": "Return games played", "home": "0", "away": "0", "compareCode": 3}]}, {"groupName": "Points", "statisticsItems": [{"name": "Service points won", "home": "4", "away": "5", "compareCode": 2}, {"name": "Receiver points won", "home": "5", "away": "6", "compareCode": 2}, {"name": "Total points won", "home": "9", "away": "11", "compareCode": 2}, {"name": "Max points in a row", "home": "2", "away": "4", "compareCode": 2}]}]}]}