{"statistics": [{"period": "ALL", "groups": [{"groupName": "Service", "statisticsItems": [{"name": "Aces", "home": "0", "away": "3", "compareCode": 2}, {"name": "Double faults", "home": "0", "away": "7", "compareCode": 2}, {"name": "First serve", "home": "49/61 (80%)", "away": "35/67 (52%)", "compareCode": 1}, {"name": "Second serve", "home": "12/12 (100%)", "away": "25/32 (78%)", "compareCode": 1}, {"name": "First serve points", "home": "32/49 (65%)", "away": "20/35 (57%)", "compareCode": 1}, {"name": "Second serve points", "home": "7/12 (58%)", "away": "14/32 (44%)", "compareCode": 2}, {"name": "Break points saved", "home": "3/4 (75%)", "away": "9/13 (69%)", "compareCode": 1}, {"name": "Service games played", "home": "9", "away": "9", "compareCode": 3}]}, {"groupName": "Return", "statisticsItems": [{"name": "First serve return points", "home": "15/35 (42%)", "away": "17/49 (34%)", "compareCode": 2}, {"name": "Second serve return points", "home": "18/32 (56%)", "away": "5/12 (41%)", "compareCode": 2}, {"name": "Break points converted", "home": "4", "away": "1", "compareCode": 1}, {"name": "Return games played", "home": "9", "away": "9", "compareCode": 3}]}, {"groupName": "Points", "statisticsItems": [{"name": "Service points won", "home": "39", "away": "34", "compareCode": 1}, {"name": "Receiver points won", "home": "33", "away": "22", "compareCode": 1}, {"name": "Total points won", "home": "72", "away": "56", "compareCode": 1}, {"name": "Max points in a row", "home": "5", "away": "5", "compareCode": 3}]}]}, {"period": "1ST", "groups": [{"groupName": "Service", "statisticsItems": [{"name": "Aces", "home": "0", "away": "1", "compareCode": 2}, {"name": "Double faults", "home": "0", "away": "3", "compareCode": 2}, {"name": "First serve", "home": "16/24 (67%)", "away": "22/35 (63%)", "compareCode": 1}, {"name": "Second serve", "home": "8/8 (100%)", "away": "10/13 (77%)", "compareCode": 1}, {"name": "First serve points", "home": "11/16 (69%)", "away": "10/22 (45%)", "compareCode": 1}, {"name": "Second serve points", "home": "6/8 (75%)", "away": "8/13 (62%)", "compareCode": 2}, {"name": "Break points saved", "home": "1/1 (100%)", "away": "5/7 (71%)", "compareCode": 1}, {"name": "Service games played", "home": "4", "away": "5", "compareCode": 2}]}, {"groupName": "Return", "statisticsItems": [{"name": "First serve return points", "home": "12/22 (54%)", "away": "5/16 (31%)", "compareCode": 2}, {"name": "Second serve return points", "home": "5/13 (38%)", "away": "2/8 (25%)", "compareCode": 2}, {"name": "Break points converted", "home": "2", "away": "0", "compareCode": 1}, {"name": "Return games played", "home": "5", "away": "4", "compareCode": 2}]}, {"groupName": "Points", "statisticsItems": [{"name": "Service points won", "home": "17", "away": "18", "compareCode": 2}, {"name": "Receiver points won", "home": "17", "away": "7", "compareCode": 1}, {"name": "Total points won", "home": "34", "away": "25", "compareCode": 1}, {"name": "Max points in a row", "home": "5", "away": "5", "compareCode": 3}]}]}, {"period": "2ND", "groups": [{"groupName": "Service", "statisticsItems": [{"name": "Aces", "home": "0", "away": "2", "compareCode": 2}, {"name": "Double faults", "home": "0", "away": "4", "compareCode": 2}, {"name": "First serve", "home": "33/37 (89%)", "away": "13/32 (41%)", "compareCode": 1}, {"name": "Second serve", "home": "4/4 (100%)", "away": "15/19 (79%)", "compareCode": 1}, {"name": "First serve points", "home": "21/33 (64%)", "away": "10/13 (77%)", "compareCode": 1}, {"name": "Second serve points", "home": "1/4 (25%)", "away": "6/19 (32%)", "compareCode": 2}, {"name": "Break points saved", "home": "2/3 (66%)", "away": "4/6 (66%)", "compareCode": 1}, {"name": "Service games played", "home": "5", "away": "4", "compareCode": 1}]}, {"groupName": "Return", "statisticsItems": [{"name": "First serve return points", "home": "3/13 (23%)", "away": "12/33 (36%)", "compareCode": 1}, {"name": "Second serve return points", "home": "13/19 (68%)", "away": "3/4 (75%)", "compareCode": 2}, {"name": "Break points converted", "home": "2", "away": "1", "compareCode": 1}, {"name": "Return games played", "home": "4", "away": "5", "compareCode": 1}]}, {"groupName": "Points", "statisticsItems": [{"name": "Service points won", "home": "22", "away": "16", "compareCode": 1}, {"name": "Receiver points won", "home": "16", "away": "15", "compareCode": 1}, {"name": "Total points won", "home": "38", "away": "31", "compareCode": 1}, {"name": "Max points in a row", "home": "4", "away": "5", "compareCode": 2}]}]}]}