{"statistics": [{"period": "ALL", "groups": [{"groupName": "Service", "statisticsItems": [{"name": "Aces", "home": "0", "away": "0", "compareCode": 3}, {"name": "Double faults", "home": "0", "away": "3", "compareCode": 2}, {"name": "First serve", "home": "46/58 (79%)", "away": "46/68 (68%)", "compareCode": 1}, {"name": "Second serve", "home": "12/12 (100%)", "away": "19/22 (86%)", "compareCode": 1}, {"name": "First serve points", "home": "23/46 (50%)", "away": "25/46 (54%)", "compareCode": 2}, {"name": "Second serve points", "home": "5/12 (42%)", "away": "10/22 (45%)", "compareCode": 2}, {"name": "Break points saved", "home": "5/9 (55%)", "away": "1/6 (16%)", "compareCode": 2}, {"name": "Service games played", "home": "8", "away": "9", "compareCode": 2}]}, {"groupName": "Return", "statisticsItems": [{"name": "First serve return points", "home": "21/46 (45%)", "away": "23/46 (50%)", "compareCode": 2}, {"name": "Second serve return points", "home": "12/22 (54%)", "away": "7/12 (58%)", "compareCode": 2}, {"name": "Break points converted", "home": "5", "away": "4", "compareCode": 1}, {"name": "Return games played", "home": "9", "away": "8", "compareCode": 2}]}, {"groupName": "Points", "statisticsItems": [{"name": "Service points won", "home": "28", "away": "35", "compareCode": 2}, {"name": "Receiver points won", "home": "33", "away": "30", "compareCode": 1}, {"name": "Total points won", "home": "61", "away": "65", "compareCode": 2}, {"name": "Max points in a row", "home": "5", "away": "6", "compareCode": 2}]}]}, {"period": "1ST", "groups": [{"groupName": "Service", "statisticsItems": [{"name": "Aces", "home": "0", "away": "0", "compareCode": 3}, {"name": "Double faults", "home": "0", "away": "2", "compareCode": 2}, {"name": "First serve", "home": "14/19 (74%)", "away": "20/35 (57%)", "compareCode": 1}, {"name": "Second serve", "home": "5/5 (100%)", "away": "13/15 (87%)", "compareCode": 1}, {"name": "First serve points", "home": "7/14 (50%)", "away": "15/20 (75%)", "compareCode": 2}, {"name": "Second serve points", "home": "3/5 (60%)", "away": "6/15 (40%)", "compareCode": 2}, {"name": "Break points saved", "home": "0/2 (0%)", "away": "0/1 (0%)", "compareCode": 2}, {"name": "Service games played", "home": "4", "away": "5", "compareCode": 2}]}, {"groupName": "Return", "statisticsItems": [{"name": "First serve return points", "home": "5/20 (25%)", "away": "7/14 (50%)", "compareCode": 2}, {"name": "Second serve return points", "home": "9/15 (60%)", "away": "2/5 (40%)", "compareCode": 2}, {"name": "Break points converted", "home": "1", "away": "2", "compareCode": 2}, {"name": "Return games played", "home": "5", "away": "4", "compareCode": 2}]}, {"groupName": "Points", "statisticsItems": [{"name": "Service points won", "home": "10", "away": "21", "compareCode": 2}, {"name": "Receiver points won", "home": "14", "away": "9", "compareCode": 1}, {"name": "Total points won", "home": "24", "away": "30", "compareCode": 2}, {"name": "Max points in a row", "home": "4", "away": "4", "compareCode": 3}]}]}, {"period": "2ND", "groups": [{"groupName": "Service", "statisticsItems": [{"name": "Aces", "home": "0", "away": "0", "compareCode": 3}, {"name": "Double faults", "home": "0", "away": "0", "compareCode": 3}, {"name": "First serve", "home": "26/32 (81%)", "away": "20/26 (77%)", "compareCode": 1}, {"name": "Second serve", "home": "6/6 (100%)", "away": "6/6 (100%)", "compareCode": 3}, {"name": "First serve points", "home": "13/26 (50%)", "away": "4/20 (20%)", "compareCode": 1}, {"name": "Second serve points", "home": "2/6 (33%)", "away": "4/6 (67%)", "compareCode": 2}, {"name": "Break points saved", "home": "5/7 (71%)", "away": "1/5 (20%)", "compareCode": 2}, {"name": "Service games played", "home": "4", "away": "4", "compareCode": 3}]}, {"groupName": "Return", "statisticsItems": [{"name": "First serve return points", "home": "16/20 (80%)", "away": "13/26 (50%)", "compareCode": 1}, {"name": "Second serve return points", "home": "2/6 (33%)", "away": "4/6 (66%)", "compareCode": 3}, {"name": "Break points converted", "home": "4", "away": "2", "compareCode": 1}, {"name": "Return games played", "home": "4", "away": "4", "compareCode": 3}]}, {"groupName": "Points", "statisticsItems": [{"name": "Service points won", "home": "15", "away": "8", "compareCode": 1}, {"name": "Receiver points won", "home": "18", "away": "17", "compareCode": 1}, {"name": "Total points won", "home": "33", "away": "25", "compareCode": 1}, {"name": "Max points in a row", "home": "5", "away": "4", "compareCode": 1}]}]}, {"period": "3RD", "groups": [{"groupName": "Service", "statisticsItems": [{"name": "Aces", "home": "0", "away": "0", "compareCode": 3}, {"name": "Double faults", "home": "0", "away": "1", "compareCode": 2}, {"name": "First serve", "home": "6/7 (86%)", "away": "6/7 (86%)", "compareCode": 3}, {"name": "Second serve", "home": "1/1 (100%)", "away": "0/1 (0%)", "compareCode": 1}, {"name": "First serve points", "home": "3/6 (50%)", "away": "6/6 (100%)", "compareCode": 2}, {"name": "Second serve points", "home": "0/1 (0%)", "away": "0/1 (0%)", "compareCode": 3}, {"name": "Break points saved", "home": "0/0 (0%)", "away": "0/0 (0%)", "compareCode": 3}, {"name": "Service games played", "home": "0", "away": "0", "compareCode": 3}]}, {"groupName": "Return", "statisticsItems": [{"name": "First serve return points", "home": "0/6 (0%)", "away": "3/6 (50%)", "compareCode": 3}, {"name": "Second serve return points", "home": "1/1 (100%)", "away": "1/1 (100%)", "compareCode": 3}, {"name": "Break points converted", "home": "0", "away": "0", "compareCode": 3}, {"name": "Return games played", "home": "0", "away": "0", "compareCode": 3}]}, {"groupName": "Points", "statisticsItems": [{"name": "Service points won", "home": "3", "away": "6", "compareCode": 2}, {"name": "Receiver points won", "home": "1", "away": "4", "compareCode": 2}, {"name": "Total points won", "home": "4", "away": "10", "compareCode": 2}, {"name": "Max points in a row", "home": "2", "away": "5", "compareCode": 2}]}]}]}