{"statistics": [{"period": "ALL", "groups": [{"groupName": "Service", "statisticsItems": [{"name": "Aces", "home": "0", "away": "5", "compareCode": 2}, {"name": "Double faults", "home": "5", "away": "13", "compareCode": 2}, {"name": "First serve", "home": "40/61 (66%)", "away": "25/58 (43%)", "compareCode": 1}, {"name": "Second serve", "home": "16/21 (76%)", "away": "20/33 (61%)", "compareCode": 1}, {"name": "First serve points", "home": "19/40 (48%)", "away": "16/25 (64%)", "compareCode": 1}, {"name": "Second serve points", "home": "6/21 (29%)", "away": "16/33 (48%)", "compareCode": 2}, {"name": "Break points saved", "home": "6/13 (46%)", "away": "6/9 (66%)", "compareCode": 2}, {"name": "Service games played", "home": "9", "away": "8", "compareCode": 1}]}, {"groupName": "Return", "statisticsItems": [{"name": "First serve return points", "home": "9/25 (36%)", "away": "21/40 (52%)", "compareCode": 1}, {"name": "Second serve return points", "home": "17/33 (51%)", "away": "15/21 (71%)", "compareCode": 2}, {"name": "Break points converted", "home": "3", "away": "7", "compareCode": 2}, {"name": "Return games played", "home": "8", "away": "9", "compareCode": 1}]}, {"groupName": "Points", "statisticsItems": [{"name": "Service points won", "home": "25", "away": "32", "compareCode": 2}, {"name": "Receiver points won", "home": "26", "away": "36", "compareCode": 2}, {"name": "Total points won", "home": "51", "away": "68", "compareCode": 2}, {"name": "Max points in a row", "home": "3", "away": "7", "compareCode": 2}]}]}, {"period": "1ST", "groups": [{"groupName": "Service", "statisticsItems": [{"name": "Aces", "home": "0", "away": "4", "compareCode": 2}, {"name": "Double faults", "home": "5", "away": "8", "compareCode": 2}, {"name": "First serve", "home": "15/29 (52%)", "away": "17/37 (46%)", "compareCode": 1}, {"name": "Second serve", "home": "9/14 (64%)", "away": "12/20 (60%)", "compareCode": 1}, {"name": "First serve points", "home": "6/15 (40%)", "away": "11/17 (65%)", "compareCode": 2}, {"name": "Second serve points", "home": "4/14 (29%)", "away": "8/20 (40%)", "compareCode": 2}, {"name": "Break points saved", "home": "4/8 (50%)", "away": "5/7 (71%)", "compareCode": 2}, {"name": "Service games played", "home": "4", "away": "4", "compareCode": 3}]}, {"groupName": "Return", "statisticsItems": [{"name": "First serve return points", "home": "6/17 (35%)", "away": "9/15 (60%)", "compareCode": 2}, {"name": "Second serve return points", "home": "12/20 (60%)", "away": "10/14 (71%)", "compareCode": 2}, {"name": "Break points converted", "home": "2", "away": "4", "compareCode": 2}, {"name": "Return games played", "home": "4", "away": "4", "compareCode": 3}]}, {"groupName": "Points", "statisticsItems": [{"name": "Service points won", "home": "10", "away": "19", "compareCode": 2}, {"name": "Receiver points won", "home": "18", "away": "19", "compareCode": 2}, {"name": "Total points won", "home": "28", "away": "38", "compareCode": 2}, {"name": "Max points in a row", "home": "3", "away": "6", "compareCode": 2}]}]}, {"period": "2ND", "groups": [{"groupName": "Service", "statisticsItems": [{"name": "Aces", "home": "0", "away": "1", "compareCode": 2}, {"name": "Double faults", "home": "0", "away": "5", "compareCode": 2}, {"name": "First serve", "home": "25/32 (78%)", "away": "8/21 (38%)", "compareCode": 1}, {"name": "Second serve", "home": "7/7 (100%)", "away": "8/13 (62%)", "compareCode": 1}, {"name": "First serve points", "home": "13/25 (52%)", "away": "5/8 (63%)", "compareCode": 1}, {"name": "Second serve points", "home": "2/7 (29%)", "away": "8/13 (62%)", "compareCode": 2}, {"name": "Break points saved", "home": "2/5 (40%)", "away": "1/2 (50%)", "compareCode": 2}, {"name": "Service games played", "home": "5", "away": "4", "compareCode": 1}]}, {"groupName": "Return", "statisticsItems": [{"name": "First serve return points", "home": "3/8 (37%)", "away": "12/25 (48%)", "compareCode": 1}, {"name": "Second serve return points", "home": "5/13 (38%)", "away": "5/7 (71%)", "compareCode": 2}, {"name": "Break points converted", "home": "1", "away": "3", "compareCode": 2}, {"name": "Return games played", "home": "4", "away": "5", "compareCode": 1}]}, {"groupName": "Points", "statisticsItems": [{"name": "Service points won", "home": "15", "away": "13", "compareCode": 1}, {"name": "Receiver points won", "home": "8", "away": "17", "compareCode": 2}, {"name": "Total points won", "home": "23", "away": "30", "compareCode": 2}, {"name": "Max points in a row", "home": "3", "away": "7", "compareCode": 2}]}]}]}