{"statistics": [{"period": "ALL", "groups": [{"groupName": "Service", "statisticsItems": [{"name": "Aces", "home": "1", "away": "1", "compareCode": 3}, {"name": "Double faults", "home": "1", "away": "1", "compareCode": 3}, {"name": "First serve", "home": "30/46 (65%)", "away": "44/55 (80%)", "compareCode": 2}, {"name": "Second serve", "home": "15/16 (94%)", "away": "10/11 (91%)", "compareCode": 1}, {"name": "First serve points", "home": "21/30 (70%)", "away": "19/44 (43%)", "compareCode": 1}, {"name": "Second serve points", "home": "8/16 (50%)", "away": "8/11 (73%)", "compareCode": 3}, {"name": "Break points saved", "home": "1/4 (25%)", "away": "2/6 (33%)", "compareCode": 1}, {"name": "Service games played", "home": "8", "away": "8", "compareCode": 3}]}, {"groupName": "Return", "statisticsItems": [{"name": "First serve return points", "home": "25/44 (56%)", "away": "9/30 (30%)", "compareCode": 2}, {"name": "Second serve return points", "home": "3/11 (27%)", "away": "8/16 (50%)", "compareCode": 1}, {"name": "Break points converted", "home": "4", "away": "3", "compareCode": 1}, {"name": "Return games played", "home": "8", "away": "8", "compareCode": 3}]}, {"groupName": "Points", "statisticsItems": [{"name": "Service points won", "home": "29", "away": "27", "compareCode": 1}, {"name": "Receiver points won", "home": "28", "away": "17", "compareCode": 1}, {"name": "Total points won", "home": "57", "away": "44", "compareCode": 1}, {"name": "Max points in a row", "home": "7", "away": "8", "compareCode": 2}]}]}, {"period": "1ST", "groups": [{"groupName": "Service", "statisticsItems": [{"name": "Aces", "home": "0", "away": "1", "compareCode": 2}, {"name": "Double faults", "home": "1", "away": "0", "compareCode": 1}, {"name": "First serve", "home": "14/21 (67%)", "away": "24/30 (80%)", "compareCode": 2}, {"name": "Second serve", "home": "6/7 (86%)", "away": "6/6 (100%)", "compareCode": 2}, {"name": "First serve points", "home": "9/14 (64%)", "away": "13/24 (54%)", "compareCode": 2}, {"name": "Second serve points", "home": "2/7 (29%)", "away": "6/6 (100%)", "compareCode": 2}, {"name": "Break points saved", "home": "0/2 (0%)", "away": "1/2 (50%)", "compareCode": 3}, {"name": "Service games played", "home": "4", "away": "5", "compareCode": 2}]}, {"groupName": "Return", "statisticsItems": [{"name": "First serve return points", "home": "11/24 (45%)", "away": "5/14 (35%)", "compareCode": 2}, {"name": "Second serve return points", "home": "0/6 (0%)", "away": "5/7 (71%)", "compareCode": 1}, {"name": "Break points converted", "home": "1", "away": "2", "compareCode": 2}, {"name": "Return games played", "home": "5", "away": "4", "compareCode": 2}]}, {"groupName": "Points", "statisticsItems": [{"name": "Service points won", "home": "11", "away": "19", "compareCode": 2}, {"name": "Receiver points won", "home": "11", "away": "10", "compareCode": 1}, {"name": "Total points won", "home": "22", "away": "29", "compareCode": 2}, {"name": "Max points in a row", "home": "6", "away": "8", "compareCode": 2}]}]}, {"period": "2ND", "groups": [{"groupName": "Service", "statisticsItems": [{"name": "Aces", "home": "0", "away": "0", "compareCode": 3}, {"name": "Double faults", "home": "0", "away": "0", "compareCode": 3}, {"name": "First serve", "home": "12/19 (63%)", "away": "16/18 (89%)", "compareCode": 2}, {"name": "Second serve", "home": "7/7 (100%)", "away": "2/2 (100%)", "compareCode": 3}, {"name": "First serve points", "home": "8/12 (67%)", "away": "4/16 (25%)", "compareCode": 1}, {"name": "Second serve points", "home": "5/7 (71%)", "away": "2/2 (100%)", "compareCode": 1}, {"name": "Break points saved", "home": "1/2 (50%)", "away": "1/4 (25%)", "compareCode": 1}, {"name": "Service games played", "home": "4", "away": "3", "compareCode": 1}]}, {"groupName": "Return", "statisticsItems": [{"name": "First serve return points", "home": "12/16 (75%)", "away": "4/12 (33%)", "compareCode": 1}, {"name": "Second serve return points", "home": "0/2 (0%)", "away": "2/7 (28%)", "compareCode": 1}, {"name": "Break points converted", "home": "3", "away": "1", "compareCode": 1}, {"name": "Return games played", "home": "3", "away": "4", "compareCode": 1}]}, {"groupName": "Points", "statisticsItems": [{"name": "Service points won", "home": "13", "away": "6", "compareCode": 1}, {"name": "Receiver points won", "home": "12", "away": "6", "compareCode": 1}, {"name": "Total points won", "home": "25", "away": "12", "compareCode": 1}, {"name": "Max points in a row", "home": "5", "away": "3", "compareCode": 1}]}]}, {"period": "3RD", "groups": [{"groupName": "Service", "statisticsItems": [{"name": "Aces", "home": "1", "away": "0", "compareCode": 1}, {"name": "Double faults", "home": "0", "away": "1", "compareCode": 2}, {"name": "First serve", "home": "4/6 (67%)", "away": "4/7 (57%)", "compareCode": 1}, {"name": "Second serve", "home": "2/2 (100%)", "away": "2/3 (67%)", "compareCode": 1}, {"name": "First serve points", "home": "4/4 (100%)", "away": "2/4 (50%)", "compareCode": 1}, {"name": "Second serve points", "home": "1/2 (50%)", "away": "0/3 (0%)", "compareCode": 1}, {"name": "Break points saved", "home": "0/0 (0%)", "away": "0/0 (0%)", "compareCode": 3}, {"name": "Service games played", "home": "0", "away": "0", "compareCode": 3}]}, {"groupName": "Return", "statisticsItems": [{"name": "First serve return points", "home": "2/4 (50%)", "away": "0/4 (0%)", "compareCode": 2}, {"name": "Second serve return points", "home": "3/3 (100%)", "away": "1/2 (50%)", "compareCode": 2}, {"name": "Break points converted", "home": "0", "away": "0", "compareCode": 3}, {"name": "Return games played", "home": "0", "away": "0", "compareCode": 3}]}, {"groupName": "Points", "statisticsItems": [{"name": "Service points won", "home": "5", "away": "2", "compareCode": 1}, {"name": "Receiver points won", "home": "5", "away": "1", "compareCode": 1}, {"name": "Total points won", "home": "10", "away": "3", "compareCode": 1}, {"name": "Max points in a row", "home": "4", "away": "1", "compareCode": 1}]}]}]}