{"statistics": [{"period": "ALL", "groups": [{"groupName": "Service", "statisticsItems": [{"name": "Aces", "home": "0", "away": "0", "compareCode": 3}, {"name": "Double faults", "home": "0", "away": "7", "compareCode": 2}, {"name": "First serve", "home": "54/69 (78%)", "away": "60/90 (67%)", "compareCode": 1}, {"name": "Second serve", "home": "15/15 (100%)", "away": "23/30 (77%)", "compareCode": 1}, {"name": "First serve points", "home": "32/54 (59%)", "away": "33/60 (55%)", "compareCode": 2}, {"name": "Second serve points", "home": "6/15 (40%)", "away": "10/30 (33%)", "compareCode": 2}, {"name": "Break points saved", "home": "2/6 (33%)", "away": "8/14 (57%)", "compareCode": 1}, {"name": "Service games played", "home": "10", "away": "10", "compareCode": 3}]}, {"groupName": "Return", "statisticsItems": [{"name": "First serve return points", "home": "27/60 (45%)", "away": "22/54 (40%)", "compareCode": 2}, {"name": "Second serve return points", "home": "20/30 (66%)", "away": "9/15 (60%)", "compareCode": 2}, {"name": "Break points converted", "home": "6", "away": "4", "compareCode": 1}, {"name": "Return games played", "home": "10", "away": "10", "compareCode": 3}]}, {"groupName": "Points", "statisticsItems": [{"name": "Service points won", "home": "38", "away": "43", "compareCode": 2}, {"name": "Receiver points won", "home": "47", "away": "31", "compareCode": 1}, {"name": "Total points won", "home": "85", "away": "74", "compareCode": 1}, {"name": "Max points in a row", "home": "8", "away": "7", "compareCode": 1}]}]}, {"period": "1ST", "groups": [{"groupName": "Service", "statisticsItems": [{"name": "Aces", "home": "0", "away": "0", "compareCode": 3}, {"name": "Double faults", "home": "0", "away": "2", "compareCode": 2}, {"name": "First serve", "home": "20/26 (77%)", "away": "11/18 (61%)", "compareCode": 1}, {"name": "Second serve", "home": "6/6 (100%)", "away": "5/7 (71%)", "compareCode": 1}, {"name": "First serve points", "home": "13/20 (65%)", "away": "2/11 (18%)", "compareCode": 1}, {"name": "Second serve points", "home": "3/6 (50%)", "away": "3/7 (43%)", "compareCode": 3}, {"name": "Break points saved", "home": "2/3 (66%)", "away": "0/3 (0%)", "compareCode": 3}, {"name": "Service games played", "home": "4", "away": "4", "compareCode": 3}]}, {"groupName": "Return", "statisticsItems": [{"name": "First serve return points", "home": "9/11 (81%)", "away": "7/20 (35%)", "compareCode": 1}, {"name": "Second serve return points", "home": "4/7 (57%)", "away": "3/6 (50%)", "compareCode": 2}, {"name": "Break points converted", "home": "3", "away": "1", "compareCode": 1}, {"name": "Return games played", "home": "4", "away": "4", "compareCode": 3}]}, {"groupName": "Points", "statisticsItems": [{"name": "Service points won", "home": "16", "away": "5", "compareCode": 1}, {"name": "Receiver points won", "home": "13", "away": "10", "compareCode": 1}, {"name": "Total points won", "home": "29", "away": "15", "compareCode": 1}, {"name": "Max points in a row", "home": "7", "away": "5", "compareCode": 1}]}]}, {"period": "2ND", "groups": [{"groupName": "Service", "statisticsItems": [{"name": "Aces", "home": "0", "away": "0", "compareCode": 3}, {"name": "Double faults", "home": "0", "away": "5", "compareCode": 2}, {"name": "First serve", "home": "27/34 (79%)", "away": "41/63 (65%)", "compareCode": 1}, {"name": "Second serve", "home": "7/7 (100%)", "away": "17/22 (77%)", "compareCode": 1}, {"name": "First serve points", "home": "13/27 (48%)", "away": "26/41 (63%)", "compareCode": 2}, {"name": "Second serve points", "home": "3/7 (43%)", "away": "7/22 (32%)", "compareCode": 2}, {"name": "Break points saved", "home": "0/3 (0%)", "away": "8/11 (72%)", "compareCode": 1}, {"name": "Service games played", "home": "6", "away": "6", "compareCode": 3}]}, {"groupName": "Return", "statisticsItems": [{"name": "First serve return points", "home": "15/41 (36%)", "away": "14/27 (51%)", "compareCode": 2}, {"name": "Second serve return points", "home": "15/22 (68%)", "away": "4/7 (57%)", "compareCode": 2}, {"name": "Break points converted", "home": "3", "away": "3", "compareCode": 3}, {"name": "Return games played", "home": "6", "away": "6", "compareCode": 3}]}, {"groupName": "Points", "statisticsItems": [{"name": "Service points won", "home": "16", "away": "33", "compareCode": 2}, {"name": "Receiver points won", "home": "30", "away": "18", "compareCode": 1}, {"name": "Total points won", "home": "46", "away": "51", "compareCode": 2}, {"name": "Max points in a row", "home": "5", "away": "7", "compareCode": 2}]}]}, {"period": "3RD", "groups": [{"groupName": "Service", "statisticsItems": [{"name": "Aces", "home": "0", "away": "0", "compareCode": 3}, {"name": "Double faults", "home": "0", "away": "0", "compareCode": 3}, {"name": "First serve", "home": "7/9 (78%)", "away": "8/9 (89%)", "compareCode": 2}, {"name": "Second serve", "home": "2/2 (100%)", "away": "1/1 (100%)", "compareCode": 3}, {"name": "First serve points", "home": "6/7 (86%)", "away": "5/8 (63%)", "compareCode": 1}, {"name": "Second serve points", "home": "0/2 (0%)", "away": "0/1 (0%)", "compareCode": 3}, {"name": "Break points saved", "home": "0/0 (0%)", "away": "0/0 (0%)", "compareCode": 3}, {"name": "Service games played", "home": "0", "away": "0", "compareCode": 3}]}, {"groupName": "Return", "statisticsItems": [{"name": "First serve return points", "home": "3/8 (37%)", "away": "1/7 (14%)", "compareCode": 3}, {"name": "Second serve return points", "home": "1/1 (100%)", "away": "2/2 (100%)", "compareCode": 1}, {"name": "Break points converted", "home": "0", "away": "0", "compareCode": 3}, {"name": "Return games played", "home": "0", "away": "0", "compareCode": 3}]}, {"groupName": "Points", "statisticsItems": [{"name": "Service points won", "home": "6", "away": "5", "compareCode": 1}, {"name": "Receiver points won", "home": "4", "away": "3", "compareCode": 1}, {"name": "Total points won", "home": "10", "away": "8", "compareCode": 1}, {"name": "Max points in a row", "home": "6", "away": "3", "compareCode": 1}]}]}]}