{"statistics": [{"period": "ALL", "groups": [{"groupName": "Service", "statisticsItems": [{"name": "Aces", "home": "0", "away": "1", "compareCode": 2}, {"name": "Double faults", "home": "5", "away": "4", "compareCode": 1}, {"name": "First serve", "home": "56/76 (74%)", "away": "43/75 (57%)", "compareCode": 1}, {"name": "Second serve", "home": "15/20 (75%)", "away": "28/32 (88%)", "compareCode": 2}, {"name": "First serve points", "home": "31/56 (55%)", "away": "28/43 (65%)", "compareCode": 1}, {"name": "Second serve points", "home": "8/20 (40%)", "away": "12/32 (38%)", "compareCode": 2}, {"name": "Break points saved", "home": "3/7 (42%)", "away": "2/6 (33%)", "compareCode": 2}, {"name": "Service games played", "home": "11", "away": "11", "compareCode": 3}]}, {"groupName": "Return", "statisticsItems": [{"name": "First serve return points", "home": "15/43 (34%)", "away": "25/56 (44%)", "compareCode": 1}, {"name": "Second serve return points", "home": "20/32 (62%)", "away": "12/20 (60%)", "compareCode": 2}, {"name": "Break points converted", "home": "4", "away": "4", "compareCode": 3}, {"name": "Return games played", "home": "11", "away": "11", "compareCode": 3}]}, {"groupName": "Points", "statisticsItems": [{"name": "Service points won", "home": "39", "away": "40", "compareCode": 2}, {"name": "Receiver points won", "home": "35", "away": "37", "compareCode": 2}, {"name": "Total points won", "home": "74", "away": "77", "compareCode": 2}, {"name": "Max points in a row", "home": "6", "away": "7", "compareCode": 2}]}]}, {"period": "1ST", "groups": [{"groupName": "Service", "statisticsItems": [{"name": "Aces", "home": "0", "away": "0", "compareCode": 3}, {"name": "Double faults", "home": "5", "away": "2", "compareCode": 1}, {"name": "First serve", "home": "31/45 (69%)", "away": "20/35 (57%)", "compareCode": 1}, {"name": "Second serve", "home": "9/14 (64%)", "away": "13/15 (87%)", "compareCode": 2}, {"name": "First serve points", "home": "19/31 (61%)", "away": "11/20 (55%)", "compareCode": 1}, {"name": "Second serve points", "home": "5/14 (36%)", "away": "5/15 (33%)", "compareCode": 3}, {"name": "Break points saved", "home": "3/5 (60%)", "away": "1/4 (25%)", "compareCode": 2}, {"name": "Service games played", "home": "6", "away": "6", "compareCode": 3}]}, {"groupName": "Return", "statisticsItems": [{"name": "First serve return points", "home": "9/20 (45%)", "away": "12/31 (38%)", "compareCode": 1}, {"name": "Second serve return points", "home": "10/15 (66%)", "away": "9/14 (64%)", "compareCode": 2}, {"name": "Break points converted", "home": "3", "away": "2", "compareCode": 1}, {"name": "Return games played", "home": "6", "away": "6", "compareCode": 3}]}, {"groupName": "Points", "statisticsItems": [{"name": "Service points won", "home": "24", "away": "16", "compareCode": 1}, {"name": "Receiver points won", "home": "19", "away": "21", "compareCode": 2}, {"name": "Total points won", "home": "43", "away": "37", "compareCode": 1}, {"name": "Max points in a row", "home": "6", "away": "7", "compareCode": 2}]}]}, {"period": "2ND", "groups": [{"groupName": "Service", "statisticsItems": [{"name": "Aces", "home": "0", "away": "1", "compareCode": 2}, {"name": "Double faults", "home": "0", "away": "2", "compareCode": 2}, {"name": "First serve", "home": "19/23 (83%)", "away": "19/33 (58%)", "compareCode": 1}, {"name": "Second serve", "home": "4/4 (100%)", "away": "12/14 (86%)", "compareCode": 1}, {"name": "First serve points", "home": "10/19 (53%)", "away": "14/19 (74%)", "compareCode": 2}, {"name": "Second serve points", "home": "3/4 (75%)", "away": "6/14 (43%)", "compareCode": 2}, {"name": "Break points saved", "home": "0/2 (0%)", "away": "1/2 (50%)", "compareCode": 3}, {"name": "Service games played", "home": "5", "away": "5", "compareCode": 3}]}, {"groupName": "Return", "statisticsItems": [{"name": "First serve return points", "home": "5/19 (26%)", "away": "9/19 (47%)", "compareCode": 2}, {"name": "Second serve return points", "home": "8/14 (57%)", "away": "1/4 (25%)", "compareCode": 2}, {"name": "Break points converted", "home": "1", "away": "2", "compareCode": 2}, {"name": "Return games played", "home": "5", "away": "5", "compareCode": 3}]}, {"groupName": "Points", "statisticsItems": [{"name": "Service points won", "home": "13", "away": "20", "compareCode": 2}, {"name": "Receiver points won", "home": "13", "away": "10", "compareCode": 1}, {"name": "Total points won", "home": "26", "away": "30", "compareCode": 2}, {"name": "Max points in a row", "home": "6", "away": "7", "compareCode": 2}]}]}, {"period": "3RD", "groups": [{"groupName": "Service", "statisticsItems": [{"name": "Aces", "home": "0", "away": "0", "compareCode": 3}, {"name": "Double faults", "home": "0", "away": "0", "compareCode": 3}, {"name": "First serve", "home": "6/8 (75%)", "away": "4/7 (57%)", "compareCode": 1}, {"name": "Second serve", "home": "2/2 (100%)", "away": "3/3 (100%)", "compareCode": 3}, {"name": "First serve points", "home": "2/6 (33%)", "away": "3/4 (75%)", "compareCode": 2}, {"name": "Second serve points", "home": "0/2 (0%)", "away": "1/3 (33%)", "compareCode": 2}, {"name": "Break points saved", "home": "0/0 (0%)", "away": "0/0 (0%)", "compareCode": 3}, {"name": "Service games played", "home": "0", "away": "0", "compareCode": 3}]}, {"groupName": "Return", "statisticsItems": [{"name": "First serve return points", "home": "1/4 (25%)", "away": "4/6 (66%)", "compareCode": 1}, {"name": "Second serve return points", "home": "2/3 (66%)", "away": "2/2 (100%)", "compareCode": 2}, {"name": "Break points converted", "home": "0", "away": "0", "compareCode": 3}, {"name": "Return games played", "home": "0", "away": "0", "compareCode": 3}]}, {"groupName": "Points", "statisticsItems": [{"name": "Service points won", "home": "2", "away": "4", "compareCode": 2}, {"name": "Receiver points won", "home": "3", "away": "6", "compareCode": 2}, {"name": "Total points won", "home": "5", "away": "10", "compareCode": 2}, {"name": "Max points in a row", "home": "2", "away": "3", "compareCode": 2}]}]}]}