{"statistics": [{"period": "ALL", "groups": [{"groupName": "Service", "statisticsItems": [{"name": "Aces", "home": "2", "away": "3", "compareCode": 2}, {"name": "Double faults", "home": "1", "away": "4", "compareCode": 2}, {"name": "First serve", "home": "67/86 (78%)", "away": "61/91 (67%)", "compareCode": 1}, {"name": "Second serve", "home": "18/19 (95%)", "away": "26/30 (87%)", "compareCode": 1}, {"name": "First serve points", "home": "40/67 (60%)", "away": "42/61 (69%)", "compareCode": 2}, {"name": "Second serve points", "home": "11/19 (58%)", "away": "12/30 (40%)", "compareCode": 2}, {"name": "Break points saved", "home": "1/5 (20%)", "away": "4/8 (50%)", "compareCode": 1}, {"name": "Service games played", "home": "12", "away": "12", "compareCode": 3}]}, {"groupName": "Return", "statisticsItems": [{"name": "First serve return points", "home": "19/61 (31%)", "away": "27/67 (40%)", "compareCode": 2}, {"name": "Second serve return points", "home": "18/30 (60%)", "away": "8/19 (42%)", "compareCode": 2}, {"name": "Break points converted", "home": "4", "away": "4", "compareCode": 3}, {"name": "Return games played", "home": "12", "away": "12", "compareCode": 3}]}, {"groupName": "Points", "statisticsItems": [{"name": "Service points won", "home": "51", "away": "54", "compareCode": 2}, {"name": "Receiver points won", "home": "37", "away": "35", "compareCode": 1}, {"name": "Total points won", "home": "88", "away": "89", "compareCode": 2}, {"name": "Max points in a row", "home": "6", "away": "9", "compareCode": 2}]}]}, {"period": "1ST", "groups": [{"groupName": "Service", "statisticsItems": [{"name": "Aces", "home": "1", "away": "1", "compareCode": 3}, {"name": "Double faults", "home": "1", "away": "2", "compareCode": 2}, {"name": "First serve", "home": "25/37 (68%)", "away": "23/42 (55%)", "compareCode": 1}, {"name": "Second serve", "home": "11/12 (92%)", "away": "17/19 (89%)", "compareCode": 1}, {"name": "First serve points", "home": "17/25 (68%)", "away": "15/23 (65%)", "compareCode": 1}, {"name": "Second serve points", "home": "7/12 (58%)", "away": "10/19 (53%)", "compareCode": 2}, {"name": "Break points saved", "home": "0/2 (0%)", "away": "4/6 (66%)", "compareCode": 1}, {"name": "Service games played", "home": "6", "away": "6", "compareCode": 3}]}, {"groupName": "Return", "statisticsItems": [{"name": "First serve return points", "home": "8/23 (34%)", "away": "8/25 (32%)", "compareCode": 2}, {"name": "Second serve return points", "home": "9/19 (47%)", "away": "5/12 (41%)", "compareCode": 2}, {"name": "Break points converted", "home": "2", "away": "2", "compareCode": 3}, {"name": "Return games played", "home": "6", "away": "6", "compareCode": 3}]}, {"groupName": "Points", "statisticsItems": [{"name": "Service points won", "home": "24", "away": "25", "compareCode": 2}, {"name": "Receiver points won", "home": "17", "away": "13", "compareCode": 1}, {"name": "Total points won", "home": "41", "away": "38", "compareCode": 1}, {"name": "Max points in a row", "home": "4", "away": "4", "compareCode": 3}]}]}, {"period": "2ND", "groups": [{"groupName": "Service", "statisticsItems": [{"name": "Aces", "home": "1", "away": "2", "compareCode": 2}, {"name": "Double faults", "home": "0", "away": "2", "compareCode": 2}, {"name": "First serve", "home": "37/43 (86%)", "away": "33/43 (77%)", "compareCode": 1}, {"name": "Second serve", "home": "6/6 (100%)", "away": "8/10 (80%)", "compareCode": 1}, {"name": "First serve points", "home": "22/37 (59%)", "away": "23/33 (70%)", "compareCode": 2}, {"name": "Second serve points", "home": "4/6 (67%)", "away": "1/10 (10%)", "compareCode": 1}, {"name": "Break points saved", "home": "1/3 (33%)", "away": "0/2 (0%)", "compareCode": 2}, {"name": "Service games played", "home": "6", "away": "6", "compareCode": 3}]}, {"groupName": "Return", "statisticsItems": [{"name": "First serve return points", "home": "10/33 (30%)", "away": "15/37 (40%)", "compareCode": 3}, {"name": "Second serve return points", "home": "9/10 (90%)", "away": "2/6 (33%)", "compareCode": 2}, {"name": "Break points converted", "home": "2", "away": "2", "compareCode": 3}, {"name": "Return games played", "home": "6", "away": "6", "compareCode": 3}]}, {"groupName": "Points", "statisticsItems": [{"name": "Service points won", "home": "26", "away": "24", "compareCode": 1}, {"name": "Receiver points won", "home": "19", "away": "17", "compareCode": 1}, {"name": "Total points won", "home": "45", "away": "41", "compareCode": 1}, {"name": "Max points in a row", "home": "6", "away": "4", "compareCode": 1}]}]}, {"period": "3RD", "groups": [{"groupName": "Service", "statisticsItems": [{"name": "Aces", "home": "0", "away": "0", "compareCode": 3}, {"name": "Double faults", "home": "0", "away": "0", "compareCode": 3}, {"name": "First serve", "home": "5/6 (83%)", "away": "5/6 (83%)", "compareCode": 3}, {"name": "Second serve", "home": "1/1 (100%)", "away": "1/1 (100%)", "compareCode": 3}, {"name": "First serve points", "home": "1/5 (20%)", "away": "4/5 (80%)", "compareCode": 2}, {"name": "Second serve points", "home": "0/1 (0%)", "away": "1/1 (100%)", "compareCode": 2}, {"name": "Break points saved", "home": "0/0 (0%)", "away": "0/0 (0%)", "compareCode": 3}, {"name": "Service games played", "home": "0", "away": "0", "compareCode": 3}]}, {"groupName": "Return", "statisticsItems": [{"name": "First serve return points", "home": "1/5 (20%)", "away": "4/5 (80%)", "compareCode": 3}, {"name": "Second serve return points", "home": "0/1 (0%)", "away": "1/1 (100%)", "compareCode": 3}, {"name": "Break points converted", "home": "0", "away": "0", "compareCode": 3}, {"name": "Return games played", "home": "0", "away": "0", "compareCode": 3}]}, {"groupName": "Points", "statisticsItems": [{"name": "Service points won", "home": "1", "away": "5", "compareCode": 2}, {"name": "Receiver points won", "home": "1", "away": "5", "compareCode": 2}, {"name": "Total points won", "home": "2", "away": "10", "compareCode": 2}, {"name": "Max points in a row", "home": "1", "away": "9", "compareCode": 2}]}]}]}