{"statistics": [{"period": "ALL", "groups": [{"groupName": "Service", "statisticsItems": [{"name": "Aces", "home": "1", "away": "0", "compareCode": 1}, {"name": "Double faults", "home": "3", "away": "1", "compareCode": 1}, {"name": "First serve", "home": "34/47 (72%)", "away": "37/54 (69%)", "compareCode": 1}, {"name": "Second serve", "home": "10/13 (77%)", "away": "16/17 (94%)", "compareCode": 2}, {"name": "First serve points", "home": "23/34 (68%)", "away": "22/37 (59%)", "compareCode": 1}, {"name": "Second serve points", "home": "7/13 (54%)", "away": "3/17 (18%)", "compareCode": 1}, {"name": "Break points saved", "home": "2/3 (66%)", "away": "3/8 (37%)", "compareCode": 1}, {"name": "Service games played", "home": "8", "away": "8", "compareCode": 3}]}, {"groupName": "Return", "statisticsItems": [{"name": "First serve return points", "home": "15/37 (40%)", "away": "11/34 (32%)", "compareCode": 2}, {"name": "Second serve return points", "home": "14/17 (82%)", "away": "6/13 (46%)", "compareCode": 2}, {"name": "Break points converted", "home": "5", "away": "1", "compareCode": 1}, {"name": "Return games played", "home": "8", "away": "8", "compareCode": 3}]}, {"groupName": "Points", "statisticsItems": [{"name": "Service points won", "home": "30", "away": "25", "compareCode": 1}, {"name": "Receiver points won", "home": "29", "away": "17", "compareCode": 1}, {"name": "Total points won", "home": "59", "away": "42", "compareCode": 1}, {"name": "Max points in a row", "home": "5", "away": "4", "compareCode": 1}]}]}, {"period": "1ST", "groups": [{"groupName": "Service", "statisticsItems": [{"name": "Aces", "home": "0", "away": "0", "compareCode": 3}, {"name": "Double faults", "home": "2", "away": "0", "compareCode": 1}, {"name": "First serve", "home": "17/23 (74%)", "away": "17/27 (63%)", "compareCode": 1}, {"name": "Second serve", "home": "4/6 (67%)", "away": "10/10 (100%)", "compareCode": 2}, {"name": "First serve points", "home": "10/17 (59%)", "away": "10/17 (59%)", "compareCode": 3}, {"name": "Second serve points", "home": "3/6 (50%)", "away": "2/10 (20%)", "compareCode": 1}, {"name": "Break points saved", "home": "0/1 (0%)", "away": "3/6 (50%)", "compareCode": 1}, {"name": "Service games played", "home": "4", "away": "4", "compareCode": 3}]}, {"groupName": "Return", "statisticsItems": [{"name": "First serve return points", "home": "7/17 (41%)", "away": "7/17 (41%)", "compareCode": 2}, {"name": "Second serve return points", "home": "8/10 (80%)", "away": "3/6 (50%)", "compareCode": 2}, {"name": "Break points converted", "home": "3", "away": "1", "compareCode": 1}, {"name": "Return games played", "home": "4", "away": "4", "compareCode": 3}]}, {"groupName": "Points", "statisticsItems": [{"name": "Service points won", "home": "13", "away": "12", "compareCode": 1}, {"name": "Receiver points won", "home": "15", "away": "10", "compareCode": 1}, {"name": "Total points won", "home": "28", "away": "22", "compareCode": 1}, {"name": "Max points in a row", "home": "5", "away": "4", "compareCode": 1}]}]}, {"period": "2ND", "groups": [{"groupName": "Service", "statisticsItems": [{"name": "Aces", "home": "1", "away": "0", "compareCode": 1}, {"name": "Double faults", "home": "1", "away": "1", "compareCode": 3}, {"name": "First serve", "home": "17/24 (71%)", "away": "20/27 (74%)", "compareCode": 2}, {"name": "Second serve", "home": "6/7 (86%)", "away": "6/7 (86%)", "compareCode": 3}, {"name": "First serve points", "home": "13/17 (76%)", "away": "12/20 (60%)", "compareCode": 1}, {"name": "Second serve points", "home": "4/7 (57%)", "away": "1/7 (14%)", "compareCode": 1}, {"name": "Break points saved", "home": "2/2 (100%)", "away": "0/2 (0%)", "compareCode": 3}, {"name": "Service games played", "home": "4", "away": "4", "compareCode": 3}]}, {"groupName": "Return", "statisticsItems": [{"name": "First serve return points", "home": "8/20 (40%)", "away": "4/17 (23%)", "compareCode": 2}, {"name": "Second serve return points", "home": "6/7 (85%)", "away": "3/7 (42%)", "compareCode": 3}, {"name": "Break points converted", "home": "2", "away": "0", "compareCode": 1}, {"name": "Return games played", "home": "4", "away": "4", "compareCode": 3}]}, {"groupName": "Points", "statisticsItems": [{"name": "Service points won", "home": "17", "away": "13", "compareCode": 1}, {"name": "Receiver points won", "home": "14", "away": "7", "compareCode": 1}, {"name": "Total points won", "home": "31", "away": "20", "compareCode": 1}, {"name": "Max points in a row", "home": "5", "away": "2", "compareCode": 1}]}]}]}