{"statistics": [{"period": "ALL", "groups": [{"groupName": "Service", "statisticsItems": [{"name": "Aces", "home": "0", "away": "2", "compareCode": 2}, {"name": "Double faults", "home": "2", "away": "3", "compareCode": 2}, {"name": "First serve", "home": "37/45 (82%)", "away": "43/61 (70%)", "compareCode": 1}, {"name": "Second serve", "home": "6/8 (75%)", "away": "15/18 (83%)", "compareCode": 2}, {"name": "First serve points", "home": "17/37 (46%)", "away": "32/43 (74%)", "compareCode": 2}, {"name": "Second serve points", "home": "4/8 (50%)", "away": "8/18 (44%)", "compareCode": 2}, {"name": "Break points saved", "home": "1/5 (20%)", "away": "4/5 (80%)", "compareCode": 3}, {"name": "Service games played", "home": "8", "away": "9", "compareCode": 2}]}, {"groupName": "Return", "statisticsItems": [{"name": "First serve return points", "home": "11/43 (25%)", "away": "20/37 (54%)", "compareCode": 2}, {"name": "Second serve return points", "home": "10/18 (55%)", "away": "4/8 (50%)", "compareCode": 2}, {"name": "Break points converted", "home": "1", "away": "4", "compareCode": 2}, {"name": "Return games played", "home": "9", "away": "8", "compareCode": 2}]}, {"groupName": "Points", "statisticsItems": [{"name": "Service points won", "home": "21", "away": "40", "compareCode": 2}, {"name": "Receiver points won", "home": "21", "away": "24", "compareCode": 2}, {"name": "Total points won", "home": "42", "away": "64", "compareCode": 2}, {"name": "Max points in a row", "home": "6", "away": "7", "compareCode": 2}]}]}, {"period": "1ST", "groups": [{"groupName": "Service", "statisticsItems": [{"name": "Aces", "home": "0", "away": "1", "compareCode": 2}, {"name": "Double faults", "home": "1", "away": "1", "compareCode": 3}, {"name": "First serve", "home": "17/21 (81%)", "away": "26/36 (72%)", "compareCode": 1}, {"name": "Second serve", "home": "3/4 (75%)", "away": "9/10 (90%)", "compareCode": 2}, {"name": "First serve points", "home": "8/17 (47%)", "away": "18/26 (69%)", "compareCode": 2}, {"name": "Second serve points", "home": "2/4 (50%)", "away": "4/10 (40%)", "compareCode": 2}, {"name": "Break points saved", "home": "0/2 (0%)", "away": "1/2 (50%)", "compareCode": 3}, {"name": "Service games played", "home": "4", "away": "5", "compareCode": 2}]}, {"groupName": "Return", "statisticsItems": [{"name": "First serve return points", "home": "8/26 (30%)", "away": "9/17 (52%)", "compareCode": 2}, {"name": "Second serve return points", "home": "6/10 (60%)", "away": "2/4 (50%)", "compareCode": 2}, {"name": "Break points converted", "home": "1", "away": "2", "compareCode": 2}, {"name": "Return games played", "home": "5", "away": "4", "compareCode": 2}]}, {"groupName": "Points", "statisticsItems": [{"name": "Service points won", "home": "10", "away": "22", "compareCode": 2}, {"name": "Receiver points won", "home": "14", "away": "11", "compareCode": 1}, {"name": "Total points won", "home": "24", "away": "33", "compareCode": 2}, {"name": "Max points in a row", "home": "6", "away": "5", "compareCode": 1}]}]}, {"period": "2ND", "groups": [{"groupName": "Service", "statisticsItems": [{"name": "Aces", "home": "0", "away": "1", "compareCode": 2}, {"name": "Double faults", "home": "1", "away": "2", "compareCode": 2}, {"name": "First serve", "home": "20/24 (83%)", "away": "17/25 (68%)", "compareCode": 1}, {"name": "Second serve", "home": "3/4 (75%)", "away": "6/8 (75%)", "compareCode": 3}, {"name": "First serve points", "home": "9/20 (45%)", "away": "14/17 (82%)", "compareCode": 2}, {"name": "Second serve points", "home": "2/4 (50%)", "away": "4/8 (50%)", "compareCode": 2}, {"name": "Break points saved", "home": "1/3 (33%)", "away": "3/3 (100%)", "compareCode": 3}, {"name": "Service games played", "home": "4", "away": "4", "compareCode": 3}]}, {"groupName": "Return", "statisticsItems": [{"name": "First serve return points", "home": "3/17 (17%)", "away": "11/20 (55%)", "compareCode": 2}, {"name": "Second serve return points", "home": "4/8 (50%)", "away": "2/4 (50%)", "compareCode": 2}, {"name": "Break points converted", "home": "0", "away": "2", "compareCode": 2}, {"name": "Return games played", "home": "4", "away": "4", "compareCode": 3}]}, {"groupName": "Points", "statisticsItems": [{"name": "Service points won", "home": "11", "away": "18", "compareCode": 2}, {"name": "Receiver points won", "home": "7", "away": "13", "compareCode": 2}, {"name": "Total points won", "home": "18", "away": "31", "compareCode": 2}, {"name": "Max points in a row", "home": "4", "away": "7", "compareCode": 2}]}]}]}