{"statistics": [{"period": "ALL", "groups": [{"groupName": "Service", "statisticsItems": [{"name": "Aces", "home": "3", "away": "0", "compareCode": 1}, {"name": "Double faults", "home": "4", "away": "0", "compareCode": 1}, {"name": "First serve", "home": "59/82 (72%)", "away": "43/53 (81%)", "compareCode": 2}, {"name": "Second serve", "home": "19/23 (83%)", "away": "10/10 (100%)", "compareCode": 2}, {"name": "First serve points", "home": "27/59 (46%)", "away": "20/43 (47%)", "compareCode": 1}, {"name": "Second serve points", "home": "8/23 (35%)", "away": "7/10 (70%)", "compareCode": 1}, {"name": "Break points saved", "home": "12/19 (63%)", "away": "1/5 (20%)", "compareCode": 2}, {"name": "Service games played", "home": "9", "away": "9", "compareCode": 3}]}, {"groupName": "Return", "statisticsItems": [{"name": "First serve return points", "home": "23/43 (53%)", "away": "32/59 (54%)", "compareCode": 1}, {"name": "Second serve return points", "home": "3/10 (30%)", "away": "15/23 (65%)", "compareCode": 1}, {"name": "Break points converted", "home": "4", "away": "7", "compareCode": 2}, {"name": "Return games played", "home": "9", "away": "9", "compareCode": 3}]}, {"groupName": "Points", "statisticsItems": [{"name": "Service points won", "home": "35", "away": "27", "compareCode": 1}, {"name": "Receiver points won", "home": "26", "away": "47", "compareCode": 2}, {"name": "Total points won", "home": "61", "away": "74", "compareCode": 2}, {"name": "Max points in a row", "home": "5", "away": "6", "compareCode": 2}]}]}, {"period": "1ST", "groups": [{"groupName": "Service", "statisticsItems": [{"name": "Aces", "home": "1", "away": "0", "compareCode": 1}, {"name": "Double faults", "home": "3", "away": "0", "compareCode": 1}, {"name": "First serve", "home": "20/27 (74%)", "away": "25/33 (76%)", "compareCode": 2}, {"name": "Second serve", "home": "4/7 (57%)", "away": "8/8 (100%)", "compareCode": 2}, {"name": "First serve points", "home": "9/20 (45%)", "away": "11/25 (44%)", "compareCode": 2}, {"name": "Second serve points", "home": "2/7 (29%)", "away": "6/8 (75%)", "compareCode": 2}, {"name": "Break points saved", "home": "3/6 (50%)", "away": "1/3 (33%)", "compareCode": 2}, {"name": "Service games played", "home": "4", "away": "5", "compareCode": 2}]}, {"groupName": "Return", "statisticsItems": [{"name": "First serve return points", "home": "14/25 (56%)", "away": "11/20 (55%)", "compareCode": 2}, {"name": "Second serve return points", "home": "2/8 (25%)", "away": "5/7 (71%)", "compareCode": 2}, {"name": "Break points converted", "home": "2", "away": "3", "compareCode": 2}, {"name": "Return games played", "home": "5", "away": "4", "compareCode": 2}]}, {"groupName": "Points", "statisticsItems": [{"name": "Service points won", "home": "11", "away": "17", "compareCode": 2}, {"name": "Receiver points won", "home": "16", "away": "16", "compareCode": 3}, {"name": "Total points won", "home": "27", "away": "33", "compareCode": 2}, {"name": "Max points in a row", "home": "4", "away": "5", "compareCode": 2}]}]}, {"period": "2ND", "groups": [{"groupName": "Service", "statisticsItems": [{"name": "Aces", "home": "2", "away": "0", "compareCode": 1}, {"name": "Double faults", "home": "1", "away": "0", "compareCode": 1}, {"name": "First serve", "home": "39/55 (71%)", "away": "18/20 (90%)", "compareCode": 2}, {"name": "Second serve", "home": "15/16 (94%)", "away": "2/2 (100%)", "compareCode": 2}, {"name": "First serve points", "home": "18/39 (46%)", "away": "9/18 (50%)", "compareCode": 1}, {"name": "Second serve points", "home": "6/16 (38%)", "away": "1/2 (50%)", "compareCode": 1}, {"name": "Break points saved", "home": "9/13 (69%)", "away": "0/2 (0%)", "compareCode": 2}, {"name": "Service games played", "home": "5", "away": "4", "compareCode": 1}]}, {"groupName": "Return", "statisticsItems": [{"name": "First serve return points", "home": "9/18 (50%)", "away": "21/39 (53%)", "compareCode": 1}, {"name": "Second serve return points", "home": "1/2 (50%)", "away": "10/16 (62%)", "compareCode": 1}, {"name": "Break points converted", "home": "2", "away": "4", "compareCode": 2}, {"name": "Return games played", "home": "4", "away": "5", "compareCode": 1}]}, {"groupName": "Points", "statisticsItems": [{"name": "Service points won", "home": "24", "away": "10", "compareCode": 1}, {"name": "Receiver points won", "home": "10", "away": "31", "compareCode": 2}, {"name": "Total points won", "home": "34", "away": "41", "compareCode": 2}, {"name": "Max points in a row", "home": "5", "away": "6", "compareCode": 2}]}]}]}