{"statistics": [{"period": "ALL", "groups": [{"groupName": "Service", "statisticsItems": [{"name": "Aces", "home": "0", "away": "1", "compareCode": 2}, {"name": "Double faults", "home": "1", "away": "1", "compareCode": 3}, {"name": "First serve", "home": "38/55 (69%)", "away": "27/35 (77%)", "compareCode": 2}, {"name": "Second serve", "home": "16/17 (94%)", "away": "7/8 (88%)", "compareCode": 1}, {"name": "First serve points", "home": "19/38 (50%)", "away": "22/27 (81%)", "compareCode": 2}, {"name": "Second serve points", "home": "7/17 (41%)", "away": "6/8 (75%)", "compareCode": 1}, {"name": "Break points saved", "home": "1/6 (16%)", "away": "0/0 (0%)", "compareCode": 2}, {"name": "Service games played", "home": "8", "away": "7", "compareCode": 1}]}, {"groupName": "Return", "statisticsItems": [{"name": "First serve return points", "home": "5/27 (18%)", "away": "19/38 (50%)", "compareCode": 1}, {"name": "Second serve return points", "home": "2/8 (25%)", "away": "10/17 (58%)", "compareCode": 1}, {"name": "Break points converted", "home": "0", "away": "5", "compareCode": 2}, {"name": "Return games played", "home": "7", "away": "8", "compareCode": 1}]}, {"groupName": "Points", "statisticsItems": [{"name": "Service points won", "home": "26", "away": "28", "compareCode": 2}, {"name": "Receiver points won", "home": "7", "away": "29", "compareCode": 2}, {"name": "Total points won", "home": "33", "away": "57", "compareCode": 2}, {"name": "Max points in a row", "home": "4", "away": "6", "compareCode": 2}]}]}, {"period": "1ST", "groups": [{"groupName": "Service", "statisticsItems": [{"name": "Aces", "home": "0", "away": "1", "compareCode": 2}, {"name": "Double faults", "home": "0", "away": "0", "compareCode": 3}, {"name": "First serve", "home": "23/32 (72%)", "away": "16/21 (76%)", "compareCode": 2}, {"name": "Second serve", "home": "9/9 (100%)", "away": "5/5 (100%)", "compareCode": 3}, {"name": "First serve points", "home": "13/23 (57%)", "away": "12/16 (75%)", "compareCode": 1}, {"name": "Second serve points", "home": "4/9 (44%)", "away": "4/5 (80%)", "compareCode": 3}, {"name": "Break points saved", "home": "0/2 (0%)", "away": "0/0 (0%)", "compareCode": 2}, {"name": "Service games played", "home": "4", "away": "4", "compareCode": 3}]}, {"groupName": "Return", "statisticsItems": [{"name": "First serve return points", "home": "4/16 (25%)", "away": "10/23 (43%)", "compareCode": 1}, {"name": "Second serve return points", "home": "1/5 (20%)", "away": "5/9 (55%)", "compareCode": 1}, {"name": "Break points converted", "home": "0", "away": "2", "compareCode": 2}, {"name": "Return games played", "home": "4", "away": "4", "compareCode": 3}]}, {"groupName": "Points", "statisticsItems": [{"name": "Service points won", "home": "17", "away": "16", "compareCode": 1}, {"name": "Receiver points won", "home": "5", "away": "15", "compareCode": 2}, {"name": "Total points won", "home": "22", "away": "31", "compareCode": 2}, {"name": "Max points in a row", "home": "4", "away": "6", "compareCode": 2}]}]}, {"period": "2ND", "groups": [{"groupName": "Service", "statisticsItems": [{"name": "Aces", "home": "0", "away": "0", "compareCode": 3}, {"name": "Double faults", "home": "1", "away": "1", "compareCode": 3}, {"name": "First serve", "home": "15/23 (65%)", "away": "11/14 (79%)", "compareCode": 2}, {"name": "Second serve", "home": "7/8 (88%)", "away": "2/3 (67%)", "compareCode": 1}, {"name": "First serve points", "home": "6/15 (40%)", "away": "10/11 (91%)", "compareCode": 2}, {"name": "Second serve points", "home": "3/8 (38%)", "away": "2/3 (67%)", "compareCode": 1}, {"name": "Break points saved", "home": "1/4 (25%)", "away": "0/0 (0%)", "compareCode": 2}, {"name": "Service games played", "home": "4", "away": "3", "compareCode": 1}]}, {"groupName": "Return", "statisticsItems": [{"name": "First serve return points", "home": "1/11 (9%)", "away": "9/15 (60%)", "compareCode": 1}, {"name": "Second serve return points", "home": "1/3 (33%)", "away": "5/8 (62%)", "compareCode": 1}, {"name": "Break points converted", "home": "0", "away": "3", "compareCode": 2}, {"name": "Return games played", "home": "3", "away": "4", "compareCode": 1}]}, {"groupName": "Points", "statisticsItems": [{"name": "Service points won", "home": "9", "away": "12", "compareCode": 2}, {"name": "Receiver points won", "home": "2", "away": "14", "compareCode": 2}, {"name": "Total points won", "home": "11", "away": "26", "compareCode": 2}, {"name": "Max points in a row", "home": "2", "away": "6", "compareCode": 2}]}]}]}