{"statistics": [{"period": "ALL", "groups": [{"groupName": "Service", "statisticsItems": [{"name": "Aces", "home": "1", "away": "0", "compareCode": 1}, {"name": "Double faults", "home": "7", "away": "1", "compareCode": 1}, {"name": "First serve", "home": "23/47 (49%)", "away": "40/55 (73%)", "compareCode": 2}, {"name": "Second serve", "home": "17/24 (71%)", "away": "14/15 (93%)", "compareCode": 2}, {"name": "First serve points", "home": "19/23 (83%)", "away": "17/40 (43%)", "compareCode": 1}, {"name": "Second serve points", "home": "11/24 (46%)", "away": "6/15 (40%)", "compareCode": 1}, {"name": "Break points saved", "home": "2/4 (50%)", "away": "4/10 (40%)", "compareCode": 1}, {"name": "Service games played", "home": "8", "away": "9", "compareCode": 2}]}, {"groupName": "Return", "statisticsItems": [{"name": "First serve return points", "home": "23/40 (57%)", "away": "4/23 (17%)", "compareCode": 2}, {"name": "Second serve return points", "home": "9/15 (60%)", "away": "13/24 (54%)", "compareCode": 1}, {"name": "Break points converted", "home": "6", "away": "2", "compareCode": 1}, {"name": "Return games played", "home": "9", "away": "8", "compareCode": 2}]}, {"groupName": "Points", "statisticsItems": [{"name": "Service points won", "home": "30", "away": "23", "compareCode": 1}, {"name": "Receiver points won", "home": "32", "away": "17", "compareCode": 1}, {"name": "Total points won", "home": "62", "away": "40", "compareCode": 1}, {"name": "Max points in a row", "home": "8", "away": "4", "compareCode": 1}]}]}, {"period": "1ST", "groups": [{"groupName": "Service", "statisticsItems": [{"name": "Aces", "home": "0", "away": "0", "compareCode": 3}, {"name": "Double faults", "home": "5", "away": "0", "compareCode": 1}, {"name": "First serve", "home": "14/31 (45%)", "away": "21/29 (72%)", "compareCode": 2}, {"name": "Second serve", "home": "12/17 (71%)", "away": "8/8 (100%)", "compareCode": 2}, {"name": "First serve points", "home": "12/14 (86%)", "away": "11/21 (52%)", "compareCode": 1}, {"name": "Second serve points", "home": "8/17 (47%)", "away": "4/8 (50%)", "compareCode": 1}, {"name": "Break points saved", "home": "2/3 (66%)", "away": "1/3 (33%)", "compareCode": 3}, {"name": "Service games played", "home": "5", "away": "5", "compareCode": 3}]}, {"groupName": "Return", "statisticsItems": [{"name": "First serve return points", "home": "10/21 (47%)", "away": "2/14 (14%)", "compareCode": 1}, {"name": "Second serve return points", "home": "4/8 (50%)", "away": "9/17 (52%)", "compareCode": 1}, {"name": "Break points converted", "home": "2", "away": "1", "compareCode": 1}, {"name": "Return games played", "home": "5", "away": "5", "compareCode": 3}]}, {"groupName": "Points", "statisticsItems": [{"name": "Service points won", "home": "20", "away": "15", "compareCode": 1}, {"name": "Receiver points won", "home": "14", "away": "11", "compareCode": 1}, {"name": "Total points won", "home": "34", "away": "26", "compareCode": 1}, {"name": "Max points in a row", "home": "8", "away": "4", "compareCode": 1}]}]}, {"period": "2ND", "groups": [{"groupName": "Service", "statisticsItems": [{"name": "Aces", "home": "1", "away": "0", "compareCode": 1}, {"name": "Double faults", "home": "2", "away": "1", "compareCode": 1}, {"name": "First serve", "home": "9/16 (56%)", "away": "19/26 (73%)", "compareCode": 2}, {"name": "Second serve", "home": "5/7 (71%)", "away": "6/7 (86%)", "compareCode": 2}, {"name": "First serve points", "home": "7/9 (78%)", "away": "6/19 (32%)", "compareCode": 1}, {"name": "Second serve points", "home": "3/7 (43%)", "away": "2/7 (29%)", "compareCode": 1}, {"name": "Break points saved", "home": "0/1 (0%)", "away": "3/7 (42%)", "compareCode": 1}, {"name": "Service games played", "home": "3", "away": "4", "compareCode": 2}]}, {"groupName": "Return", "statisticsItems": [{"name": "First serve return points", "home": "13/19 (68%)", "away": "2/9 (22%)", "compareCode": 2}, {"name": "Second serve return points", "home": "5/7 (71%)", "away": "4/7 (57%)", "compareCode": 3}, {"name": "Break points converted", "home": "4", "away": "1", "compareCode": 1}, {"name": "Return games played", "home": "4", "away": "3", "compareCode": 2}]}, {"groupName": "Points", "statisticsItems": [{"name": "Service points won", "home": "10", "away": "8", "compareCode": 1}, {"name": "Receiver points won", "home": "18", "away": "6", "compareCode": 1}, {"name": "Total points won", "home": "28", "away": "14", "compareCode": 1}, {"name": "Max points in a row", "home": "8", "away": "4", "compareCode": 1}]}]}]}