{"statistics": [{"period": "ALL", "groups": [{"groupName": "Service", "statisticsItems": [{"name": "Aces", "home": "1", "away": "0", "compareCode": 1}, {"name": "Double faults", "home": "1", "away": "1", "compareCode": 3}, {"name": "First serve", "home": "46/64 (72%)", "away": "51/67 (76%)", "compareCode": 2}, {"name": "Second serve", "home": "17/18 (94%)", "away": "15/16 (94%)", "compareCode": 3}, {"name": "First serve points", "home": "28/46 (61%)", "away": "33/51 (65%)", "compareCode": 2}, {"name": "Second serve points", "home": "12/18 (67%)", "away": "7/16 (44%)", "compareCode": 1}, {"name": "Break points saved", "home": "1/4 (25%)", "away": "2/5 (40%)", "compareCode": 1}, {"name": "Service games played", "home": "9", "away": "9", "compareCode": 3}]}, {"groupName": "Return", "statisticsItems": [{"name": "First serve return points", "home": "18/51 (35%)", "away": "18/46 (39%)", "compareCode": 2}, {"name": "Second serve return points", "home": "9/16 (56%)", "away": "6/18 (33%)", "compareCode": 1}, {"name": "Break points converted", "home": "3", "away": "3", "compareCode": 3}, {"name": "Return games played", "home": "9", "away": "9", "compareCode": 3}]}, {"groupName": "Points", "statisticsItems": [{"name": "Service points won", "home": "40", "away": "40", "compareCode": 3}, {"name": "Receiver points won", "home": "27", "away": "24", "compareCode": 1}, {"name": "Total points won", "home": "67", "away": "64", "compareCode": 1}, {"name": "Max points in a row", "home": "8", "away": "6", "compareCode": 1}]}]}, {"period": "1ST", "groups": [{"groupName": "Service", "statisticsItems": [{"name": "Aces", "home": "1", "away": "0", "compareCode": 1}, {"name": "Double faults", "home": "0", "away": "0", "compareCode": 3}, {"name": "First serve", "home": "16/23 (70%)", "away": "20/25 (80%)", "compareCode": 2}, {"name": "Second serve", "home": "7/7 (100%)", "away": "5/5 (100%)", "compareCode": 3}, {"name": "First serve points", "home": "12/16 (75%)", "away": "11/20 (55%)", "compareCode": 1}, {"name": "Second serve points", "home": "5/7 (71%)", "away": "2/5 (40%)", "compareCode": 1}, {"name": "Break points saved", "home": "0/0 (0%)", "away": "0/2 (0%)", "compareCode": 1}, {"name": "Service games played", "home": "4", "away": "5", "compareCode": 2}]}, {"groupName": "Return", "statisticsItems": [{"name": "First serve return points", "home": "9/20 (45%)", "away": "4/16 (25%)", "compareCode": 2}, {"name": "Second serve return points", "home": "3/5 (60%)", "away": "2/7 (28%)", "compareCode": 1}, {"name": "Break points converted", "home": "2", "away": "0", "compareCode": 1}, {"name": "Return games played", "home": "5", "away": "4", "compareCode": 2}]}, {"groupName": "Points", "statisticsItems": [{"name": "Service points won", "home": "17", "away": "13", "compareCode": 1}, {"name": "Receiver points won", "home": "12", "away": "6", "compareCode": 1}, {"name": "Total points won", "home": "29", "away": "19", "compareCode": 1}, {"name": "Max points in a row", "home": "8", "away": "4", "compareCode": 1}]}]}, {"period": "2ND", "groups": [{"groupName": "Service", "statisticsItems": [{"name": "Aces", "home": "0", "away": "0", "compareCode": 3}, {"name": "Double faults", "home": "0", "away": "1", "compareCode": 2}, {"name": "First serve", "home": "24/31 (77%)", "away": "22/32 (69%)", "compareCode": 1}, {"name": "Second serve", "home": "7/7 (100%)", "away": "9/10 (90%)", "compareCode": 1}, {"name": "First serve points", "home": "11/24 (46%)", "away": "14/22 (64%)", "compareCode": 2}, {"name": "Second serve points", "home": "4/7 (57%)", "away": "4/10 (40%)", "compareCode": 3}, {"name": "Break points saved", "home": "1/4 (25%)", "away": "2/3 (66%)", "compareCode": 2}, {"name": "Service games played", "home": "5", "away": "4", "compareCode": 1}]}, {"groupName": "Return", "statisticsItems": [{"name": "First serve return points", "home": "8/22 (36%)", "away": "13/24 (54%)", "compareCode": 2}, {"name": "Second serve return points", "home": "6/10 (60%)", "away": "3/7 (42%)", "compareCode": 2}, {"name": "Break points converted", "home": "1", "away": "3", "compareCode": 2}, {"name": "Return games played", "home": "4", "away": "5", "compareCode": 1}]}, {"groupName": "Points", "statisticsItems": [{"name": "Service points won", "home": "15", "away": "18", "compareCode": 2}, {"name": "Receiver points won", "home": "14", "away": "16", "compareCode": 2}, {"name": "Total points won", "home": "29", "away": "34", "compareCode": 2}, {"name": "Max points in a row", "home": "5", "away": "6", "compareCode": 2}]}]}, {"period": "3RD", "groups": [{"groupName": "Service", "statisticsItems": [{"name": "Aces", "home": "0", "away": "0", "compareCode": 3}, {"name": "Double faults", "home": "1", "away": "0", "compareCode": 1}, {"name": "First serve", "home": "6/10 (60%)", "away": "9/10 (90%)", "compareCode": 2}, {"name": "Second serve", "home": "3/4 (75%)", "away": "1/1 (100%)", "compareCode": 2}, {"name": "First serve points", "home": "5/6 (83%)", "away": "8/9 (89%)", "compareCode": 2}, {"name": "Second serve points", "home": "3/4 (75%)", "away": "1/1 (100%)", "compareCode": 1}, {"name": "Break points saved", "home": "0/0 (0%)", "away": "0/0 (0%)", "compareCode": 3}, {"name": "Service games played", "home": "0", "away": "0", "compareCode": 3}]}, {"groupName": "Return", "statisticsItems": [{"name": "First serve return points", "home": "1/9 (11%)", "away": "1/6 (16%)", "compareCode": 3}, {"name": "Second serve return points", "home": "0/1 (0%)", "away": "1/4 (25%)", "compareCode": 1}, {"name": "Break points converted", "home": "0", "away": "0", "compareCode": 3}, {"name": "Return games played", "home": "0", "away": "0", "compareCode": 3}]}, {"groupName": "Points", "statisticsItems": [{"name": "Service points won", "home": "8", "away": "9", "compareCode": 2}, {"name": "Receiver points won", "home": "1", "away": "2", "compareCode": 2}, {"name": "Total points won", "home": "9", "away": "11", "compareCode": 2}, {"name": "Max points in a row", "home": "3", "away": "3", "compareCode": 3}]}]}]}