{"statistics": [{"period": "ALL", "groups": [{"groupName": "Service", "statisticsItems": [{"name": "Aces", "home": "2", "away": "0", "compareCode": 1}, {"name": "Double faults", "home": "2", "away": "0", "compareCode": 1}, {"name": "First serve", "home": "46/62 (74%)", "away": "46/52 (88%)", "compareCode": 2}, {"name": "Second serve", "home": "14/16 (88%)", "away": "6/6 (100%)", "compareCode": 2}, {"name": "First serve points", "home": "30/46 (65%)", "away": "22/46 (48%)", "compareCode": 1}, {"name": "Second serve points", "home": "8/16 (50%)", "away": "2/6 (33%)", "compareCode": 1}, {"name": "Break points saved", "home": "4/6 (66%)", "away": "7/12 (58%)", "compareCode": 1}, {"name": "Service games played", "home": "9", "away": "8", "compareCode": 1}]}, {"groupName": "Return", "statisticsItems": [{"name": "First serve return points", "home": "24/46 (52%)", "away": "16/46 (34%)", "compareCode": 1}, {"name": "Second serve return points", "home": "4/6 (66%)", "away": "8/16 (50%)", "compareCode": 1}, {"name": "Break points converted", "home": "5", "away": "2", "compareCode": 1}, {"name": "Return games played", "home": "8", "away": "9", "compareCode": 1}]}, {"groupName": "Points", "statisticsItems": [{"name": "Service points won", "home": "38", "away": "24", "compareCode": 1}, {"name": "Receiver points won", "home": "28", "away": "24", "compareCode": 1}, {"name": "Total points won", "home": "66", "away": "48", "compareCode": 1}, {"name": "Max points in a row", "home": "5", "away": "5", "compareCode": 3}]}]}, {"period": "1ST", "groups": [{"groupName": "Service", "statisticsItems": [{"name": "Aces", "home": "1", "away": "0", "compareCode": 1}, {"name": "Double faults", "home": "1", "away": "0", "compareCode": 1}, {"name": "First serve", "home": "16/26 (62%)", "away": "25/28 (89%)", "compareCode": 2}, {"name": "Second serve", "home": "9/10 (90%)", "away": "3/3 (100%)", "compareCode": 2}, {"name": "First serve points", "home": "10/16 (63%)", "away": "11/25 (44%)", "compareCode": 2}, {"name": "Second serve points", "home": "6/10 (60%)", "away": "0/3 (0%)", "compareCode": 1}, {"name": "Break points saved", "home": "1/2 (50%)", "away": "3/6 (50%)", "compareCode": 1}, {"name": "Service games played", "home": "4", "away": "4", "compareCode": 3}]}, {"groupName": "Return", "statisticsItems": [{"name": "First serve return points", "home": "14/25 (56%)", "away": "6/16 (37%)", "compareCode": 2}, {"name": "Second serve return points", "home": "3/3 (100%)", "away": "4/10 (40%)", "compareCode": 1}, {"name": "Break points converted", "home": "3", "away": "1", "compareCode": 1}, {"name": "Return games played", "home": "4", "away": "4", "compareCode": 3}]}, {"groupName": "Points", "statisticsItems": [{"name": "Service points won", "home": "16", "away": "11", "compareCode": 1}, {"name": "Receiver points won", "home": "17", "away": "10", "compareCode": 1}, {"name": "Total points won", "home": "33", "away": "21", "compareCode": 1}, {"name": "Max points in a row", "home": "5", "away": "4", "compareCode": 1}]}]}, {"period": "2ND", "groups": [{"groupName": "Service", "statisticsItems": [{"name": "Aces", "home": "1", "away": "0", "compareCode": 1}, {"name": "Double faults", "home": "1", "away": "0", "compareCode": 1}, {"name": "First serve", "home": "30/36 (83%)", "away": "21/24 (88%)", "compareCode": 2}, {"name": "Second serve", "home": "5/6 (83%)", "away": "3/3 (100%)", "compareCode": 2}, {"name": "First serve points", "home": "20/30 (67%)", "away": "11/21 (52%)", "compareCode": 1}, {"name": "Second serve points", "home": "2/6 (33%)", "away": "2/3 (67%)", "compareCode": 3}, {"name": "Break points saved", "home": "3/4 (75%)", "away": "4/6 (66%)", "compareCode": 1}, {"name": "Service games played", "home": "5", "away": "4", "compareCode": 1}]}, {"groupName": "Return", "statisticsItems": [{"name": "First serve return points", "home": "10/21 (47%)", "away": "10/30 (33%)", "compareCode": 1}, {"name": "Second serve return points", "home": "1/3 (33%)", "away": "4/6 (66%)", "compareCode": 1}, {"name": "Break points converted", "home": "2", "away": "1", "compareCode": 1}, {"name": "Return games played", "home": "4", "away": "5", "compareCode": 1}]}, {"groupName": "Points", "statisticsItems": [{"name": "Service points won", "home": "22", "away": "13", "compareCode": 1}, {"name": "Receiver points won", "home": "11", "away": "14", "compareCode": 2}, {"name": "Total points won", "home": "33", "away": "27", "compareCode": 1}, {"name": "Max points in a row", "home": "4", "away": "5", "compareCode": 2}]}]}]}