{"statistics": [{"period": "ALL", "groups": [{"groupName": "Service", "statisticsItems": [{"name": "Aces", "home": "1", "away": "1", "compareCode": 3}, {"name": "Double faults", "home": "4", "away": "4", "compareCode": 3}, {"name": "First serve", "home": "53/79 (67%)", "away": "58/101 (57%)", "compareCode": 1}, {"name": "Second serve", "home": "22/26 (85%)", "away": "39/43 (91%)", "compareCode": 2}, {"name": "First serve points", "home": "33/53 (62%)", "away": "37/58 (64%)", "compareCode": 2}, {"name": "Second serve points", "home": "13/26 (50%)", "away": "18/43 (42%)", "compareCode": 2}, {"name": "Break points saved", "home": "2/7 (28%)", "away": "12/16 (75%)", "compareCode": 1}, {"name": "Service games played", "home": "11", "away": "11", "compareCode": 3}]}, {"groupName": "Return", "statisticsItems": [{"name": "First serve return points", "home": "21/58 (36%)", "away": "20/53 (37%)", "compareCode": 2}, {"name": "Second serve return points", "home": "25/43 (58%)", "away": "13/26 (50%)", "compareCode": 2}, {"name": "Break points converted", "home": "4", "away": "5", "compareCode": 2}, {"name": "Return games played", "home": "11", "away": "11", "compareCode": 3}]}, {"groupName": "Points", "statisticsItems": [{"name": "Service points won", "home": "46", "away": "55", "compareCode": 2}, {"name": "Receiver points won", "home": "46", "away": "33", "compareCode": 1}, {"name": "Total points won", "home": "92", "away": "88", "compareCode": 1}, {"name": "Max points in a row", "home": "9", "away": "8", "compareCode": 1}]}]}, {"period": "1ST", "groups": [{"groupName": "Service", "statisticsItems": [{"name": "Aces", "home": "0", "away": "0", "compareCode": 3}, {"name": "Double faults", "home": "1", "away": "2", "compareCode": 2}, {"name": "First serve", "home": "21/31 (68%)", "away": "25/37 (68%)", "compareCode": 3}, {"name": "Second serve", "home": "9/10 (90%)", "away": "10/12 (83%)", "compareCode": 1}, {"name": "First serve points", "home": "11/21 (52%)", "away": "17/25 (68%)", "compareCode": 2}, {"name": "Second serve points", "home": "6/10 (60%)", "away": "7/12 (58%)", "compareCode": 2}, {"name": "Break points saved", "home": "1/3 (33%)", "away": "4/5 (80%)", "compareCode": 1}, {"name": "Service games played", "home": "5", "away": "5", "compareCode": 3}]}, {"groupName": "Return", "statisticsItems": [{"name": "First serve return points", "home": "8/25 (32%)", "away": "10/21 (47%)", "compareCode": 2}, {"name": "Second serve return points", "home": "5/12 (41%)", "away": "4/10 (40%)", "compareCode": 2}, {"name": "Break points converted", "home": "1", "away": "2", "compareCode": 2}, {"name": "Return games played", "home": "5", "away": "5", "compareCode": 3}]}, {"groupName": "Points", "statisticsItems": [{"name": "Service points won", "home": "17", "away": "24", "compareCode": 2}, {"name": "Receiver points won", "home": "13", "away": "14", "compareCode": 2}, {"name": "Total points won", "home": "30", "away": "38", "compareCode": 2}, {"name": "Max points in a row", "home": "5", "away": "8", "compareCode": 2}]}]}, {"period": "2ND", "groups": [{"groupName": "Service", "statisticsItems": [{"name": "Aces", "home": "1", "away": "1", "compareCode": 3}, {"name": "Double faults", "home": "3", "away": "2", "compareCode": 1}, {"name": "First serve", "home": "24/40 (60%)", "away": "28/55 (51%)", "compareCode": 1}, {"name": "Second serve", "home": "13/16 (81%)", "away": "25/27 (93%)", "compareCode": 2}, {"name": "First serve points", "home": "16/24 (67%)", "away": "17/28 (61%)", "compareCode": 2}, {"name": "Second serve points", "home": "7/16 (44%)", "away": "9/27 (33%)", "compareCode": 2}, {"name": "Break points saved", "home": "1/4 (25%)", "away": "8/11 (72%)", "compareCode": 1}, {"name": "Service games played", "home": "6", "away": "6", "compareCode": 3}]}, {"groupName": "Return", "statisticsItems": [{"name": "First serve return points", "home": "11/28 (39%)", "away": "8/24 (33%)", "compareCode": 2}, {"name": "Second serve return points", "home": "18/27 (66%)", "away": "9/16 (56%)", "compareCode": 2}, {"name": "Break points converted", "home": "3", "away": "3", "compareCode": 3}, {"name": "Return games played", "home": "6", "away": "6", "compareCode": 3}]}, {"groupName": "Points", "statisticsItems": [{"name": "Service points won", "home": "23", "away": "26", "compareCode": 2}, {"name": "Receiver points won", "home": "29", "away": "17", "compareCode": 1}, {"name": "Total points won", "home": "52", "away": "43", "compareCode": 1}, {"name": "Max points in a row", "home": "9", "away": "6", "compareCode": 1}]}]}, {"period": "3RD", "groups": [{"groupName": "Service", "statisticsItems": [{"name": "Aces", "home": "0", "away": "0", "compareCode": 3}, {"name": "Double faults", "home": "0", "away": "0", "compareCode": 3}, {"name": "First serve", "home": "8/8 (100%)", "away": "5/9 (56%)", "compareCode": 1}, {"name": "Second serve", "home": "0/0 (0%)", "away": "4/4 (100%)", "compareCode": 2}, {"name": "First serve points", "home": "6/8 (75%)", "away": "3/5 (60%)", "compareCode": 1}, {"name": "Second serve points", "home": "0/0 (0%)", "away": "2/4 (50%)", "compareCode": 2}, {"name": "Break points saved", "home": "0/0 (0%)", "away": "0/0 (0%)", "compareCode": 3}, {"name": "Service games played", "home": "0", "away": "0", "compareCode": 3}]}, {"groupName": "Return", "statisticsItems": [{"name": "First serve return points", "home": "2/5 (40%)", "away": "2/8 (25%)", "compareCode": 2}, {"name": "Second serve return points", "home": "2/4 (50%)", "away": "0/0 (0%)", "compareCode": 2}, {"name": "Break points converted", "home": "0", "away": "0", "compareCode": 3}, {"name": "Return games played", "home": "0", "away": "0", "compareCode": 3}]}, {"groupName": "Points", "statisticsItems": [{"name": "Service points won", "home": "6", "away": "5", "compareCode": 1}, {"name": "Receiver points won", "home": "4", "away": "2", "compareCode": 1}, {"name": "Total points won", "home": "10", "away": "7", "compareCode": 1}, {"name": "Max points in a row", "home": "3", "away": "2", "compareCode": 1}]}]}]}