{"statistics": [{"period": "ALL", "groups": [{"groupName": "Service", "statisticsItems": [{"name": "Aces", "home": "0", "away": "0", "compareCode": 3}, {"name": "Double faults", "home": "4", "away": "2", "compareCode": 1}, {"name": "First serve", "home": "37/61 (61%)", "away": "54/84 (64%)", "compareCode": 2}, {"name": "Second serve", "home": "20/24 (83%)", "away": "28/30 (93%)", "compareCode": 2}, {"name": "First serve points", "home": "12/37 (32%)", "away": "30/54 (56%)", "compareCode": 2}, {"name": "Second serve points", "home": "11/24 (46%)", "away": "15/30 (50%)", "compareCode": 2}, {"name": "Break points saved", "home": "5/11 (45%)", "away": "7/11 (63%)", "compareCode": 3}, {"name": "Service games played", "home": "9", "away": "10", "compareCode": 2}]}, {"groupName": "Return", "statisticsItems": [{"name": "First serve return points", "home": "24/54 (44%)", "away": "25/37 (67%)", "compareCode": 2}, {"name": "Second serve return points", "home": "15/30 (50%)", "away": "13/24 (54%)", "compareCode": 2}, {"name": "Break points converted", "home": "4", "away": "6", "compareCode": 2}, {"name": "Return games played", "home": "10", "away": "9", "compareCode": 2}]}, {"groupName": "Points", "statisticsItems": [{"name": "Service points won", "home": "23", "away": "45", "compareCode": 2}, {"name": "Receiver points won", "home": "39", "away": "38", "compareCode": 1}, {"name": "Total points won", "home": "62", "away": "83", "compareCode": 2}, {"name": "Max points in a row", "home": "5", "away": "8", "compareCode": 2}]}]}, {"period": "1ST", "groups": [{"groupName": "Service", "statisticsItems": [{"name": "Aces", "home": "0", "away": "0", "compareCode": 3}, {"name": "Double faults", "home": "2", "away": "2", "compareCode": 3}, {"name": "First serve", "home": "29/47 (62%)", "away": "35/57 (61%)", "compareCode": 1}, {"name": "Second serve", "home": "16/18 (89%)", "away": "20/22 (91%)", "compareCode": 2}, {"name": "First serve points", "home": "10/29 (34%)", "away": "17/35 (49%)", "compareCode": 2}, {"name": "Second serve points", "home": "11/18 (61%)", "away": "12/22 (55%)", "compareCode": 2}, {"name": "Break points saved", "home": "5/8 (62%)", "away": "6/9 (66%)", "compareCode": 1}, {"name": "Service games played", "home": "6", "away": "6", "compareCode": 3}]}, {"groupName": "Return", "statisticsItems": [{"name": "First serve return points", "home": "18/35 (51%)", "away": "19/29 (65%)", "compareCode": 2}, {"name": "Second serve return points", "home": "10/22 (45%)", "away": "7/18 (38%)", "compareCode": 2}, {"name": "Break points converted", "home": "3", "away": "3", "compareCode": 3}, {"name": "Return games played", "home": "6", "away": "6", "compareCode": 3}]}, {"groupName": "Points", "statisticsItems": [{"name": "Service points won", "home": "21", "away": "29", "compareCode": 2}, {"name": "Receiver points won", "home": "28", "away": "26", "compareCode": 1}, {"name": "Total points won", "home": "49", "away": "55", "compareCode": 2}, {"name": "Max points in a row", "home": "5", "away": "6", "compareCode": 2}]}]}, {"period": "2ND", "groups": [{"groupName": "Service", "statisticsItems": [{"name": "Aces", "home": "0", "away": "0", "compareCode": 3}, {"name": "Double faults", "home": "2", "away": "0", "compareCode": 1}, {"name": "First serve", "home": "8/14 (57%)", "away": "19/27 (70%)", "compareCode": 2}, {"name": "Second serve", "home": "4/6 (67%)", "away": "8/8 (100%)", "compareCode": 2}, {"name": "First serve points", "home": "2/8 (25%)", "away": "13/19 (68%)", "compareCode": 2}, {"name": "Second serve points", "home": "0/6 (0%)", "away": "3/8 (38%)", "compareCode": 2}, {"name": "Break points saved", "home": "0/3 (0%)", "away": "1/2 (50%)", "compareCode": 2}, {"name": "Service games played", "home": "3", "away": "4", "compareCode": 2}]}, {"groupName": "Return", "statisticsItems": [{"name": "First serve return points", "home": "6/19 (31%)", "away": "6/8 (75%)", "compareCode": 2}, {"name": "Second serve return points", "home": "5/8 (62%)", "away": "6/6 (100%)", "compareCode": 2}, {"name": "Break points converted", "home": "1", "away": "3", "compareCode": 2}, {"name": "Return games played", "home": "4", "away": "3", "compareCode": 2}]}, {"groupName": "Points", "statisticsItems": [{"name": "Service points won", "home": "2", "away": "16", "compareCode": 2}, {"name": "Receiver points won", "home": "11", "away": "12", "compareCode": 2}, {"name": "Total points won", "home": "13", "away": "28", "compareCode": 2}, {"name": "Max points in a row", "home": "4", "away": "8", "compareCode": 2}]}]}]}