{"statistics": [{"period": "ALL", "groups": [{"groupName": "Service", "statisticsItems": [{"name": "Aces", "home": "0", "away": "0", "compareCode": 3}, {"name": "Double faults", "home": "0", "away": "1", "compareCode": 2}, {"name": "First serve", "home": "40/47 (85%)", "away": "38/43 (88%)", "compareCode": 2}, {"name": "Second serve", "home": "7/7 (100%)", "away": "4/5 (80%)", "compareCode": 1}, {"name": "First serve points", "home": "14/40 (35%)", "away": "25/38 (66%)", "compareCode": 2}, {"name": "Second serve points", "home": "2/7 (29%)", "away": "3/5 (60%)", "compareCode": 2}, {"name": "Break points saved", "home": "4/10 (40%)", "away": "0/2 (0%)", "compareCode": 2}, {"name": "Service games played", "home": "7", "away": "8", "compareCode": 2}]}, {"groupName": "Return", "statisticsItems": [{"name": "First serve return points", "home": "13/38 (34%)", "away": "26/40 (65%)", "compareCode": 1}, {"name": "Second serve return points", "home": "2/5 (40%)", "away": "5/7 (71%)", "compareCode": 1}, {"name": "Break points converted", "home": "2", "away": "6", "compareCode": 2}, {"name": "Return games played", "home": "8", "away": "7", "compareCode": 2}]}, {"groupName": "Points", "statisticsItems": [{"name": "Service points won", "home": "16", "away": "28", "compareCode": 2}, {"name": "Receiver points won", "home": "15", "away": "31", "compareCode": 2}, {"name": "Total points won", "home": "31", "away": "59", "compareCode": 2}, {"name": "Max points in a row", "home": "4", "away": "12", "compareCode": 2}]}]}, {"period": "1ST", "groups": [{"groupName": "Service", "statisticsItems": [{"name": "Aces", "home": "0", "away": "0", "compareCode": 3}, {"name": "Double faults", "home": "0", "away": "1", "compareCode": 2}, {"name": "First serve", "home": "22/25 (88%)", "away": "21/24 (88%)", "compareCode": 3}, {"name": "Second serve", "home": "3/3 (100%)", "away": "2/3 (67%)", "compareCode": 1}, {"name": "First serve points", "home": "8/22 (36%)", "away": "14/21 (67%)", "compareCode": 2}, {"name": "Second serve points", "home": "2/3 (67%)", "away": "1/3 (33%)", "compareCode": 1}, {"name": "Break points saved", "home": "1/4 (25%)", "away": "0/1 (0%)", "compareCode": 2}, {"name": "Service games played", "home": "4", "away": "4", "compareCode": 3}]}, {"groupName": "Return", "statisticsItems": [{"name": "First serve return points", "home": "7/21 (33%)", "away": "14/22 (63%)", "compareCode": 1}, {"name": "Second serve return points", "home": "2/3 (66%)", "away": "1/3 (33%)", "compareCode": 3}, {"name": "Break points converted", "home": "1", "away": "3", "compareCode": 2}, {"name": "Return games played", "home": "4", "away": "4", "compareCode": 3}]}, {"groupName": "Points", "statisticsItems": [{"name": "Service points won", "home": "10", "away": "15", "compareCode": 2}, {"name": "Receiver points won", "home": "9", "away": "15", "compareCode": 2}, {"name": "Total points won", "home": "19", "away": "30", "compareCode": 2}, {"name": "Max points in a row", "home": "2", "away": "6", "compareCode": 2}]}]}, {"period": "2ND", "groups": [{"groupName": "Service", "statisticsItems": [{"name": "Aces", "home": "0", "away": "0", "compareCode": 3}, {"name": "Double faults", "home": "0", "away": "0", "compareCode": 3}, {"name": "First serve", "home": "18/22 (82%)", "away": "17/19 (89%)", "compareCode": 2}, {"name": "Second serve", "home": "4/4 (100%)", "away": "2/2 (100%)", "compareCode": 3}, {"name": "First serve points", "home": "6/18 (33%)", "away": "11/17 (65%)", "compareCode": 2}, {"name": "Second serve points", "home": "0/4 (0%)", "away": "2/2 (100%)", "compareCode": 2}, {"name": "Break points saved", "home": "3/6 (50%)", "away": "0/1 (0%)", "compareCode": 2}, {"name": "Service games played", "home": "3", "away": "4", "compareCode": 2}]}, {"groupName": "Return", "statisticsItems": [{"name": "First serve return points", "home": "6/17 (35%)", "away": "12/18 (66%)", "compareCode": 1}, {"name": "Second serve return points", "home": "0/2 (0%)", "away": "4/4 (100%)", "compareCode": 1}, {"name": "Break points converted", "home": "1", "away": "3", "compareCode": 2}, {"name": "Return games played", "home": "4", "away": "3", "compareCode": 2}]}, {"groupName": "Points", "statisticsItems": [{"name": "Service points won", "home": "6", "away": "13", "compareCode": 2}, {"name": "Receiver points won", "home": "6", "away": "16", "compareCode": 2}, {"name": "Total points won", "home": "12", "away": "29", "compareCode": 2}, {"name": "Max points in a row", "home": "4", "away": "12", "compareCode": 2}]}]}]}