{"statistics": [{"period": "ALL", "groups": [{"groupName": "Service", "statisticsItems": [{"name": "Aces", "home": "1", "away": "2", "compareCode": 2}, {"name": "Double faults", "home": "0", "away": "1", "compareCode": 2}, {"name": "First serve", "home": "47/59 (80%)", "away": "29/50 (58%)", "compareCode": 1}, {"name": "Second serve", "home": "12/12 (100%)", "away": "20/21 (95%)", "compareCode": 1}, {"name": "First serve points", "home": "19/47 (40%)", "away": "16/29 (55%)", "compareCode": 1}, {"name": "Second serve points", "home": "2/12 (17%)", "away": "11/21 (52%)", "compareCode": 2}, {"name": "Break points saved", "home": "5/12 (41%)", "away": "0/3 (0%)", "compareCode": 2}, {"name": "Service games played", "home": "8", "away": "8", "compareCode": 3}]}, {"groupName": "Return", "statisticsItems": [{"name": "First serve return points", "home": "13/29 (44%)", "away": "28/47 (59%)", "compareCode": 1}, {"name": "Second serve return points", "home": "10/21 (47%)", "away": "10/12 (83%)", "compareCode": 2}, {"name": "Break points converted", "home": "3", "away": "7", "compareCode": 2}, {"name": "Return games played", "home": "8", "away": "8", "compareCode": 3}]}, {"groupName": "Points", "statisticsItems": [{"name": "Service points won", "home": "21", "away": "27", "compareCode": 2}, {"name": "Receiver points won", "home": "23", "away": "38", "compareCode": 2}, {"name": "Total points won", "home": "44", "away": "65", "compareCode": 2}, {"name": "Max points in a row", "home": "6", "away": "7", "compareCode": 2}]}]}, {"period": "1ST", "groups": [{"groupName": "Service", "statisticsItems": [{"name": "Aces", "home": "1", "away": "2", "compareCode": 2}, {"name": "Double faults", "home": "0", "away": "1", "compareCode": 2}, {"name": "First serve", "home": "35/43 (81%)", "away": "22/31 (71%)", "compareCode": 1}, {"name": "Second serve", "home": "8/8 (100%)", "away": "8/9 (89%)", "compareCode": 1}, {"name": "First serve points", "home": "15/35 (43%)", "away": "11/22 (50%)", "compareCode": 1}, {"name": "Second serve points", "home": "2/8 (25%)", "away": "3/9 (33%)", "compareCode": 2}, {"name": "Break points saved", "home": "5/9 (55%)", "away": "0/3 (0%)", "compareCode": 2}, {"name": "Service games played", "home": "5", "away": "5", "compareCode": 3}]}, {"groupName": "Return", "statisticsItems": [{"name": "First serve return points", "home": "11/22 (50%)", "away": "20/35 (57%)", "compareCode": 1}, {"name": "Second serve return points", "home": "6/9 (66%)", "away": "6/8 (75%)", "compareCode": 2}, {"name": "Break points converted", "home": "3", "away": "4", "compareCode": 2}, {"name": "Return games played", "home": "5", "away": "5", "compareCode": 3}]}, {"groupName": "Points", "statisticsItems": [{"name": "Service points won", "home": "17", "away": "14", "compareCode": 1}, {"name": "Receiver points won", "home": "17", "away": "26", "compareCode": 2}, {"name": "Total points won", "home": "34", "away": "40", "compareCode": 2}, {"name": "Max points in a row", "home": "6", "away": "7", "compareCode": 2}]}]}, {"period": "2ND", "groups": [{"groupName": "Service", "statisticsItems": [{"name": "Aces", "home": "0", "away": "0", "compareCode": 3}, {"name": "Double faults", "home": "0", "away": "0", "compareCode": 3}, {"name": "First serve", "home": "12/16 (75%)", "away": "7/19 (37%)", "compareCode": 1}, {"name": "Second serve", "home": "4/4 (100%)", "away": "12/12 (100%)", "compareCode": 3}, {"name": "First serve points", "home": "4/12 (33%)", "away": "5/7 (71%)", "compareCode": 2}, {"name": "Second serve points", "home": "0/4 (0%)", "away": "8/12 (67%)", "compareCode": 2}, {"name": "Break points saved", "home": "0/3 (0%)", "away": "0/0 (0%)", "compareCode": 2}, {"name": "Service games played", "home": "3", "away": "3", "compareCode": 3}]}, {"groupName": "Return", "statisticsItems": [{"name": "First serve return points", "home": "2/7 (28%)", "away": "8/12 (66%)", "compareCode": 2}, {"name": "Second serve return points", "home": "4/12 (33%)", "away": "4/4 (100%)", "compareCode": 2}, {"name": "Break points converted", "home": "0", "away": "3", "compareCode": 2}, {"name": "Return games played", "home": "3", "away": "3", "compareCode": 3}]}, {"groupName": "Points", "statisticsItems": [{"name": "Service points won", "home": "4", "away": "13", "compareCode": 2}, {"name": "Receiver points won", "home": "6", "away": "12", "compareCode": 2}, {"name": "Total points won", "home": "10", "away": "25", "compareCode": 2}, {"name": "Max points in a row", "home": "2", "away": "5", "compareCode": 2}]}]}]}