{"statistics": [{"period": "ALL", "groups": [{"groupName": "Service", "statisticsItems": [{"name": "Aces", "home": "0", "away": "0", "compareCode": 3}, {"name": "Double faults", "home": "0", "away": "1", "compareCode": 2}, {"name": "First serve", "home": "39/53 (74%)", "away": "34/48 (71%)", "compareCode": 1}, {"name": "Second serve", "home": "14/14 (100%)", "away": "13/14 (93%)", "compareCode": 1}, {"name": "First serve points", "home": "28/39 (72%)", "away": "15/34 (44%)", "compareCode": 1}, {"name": "Second serve points", "home": "8/14 (57%)", "away": "9/14 (64%)", "compareCode": 2}, {"name": "Break points saved", "home": "3/3 (100%)", "away": "6/10 (60%)", "compareCode": 1}, {"name": "Service games played", "home": "8", "away": "7", "compareCode": 1}]}, {"groupName": "Return", "statisticsItems": [{"name": "First serve return points", "home": "19/34 (55%)", "away": "11/39 (28%)", "compareCode": 1}, {"name": "Second serve return points", "home": "5/14 (35%)", "away": "6/14 (42%)", "compareCode": 3}, {"name": "Break points converted", "home": "4", "away": "0", "compareCode": 1}, {"name": "Return games played", "home": "7", "away": "8", "compareCode": 1}]}, {"groupName": "Points", "statisticsItems": [{"name": "Service points won", "home": "36", "away": "24", "compareCode": 1}, {"name": "Receiver points won", "home": "24", "away": "17", "compareCode": 1}, {"name": "Total points won", "home": "60", "away": "41", "compareCode": 1}, {"name": "Max points in a row", "home": "6", "away": "4", "compareCode": 1}]}]}, {"period": "1ST", "groups": [{"groupName": "Service", "statisticsItems": [{"name": "Aces", "home": "0", "away": "0", "compareCode": 3}, {"name": "Double faults", "home": "0", "away": "0", "compareCode": 3}, {"name": "First serve", "home": "26/32 (81%)", "away": "14/21 (67%)", "compareCode": 1}, {"name": "Second serve", "home": "6/6 (100%)", "away": "7/7 (100%)", "compareCode": 3}, {"name": "First serve points", "home": "16/26 (62%)", "away": "6/14 (43%)", "compareCode": 1}, {"name": "Second serve points", "home": "4/6 (67%)", "away": "4/7 (57%)", "compareCode": 3}, {"name": "Break points saved", "home": "3/3 (100%)", "away": "3/5 (60%)", "compareCode": 1}, {"name": "Service games played", "home": "4", "away": "3", "compareCode": 1}]}, {"groupName": "Return", "statisticsItems": [{"name": "First serve return points", "home": "8/14 (57%)", "away": "10/26 (38%)", "compareCode": 1}, {"name": "Second serve return points", "home": "3/7 (42%)", "away": "2/6 (33%)", "compareCode": 2}, {"name": "Break points converted", "home": "2", "away": "0", "compareCode": 1}, {"name": "Return games played", "home": "3", "away": "4", "compareCode": 1}]}, {"groupName": "Points", "statisticsItems": [{"name": "Service points won", "home": "20", "away": "10", "compareCode": 1}, {"name": "Receiver points won", "home": "11", "away": "12", "compareCode": 2}, {"name": "Total points won", "home": "31", "away": "22", "compareCode": 1}, {"name": "Max points in a row", "home": "6", "away": "3", "compareCode": 1}]}]}, {"period": "2ND", "groups": [{"groupName": "Service", "statisticsItems": [{"name": "Aces", "home": "0", "away": "0", "compareCode": 3}, {"name": "Double faults", "home": "0", "away": "1", "compareCode": 2}, {"name": "First serve", "home": "13/21 (62%)", "away": "20/27 (74%)", "compareCode": 2}, {"name": "Second serve", "home": "8/8 (100%)", "away": "6/7 (86%)", "compareCode": 1}, {"name": "First serve points", "home": "12/13 (92%)", "away": "9/20 (45%)", "compareCode": 1}, {"name": "Second serve points", "home": "4/8 (50%)", "away": "5/7 (71%)", "compareCode": 2}, {"name": "Break points saved", "home": "0/0 (0%)", "away": "3/5 (60%)", "compareCode": 1}, {"name": "Service games played", "home": "4", "away": "4", "compareCode": 3}]}, {"groupName": "Return", "statisticsItems": [{"name": "First serve return points", "home": "11/20 (55%)", "away": "1/13 (7%)", "compareCode": 2}, {"name": "Second serve return points", "home": "2/7 (28%)", "away": "4/8 (50%)", "compareCode": 1}, {"name": "Break points converted", "home": "2", "away": "0", "compareCode": 1}, {"name": "Return games played", "home": "4", "away": "4", "compareCode": 3}]}, {"groupName": "Points", "statisticsItems": [{"name": "Service points won", "home": "16", "away": "14", "compareCode": 1}, {"name": "Receiver points won", "home": "13", "away": "5", "compareCode": 1}, {"name": "Total points won", "home": "29", "away": "19", "compareCode": 1}, {"name": "Max points in a row", "home": "5", "away": "4", "compareCode": 1}]}]}]}