{"statistics": [{"period": "ALL", "groups": [{"groupName": "Service", "statisticsItems": [{"name": "Aces", "home": "4", "away": "1", "compareCode": 1}, {"name": "Double faults", "home": "0", "away": "2", "compareCode": 2}, {"name": "First serve", "home": "48/67 (72%)", "away": "47/61 (77%)", "compareCode": 2}, {"name": "Second serve", "home": "19/19 (100%)", "away": "12/14 (86%)", "compareCode": 1}, {"name": "First serve points", "home": "27/48 (56%)", "away": "36/47 (77%)", "compareCode": 2}, {"name": "Second serve points", "home": "11/19 (58%)", "away": "7/14 (50%)", "compareCode": 1}, {"name": "Break points saved", "home": "4/7 (57%)", "away": "1/2 (50%)", "compareCode": 2}, {"name": "Service games played", "home": "10", "away": "11", "compareCode": 2}]}, {"groupName": "Return", "statisticsItems": [{"name": "First serve return points", "home": "11/47 (23%)", "away": "21/48 (43%)", "compareCode": 1}, {"name": "Second serve return points", "home": "7/14 (50%)", "away": "8/19 (42%)", "compareCode": 1}, {"name": "Break points converted", "home": "1", "away": "3", "compareCode": 2}, {"name": "Return games played", "home": "11", "away": "10", "compareCode": 2}]}, {"groupName": "Points", "statisticsItems": [{"name": "Service points won", "home": "38", "away": "43", "compareCode": 2}, {"name": "Receiver points won", "home": "18", "away": "29", "compareCode": 2}, {"name": "Total points won", "home": "56", "away": "72", "compareCode": 2}, {"name": "Max points in a row", "home": "6", "away": "9", "compareCode": 2}]}]}, {"period": "1ST", "groups": [{"groupName": "Service", "statisticsItems": [{"name": "Aces", "home": "3", "away": "1", "compareCode": 1}, {"name": "Double faults", "home": "0", "away": "2", "compareCode": 2}, {"name": "First serve", "home": "32/43 (74%)", "away": "30/38 (79%)", "compareCode": 2}, {"name": "Second serve", "home": "11/11 (100%)", "away": "6/8 (75%)", "compareCode": 1}, {"name": "First serve points", "home": "17/32 (53%)", "away": "20/30 (67%)", "compareCode": 2}, {"name": "Second serve points", "home": "6/11 (55%)", "away": "3/8 (38%)", "compareCode": 1}, {"name": "Break points saved", "home": "2/4 (50%)", "away": "1/2 (50%)", "compareCode": 2}, {"name": "Service games played", "home": "6", "away": "6", "compareCode": 3}]}, {"groupName": "Return", "statisticsItems": [{"name": "First serve return points", "home": "10/30 (33%)", "away": "15/32 (46%)", "compareCode": 1}, {"name": "Second serve return points", "home": "5/8 (62%)", "away": "5/11 (45%)", "compareCode": 1}, {"name": "Break points converted", "home": "1", "away": "2", "compareCode": 2}, {"name": "Return games played", "home": "6", "away": "6", "compareCode": 3}]}, {"groupName": "Points", "statisticsItems": [{"name": "Service points won", "home": "23", "away": "23", "compareCode": 3}, {"name": "Receiver points won", "home": "15", "away": "20", "compareCode": 2}, {"name": "Total points won", "home": "38", "away": "43", "compareCode": 2}, {"name": "Max points in a row", "home": "6", "away": "5", "compareCode": 1}]}]}, {"period": "2ND", "groups": [{"groupName": "Service", "statisticsItems": [{"name": "Aces", "home": "1", "away": "0", "compareCode": 1}, {"name": "Double faults", "home": "0", "away": "0", "compareCode": 3}, {"name": "First serve", "home": "16/24 (67%)", "away": "17/23 (74%)", "compareCode": 2}, {"name": "Second serve", "home": "8/8 (100%)", "away": "6/6 (100%)", "compareCode": 3}, {"name": "First serve points", "home": "10/16 (63%)", "away": "16/17 (94%)", "compareCode": 2}, {"name": "Second serve points", "home": "5/8 (63%)", "away": "4/6 (67%)", "compareCode": 1}, {"name": "Break points saved", "home": "2/3 (66%)", "away": "0/0 (0%)", "compareCode": 2}, {"name": "Service games played", "home": "4", "away": "5", "compareCode": 2}]}, {"groupName": "Return", "statisticsItems": [{"name": "First serve return points", "home": "1/17 (5%)", "away": "6/16 (37%)", "compareCode": 1}, {"name": "Second serve return points", "home": "2/6 (33%)", "away": "3/8 (37%)", "compareCode": 1}, {"name": "Break points converted", "home": "0", "away": "1", "compareCode": 2}, {"name": "Return games played", "home": "5", "away": "4", "compareCode": 2}]}, {"groupName": "Points", "statisticsItems": [{"name": "Service points won", "home": "15", "away": "20", "compareCode": 2}, {"name": "Receiver points won", "home": "3", "away": "9", "compareCode": 2}, {"name": "Total points won", "home": "18", "away": "29", "compareCode": 2}, {"name": "Max points in a row", "home": "4", "away": "6", "compareCode": 2}]}]}]}