{"statistics": [{"period": "ALL", "groups": [{"groupName": "Service", "statisticsItems": [{"name": "Aces", "home": "0", "away": "0", "compareCode": 3}, {"name": "Double faults", "home": "0", "away": "2", "compareCode": 2}, {"name": "First serve", "home": "75/99 (76%)", "away": "73/82 (89%)", "compareCode": 2}, {"name": "Second serve", "home": "24/24 (100%)", "away": "7/9 (78%)", "compareCode": 1}, {"name": "First serve points", "home": "45/75 (60%)", "away": "39/73 (53%)", "compareCode": 1}, {"name": "Second serve points", "home": "9/24 (38%)", "away": "4/9 (44%)", "compareCode": 1}, {"name": "Break points saved", "home": "11/15 (73%)", "away": "11/14 (78%)", "compareCode": 2}, {"name": "Service games played", "home": "9", "away": "9", "compareCode": 3}]}, {"groupName": "Return", "statisticsItems": [{"name": "First serve return points", "home": "34/73 (46%)", "away": "30/75 (40%)", "compareCode": 1}, {"name": "Second serve return points", "home": "5/9 (55%)", "away": "15/24 (62%)", "compareCode": 1}, {"name": "Break points converted", "home": "3", "away": "4", "compareCode": 2}, {"name": "Return games played", "home": "9", "away": "9", "compareCode": 3}]}, {"groupName": "Points", "statisticsItems": [{"name": "Service points won", "home": "54", "away": "43", "compareCode": 1}, {"name": "Receiver points won", "home": "39", "away": "45", "compareCode": 2}, {"name": "Total points won", "home": "93", "away": "88", "compareCode": 1}, {"name": "Max points in a row", "home": "7", "away": "8", "compareCode": 2}]}]}, {"period": "1ST", "groups": [{"groupName": "Service", "statisticsItems": [{"name": "Aces", "home": "0", "away": "0", "compareCode": 3}, {"name": "Double faults", "home": "0", "away": "1", "compareCode": 2}, {"name": "First serve", "home": "35/53 (66%)", "away": "43/48 (90%)", "compareCode": 2}, {"name": "Second serve", "home": "18/18 (100%)", "away": "4/5 (80%)", "compareCode": 1}, {"name": "First serve points", "home": "21/35 (60%)", "away": "23/43 (53%)", "compareCode": 2}, {"name": "Second serve points", "home": "9/18 (50%)", "away": "2/5 (40%)", "compareCode": 1}, {"name": "Break points saved", "home": "6/7 (85%)", "away": "7/9 (77%)", "compareCode": 1}, {"name": "Service games played", "home": "5", "away": "5", "compareCode": 3}]}, {"groupName": "Return", "statisticsItems": [{"name": "First serve return points", "home": "20/43 (46%)", "away": "14/35 (40%)", "compareCode": 1}, {"name": "Second serve return points", "home": "3/5 (60%)", "away": "9/18 (50%)", "compareCode": 1}, {"name": "Break points converted", "home": "2", "away": "1", "compareCode": 1}, {"name": "Return games played", "home": "5", "away": "5", "compareCode": 3}]}, {"groupName": "Points", "statisticsItems": [{"name": "Service points won", "home": "30", "away": "25", "compareCode": 1}, {"name": "Receiver points won", "home": "23", "away": "23", "compareCode": 3}, {"name": "Total points won", "home": "53", "away": "48", "compareCode": 1}, {"name": "Max points in a row", "home": "5", "away": "5", "compareCode": 3}]}]}, {"period": "2ND", "groups": [{"groupName": "Service", "statisticsItems": [{"name": "Aces", "home": "0", "away": "0", "compareCode": 3}, {"name": "Double faults", "home": "0", "away": "1", "compareCode": 2}, {"name": "First serve", "home": "34/40 (85%)", "away": "25/29 (86%)", "compareCode": 2}, {"name": "Second serve", "home": "6/6 (100%)", "away": "3/4 (75%)", "compareCode": 1}, {"name": "First serve points", "home": "18/34 (53%)", "away": "15/25 (60%)", "compareCode": 1}, {"name": "Second serve points", "home": "0/6 (0%)", "away": "2/4 (50%)", "compareCode": 2}, {"name": "Break points saved", "home": "5/8 (62%)", "away": "4/5 (80%)", "compareCode": 2}, {"name": "Service games played", "home": "4", "away": "4", "compareCode": 3}]}, {"groupName": "Return", "statisticsItems": [{"name": "First serve return points", "home": "10/25 (40%)", "away": "16/34 (47%)", "compareCode": 1}, {"name": "Second serve return points", "home": "2/4 (50%)", "away": "6/6 (100%)", "compareCode": 1}, {"name": "Break points converted", "home": "1", "away": "3", "compareCode": 2}, {"name": "Return games played", "home": "4", "away": "4", "compareCode": 3}]}, {"groupName": "Points", "statisticsItems": [{"name": "Service points won", "home": "18", "away": "17", "compareCode": 1}, {"name": "Receiver points won", "home": "12", "away": "22", "compareCode": 2}, {"name": "Total points won", "home": "30", "away": "39", "compareCode": 2}, {"name": "Max points in a row", "home": "4", "away": "8", "compareCode": 2}]}]}, {"period": "3RD", "groups": [{"groupName": "Service", "statisticsItems": [{"name": "Aces", "home": "0", "away": "0", "compareCode": 3}, {"name": "Double faults", "home": "0", "away": "0", "compareCode": 3}, {"name": "First serve", "home": "6/6 (100%)", "away": "5/5 (100%)", "compareCode": 3}, {"name": "Second serve", "home": "0/0 (0%)", "away": "0/0 (0%)", "compareCode": 3}, {"name": "First serve points", "home": "6/6 (100%)", "away": "1/5 (20%)", "compareCode": 1}, {"name": "Second serve points", "home": "0/0 (0%)", "away": "0/0 (0%)", "compareCode": 3}, {"name": "Break points saved", "home": "0/0 (0%)", "away": "0/0 (0%)", "compareCode": 3}, {"name": "Service games played", "home": "0", "away": "0", "compareCode": 3}]}, {"groupName": "Return", "statisticsItems": [{"name": "First serve return points", "home": "4/5 (80%)", "away": "0/6 (0%)", "compareCode": 1}, {"name": "Second serve return points", "home": "0/0 (0%)", "away": "0/0 (0%)", "compareCode": 3}, {"name": "Break points converted", "home": "0", "away": "0", "compareCode": 3}, {"name": "Return games played", "home": "0", "away": "0", "compareCode": 3}]}, {"groupName": "Points", "statisticsItems": [{"name": "Service points won", "home": "6", "away": "1", "compareCode": 1}, {"name": "Receiver points won", "home": "4", "away": "0", "compareCode": 1}, {"name": "Total points won", "home": "10", "away": "1", "compareCode": 1}, {"name": "Max points in a row", "home": "7", "away": "1", "compareCode": 1}]}]}]}