{"statistics": [{"period": "ALL", "groups": [{"groupName": "Service", "statisticsItems": [{"name": "Aces", "home": "1", "away": "0", "compareCode": 1}, {"name": "Double faults", "home": "2", "away": "0", "compareCode": 1}, {"name": "First serve", "home": "63/83 (76%)", "away": "51/64 (80%)", "compareCode": 2}, {"name": "Second serve", "home": "18/20 (90%)", "away": "13/13 (100%)", "compareCode": 2}, {"name": "First serve points", "home": "33/63 (52%)", "away": "29/51 (57%)", "compareCode": 1}, {"name": "Second serve points", "home": "7/20 (35%)", "away": "5/13 (38%)", "compareCode": 1}, {"name": "Break points saved", "home": "9/15 (60%)", "away": "4/8 (50%)", "compareCode": 2}, {"name": "Service games played", "home": "10", "away": "11", "compareCode": 2}]}, {"groupName": "Return", "statisticsItems": [{"name": "First serve return points", "home": "22/51 (43%)", "away": "30/63 (47%)", "compareCode": 1}, {"name": "Second serve return points", "home": "8/13 (61%)", "away": "13/20 (65%)", "compareCode": 1}, {"name": "Break points converted", "home": "4", "away": "6", "compareCode": 2}, {"name": "Return games played", "home": "11", "away": "10", "compareCode": 2}]}, {"groupName": "Points", "statisticsItems": [{"name": "Service points won", "home": "40", "away": "34", "compareCode": 1}, {"name": "Receiver points won", "home": "30", "away": "43", "compareCode": 2}, {"name": "Total points won", "home": "70", "away": "77", "compareCode": 2}, {"name": "Max points in a row", "home": "8", "away": "5", "compareCode": 1}]}]}, {"period": "1ST", "groups": [{"groupName": "Service", "statisticsItems": [{"name": "Aces", "home": "1", "away": "0", "compareCode": 1}, {"name": "Double faults", "home": "1", "away": "0", "compareCode": 1}, {"name": "First serve", "home": "21/28 (75%)", "away": "21/26 (81%)", "compareCode": 2}, {"name": "Second serve", "home": "6/7 (86%)", "away": "5/5 (100%)", "compareCode": 2}, {"name": "First serve points", "home": "11/21 (52%)", "away": "13/21 (62%)", "compareCode": 2}, {"name": "Second serve points", "home": "1/7 (14%)", "away": "1/5 (20%)", "compareCode": 3}, {"name": "Break points saved", "home": "2/5 (40%)", "away": "0/2 (0%)", "compareCode": 2}, {"name": "Service games played", "home": "4", "away": "5", "compareCode": 2}]}, {"groupName": "Return", "statisticsItems": [{"name": "First serve return points", "home": "8/21 (38%)", "away": "10/21 (47%)", "compareCode": 1}, {"name": "Second serve return points", "home": "4/5 (80%)", "away": "6/7 (85%)", "compareCode": 1}, {"name": "Break points converted", "home": "2", "away": "3", "compareCode": 2}, {"name": "Return games played", "home": "5", "away": "4", "compareCode": 2}]}, {"groupName": "Points", "statisticsItems": [{"name": "Service points won", "home": "12", "away": "14", "compareCode": 2}, {"name": "Receiver points won", "home": "12", "away": "16", "compareCode": 2}, {"name": "Total points won", "home": "24", "away": "30", "compareCode": 2}, {"name": "Max points in a row", "home": "4", "away": "4", "compareCode": 3}]}]}, {"period": "2ND", "groups": [{"groupName": "Service", "statisticsItems": [{"name": "Aces", "home": "0", "away": "0", "compareCode": 3}, {"name": "Double faults", "home": "1", "away": "0", "compareCode": 1}, {"name": "First serve", "home": "42/55 (76%)", "away": "30/38 (79%)", "compareCode": 2}, {"name": "Second serve", "home": "12/13 (92%)", "away": "8/8 (100%)", "compareCode": 2}, {"name": "First serve points", "home": "22/42 (52%)", "away": "16/30 (53%)", "compareCode": 1}, {"name": "Second serve points", "home": "6/13 (46%)", "away": "4/8 (50%)", "compareCode": 1}, {"name": "Break points saved", "home": "7/10 (70%)", "away": "4/6 (66%)", "compareCode": 2}, {"name": "Service games played", "home": "6", "away": "6", "compareCode": 3}]}, {"groupName": "Return", "statisticsItems": [{"name": "First serve return points", "home": "14/30 (46%)", "away": "20/42 (47%)", "compareCode": 1}, {"name": "Second serve return points", "home": "4/8 (50%)", "away": "7/13 (53%)", "compareCode": 1}, {"name": "Break points converted", "home": "2", "away": "3", "compareCode": 2}, {"name": "Return games played", "home": "6", "away": "6", "compareCode": 3}]}, {"groupName": "Points", "statisticsItems": [{"name": "Service points won", "home": "28", "away": "20", "compareCode": 1}, {"name": "Receiver points won", "home": "18", "away": "27", "compareCode": 2}, {"name": "Total points won", "home": "46", "away": "47", "compareCode": 2}, {"name": "Max points in a row", "home": "8", "away": "5", "compareCode": 1}]}]}]}