{"statistics": [{"period": "ALL", "groups": [{"groupName": "Service", "statisticsItems": [{"name": "Aces", "home": "0", "away": "0", "compareCode": 3}, {"name": "Double faults", "home": "1", "away": "0", "compareCode": 1}, {"name": "First serve", "home": "71/82 (87%)", "away": "81/91 (89%)", "compareCode": 2}, {"name": "Second serve", "home": "10/11 (91%)", "away": "10/10 (100%)", "compareCode": 2}, {"name": "First serve points", "home": "34/71 (48%)", "away": "39/81 (48%)", "compareCode": 2}, {"name": "Second serve points", "home": "5/11 (45%)", "away": "4/10 (40%)", "compareCode": 1}, {"name": "Break points saved", "home": "10/16 (62%)", "away": "8/14 (57%)", "compareCode": 2}, {"name": "Service games played", "home": "10", "away": "10", "compareCode": 3}]}, {"groupName": "Return", "statisticsItems": [{"name": "First serve return points", "home": "42/81 (51%)", "away": "37/71 (52%)", "compareCode": 2}, {"name": "Second serve return points", "home": "6/10 (60%)", "away": "6/11 (54%)", "compareCode": 1}, {"name": "Break points converted", "home": "6", "away": "6", "compareCode": 3}, {"name": "Return games played", "home": "10", "away": "10", "compareCode": 3}]}, {"groupName": "Points", "statisticsItems": [{"name": "Service points won", "home": "39", "away": "43", "compareCode": 2}, {"name": "Receiver points won", "home": "48", "away": "43", "compareCode": 1}, {"name": "Total points won", "home": "87", "away": "86", "compareCode": 1}, {"name": "Max points in a row", "home": "7", "away": "6", "compareCode": 1}]}]}, {"period": "1ST", "groups": [{"groupName": "Service", "statisticsItems": [{"name": "Aces", "home": "0", "away": "0", "compareCode": 3}, {"name": "Double faults", "home": "0", "away": "0", "compareCode": 3}, {"name": "First serve", "home": "33/38 (87%)", "away": "43/48 (90%)", "compareCode": 2}, {"name": "Second serve", "home": "5/5 (100%)", "away": "5/5 (100%)", "compareCode": 3}, {"name": "First serve points", "home": "12/33 (36%)", "away": "21/43 (49%)", "compareCode": 2}, {"name": "Second serve points", "home": "3/5 (60%)", "away": "2/5 (40%)", "compareCode": 1}, {"name": "Break points saved", "home": "7/11 (63%)", "away": "7/10 (70%)", "compareCode": 2}, {"name": "Service games played", "home": "5", "away": "5", "compareCode": 3}]}, {"groupName": "Return", "statisticsItems": [{"name": "First serve return points", "home": "22/43 (51%)", "away": "21/33 (63%)", "compareCode": 2}, {"name": "Second serve return points", "home": "3/5 (60%)", "away": "2/5 (40%)", "compareCode": 3}, {"name": "Break points converted", "home": "3", "away": "4", "compareCode": 2}, {"name": "Return games played", "home": "5", "away": "5", "compareCode": 3}]}, {"groupName": "Points", "statisticsItems": [{"name": "Service points won", "home": "15", "away": "23", "compareCode": 2}, {"name": "Receiver points won", "home": "25", "away": "23", "compareCode": 1}, {"name": "Total points won", "home": "40", "away": "46", "compareCode": 2}, {"name": "Max points in a row", "home": "3", "away": "5", "compareCode": 2}]}]}, {"period": "2ND", "groups": [{"groupName": "Service", "statisticsItems": [{"name": "Aces", "home": "0", "away": "0", "compareCode": 3}, {"name": "Double faults", "home": "1", "away": "0", "compareCode": 1}, {"name": "First serve", "home": "30/35 (86%)", "away": "30/34 (88%)", "compareCode": 2}, {"name": "Second serve", "home": "4/5 (80%)", "away": "4/4 (100%)", "compareCode": 2}, {"name": "First serve points", "home": "17/30 (57%)", "away": "14/30 (47%)", "compareCode": 1}, {"name": "Second serve points", "home": "2/5 (40%)", "away": "2/4 (50%)", "compareCode": 3}, {"name": "Break points saved", "home": "3/5 (60%)", "away": "1/4 (25%)", "compareCode": 2}, {"name": "Service games played", "home": "5", "away": "5", "compareCode": 3}]}, {"groupName": "Return", "statisticsItems": [{"name": "First serve return points", "home": "16/30 (53%)", "away": "13/30 (43%)", "compareCode": 1}, {"name": "Second serve return points", "home": "2/4 (50%)", "away": "3/5 (60%)", "compareCode": 1}, {"name": "Break points converted", "home": "3", "away": "2", "compareCode": 1}, {"name": "Return games played", "home": "5", "away": "5", "compareCode": 3}]}, {"groupName": "Points", "statisticsItems": [{"name": "Service points won", "home": "19", "away": "16", "compareCode": 1}, {"name": "Receiver points won", "home": "18", "away": "16", "compareCode": 1}, {"name": "Total points won", "home": "37", "away": "32", "compareCode": 1}, {"name": "Max points in a row", "home": "7", "away": "6", "compareCode": 1}]}]}, {"period": "3RD", "groups": [{"groupName": "Service", "statisticsItems": [{"name": "Aces", "home": "0", "away": "0", "compareCode": 3}, {"name": "Double faults", "home": "0", "away": "0", "compareCode": 3}, {"name": "First serve", "home": "8/9 (89%)", "away": "8/9 (89%)", "compareCode": 3}, {"name": "Second serve", "home": "1/1 (100%)", "away": "1/1 (100%)", "compareCode": 3}, {"name": "First serve points", "home": "5/8 (63%)", "away": "4/8 (50%)", "compareCode": 1}, {"name": "Second serve points", "home": "0/1 (0%)", "away": "0/1 (0%)", "compareCode": 3}, {"name": "Break points saved", "home": "0/0 (0%)", "away": "0/0 (0%)", "compareCode": 3}, {"name": "Service games played", "home": "0", "away": "0", "compareCode": 3}]}, {"groupName": "Return", "statisticsItems": [{"name": "First serve return points", "home": "4/8 (50%)", "away": "3/8 (37%)", "compareCode": 3}, {"name": "Second serve return points", "home": "1/1 (100%)", "away": "1/1 (100%)", "compareCode": 3}, {"name": "Break points converted", "home": "0", "away": "0", "compareCode": 3}, {"name": "Return games played", "home": "0", "away": "0", "compareCode": 3}]}, {"groupName": "Points", "statisticsItems": [{"name": "Service points won", "home": "5", "away": "4", "compareCode": 1}, {"name": "Receiver points won", "home": "5", "away": "4", "compareCode": 1}, {"name": "Total points won", "home": "10", "away": "8", "compareCode": 1}, {"name": "Max points in a row", "home": "3", "away": "3", "compareCode": 3}]}]}]}