{"statistics": [{"period": "ALL", "groups": [{"groupName": "Service", "statisticsItems": [{"name": "Aces", "home": "1", "away": "0", "compareCode": 1}, {"name": "Double faults", "home": "9", "away": "1", "compareCode": 1}, {"name": "First serve", "home": "53/95 (56%)", "away": "60/66 (91%)", "compareCode": 2}, {"name": "Second serve", "home": "33/42 (79%)", "away": "5/6 (83%)", "compareCode": 2}, {"name": "First serve points", "home": "31/53 (58%)", "away": "32/60 (53%)", "compareCode": 2}, {"name": "Second serve points", "home": "15/42 (36%)", "away": "4/6 (67%)", "compareCode": 1}, {"name": "Break points saved", "home": "5/11 (45%)", "away": "2/7 (28%)", "compareCode": 2}, {"name": "Service games played", "home": "11", "away": "10", "compareCode": 1}]}, {"groupName": "Return", "statisticsItems": [{"name": "First serve return points", "home": "28/60 (46%)", "away": "22/53 (41%)", "compareCode": 1}, {"name": "Second serve return points", "home": "2/6 (33%)", "away": "27/42 (64%)", "compareCode": 1}, {"name": "Break points converted", "home": "5", "away": "6", "compareCode": 2}, {"name": "Return games played", "home": "10", "away": "11", "compareCode": 1}]}, {"groupName": "Points", "statisticsItems": [{"name": "Service points won", "home": "46", "away": "36", "compareCode": 1}, {"name": "Receiver points won", "home": "30", "away": "49", "compareCode": 2}, {"name": "Total points won", "home": "76", "away": "85", "compareCode": 2}, {"name": "Max points in a row", "home": "5", "away": "7", "compareCode": 2}]}]}, {"period": "1ST", "groups": [{"groupName": "Service", "statisticsItems": [{"name": "Aces", "home": "0", "away": "0", "compareCode": 3}, {"name": "Double faults", "home": "7", "away": "0", "compareCode": 1}, {"name": "First serve", "home": "29/58 (50%)", "away": "32/36 (89%)", "compareCode": 2}, {"name": "Second serve", "home": "22/29 (76%)", "away": "4/4 (100%)", "compareCode": 2}, {"name": "First serve points", "home": "23/29 (79%)", "away": "17/32 (53%)", "compareCode": 1}, {"name": "Second serve points", "home": "10/29 (34%)", "away": "4/4 (100%)", "compareCode": 1}, {"name": "Break points saved", "home": "5/6 (83%)", "away": "1/3 (33%)", "compareCode": 2}, {"name": "Service games played", "home": "6", "away": "6", "compareCode": 3}]}, {"groupName": "Return", "statisticsItems": [{"name": "First serve return points", "home": "15/32 (46%)", "away": "6/29 (20%)", "compareCode": 1}, {"name": "Second serve return points", "home": "0/4 (0%)", "away": "19/29 (65%)", "compareCode": 1}, {"name": "Break points converted", "home": "2", "away": "1", "compareCode": 1}, {"name": "Return games played", "home": "6", "away": "6", "compareCode": 3}]}, {"groupName": "Points", "statisticsItems": [{"name": "Service points won", "home": "33", "away": "21", "compareCode": 1}, {"name": "Receiver points won", "home": "15", "away": "25", "compareCode": 2}, {"name": "Total points won", "home": "48", "away": "46", "compareCode": 1}, {"name": "Max points in a row", "home": "5", "away": "6", "compareCode": 2}]}]}, {"period": "2ND", "groups": [{"groupName": "Service", "statisticsItems": [{"name": "Aces", "home": "0", "away": "0", "compareCode": 3}, {"name": "Double faults", "home": "1", "away": "1", "compareCode": 3}, {"name": "First serve", "home": "19/29 (66%)", "away": "21/22 (95%)", "compareCode": 2}, {"name": "Second serve", "home": "9/10 (90%)", "away": "0/1 (0%)", "compareCode": 1}, {"name": "First serve points", "home": "5/19 (26%)", "away": "9/21 (43%)", "compareCode": 2}, {"name": "Second serve points", "home": "4/10 (40%)", "away": "0/1 (0%)", "compareCode": 1}, {"name": "Break points saved", "home": "0/5 (0%)", "away": "1/4 (25%)", "compareCode": 2}, {"name": "Service games played", "home": "5", "away": "4", "compareCode": 1}]}, {"groupName": "Return", "statisticsItems": [{"name": "First serve return points", "home": "12/21 (57%)", "away": "14/19 (73%)", "compareCode": 1}, {"name": "Second serve return points", "home": "1/1 (100%)", "away": "6/10 (60%)", "compareCode": 1}, {"name": "Break points converted", "home": "3", "away": "5", "compareCode": 2}, {"name": "Return games played", "home": "4", "away": "5", "compareCode": 1}]}, {"groupName": "Points", "statisticsItems": [{"name": "Service points won", "home": "9", "away": "9", "compareCode": 3}, {"name": "Receiver points won", "home": "13", "away": "20", "compareCode": 2}, {"name": "Total points won", "home": "22", "away": "29", "compareCode": 2}, {"name": "Max points in a row", "home": "4", "away": "6", "compareCode": 2}]}]}, {"period": "3RD", "groups": [{"groupName": "Service", "statisticsItems": [{"name": "Aces", "home": "1", "away": "0", "compareCode": 1}, {"name": "Double faults", "home": "1", "away": "0", "compareCode": 1}, {"name": "First serve", "home": "5/8 (63%)", "away": "7/8 (88%)", "compareCode": 2}, {"name": "Second serve", "home": "2/3 (67%)", "away": "1/1 (100%)", "compareCode": 2}, {"name": "First serve points", "home": "3/5 (60%)", "away": "6/7 (86%)", "compareCode": 2}, {"name": "Second serve points", "home": "1/3 (33%)", "away": "0/1 (0%)", "compareCode": 1}, {"name": "Break points saved", "home": "0/0 (0%)", "away": "0/0 (0%)", "compareCode": 3}, {"name": "Service games played", "home": "0", "away": "0", "compareCode": 3}]}, {"groupName": "Return", "statisticsItems": [{"name": "First serve return points", "home": "1/7 (14%)", "away": "2/5 (40%)", "compareCode": 3}, {"name": "Second serve return points", "home": "1/1 (100%)", "away": "2/3 (66%)", "compareCode": 1}, {"name": "Break points converted", "home": "0", "away": "0", "compareCode": 3}, {"name": "Return games played", "home": "0", "away": "0", "compareCode": 3}]}, {"groupName": "Points", "statisticsItems": [{"name": "Service points won", "home": "4", "away": "6", "compareCode": 2}, {"name": "Receiver points won", "home": "2", "away": "4", "compareCode": 2}, {"name": "Total points won", "home": "6", "away": "10", "compareCode": 2}, {"name": "Max points in a row", "home": "5", "away": "7", "compareCode": 2}]}]}]}