{"statistics": [{"period": "ALL", "groups": [{"groupName": "Service", "statisticsItems": [{"name": "Aces", "home": "1", "away": "2", "compareCode": 2}, {"name": "Double faults", "home": "7", "away": "3", "compareCode": 1}, {"name": "First serve", "home": "39/59 (66%)", "away": "39/62 (63%)", "compareCode": 1}, {"name": "Second serve", "home": "13/20 (65%)", "away": "20/23 (87%)", "compareCode": 2}, {"name": "First serve points", "home": "21/39 (54%)", "away": "29/39 (74%)", "compareCode": 2}, {"name": "Second serve points", "home": "6/20 (30%)", "away": "11/23 (48%)", "compareCode": 2}, {"name": "Break points saved", "home": "3/8 (37%)", "away": "3/5 (60%)", "compareCode": 2}, {"name": "Service games played", "home": "9", "away": "10", "compareCode": 2}]}, {"groupName": "Return", "statisticsItems": [{"name": "First serve return points", "home": "10/39 (25%)", "away": "18/39 (46%)", "compareCode": 2}, {"name": "Second serve return points", "home": "12/23 (52%)", "away": "14/20 (70%)", "compareCode": 2}, {"name": "Break points converted", "home": "2", "away": "5", "compareCode": 2}, {"name": "Return games played", "home": "10", "away": "9", "compareCode": 2}]}, {"groupName": "Points", "statisticsItems": [{"name": "Service points won", "home": "27", "away": "40", "compareCode": 2}, {"name": "Receiver points won", "home": "22", "away": "32", "compareCode": 2}, {"name": "Total points won", "home": "49", "away": "72", "compareCode": 2}, {"name": "Max points in a row", "home": "4", "away": "8", "compareCode": 2}]}]}, {"period": "1ST", "groups": [{"groupName": "Service", "statisticsItems": [{"name": "Aces", "home": "0", "away": "2", "compareCode": 2}, {"name": "Double faults", "home": "4", "away": "1", "compareCode": 1}, {"name": "First serve", "home": "9/17 (53%)", "away": "10/19 (53%)", "compareCode": 3}, {"name": "Second serve", "home": "4/8 (50%)", "away": "8/9 (89%)", "compareCode": 2}, {"name": "First serve points", "home": "4/9 (44%)", "away": "9/10 (90%)", "compareCode": 2}, {"name": "Second serve points", "home": "3/8 (38%)", "away": "7/9 (78%)", "compareCode": 2}, {"name": "Break points saved", "home": "0/2 (0%)", "away": "0/0 (0%)", "compareCode": 2}, {"name": "Service games played", "home": "3", "away": "4", "compareCode": 2}]}, {"groupName": "Return", "statisticsItems": [{"name": "First serve return points", "home": "1/10 (10%)", "away": "5/9 (55%)", "compareCode": 2}, {"name": "Second serve return points", "home": "2/9 (22%)", "away": "5/8 (62%)", "compareCode": 2}, {"name": "Break points converted", "home": "0", "away": "2", "compareCode": 2}, {"name": "Return games played", "home": "4", "away": "3", "compareCode": 2}]}, {"groupName": "Points", "statisticsItems": [{"name": "Service points won", "home": "7", "away": "16", "compareCode": 2}, {"name": "Receiver points won", "home": "3", "away": "10", "compareCode": 2}, {"name": "Total points won", "home": "10", "away": "26", "compareCode": 2}, {"name": "Max points in a row", "home": "2", "away": "7", "compareCode": 2}]}]}, {"period": "2ND", "groups": [{"groupName": "Service", "statisticsItems": [{"name": "Aces", "home": "1", "away": "0", "compareCode": 1}, {"name": "Double faults", "home": "3", "away": "2", "compareCode": 1}, {"name": "First serve", "home": "30/42 (71%)", "away": "29/43 (67%)", "compareCode": 1}, {"name": "Second serve", "home": "9/12 (75%)", "away": "12/14 (86%)", "compareCode": 2}, {"name": "First serve points", "home": "17/30 (57%)", "away": "20/29 (69%)", "compareCode": 2}, {"name": "Second serve points", "home": "3/12 (25%)", "away": "4/14 (29%)", "compareCode": 2}, {"name": "Break points saved", "home": "3/6 (50%)", "away": "3/5 (60%)", "compareCode": 2}, {"name": "Service games played", "home": "6", "away": "6", "compareCode": 3}]}, {"groupName": "Return", "statisticsItems": [{"name": "First serve return points", "home": "9/29 (31%)", "away": "13/30 (43%)", "compareCode": 2}, {"name": "Second serve return points", "home": "10/14 (71%)", "away": "9/12 (75%)", "compareCode": 2}, {"name": "Break points converted", "home": "2", "away": "3", "compareCode": 2}, {"name": "Return games played", "home": "6", "away": "6", "compareCode": 3}]}, {"groupName": "Points", "statisticsItems": [{"name": "Service points won", "home": "20", "away": "24", "compareCode": 2}, {"name": "Receiver points won", "home": "19", "away": "22", "compareCode": 2}, {"name": "Total points won", "home": "39", "away": "46", "compareCode": 2}, {"name": "Max points in a row", "home": "4", "away": "6", "compareCode": 2}]}]}]}