{"statistics": [{"period": "ALL", "groups": [{"groupName": "Service", "statisticsItems": [{"name": "Aces", "home": "0", "away": "0", "compareCode": 3}, {"name": "Double faults", "home": "0", "away": "1", "compareCode": 2}, {"name": "First serve", "home": "44/55 (80%)", "away": "45/58 (78%)", "compareCode": 1}, {"name": "Second serve", "home": "11/11 (100%)", "away": "12/13 (92%)", "compareCode": 1}, {"name": "First serve points", "home": "18/44 (41%)", "away": "30/45 (67%)", "compareCode": 2}, {"name": "Second serve points", "home": "3/11 (27%)", "away": "4/13 (31%)", "compareCode": 2}, {"name": "Break points saved", "home": "6/12 (50%)", "away": "4/6 (66%)", "compareCode": 2}, {"name": "Service games played", "home": "8", "away": "8", "compareCode": 3}]}, {"groupName": "Return", "statisticsItems": [{"name": "First serve return points", "home": "15/45 (33%)", "away": "26/44 (59%)", "compareCode": 2}, {"name": "Second serve return points", "home": "9/13 (69%)", "away": "8/11 (72%)", "compareCode": 2}, {"name": "Break points converted", "home": "2", "away": "6", "compareCode": 2}, {"name": "Return games played", "home": "8", "away": "8", "compareCode": 3}]}, {"groupName": "Points", "statisticsItems": [{"name": "Service points won", "home": "21", "away": "34", "compareCode": 2}, {"name": "Receiver points won", "home": "24", "away": "34", "compareCode": 2}, {"name": "Total points won", "home": "45", "away": "68", "compareCode": 2}, {"name": "Max points in a row", "home": "5", "away": "7", "compareCode": 2}]}]}, {"period": "1ST", "groups": [{"groupName": "Service", "statisticsItems": [{"name": "Aces", "home": "0", "away": "0", "compareCode": 3}, {"name": "Double faults", "home": "0", "away": "1", "compareCode": 2}, {"name": "First serve", "home": "26/31 (84%)", "away": "26/38 (68%)", "compareCode": 1}, {"name": "Second serve", "home": "5/5 (100%)", "away": "11/12 (92%)", "compareCode": 1}, {"name": "First serve points", "home": "10/26 (38%)", "away": "16/26 (62%)", "compareCode": 2}, {"name": "Second serve points", "home": "2/5 (40%)", "away": "4/12 (33%)", "compareCode": 2}, {"name": "Break points saved", "home": "4/7 (57%)", "away": "2/4 (50%)", "compareCode": 2}, {"name": "Service games played", "home": "5", "away": "5", "compareCode": 3}]}, {"groupName": "Return", "statisticsItems": [{"name": "First serve return points", "home": "10/26 (38%)", "away": "16/26 (61%)", "compareCode": 2}, {"name": "Second serve return points", "home": "8/12 (66%)", "away": "3/5 (60%)", "compareCode": 2}, {"name": "Break points converted", "home": "2", "away": "3", "compareCode": 2}, {"name": "Return games played", "home": "5", "away": "5", "compareCode": 3}]}, {"groupName": "Points", "statisticsItems": [{"name": "Service points won", "home": "12", "away": "20", "compareCode": 2}, {"name": "Receiver points won", "home": "18", "away": "19", "compareCode": 2}, {"name": "Total points won", "home": "30", "away": "39", "compareCode": 2}, {"name": "Max points in a row", "home": "5", "away": "6", "compareCode": 2}]}]}, {"period": "2ND", "groups": [{"groupName": "Service", "statisticsItems": [{"name": "Aces", "home": "0", "away": "0", "compareCode": 3}, {"name": "Double faults", "home": "0", "away": "0", "compareCode": 3}, {"name": "First serve", "home": "18/24 (75%)", "away": "19/20 (95%)", "compareCode": 2}, {"name": "Second serve", "home": "6/6 (100%)", "away": "1/1 (100%)", "compareCode": 3}, {"name": "First serve points", "home": "8/18 (44%)", "away": "14/19 (74%)", "compareCode": 2}, {"name": "Second serve points", "home": "1/6 (17%)", "away": "0/1 (0%)", "compareCode": 1}, {"name": "Break points saved", "home": "2/5 (40%)", "away": "2/2 (100%)", "compareCode": 2}, {"name": "Service games played", "home": "3", "away": "3", "compareCode": 3}]}, {"groupName": "Return", "statisticsItems": [{"name": "First serve return points", "home": "5/19 (26%)", "away": "10/18 (55%)", "compareCode": 1}, {"name": "Second serve return points", "home": "1/1 (100%)", "away": "5/6 (83%)", "compareCode": 1}, {"name": "Break points converted", "home": "0", "away": "3", "compareCode": 2}, {"name": "Return games played", "home": "3", "away": "3", "compareCode": 3}]}, {"groupName": "Points", "statisticsItems": [{"name": "Service points won", "home": "9", "away": "14", "compareCode": 2}, {"name": "Receiver points won", "home": "6", "away": "15", "compareCode": 2}, {"name": "Total points won", "home": "15", "away": "29", "compareCode": 2}, {"name": "Max points in a row", "home": "2", "away": "6", "compareCode": 2}]}]}]}