{"statistics": [{"period": "ALL", "groups": [{"groupName": "Service", "statisticsItems": [{"name": "Aces", "home": "0", "away": "0", "compareCode": 3}, {"name": "Double faults", "home": "2", "away": "4", "compareCode": 2}, {"name": "First serve", "home": "47/63 (75%)", "away": "42/61 (69%)", "compareCode": 1}, {"name": "Second serve", "home": "14/16 (88%)", "away": "15/19 (79%)", "compareCode": 1}, {"name": "First serve points", "home": "33/47 (70%)", "away": "26/42 (62%)", "compareCode": 1}, {"name": "Second serve points", "home": "7/16 (44%)", "away": "6/19 (32%)", "compareCode": 1}, {"name": "Break points saved", "home": "6/7 (85%)", "away": "0/4 (0%)", "compareCode": 2}, {"name": "Service games played", "home": "9", "away": "9", "compareCode": 3}]}, {"groupName": "Return", "statisticsItems": [{"name": "First serve return points", "home": "16/42 (38%)", "away": "14/47 (29%)", "compareCode": 1}, {"name": "Second serve return points", "home": "13/19 (68%)", "away": "9/16 (56%)", "compareCode": 2}, {"name": "Break points converted", "home": "4", "away": "1", "compareCode": 1}, {"name": "Return games played", "home": "9", "away": "9", "compareCode": 3}]}, {"groupName": "Points", "statisticsItems": [{"name": "Service points won", "home": "40", "away": "32", "compareCode": 1}, {"name": "Receiver points won", "home": "29", "away": "23", "compareCode": 1}, {"name": "Total points won", "home": "69", "away": "55", "compareCode": 1}, {"name": "Max points in a row", "home": "6", "away": "6", "compareCode": 3}]}]}, {"period": "1ST", "groups": [{"groupName": "Service", "statisticsItems": [{"name": "Aces", "home": "0", "away": "0", "compareCode": 3}, {"name": "Double faults", "home": "2", "away": "3", "compareCode": 2}, {"name": "First serve", "home": "32/42 (76%)", "away": "26/42 (62%)", "compareCode": 1}, {"name": "Second serve", "home": "8/10 (80%)", "away": "13/16 (81%)", "compareCode": 2}, {"name": "First serve points", "home": "21/32 (66%)", "away": "18/26 (69%)", "compareCode": 1}, {"name": "Second serve points", "home": "3/10 (30%)", "away": "5/16 (31%)", "compareCode": 2}, {"name": "Break points saved", "home": "6/7 (85%)", "away": "0/2 (0%)", "compareCode": 2}, {"name": "Service games played", "home": "5", "away": "5", "compareCode": 3}]}, {"groupName": "Return", "statisticsItems": [{"name": "First serve return points", "home": "8/26 (30%)", "away": "11/32 (34%)", "compareCode": 3}, {"name": "Second serve return points", "home": "11/16 (68%)", "away": "7/10 (70%)", "compareCode": 2}, {"name": "Break points converted", "home": "2", "away": "1", "compareCode": 1}, {"name": "Return games played", "home": "5", "away": "5", "compareCode": 3}]}, {"groupName": "Points", "statisticsItems": [{"name": "Service points won", "home": "24", "away": "23", "compareCode": 1}, {"name": "Receiver points won", "home": "19", "away": "18", "compareCode": 1}, {"name": "Total points won", "home": "43", "away": "41", "compareCode": 1}, {"name": "Max points in a row", "home": "6", "away": "6", "compareCode": 3}]}]}, {"period": "2ND", "groups": [{"groupName": "Service", "statisticsItems": [{"name": "Aces", "home": "0", "away": "0", "compareCode": 3}, {"name": "Double faults", "home": "0", "away": "1", "compareCode": 2}, {"name": "First serve", "home": "15/21 (71%)", "away": "16/19 (84%)", "compareCode": 2}, {"name": "Second serve", "home": "6/6 (100%)", "away": "2/3 (67%)", "compareCode": 1}, {"name": "First serve points", "home": "12/15 (80%)", "away": "8/16 (50%)", "compareCode": 1}, {"name": "Second serve points", "home": "4/6 (67%)", "away": "1/3 (33%)", "compareCode": 1}, {"name": "Break points saved", "home": "0/0 (0%)", "away": "0/2 (0%)", "compareCode": 1}, {"name": "Service games played", "home": "4", "away": "4", "compareCode": 3}]}, {"groupName": "Return", "statisticsItems": [{"name": "First serve return points", "home": "8/16 (50%)", "away": "3/15 (20%)", "compareCode": 1}, {"name": "Second serve return points", "home": "2/3 (66%)", "away": "2/6 (33%)", "compareCode": 1}, {"name": "Break points converted", "home": "2", "away": "0", "compareCode": 1}, {"name": "Return games played", "home": "4", "away": "4", "compareCode": 3}]}, {"groupName": "Points", "statisticsItems": [{"name": "Service points won", "home": "16", "away": "9", "compareCode": 1}, {"name": "Receiver points won", "home": "10", "away": "5", "compareCode": 1}, {"name": "Total points won", "home": "26", "away": "14", "compareCode": 1}, {"name": "Max points in a row", "home": "6", "away": "4", "compareCode": 1}]}]}]}