{"statistics": [{"period": "ALL", "groups": [{"groupName": "Service", "statisticsItems": [{"name": "Aces", "home": "0", "away": "1", "compareCode": 2}, {"name": "Double faults", "home": "1", "away": "2", "compareCode": 2}, {"name": "First serve", "home": "40/51 (78%)", "away": "50/64 (78%)", "compareCode": 3}, {"name": "Second serve", "home": "10/11 (91%)", "away": "12/14 (86%)", "compareCode": 1}, {"name": "First serve points", "home": "27/40 (68%)", "away": "25/50 (50%)", "compareCode": 1}, {"name": "Second serve points", "home": "5/11 (45%)", "away": "7/14 (50%)", "compareCode": 2}, {"name": "Break points saved", "home": "1/3 (33%)", "away": "2/6 (33%)", "compareCode": 1}, {"name": "Service games played", "home": "7", "away": "8", "compareCode": 2}]}, {"groupName": "Return", "statisticsItems": [{"name": "First serve return points", "home": "25/50 (50%)", "away": "13/40 (32%)", "compareCode": 2}, {"name": "Second serve return points", "home": "7/14 (50%)", "away": "6/11 (54%)", "compareCode": 2}, {"name": "Break points converted", "home": "4", "away": "2", "compareCode": 1}, {"name": "Return games played", "home": "8", "away": "7", "compareCode": 2}]}, {"groupName": "Points", "statisticsItems": [{"name": "Service points won", "home": "32", "away": "32", "compareCode": 3}, {"name": "Receiver points won", "home": "32", "away": "19", "compareCode": 1}, {"name": "Total points won", "home": "64", "away": "51", "compareCode": 1}, {"name": "Max points in a row", "home": "6", "away": "4", "compareCode": 1}]}]}, {"period": "1ST", "groups": [{"groupName": "Service", "statisticsItems": [{"name": "Aces", "home": "0", "away": "0", "compareCode": 3}, {"name": "Double faults", "home": "1", "away": "1", "compareCode": 3}, {"name": "First serve", "home": "16/19 (84%)", "away": "18/22 (82%)", "compareCode": 1}, {"name": "Second serve", "home": "2/3 (67%)", "away": "3/4 (75%)", "compareCode": 2}, {"name": "First serve points", "home": "13/16 (81%)", "away": "7/18 (39%)", "compareCode": 1}, {"name": "Second serve points", "home": "0/3 (0%)", "away": "1/4 (25%)", "compareCode": 2}, {"name": "Break points saved", "home": "0/0 (0%)", "away": "0/3 (0%)", "compareCode": 1}, {"name": "Service games played", "home": "3", "away": "3", "compareCode": 3}]}, {"groupName": "Return", "statisticsItems": [{"name": "First serve return points", "home": "11/18 (61%)", "away": "3/16 (18%)", "compareCode": 2}, {"name": "Second serve return points", "home": "3/4 (75%)", "away": "3/3 (100%)", "compareCode": 2}, {"name": "Break points converted", "home": "3", "away": "0", "compareCode": 1}, {"name": "Return games played", "home": "3", "away": "3", "compareCode": 3}]}, {"groupName": "Points", "statisticsItems": [{"name": "Service points won", "home": "13", "away": "8", "compareCode": 1}, {"name": "Receiver points won", "home": "14", "away": "6", "compareCode": 1}, {"name": "Total points won", "home": "27", "away": "14", "compareCode": 1}, {"name": "Max points in a row", "home": "6", "away": "2", "compareCode": 1}]}]}, {"period": "2ND", "groups": [{"groupName": "Service", "statisticsItems": [{"name": "Aces", "home": "0", "away": "1", "compareCode": 2}, {"name": "Double faults", "home": "0", "away": "0", "compareCode": 3}, {"name": "First serve", "home": "19/25 (76%)", "away": "28/35 (80%)", "compareCode": 2}, {"name": "Second serve", "home": "6/6 (100%)", "away": "7/7 (100%)", "compareCode": 3}, {"name": "First serve points", "home": "10/19 (53%)", "away": "16/28 (57%)", "compareCode": 2}, {"name": "Second serve points", "home": "3/6 (50%)", "away": "5/7 (71%)", "compareCode": 2}, {"name": "Break points saved", "home": "1/3 (33%)", "away": "2/3 (66%)", "compareCode": 3}, {"name": "Service games played", "home": "4", "away": "5", "compareCode": 2}]}, {"groupName": "Return", "statisticsItems": [{"name": "First serve return points", "home": "12/28 (42%)", "away": "9/19 (47%)", "compareCode": 2}, {"name": "Second serve return points", "home": "2/7 (28%)", "away": "3/6 (50%)", "compareCode": 2}, {"name": "Break points converted", "home": "1", "away": "2", "compareCode": 2}, {"name": "Return games played", "home": "5", "away": "4", "compareCode": 2}]}, {"groupName": "Points", "statisticsItems": [{"name": "Service points won", "home": "13", "away": "21", "compareCode": 2}, {"name": "Receiver points won", "home": "14", "away": "12", "compareCode": 1}, {"name": "Total points won", "home": "27", "away": "33", "compareCode": 2}, {"name": "Max points in a row", "home": "3", "away": "4", "compareCode": 2}]}]}, {"period": "3RD", "groups": [{"groupName": "Service", "statisticsItems": [{"name": "Aces", "home": "0", "away": "0", "compareCode": 3}, {"name": "Double faults", "home": "0", "away": "1", "compareCode": 2}, {"name": "First serve", "home": "5/7 (71%)", "away": "4/7 (57%)", "compareCode": 1}, {"name": "Second serve", "home": "2/2 (100%)", "away": "2/3 (67%)", "compareCode": 1}, {"name": "First serve points", "home": "4/5 (80%)", "away": "2/4 (50%)", "compareCode": 1}, {"name": "Second serve points", "home": "2/2 (100%)", "away": "1/3 (33%)", "compareCode": 1}, {"name": "Break points saved", "home": "0/0 (0%)", "away": "0/0 (0%)", "compareCode": 3}, {"name": "Service games played", "home": "0", "away": "0", "compareCode": 3}]}, {"groupName": "Return", "statisticsItems": [{"name": "First serve return points", "home": "2/4 (50%)", "away": "1/5 (20%)", "compareCode": 3}, {"name": "Second serve return points", "home": "2/3 (66%)", "away": "0/2 (0%)", "compareCode": 2}, {"name": "Break points converted", "home": "0", "away": "0", "compareCode": 3}, {"name": "Return games played", "home": "0", "away": "0", "compareCode": 3}]}, {"groupName": "Points", "statisticsItems": [{"name": "Service points won", "home": "6", "away": "3", "compareCode": 1}, {"name": "Receiver points won", "home": "4", "away": "1", "compareCode": 1}, {"name": "Total points won", "home": "10", "away": "4", "compareCode": 1}, {"name": "Max points in a row", "home": "5", "away": "2", "compareCode": 1}]}]}]}