{"statistics": [{"period": "ALL", "groups": [{"groupName": "Service", "statisticsItems": [{"name": "Aces", "home": "6", "away": "6", "compareCode": 3}, {"name": "Double faults", "home": "5", "away": "2", "compareCode": 1}, {"name": "First serve", "home": "52/81 (64%)", "away": "39/66 (59%)", "compareCode": 1}, {"name": "Second serve", "home": "24/29 (83%)", "away": "25/27 (93%)", "compareCode": 2}, {"name": "First serve points", "home": "33/52 (63%)", "away": "27/39 (69%)", "compareCode": 1}, {"name": "Second serve points", "home": "15/29 (52%)", "away": "15/27 (56%)", "compareCode": 3}, {"name": "Break points saved", "home": "7/8 (87%)", "away": "3/6 (50%)", "compareCode": 2}, {"name": "Service games played", "home": "10", "away": "10", "compareCode": 3}]}, {"groupName": "Return", "statisticsItems": [{"name": "First serve return points", "home": "12/39 (30%)", "away": "19/52 (36%)", "compareCode": 1}, {"name": "Second serve return points", "home": "12/27 (44%)", "away": "14/29 (48%)", "compareCode": 1}, {"name": "Break points converted", "home": "3", "away": "1", "compareCode": 1}, {"name": "Return games played", "home": "10", "away": "10", "compareCode": 3}]}, {"groupName": "Points", "statisticsItems": [{"name": "Service points won", "home": "48", "away": "42", "compareCode": 1}, {"name": "Receiver points won", "home": "24", "away": "33", "compareCode": 2}, {"name": "Total points won", "home": "72", "away": "75", "compareCode": 2}, {"name": "Max points in a row", "home": "7", "away": "8", "compareCode": 2}]}]}, {"period": "1ST", "groups": [{"groupName": "Service", "statisticsItems": [{"name": "Aces", "home": "4", "away": "5", "compareCode": 2}, {"name": "Double faults", "home": "3", "away": "2", "compareCode": 1}, {"name": "First serve", "home": "28/43 (65%)", "away": "20/38 (53%)", "compareCode": 1}, {"name": "Second serve", "home": "12/15 (80%)", "away": "16/18 (89%)", "compareCode": 2}, {"name": "First serve points", "home": "19/28 (68%)", "away": "16/20 (80%)", "compareCode": 1}, {"name": "Second serve points", "home": "8/15 (53%)", "away": "13/18 (72%)", "compareCode": 2}, {"name": "Break points saved", "home": "3/3 (100%)", "away": "1/1 (100%)", "compareCode": 2}, {"name": "Service games played", "home": "6", "away": "6", "compareCode": 3}]}, {"groupName": "Return", "statisticsItems": [{"name": "First serve return points", "home": "4/20 (20%)", "away": "9/28 (32%)", "compareCode": 1}, {"name": "Second serve return points", "home": "5/18 (27%)", "away": "7/15 (46%)", "compareCode": 2}, {"name": "Break points converted", "home": "0", "away": "0", "compareCode": 3}, {"name": "Return games played", "home": "6", "away": "6", "compareCode": 3}]}, {"groupName": "Points", "statisticsItems": [{"name": "Service points won", "home": "27", "away": "29", "compareCode": 2}, {"name": "Receiver points won", "home": "9", "away": "16", "compareCode": 2}, {"name": "Total points won", "home": "36", "away": "45", "compareCode": 2}, {"name": "Max points in a row", "home": "5", "away": "8", "compareCode": 2}]}]}, {"period": "2ND", "groups": [{"groupName": "Service", "statisticsItems": [{"name": "Aces", "home": "1", "away": "1", "compareCode": 3}, {"name": "Double faults", "home": "2", "away": "0", "compareCode": 1}, {"name": "First serve", "home": "20/30 (67%)", "away": "13/20 (65%)", "compareCode": 1}, {"name": "Second serve", "home": "8/10 (80%)", "away": "7/7 (100%)", "compareCode": 2}, {"name": "First serve points", "home": "12/20 (60%)", "away": "7/13 (54%)", "compareCode": 1}, {"name": "Second serve points", "home": "6/10 (60%)", "away": "1/7 (14%)", "compareCode": 1}, {"name": "Break points saved", "home": "4/5 (80%)", "away": "2/5 (40%)", "compareCode": 3}, {"name": "Service games played", "home": "4", "away": "4", "compareCode": 3}]}, {"groupName": "Return", "statisticsItems": [{"name": "First serve return points", "home": "6/13 (46%)", "away": "8/20 (40%)", "compareCode": 1}, {"name": "Second serve return points", "home": "6/7 (85%)", "away": "4/10 (40%)", "compareCode": 1}, {"name": "Break points converted", "home": "3", "away": "1", "compareCode": 1}, {"name": "Return games played", "home": "4", "away": "4", "compareCode": 3}]}, {"groupName": "Points", "statisticsItems": [{"name": "Service points won", "home": "18", "away": "8", "compareCode": 1}, {"name": "Receiver points won", "home": "12", "away": "12", "compareCode": 3}, {"name": "Total points won", "home": "30", "away": "20", "compareCode": 1}, {"name": "Max points in a row", "home": "7", "away": "5", "compareCode": 1}]}]}, {"period": "3RD", "groups": [{"groupName": "Service", "statisticsItems": [{"name": "Aces", "home": "1", "away": "0", "compareCode": 1}, {"name": "Double faults", "home": "0", "away": "0", "compareCode": 3}, {"name": "First serve", "home": "4/8 (50%)", "away": "6/8 (75%)", "compareCode": 2}, {"name": "Second serve", "home": "4/4 (100%)", "away": "2/2 (100%)", "compareCode": 3}, {"name": "First serve points", "home": "2/4 (50%)", "away": "4/6 (67%)", "compareCode": 2}, {"name": "Second serve points", "home": "1/4 (25%)", "away": "1/2 (50%)", "compareCode": 3}, {"name": "Break points saved", "home": "0/0 (0%)", "away": "0/0 (0%)", "compareCode": 3}, {"name": "Service games played", "home": "0", "away": "0", "compareCode": 3}]}, {"groupName": "Return", "statisticsItems": [{"name": "First serve return points", "home": "2/6 (33%)", "away": "2/4 (50%)", "compareCode": 3}, {"name": "Second serve return points", "home": "1/2 (50%)", "away": "3/4 (75%)", "compareCode": 1}, {"name": "Break points converted", "home": "0", "away": "0", "compareCode": 3}, {"name": "Return games played", "home": "0", "away": "0", "compareCode": 3}]}, {"groupName": "Points", "statisticsItems": [{"name": "Service points won", "home": "3", "away": "5", "compareCode": 2}, {"name": "Receiver points won", "home": "3", "away": "5", "compareCode": 2}, {"name": "Total points won", "home": "6", "away": "10", "compareCode": 2}, {"name": "Max points in a row", "home": "3", "away": "6", "compareCode": 2}]}]}]}