{"statistics": [{"period": "ALL", "groups": [{"groupName": "Service", "statisticsItems": [{"name": "Aces", "home": "1", "away": "0", "compareCode": 1}, {"name": "Double faults", "home": "1", "away": "3", "compareCode": 2}, {"name": "First serve", "home": "56/77 (73%)", "away": "34/60 (57%)", "compareCode": 1}, {"name": "Second serve", "home": "20/21 (95%)", "away": "23/26 (88%)", "compareCode": 1}, {"name": "First serve points", "home": "31/56 (55%)", "away": "25/34 (74%)", "compareCode": 1}, {"name": "Second serve points", "home": "10/21 (48%)", "away": "14/26 (54%)", "compareCode": 2}, {"name": "Break points saved", "home": "8/11 (72%)", "away": "4/6 (66%)", "compareCode": 2}, {"name": "Service games played", "home": "8", "away": "9", "compareCode": 2}]}, {"groupName": "Return", "statisticsItems": [{"name": "First serve return points", "home": "9/34 (26%)", "away": "25/56 (44%)", "compareCode": 1}, {"name": "Second serve return points", "home": "12/26 (46%)", "away": "11/21 (52%)", "compareCode": 2}, {"name": "Break points converted", "home": "2", "away": "3", "compareCode": 2}, {"name": "Return games played", "home": "9", "away": "8", "compareCode": 2}]}, {"groupName": "Points", "statisticsItems": [{"name": "Service points won", "home": "41", "away": "39", "compareCode": 1}, {"name": "Receiver points won", "home": "21", "away": "36", "compareCode": 2}, {"name": "Total points won", "home": "62", "away": "75", "compareCode": 2}, {"name": "Max points in a row", "home": "7", "away": "9", "compareCode": 2}]}]}, {"period": "1ST", "groups": [{"groupName": "Service", "statisticsItems": [{"name": "Aces", "home": "1", "away": "0", "compareCode": 1}, {"name": "Double faults", "home": "1", "away": "2", "compareCode": 2}, {"name": "First serve", "home": "31/45 (69%)", "away": "13/31 (42%)", "compareCode": 1}, {"name": "Second serve", "home": "13/14 (93%)", "away": "16/18 (89%)", "compareCode": 1}, {"name": "First serve points", "home": "20/31 (65%)", "away": "8/13 (62%)", "compareCode": 1}, {"name": "Second serve points", "home": "6/14 (43%)", "away": "9/18 (50%)", "compareCode": 2}, {"name": "Break points saved", "home": "7/8 (87%)", "away": "4/6 (66%)", "compareCode": 2}, {"name": "Service games played", "home": "5", "away": "5", "compareCode": 3}]}, {"groupName": "Return", "statisticsItems": [{"name": "First serve return points", "home": "5/13 (38%)", "away": "11/31 (35%)", "compareCode": 1}, {"name": "Second serve return points", "home": "9/18 (50%)", "away": "8/14 (57%)", "compareCode": 2}, {"name": "Break points converted", "home": "2", "away": "1", "compareCode": 1}, {"name": "Return games played", "home": "5", "away": "5", "compareCode": 3}]}, {"groupName": "Points", "statisticsItems": [{"name": "Service points won", "home": "26", "away": "17", "compareCode": 1}, {"name": "Receiver points won", "home": "14", "away": "19", "compareCode": 2}, {"name": "Total points won", "home": "40", "away": "36", "compareCode": 1}, {"name": "Max points in a row", "home": "7", "away": "6", "compareCode": 1}]}]}, {"period": "2ND", "groups": [{"groupName": "Service", "statisticsItems": [{"name": "Aces", "home": "0", "away": "0", "compareCode": 3}, {"name": "Double faults", "home": "0", "away": "1", "compareCode": 2}, {"name": "First serve", "home": "20/23 (87%)", "away": "15/20 (75%)", "compareCode": 1}, {"name": "Second serve", "home": "3/3 (100%)", "away": "4/5 (80%)", "compareCode": 1}, {"name": "First serve points", "home": "9/20 (45%)", "away": "13/15 (87%)", "compareCode": 2}, {"name": "Second serve points", "home": "1/3 (33%)", "away": "3/5 (60%)", "compareCode": 2}, {"name": "Break points saved", "home": "1/3 (33%)", "away": "0/0 (0%)", "compareCode": 2}, {"name": "Service games played", "home": "3", "away": "4", "compareCode": 2}]}, {"groupName": "Return", "statisticsItems": [{"name": "First serve return points", "home": "2/15 (13%)", "away": "11/20 (55%)", "compareCode": 1}, {"name": "Second serve return points", "home": "2/5 (40%)", "away": "2/3 (66%)", "compareCode": 2}, {"name": "Break points converted", "home": "0", "away": "2", "compareCode": 2}, {"name": "Return games played", "home": "4", "away": "3", "compareCode": 2}]}, {"groupName": "Points", "statisticsItems": [{"name": "Service points won", "home": "10", "away": "16", "compareCode": 2}, {"name": "Receiver points won", "home": "4", "away": "13", "compareCode": 2}, {"name": "Total points won", "home": "14", "away": "29", "compareCode": 2}, {"name": "Max points in a row", "home": "3", "away": "9", "compareCode": 2}]}]}, {"period": "3RD", "groups": [{"groupName": "Service", "statisticsItems": [{"name": "Aces", "home": "0", "away": "0", "compareCode": 3}, {"name": "Double faults", "home": "0", "away": "0", "compareCode": 3}, {"name": "First serve", "home": "5/9 (56%)", "away": "6/9 (67%)", "compareCode": 2}, {"name": "Second serve", "home": "4/4 (100%)", "away": "3/3 (100%)", "compareCode": 3}, {"name": "First serve points", "home": "2/5 (40%)", "away": "4/6 (67%)", "compareCode": 2}, {"name": "Second serve points", "home": "3/4 (75%)", "away": "2/3 (67%)", "compareCode": 1}, {"name": "Break points saved", "home": "0/0 (0%)", "away": "0/0 (0%)", "compareCode": 3}, {"name": "Service games played", "home": "0", "away": "0", "compareCode": 3}]}, {"groupName": "Return", "statisticsItems": [{"name": "First serve return points", "home": "2/6 (33%)", "away": "3/5 (60%)", "compareCode": 3}, {"name": "Second serve return points", "home": "1/3 (33%)", "away": "1/4 (25%)", "compareCode": 1}, {"name": "Break points converted", "home": "0", "away": "0", "compareCode": 3}, {"name": "Return games played", "home": "0", "away": "0", "compareCode": 3}]}, {"groupName": "Points", "statisticsItems": [{"name": "Service points won", "home": "5", "away": "6", "compareCode": 2}, {"name": "Receiver points won", "home": "3", "away": "4", "compareCode": 2}, {"name": "Total points won", "home": "8", "away": "10", "compareCode": 2}, {"name": "Max points in a row", "home": "4", "away": "4", "compareCode": 3}]}]}]}