{"statistics": [{"period": "ALL", "groups": [{"groupName": "Service", "statisticsItems": [{"name": "Aces", "home": "0", "away": "0", "compareCode": 3}, {"name": "First serve", "home": "69/78 (88%)", "away": "71/77 (92%)", "compareCode": 2}, {"name": "Second serve", "home": "9/9 (100%)", "away": "6/6 (100%)", "compareCode": 3}, {"name": "First serve points", "home": "38/69 (55%)", "away": "34/71 (48%)", "compareCode": 1}, {"name": "Second serve points", "home": "4/9 (44%)", "away": "4/6 (67%)", "compareCode": 3}, {"name": "Break points saved", "home": "4/8 (50%)", "away": "4/10 (40%)", "compareCode": 1}, {"name": "Service games played", "home": "12", "away": "12", "compareCode": 3}]}, {"groupName": "Return", "statisticsItems": [{"name": "First serve return points", "home": "37/71 (52%)", "away": "31/69 (44%)", "compareCode": 1}, {"name": "Second serve return points", "home": "2/6 (33%)", "away": "5/9 (55%)", "compareCode": 1}, {"name": "Break points converted", "home": "6", "away": "4", "compareCode": 1}, {"name": "Return games played", "home": "12", "away": "12", "compareCode": 3}]}, {"groupName": "Points", "statisticsItems": [{"name": "Service points won", "home": "42", "away": "38", "compareCode": 1}, {"name": "Receiver points won", "home": "39", "away": "36", "compareCode": 1}, {"name": "Total points won", "home": "81", "away": "74", "compareCode": 1}, {"name": "Max points in a row", "home": "7", "away": "5", "compareCode": 1}]}]}, {"period": "1ST", "groups": [{"groupName": "Service", "statisticsItems": [{"name": "Aces", "home": "0", "away": "0", "compareCode": 3}, {"name": "Double faults", "home": "0", "away": "0", "compareCode": 3}, {"name": "First serve", "home": "42/46 (91%)", "away": "37/39 (95%)", "compareCode": 2}, {"name": "Second serve", "home": "4/4 (100%)", "away": "2/2 (100%)", "compareCode": 3}, {"name": "First serve points", "home": "25/42 (60%)", "away": "18/37 (49%)", "compareCode": 1}, {"name": "Second serve points", "home": "2/4 (50%)", "away": "2/2 (100%)", "compareCode": 3}, {"name": "Break points saved", "home": "4/5 (80%)", "away": "2/4 (50%)", "compareCode": 2}, {"name": "Service games played", "home": "6", "away": "6", "compareCode": 3}]}, {"groupName": "Return", "statisticsItems": [{"name": "First serve return points", "home": "19/37 (51%)", "away": "17/42 (40%)", "compareCode": 1}, {"name": "Second serve return points", "home": "0/2 (0%)", "away": "2/4 (50%)", "compareCode": 1}, {"name": "Break points converted", "home": "2", "away": "1", "compareCode": 1}, {"name": "Return games played", "home": "6", "away": "6", "compareCode": 3}]}, {"groupName": "Points", "statisticsItems": [{"name": "Service points won", "home": "27", "away": "20", "compareCode": 1}, {"name": "Receiver points won", "home": "19", "away": "19", "compareCode": 3}, {"name": "Total points won", "home": "46", "away": "39", "compareCode": 1}, {"name": "Max points in a row", "home": "7", "away": "4", "compareCode": 1}]}]}, {"period": "2ND", "groups": [{"groupName": "Service", "statisticsItems": [{"name": "Aces", "home": "0", "away": "0", "compareCode": 3}, {"name": "Double faults", "home": "0", "away": "0", "compareCode": 3}, {"name": "First serve", "home": "27/32 (84%)", "away": "34/38 (89%)", "compareCode": 2}, {"name": "Second serve", "home": "5/5 (100%)", "away": "4/4 (100%)", "compareCode": 3}, {"name": "First serve points", "home": "13/27 (48%)", "away": "16/34 (47%)", "compareCode": 2}, {"name": "Second serve points", "home": "2/5 (40%)", "away": "2/4 (50%)", "compareCode": 3}, {"name": "Break points saved", "home": "0/3 (0%)", "away": "2/6 (33%)", "compareCode": 1}, {"name": "Service games played", "home": "6", "away": "6", "compareCode": 3}]}, {"groupName": "Return", "statisticsItems": [{"name": "First serve return points", "home": "18/34 (52%)", "away": "14/27 (51%)", "compareCode": 2}, {"name": "Second serve return points", "home": "2/4 (50%)", "away": "3/5 (60%)", "compareCode": 1}, {"name": "Break points converted", "home": "4", "away": "3", "compareCode": 1}, {"name": "Return games played", "home": "6", "away": "6", "compareCode": 3}]}, {"groupName": "Points", "statisticsItems": [{"name": "Service points won", "home": "15", "away": "18", "compareCode": 2}, {"name": "Receiver points won", "home": "20", "away": "17", "compareCode": 1}, {"name": "Total points won", "home": "35", "away": "35", "compareCode": 3}, {"name": "Max points in a row", "home": "5", "away": "5", "compareCode": 3}]}]}]}