{"statistics": [{"period": "ALL", "groups": [{"groupName": "Service", "statisticsItems": [{"name": "Aces", "home": "2", "away": "2", "compareCode": 3}, {"name": "Double faults", "home": "2", "away": "1", "compareCode": 1}, {"name": "First serve", "home": "61/83 (73%)", "away": "64/87 (74%)", "compareCode": 2}, {"name": "Second serve", "home": "20/22 (91%)", "away": "22/23 (96%)", "compareCode": 2}, {"name": "First serve points", "home": "38/61 (62%)", "away": "31/64 (48%)", "compareCode": 1}, {"name": "Second serve points", "home": "9/22 (41%)", "away": "11/23 (48%)", "compareCode": 2}, {"name": "Break points saved", "home": "5/9 (55%)", "away": "4/9 (44%)", "compareCode": 3}, {"name": "Service games played", "home": "11", "away": "11", "compareCode": 3}]}, {"groupName": "Return", "statisticsItems": [{"name": "First serve return points", "home": "33/64 (51%)", "away": "23/61 (37%)", "compareCode": 2}, {"name": "Second serve return points", "home": "12/23 (52%)", "away": "13/22 (59%)", "compareCode": 2}, {"name": "Break points converted", "home": "5", "away": "4", "compareCode": 1}, {"name": "Return games played", "home": "11", "away": "11", "compareCode": 3}]}, {"groupName": "Points", "statisticsItems": [{"name": "Service points won", "home": "47", "away": "42", "compareCode": 1}, {"name": "Receiver points won", "home": "45", "away": "36", "compareCode": 1}, {"name": "Total points won", "home": "92", "away": "78", "compareCode": 1}, {"name": "Max points in a row", "home": "6", "away": "5", "compareCode": 1}]}]}, {"period": "1ST", "groups": [{"groupName": "Service", "statisticsItems": [{"name": "Aces", "home": "2", "away": "0", "compareCode": 1}, {"name": "Double faults", "home": "1", "away": "1", "compareCode": 3}, {"name": "First serve", "home": "33/47 (70%)", "away": "39/54 (72%)", "compareCode": 2}, {"name": "Second serve", "home": "13/14 (93%)", "away": "14/15 (93%)", "compareCode": 3}, {"name": "First serve points", "home": "21/33 (64%)", "away": "23/39 (59%)", "compareCode": 2}, {"name": "Second serve points", "home": "8/14 (57%)", "away": "9/15 (60%)", "compareCode": 2}, {"name": "Break points saved", "home": "3/4 (75%)", "away": "3/4 (75%)", "compareCode": 3}, {"name": "Service games played", "home": "6", "away": "6", "compareCode": 3}]}, {"groupName": "Return", "statisticsItems": [{"name": "First serve return points", "home": "16/39 (41%)", "away": "12/33 (36%)", "compareCode": 2}, {"name": "Second serve return points", "home": "6/15 (40%)", "away": "6/14 (42%)", "compareCode": 2}, {"name": "Break points converted", "home": "1", "away": "1", "compareCode": 3}, {"name": "Return games played", "home": "6", "away": "6", "compareCode": 3}]}, {"groupName": "Points", "statisticsItems": [{"name": "Service points won", "home": "29", "away": "32", "compareCode": 2}, {"name": "Receiver points won", "home": "22", "away": "18", "compareCode": 1}, {"name": "Total points won", "home": "51", "away": "50", "compareCode": 1}, {"name": "Max points in a row", "home": "6", "away": "5", "compareCode": 1}]}]}, {"period": "2ND", "groups": [{"groupName": "Service", "statisticsItems": [{"name": "Aces", "home": "0", "away": "2", "compareCode": 2}, {"name": "Double faults", "home": "1", "away": "0", "compareCode": 1}, {"name": "First serve", "home": "22/29 (76%)", "away": "19/26 (73%)", "compareCode": 1}, {"name": "Second serve", "home": "6/7 (86%)", "away": "7/7 (100%)", "compareCode": 2}, {"name": "First serve points", "home": "14/22 (64%)", "away": "7/19 (37%)", "compareCode": 1}, {"name": "Second serve points", "home": "0/7 (0%)", "away": "2/7 (29%)", "compareCode": 2}, {"name": "Break points saved", "home": "2/5 (40%)", "away": "1/5 (20%)", "compareCode": 3}, {"name": "Service games played", "home": "5", "away": "5", "compareCode": 3}]}, {"groupName": "Return", "statisticsItems": [{"name": "First serve return points", "home": "12/19 (63%)", "away": "8/22 (36%)", "compareCode": 1}, {"name": "Second serve return points", "home": "5/7 (71%)", "away": "7/7 (100%)", "compareCode": 3}, {"name": "Break points converted", "home": "4", "away": "3", "compareCode": 1}, {"name": "Return games played", "home": "5", "away": "5", "compareCode": 3}]}, {"groupName": "Points", "statisticsItems": [{"name": "Service points won", "home": "14", "away": "9", "compareCode": 1}, {"name": "Receiver points won", "home": "17", "away": "15", "compareCode": 1}, {"name": "Total points won", "home": "31", "away": "24", "compareCode": 1}, {"name": "Max points in a row", "home": "6", "away": "4", "compareCode": 1}]}]}, {"period": "3RD", "groups": [{"groupName": "Service", "statisticsItems": [{"name": "Aces", "home": "0", "away": "0", "compareCode": 3}, {"name": "Double faults", "home": "0", "away": "0", "compareCode": 3}, {"name": "First serve", "home": "6/7 (86%)", "away": "6/7 (86%)", "compareCode": 3}, {"name": "Second serve", "home": "1/1 (100%)", "away": "1/1 (100%)", "compareCode": 3}, {"name": "First serve points", "home": "3/6 (50%)", "away": "1/6 (17%)", "compareCode": 1}, {"name": "Second serve points", "home": "1/1 (100%)", "away": "0/1 (0%)", "compareCode": 1}, {"name": "Break points saved", "home": "0/0 (0%)", "away": "0/0 (0%)", "compareCode": 3}, {"name": "Service games played", "home": "0", "away": "0", "compareCode": 3}]}, {"groupName": "Return", "statisticsItems": [{"name": "First serve return points", "home": "5/6 (83%)", "away": "3/6 (50%)", "compareCode": 3}, {"name": "Second serve return points", "home": "1/1 (100%)", "away": "0/1 (0%)", "compareCode": 3}, {"name": "Break points converted", "home": "0", "away": "0", "compareCode": 3}, {"name": "Return games played", "home": "0", "away": "0", "compareCode": 3}]}, {"groupName": "Points", "statisticsItems": [{"name": "Service points won", "home": "4", "away": "1", "compareCode": 1}, {"name": "Receiver points won", "home": "6", "away": "3", "compareCode": 1}, {"name": "Total points won", "home": "10", "away": "4", "compareCode": 1}, {"name": "Max points in a row", "home": "4", "away": "2", "compareCode": 1}]}]}]}