{"statistics": [{"period": "ALL", "groups": [{"groupName": "Service", "statisticsItems": [{"name": "Aces", "home": "0", "away": "0", "compareCode": 3}, {"name": "Double faults", "home": "1", "away": "1", "compareCode": 3}, {"name": "First serve", "home": "62/69 (90%)", "away": "26/49 (53%)", "compareCode": 1}, {"name": "Second serve", "home": "6/7 (86%)", "away": "22/23 (96%)", "compareCode": 2}, {"name": "First serve points", "home": "29/62 (47%)", "away": "16/26 (62%)", "compareCode": 1}, {"name": "Second serve points", "home": "3/7 (43%)", "away": "7/23 (30%)", "compareCode": 2}, {"name": "Break points saved", "home": "3/8 (37%)", "away": "3/7 (42%)", "compareCode": 2}, {"name": "Service games played", "home": "8", "away": "7", "compareCode": 1}]}, {"groupName": "Return", "statisticsItems": [{"name": "First serve return points", "home": "10/26 (38%)", "away": "33/62 (53%)", "compareCode": 1}, {"name": "Second serve return points", "home": "16/23 (69%)", "away": "4/7 (57%)", "compareCode": 2}, {"name": "Break points converted", "home": "4", "away": "5", "compareCode": 2}, {"name": "Return games played", "home": "7", "away": "8", "compareCode": 1}]}, {"groupName": "Points", "statisticsItems": [{"name": "Service points won", "home": "32", "away": "23", "compareCode": 1}, {"name": "Receiver points won", "home": "26", "away": "37", "compareCode": 2}, {"name": "Total points won", "home": "58", "away": "60", "compareCode": 2}, {"name": "Max points in a row", "home": "6", "away": "10", "compareCode": 2}]}]}, {"period": "1ST", "groups": [{"groupName": "Service", "statisticsItems": [{"name": "Aces", "home": "0", "away": "0", "compareCode": 3}, {"name": "Double faults", "home": "1", "away": "1", "compareCode": 3}, {"name": "First serve", "home": "31/34 (91%)", "away": "9/21 (43%)", "compareCode": 1}, {"name": "Second serve", "home": "2/3 (67%)", "away": "11/12 (92%)", "compareCode": 2}, {"name": "First serve points", "home": "15/31 (48%)", "away": "3/9 (33%)", "compareCode": 1}, {"name": "Second serve points", "home": "2/3 (67%)", "away": "1/12 (8%)", "compareCode": 1}, {"name": "Break points saved", "home": "2/4 (50%)", "away": "1/5 (20%)", "compareCode": 1}, {"name": "Service games played", "home": "4", "away": "4", "compareCode": 3}]}, {"groupName": "Return", "statisticsItems": [{"name": "First serve return points", "home": "6/9 (66%)", "away": "16/31 (51%)", "compareCode": 1}, {"name": "Second serve return points", "home": "11/12 (91%)", "away": "1/3 (33%)", "compareCode": 2}, {"name": "Break points converted", "home": "4", "away": "2", "compareCode": 1}, {"name": "Return games played", "home": "4", "away": "4", "compareCode": 3}]}, {"groupName": "Points", "statisticsItems": [{"name": "Service points won", "home": "17", "away": "4", "compareCode": 1}, {"name": "Receiver points won", "home": "17", "away": "17", "compareCode": 3}, {"name": "Total points won", "home": "34", "away": "21", "compareCode": 1}, {"name": "Max points in a row", "home": "6", "away": "5", "compareCode": 1}]}]}, {"period": "2ND", "groups": [{"groupName": "Service", "statisticsItems": [{"name": "Aces", "home": "0", "away": "0", "compareCode": 3}, {"name": "Double faults", "home": "0", "away": "0", "compareCode": 3}, {"name": "First serve", "home": "22/26 (85%)", "away": "9/19 (47%)", "compareCode": 1}, {"name": "Second serve", "home": "4/4 (100%)", "away": "10/10 (100%)", "compareCode": 3}, {"name": "First serve points", "home": "9/22 (41%)", "away": "7/9 (78%)", "compareCode": 1}, {"name": "Second serve points", "home": "1/4 (25%)", "away": "6/10 (60%)", "compareCode": 2}, {"name": "Break points saved", "home": "1/4 (25%)", "away": "2/2 (100%)", "compareCode": 2}, {"name": "Service games played", "home": "4", "away": "3", "compareCode": 1}]}, {"groupName": "Return", "statisticsItems": [{"name": "First serve return points", "home": "2/9 (22%)", "away": "13/22 (59%)", "compareCode": 1}, {"name": "Second serve return points", "home": "4/10 (40%)", "away": "3/4 (75%)", "compareCode": 2}, {"name": "Break points converted", "home": "0", "away": "3", "compareCode": 2}, {"name": "Return games played", "home": "3", "away": "4", "compareCode": 1}]}, {"groupName": "Points", "statisticsItems": [{"name": "Service points won", "home": "10", "away": "13", "compareCode": 2}, {"name": "Receiver points won", "home": "6", "away": "16", "compareCode": 2}, {"name": "Total points won", "home": "16", "away": "29", "compareCode": 2}, {"name": "Max points in a row", "home": "5", "away": "10", "compareCode": 2}]}]}, {"period": "3RD", "groups": [{"groupName": "Service", "statisticsItems": [{"name": "Aces", "home": "0", "away": "0", "compareCode": 3}, {"name": "Double faults", "home": "0", "away": "0", "compareCode": 3}, {"name": "First serve", "home": "9/9 (100%)", "away": "8/9 (89%)", "compareCode": 1}, {"name": "Second serve", "home": "0/0 (0%)", "away": "1/1 (100%)", "compareCode": 2}, {"name": "First serve points", "home": "5/9 (56%)", "away": "6/8 (75%)", "compareCode": 2}, {"name": "Second serve points", "home": "0/0 (0%)", "away": "0/1 (0%)", "compareCode": 3}, {"name": "Break points saved", "home": "0/0 (0%)", "away": "0/0 (0%)", "compareCode": 3}, {"name": "Service games played", "home": "0", "away": "0", "compareCode": 3}]}, {"groupName": "Return", "statisticsItems": [{"name": "First serve return points", "home": "2/8 (25%)", "away": "4/9 (44%)", "compareCode": 3}, {"name": "Second serve return points", "home": "1/1 (100%)", "away": "0/0 (0%)", "compareCode": 2}, {"name": "Break points converted", "home": "0", "away": "0", "compareCode": 3}, {"name": "Return games played", "home": "0", "away": "0", "compareCode": 3}]}, {"groupName": "Points", "statisticsItems": [{"name": "Service points won", "home": "5", "away": "6", "compareCode": 2}, {"name": "Receiver points won", "home": "3", "away": "4", "compareCode": 2}, {"name": "Total points won", "home": "8", "away": "10", "compareCode": 2}, {"name": "Max points in a row", "home": "3", "away": "3", "compareCode": 3}]}]}]}