{"statistics": [{"period": "ALL", "groups": [{"groupName": "Service", "statisticsItems": [{"name": "Aces", "home": "1", "away": "1", "compareCode": 3}, {"name": "Double faults", "home": "1", "away": "0", "compareCode": 1}, {"name": "First serve", "home": "64/96 (67%)", "away": "59/73 (81%)", "compareCode": 2}, {"name": "Second serve", "home": "31/32 (97%)", "away": "14/14 (100%)", "compareCode": 2}, {"name": "First serve points", "home": "33/64 (52%)", "away": "28/59 (47%)", "compareCode": 1}, {"name": "Second serve points", "home": "14/32 (44%)", "away": "3/14 (21%)", "compareCode": 1}, {"name": "Break points saved", "home": "10/15 (66%)", "away": "6/13 (46%)", "compareCode": 2}, {"name": "Service games played", "home": "10", "away": "10", "compareCode": 3}]}, {"groupName": "Return", "statisticsItems": [{"name": "First serve return points", "home": "31/59 (52%)", "away": "31/64 (48%)", "compareCode": 1}, {"name": "Second serve return points", "home": "11/14 (78%)", "away": "18/32 (56%)", "compareCode": 1}, {"name": "Break points converted", "home": "7", "away": "5", "compareCode": 1}, {"name": "Return games played", "home": "10", "away": "10", "compareCode": 3}]}, {"groupName": "Points", "statisticsItems": [{"name": "Service points won", "home": "47", "away": "31", "compareCode": 1}, {"name": "Receiver points won", "home": "42", "away": "49", "compareCode": 2}, {"name": "Total points won", "home": "89", "away": "80", "compareCode": 1}, {"name": "Max points in a row", "home": "5", "away": "7", "compareCode": 2}]}]}, {"period": "1ST", "groups": [{"groupName": "Service", "statisticsItems": [{"name": "Aces", "home": "0", "away": "1", "compareCode": 2}, {"name": "Double faults", "home": "1", "away": "0", "compareCode": 1}, {"name": "First serve", "home": "34/52 (65%)", "away": "30/39 (77%)", "compareCode": 2}, {"name": "Second serve", "home": "17/18 (94%)", "away": "9/9 (100%)", "compareCode": 2}, {"name": "First serve points", "home": "20/34 (59%)", "away": "15/30 (50%)", "compareCode": 1}, {"name": "Second serve points", "home": "6/18 (33%)", "away": "3/9 (33%)", "compareCode": 1}, {"name": "Break points saved", "home": "7/9 (77%)", "away": "4/7 (57%)", "compareCode": 2}, {"name": "Service games played", "home": "5", "away": "5", "compareCode": 3}]}, {"groupName": "Return", "statisticsItems": [{"name": "First serve return points", "home": "15/30 (50%)", "away": "14/34 (41%)", "compareCode": 1}, {"name": "Second serve return points", "home": "6/9 (66%)", "away": "12/18 (66%)", "compareCode": 1}, {"name": "Break points converted", "home": "3", "away": "2", "compareCode": 1}, {"name": "Return games played", "home": "5", "away": "5", "compareCode": 3}]}, {"groupName": "Points", "statisticsItems": [{"name": "Service points won", "home": "26", "away": "18", "compareCode": 1}, {"name": "Receiver points won", "home": "21", "away": "26", "compareCode": 2}, {"name": "Total points won", "home": "47", "away": "44", "compareCode": 1}, {"name": "Max points in a row", "home": "5", "away": "7", "compareCode": 2}]}]}, {"period": "2ND", "groups": [{"groupName": "Service", "statisticsItems": [{"name": "Aces", "home": "1", "away": "0", "compareCode": 1}, {"name": "Double faults", "home": "0", "away": "0", "compareCode": 3}, {"name": "First serve", "home": "30/44 (68%)", "away": "29/34 (85%)", "compareCode": 2}, {"name": "Second serve", "home": "14/14 (100%)", "away": "5/5 (100%)", "compareCode": 3}, {"name": "First serve points", "home": "13/30 (43%)", "away": "13/29 (45%)", "compareCode": 3}, {"name": "Second serve points", "home": "8/14 (57%)", "away": "0/5 (0%)", "compareCode": 1}, {"name": "Break points saved", "home": "3/6 (50%)", "away": "2/6 (33%)", "compareCode": 3}, {"name": "Service games played", "home": "5", "away": "5", "compareCode": 3}]}, {"groupName": "Return", "statisticsItems": [{"name": "First serve return points", "home": "16/29 (55%)", "away": "17/30 (56%)", "compareCode": 1}, {"name": "Second serve return points", "home": "5/5 (100%)", "away": "6/14 (42%)", "compareCode": 1}, {"name": "Break points converted", "home": "4", "away": "3", "compareCode": 1}, {"name": "Return games played", "home": "5", "away": "5", "compareCode": 3}]}, {"groupName": "Points", "statisticsItems": [{"name": "Service points won", "home": "21", "away": "13", "compareCode": 1}, {"name": "Receiver points won", "home": "21", "away": "23", "compareCode": 2}, {"name": "Total points won", "home": "42", "away": "36", "compareCode": 1}, {"name": "Max points in a row", "home": "5", "away": "5", "compareCode": 3}]}]}]}