{"statistics": [{"period": "ALL", "groups": [{"groupName": "Service", "statisticsItems": [{"name": "Aces", "home": "4", "away": "0", "compareCode": 1}, {"name": "Double faults", "home": "2", "away": "3", "compareCode": 2}, {"name": "First serve", "home": "44/64 (69%)", "away": "41/65 (63%)", "compareCode": 1}, {"name": "Second serve", "home": "18/20 (90%)", "away": "21/24 (88%)", "compareCode": 1}, {"name": "First serve points", "home": "28/44 (64%)", "away": "19/41 (46%)", "compareCode": 1}, {"name": "Second serve points", "home": "9/20 (45%)", "away": "11/24 (46%)", "compareCode": 2}, {"name": "Break points saved", "home": "1/3 (33%)", "away": "3/9 (33%)", "compareCode": 1}, {"name": "Service games played", "home": "9", "away": "10", "compareCode": 2}]}, {"groupName": "Return", "statisticsItems": [{"name": "First serve return points", "home": "22/41 (53%)", "away": "16/44 (36%)", "compareCode": 2}, {"name": "Second serve return points", "home": "13/24 (54%)", "away": "11/20 (55%)", "compareCode": 2}, {"name": "Break points converted", "home": "6", "away": "2", "compareCode": 1}, {"name": "Return games played", "home": "10", "away": "9", "compareCode": 2}]}, {"groupName": "Points", "statisticsItems": [{"name": "Service points won", "home": "37", "away": "30", "compareCode": 1}, {"name": "Receiver points won", "home": "35", "away": "27", "compareCode": 1}, {"name": "Total points won", "home": "72", "away": "57", "compareCode": 1}, {"name": "Max points in a row", "home": "6", "away": "5", "compareCode": 1}]}]}, {"period": "1ST", "groups": [{"groupName": "Service", "statisticsItems": [{"name": "Aces", "home": "3", "away": "0", "compareCode": 1}, {"name": "Double faults", "home": "2", "away": "2", "compareCode": 3}, {"name": "First serve", "home": "28/44 (64%)", "away": "26/39 (67%)", "compareCode": 2}, {"name": "Second serve", "home": "14/16 (88%)", "away": "11/13 (85%)", "compareCode": 1}, {"name": "First serve points", "home": "16/28 (57%)", "away": "12/26 (46%)", "compareCode": 1}, {"name": "Second serve points", "home": "8/16 (50%)", "away": "8/13 (62%)", "compareCode": 3}, {"name": "Break points saved", "home": "1/3 (33%)", "away": "2/5 (40%)", "compareCode": 1}, {"name": "Service games played", "home": "6", "away": "6", "compareCode": 3}]}, {"groupName": "Return", "statisticsItems": [{"name": "First serve return points", "home": "14/26 (53%)", "away": "12/28 (42%)", "compareCode": 1}, {"name": "Second serve return points", "home": "5/13 (38%)", "away": "8/16 (50%)", "compareCode": 1}, {"name": "Break points converted", "home": "3", "away": "2", "compareCode": 1}, {"name": "Return games played", "home": "6", "away": "6", "compareCode": 3}]}, {"groupName": "Points", "statisticsItems": [{"name": "Service points won", "home": "24", "away": "20", "compareCode": 1}, {"name": "Receiver points won", "home": "19", "away": "20", "compareCode": 2}, {"name": "Total points won", "home": "43", "away": "40", "compareCode": 1}, {"name": "Max points in a row", "home": "6", "away": "5", "compareCode": 1}]}]}, {"period": "2ND", "groups": [{"groupName": "Service", "statisticsItems": [{"name": "Aces", "home": "1", "away": "0", "compareCode": 1}, {"name": "Double faults", "home": "0", "away": "1", "compareCode": 2}, {"name": "First serve", "home": "16/20 (80%)", "away": "15/26 (58%)", "compareCode": 1}, {"name": "Second serve", "home": "4/4 (100%)", "away": "10/11 (91%)", "compareCode": 1}, {"name": "First serve points", "home": "12/16 (75%)", "away": "7/15 (47%)", "compareCode": 1}, {"name": "Second serve points", "home": "1/4 (25%)", "away": "3/11 (27%)", "compareCode": 2}, {"name": "Break points saved", "home": "0/0 (0%)", "away": "1/4 (25%)", "compareCode": 1}, {"name": "Service games played", "home": "3", "away": "4", "compareCode": 2}]}, {"groupName": "Return", "statisticsItems": [{"name": "First serve return points", "home": "8/15 (53%)", "away": "4/16 (25%)", "compareCode": 2}, {"name": "Second serve return points", "home": "8/11 (72%)", "away": "3/4 (75%)", "compareCode": 2}, {"name": "Break points converted", "home": "3", "away": "0", "compareCode": 1}, {"name": "Return games played", "home": "4", "away": "3", "compareCode": 2}]}, {"groupName": "Points", "statisticsItems": [{"name": "Service points won", "home": "13", "away": "10", "compareCode": 1}, {"name": "Receiver points won", "home": "16", "away": "7", "compareCode": 1}, {"name": "Total points won", "home": "29", "away": "17", "compareCode": 1}, {"name": "Max points in a row", "home": "4", "away": "3", "compareCode": 1}]}]}]}