{"statistics": [{"period": "ALL", "groups": [{"groupName": "Service", "statisticsItems": [{"name": "Aces", "home": "0", "away": "1", "compareCode": 2}, {"name": "Double faults", "home": "6", "away": "5", "compareCode": 1}, {"name": "First serve", "home": "48/69 (70%)", "away": "31/67 (46%)", "compareCode": 1}, {"name": "Second serve", "home": "15/21 (71%)", "away": "31/36 (86%)", "compareCode": 2}, {"name": "First serve points", "home": "24/48 (50%)", "away": "19/31 (61%)", "compareCode": 1}, {"name": "Second serve points", "home": "9/21 (43%)", "away": "17/36 (47%)", "compareCode": 2}, {"name": "Break points saved", "home": "2/6 (33%)", "away": "7/12 (58%)", "compareCode": 1}, {"name": "Service games played", "home": "9", "away": "9", "compareCode": 3}]}, {"groupName": "Return", "statisticsItems": [{"name": "First serve return points", "home": "12/31 (38%)", "away": "24/48 (50%)", "compareCode": 1}, {"name": "Second serve return points", "home": "19/36 (52%)", "away": "12/21 (57%)", "compareCode": 2}, {"name": "Break points converted", "home": "5", "away": "4", "compareCode": 1}, {"name": "Return games played", "home": "9", "away": "9", "compareCode": 3}]}, {"groupName": "Points", "statisticsItems": [{"name": "Service points won", "home": "33", "away": "36", "compareCode": 2}, {"name": "Receiver points won", "home": "31", "away": "36", "compareCode": 2}, {"name": "Total points won", "home": "64", "away": "72", "compareCode": 2}, {"name": "Max points in a row", "home": "4", "away": "7", "compareCode": 2}]}]}, {"period": "1ST", "groups": [{"groupName": "Service", "statisticsItems": [{"name": "Aces", "home": "0", "away": "0", "compareCode": 3}, {"name": "Double faults", "home": "0", "away": "0", "compareCode": 3}, {"name": "Break points saved", "home": "0/0 (0%)", "away": "0/0 (0%)", "compareCode": 3}]}, {"groupName": "Return", "statisticsItems": [{"name": "Break points converted", "home": "0", "away": "0", "compareCode": 3}]}, {"groupName": "Points", "statisticsItems": [{"name": "Max points in a row", "home": "3", "away": "5", "compareCode": 2}]}]}, {"period": "2ND", "groups": [{"groupName": "Service", "statisticsItems": [{"name": "Aces", "home": "0", "away": "0", "compareCode": 3}, {"name": "Double faults", "home": "5", "away": "2", "compareCode": 1}, {"name": "First serve", "home": "22/33 (67%)", "away": "14/30 (47%)", "compareCode": 1}, {"name": "Second serve", "home": "6/11 (55%)", "away": "14/16 (88%)", "compareCode": 2}, {"name": "First serve points", "home": "15/22 (68%)", "away": "7/14 (50%)", "compareCode": 1}, {"name": "Second serve points", "home": "4/11 (36%)", "away": "7/16 (44%)", "compareCode": 2}, {"name": "Break points saved", "home": "0/1 (0%)", "away": "5/8 (62%)", "compareCode": 1}, {"name": "Service games played", "home": "4", "away": "4", "compareCode": 3}]}, {"groupName": "Return", "statisticsItems": [{"name": "First serve return points", "home": "7/14 (50%)", "away": "7/22 (31%)", "compareCode": 1}, {"name": "Second serve return points", "home": "9/16 (56%)", "away": "7/11 (63%)", "compareCode": 2}, {"name": "Break points converted", "home": "3", "away": "1", "compareCode": 1}, {"name": "Return games played", "home": "4", "away": "4", "compareCode": 3}]}, {"groupName": "Points", "statisticsItems": [{"name": "Service points won", "home": "19", "away": "14", "compareCode": 1}, {"name": "Receiver points won", "home": "16", "away": "14", "compareCode": 1}, {"name": "Total points won", "home": "35", "away": "28", "compareCode": 1}, {"name": "Max points in a row", "home": "1", "away": "7", "compareCode": 2}]}]}, {"period": "3RD", "groups": [{"groupName": "Service", "statisticsItems": [{"name": "Aces", "home": "0", "away": "1", "compareCode": 2}, {"name": "Double faults", "home": "1", "away": "0", "compareCode": 1}, {"name": "Break points saved", "home": "0/0 (0%)", "away": "0/0 (0%)", "compareCode": 3}]}, {"groupName": "Return", "statisticsItems": [{"name": "Break points converted", "home": "0", "away": "0", "compareCode": 3}]}]}]}