{"statistics": [{"period": "ALL", "groups": [{"groupName": "Service", "statisticsItems": [{"name": "Aces", "home": "0", "away": "1", "compareCode": 2}, {"name": "Double faults", "home": "2", "away": "2", "compareCode": 3}, {"name": "First serve", "home": "47/54 (87%)", "away": "45/55 (82%)", "compareCode": 1}, {"name": "Second serve", "home": "5/7 (71%)", "away": "8/10 (80%)", "compareCode": 2}, {"name": "First serve points", "home": "25/47 (53%)", "away": "30/45 (67%)", "compareCode": 2}, {"name": "Second serve points", "home": "2/7 (29%)", "away": "3/10 (30%)", "compareCode": 2}, {"name": "Break points saved", "home": "3/8 (37%)", "away": "3/5 (60%)", "compareCode": 2}, {"name": "Service games played", "home": "10", "away": "9", "compareCode": 1}]}, {"groupName": "Return", "statisticsItems": [{"name": "First serve return points", "home": "15/45 (33%)", "away": "22/47 (46%)", "compareCode": 2}, {"name": "Second serve return points", "home": "7/10 (70%)", "away": "5/7 (71%)", "compareCode": 2}, {"name": "Break points converted", "home": "2", "away": "5", "compareCode": 2}, {"name": "Return games played", "home": "9", "away": "10", "compareCode": 1}]}, {"groupName": "Points", "statisticsItems": [{"name": "Service points won", "home": "27", "away": "33", "compareCode": 2}, {"name": "Receiver points won", "home": "22", "away": "27", "compareCode": 2}, {"name": "Total points won", "home": "49", "away": "60", "compareCode": 2}, {"name": "Max points in a row", "home": "9", "away": "9", "compareCode": 3}]}]}, {"period": "1ST", "groups": [{"groupName": "Service", "statisticsItems": [{"name": "Aces", "home": "0", "away": "0", "compareCode": 3}, {"name": "Double faults", "home": "1", "away": "1", "compareCode": 3}, {"name": "First serve", "home": "27/31 (87%)", "away": "22/28 (79%)", "compareCode": 1}, {"name": "Second serve", "home": "3/4 (75%)", "away": "5/6 (83%)", "compareCode": 2}, {"name": "First serve points", "home": "16/27 (59%)", "away": "14/22 (64%)", "compareCode": 1}, {"name": "Second serve points", "home": "1/4 (25%)", "away": "3/6 (50%)", "compareCode": 2}, {"name": "Break points saved", "home": "3/5 (60%)", "away": "0/1 (0%)", "compareCode": 2}, {"name": "Service games played", "home": "5", "away": "5", "compareCode": 3}]}, {"groupName": "Return", "statisticsItems": [{"name": "First serve return points", "home": "8/22 (36%)", "away": "11/27 (40%)", "compareCode": 1}, {"name": "Second serve return points", "home": "3/6 (50%)", "away": "3/4 (75%)", "compareCode": 2}, {"name": "Break points converted", "home": "1", "away": "2", "compareCode": 2}, {"name": "Return games played", "home": "5", "away": "5", "compareCode": 3}]}, {"groupName": "Points", "statisticsItems": [{"name": "Service points won", "home": "17", "away": "17", "compareCode": 3}, {"name": "Receiver points won", "home": "11", "away": "14", "compareCode": 2}, {"name": "Total points won", "home": "28", "away": "31", "compareCode": 2}, {"name": "Max points in a row", "home": "9", "away": "9", "compareCode": 3}]}]}, {"period": "2ND", "groups": [{"groupName": "Service", "statisticsItems": [{"name": "Aces", "home": "0", "away": "1", "compareCode": 2}, {"name": "Double faults", "home": "1", "away": "1", "compareCode": 3}, {"name": "First serve", "home": "20/23 (87%)", "away": "23/27 (85%)", "compareCode": 1}, {"name": "Second serve", "home": "2/3 (67%)", "away": "3/4 (75%)", "compareCode": 2}, {"name": "First serve points", "home": "9/20 (45%)", "away": "16/23 (70%)", "compareCode": 2}, {"name": "Second serve points", "home": "1/3 (33%)", "away": "0/4 (0%)", "compareCode": 1}, {"name": "Break points saved", "home": "0/3 (0%)", "away": "3/4 (75%)", "compareCode": 1}, {"name": "Service games played", "home": "5", "away": "4", "compareCode": 1}]}, {"groupName": "Return", "statisticsItems": [{"name": "First serve return points", "home": "7/23 (30%)", "away": "11/20 (55%)", "compareCode": 2}, {"name": "Second serve return points", "home": "4/4 (100%)", "away": "2/3 (66%)", "compareCode": 2}, {"name": "Break points converted", "home": "1", "away": "3", "compareCode": 2}, {"name": "Return games played", "home": "4", "away": "5", "compareCode": 1}]}, {"groupName": "Points", "statisticsItems": [{"name": "Service points won", "home": "10", "away": "16", "compareCode": 2}, {"name": "Receiver points won", "home": "11", "away": "13", "compareCode": 2}, {"name": "Total points won", "home": "21", "away": "29", "compareCode": 2}, {"name": "Max points in a row", "home": "5", "away": "6", "compareCode": 2}]}]}]}