{"statistics": [{"period": "ALL", "groups": [{"groupName": "Service", "statisticsItems": [{"name": "Aces", "home": "0", "away": "0", "compareCode": 3}, {"name": "Double faults", "home": "3", "away": "0", "compareCode": 1}, {"name": "First serve", "home": "41/52 (79%)", "away": "37/48 (77%)", "compareCode": 1}, {"name": "Second serve", "home": "8/11 (73%)", "away": "11/11 (100%)", "compareCode": 2}, {"name": "First serve points", "home": "18/41 (44%)", "away": "26/37 (70%)", "compareCode": 2}, {"name": "Second serve points", "home": "5/11 (45%)", "away": "7/11 (64%)", "compareCode": 2}, {"name": "Break points saved", "home": "5/10 (50%)", "away": "1/2 (50%)", "compareCode": 2}, {"name": "Service games played", "home": "8", "away": "8", "compareCode": 3}]}, {"groupName": "Return", "statisticsItems": [{"name": "First serve return points", "home": "11/37 (29%)", "away": "23/41 (56%)", "compareCode": 1}, {"name": "Second serve return points", "home": "4/11 (36%)", "away": "6/11 (54%)", "compareCode": 3}, {"name": "Break points converted", "home": "1", "away": "5", "compareCode": 2}, {"name": "Return games played", "home": "8", "away": "8", "compareCode": 3}]}, {"groupName": "Points", "statisticsItems": [{"name": "Service points won", "home": "23", "away": "33", "compareCode": 2}, {"name": "Receiver points won", "home": "15", "away": "29", "compareCode": 2}, {"name": "Total points won", "home": "38", "away": "62", "compareCode": 2}, {"name": "Max points in a row", "home": "4", "away": "10", "compareCode": 2}]}]}, {"period": "1ST", "groups": [{"groupName": "Service", "statisticsItems": [{"name": "Aces", "home": "0", "away": "0", "compareCode": 3}, {"name": "Double faults", "home": "2", "away": "0", "compareCode": 1}, {"name": "First serve", "home": "27/36 (75%)", "away": "16/22 (73%)", "compareCode": 1}, {"name": "Second serve", "home": "7/9 (78%)", "away": "6/6 (100%)", "compareCode": 2}, {"name": "First serve points", "home": "12/27 (44%)", "away": "11/16 (69%)", "compareCode": 1}, {"name": "Second serve points", "home": "5/9 (56%)", "away": "4/6 (67%)", "compareCode": 1}, {"name": "Break points saved", "home": "5/8 (62%)", "away": "0/1 (0%)", "compareCode": 2}, {"name": "Service games played", "home": "5", "away": "4", "compareCode": 1}]}, {"groupName": "Return", "statisticsItems": [{"name": "First serve return points", "home": "5/16 (31%)", "away": "15/27 (55%)", "compareCode": 1}, {"name": "Second serve return points", "home": "2/6 (33%)", "away": "4/9 (44%)", "compareCode": 1}, {"name": "Break points converted", "home": "1", "away": "3", "compareCode": 2}, {"name": "Return games played", "home": "4", "away": "5", "compareCode": 1}]}, {"groupName": "Points", "statisticsItems": [{"name": "Service points won", "home": "17", "away": "15", "compareCode": 1}, {"name": "Receiver points won", "home": "7", "away": "19", "compareCode": 2}, {"name": "Total points won", "home": "24", "away": "34", "compareCode": 2}, {"name": "Max points in a row", "home": "4", "away": "7", "compareCode": 2}]}]}, {"period": "2ND", "groups": [{"groupName": "Service", "statisticsItems": [{"name": "Aces", "home": "0", "away": "0", "compareCode": 3}, {"name": "Double faults", "home": "1", "away": "0", "compareCode": 1}, {"name": "First serve", "home": "14/16 (88%)", "away": "21/26 (81%)", "compareCode": 1}, {"name": "Second serve", "home": "1/2 (50%)", "away": "5/5 (100%)", "compareCode": 2}, {"name": "First serve points", "home": "6/14 (43%)", "away": "15/21 (71%)", "compareCode": 2}, {"name": "Second serve points", "home": "0/2 (0%)", "away": "3/5 (60%)", "compareCode": 2}, {"name": "Break points saved", "home": "0/2 (0%)", "away": "1/1 (100%)", "compareCode": 2}, {"name": "Service games played", "home": "3", "away": "4", "compareCode": 2}]}, {"groupName": "Return", "statisticsItems": [{"name": "First serve return points", "home": "6/21 (28%)", "away": "8/14 (57%)", "compareCode": 2}, {"name": "Second serve return points", "home": "2/5 (40%)", "away": "2/2 (100%)", "compareCode": 2}, {"name": "Break points converted", "home": "0", "away": "2", "compareCode": 2}, {"name": "Return games played", "home": "4", "away": "3", "compareCode": 2}]}, {"groupName": "Points", "statisticsItems": [{"name": "Service points won", "home": "6", "away": "18", "compareCode": 2}, {"name": "Receiver points won", "home": "8", "away": "10", "compareCode": 2}, {"name": "Total points won", "home": "14", "away": "28", "compareCode": 2}, {"name": "Max points in a row", "home": "4", "away": "10", "compareCode": 2}]}]}]}