{"statistics": [{"period": "ALL", "groups": [{"groupName": "Service", "statisticsItems": [{"name": "Aces", "home": "0", "away": "0", "compareCode": 3}, {"name": "Double faults", "home": "2", "away": "4", "compareCode": 2}, {"name": "First serve", "home": "30/45 (67%)", "away": "26/46 (57%)", "compareCode": 1}, {"name": "Second serve", "home": "13/15 (87%)", "away": "16/20 (80%)", "compareCode": 1}, {"name": "First serve points", "home": "22/30 (73%)", "away": "14/26 (54%)", "compareCode": 1}, {"name": "Second serve points", "home": "9/15 (60%)", "away": "5/20 (25%)", "compareCode": 1}, {"name": "Break points saved", "home": "0/0 (0%)", "away": "2/7 (28%)", "compareCode": 1}, {"name": "Service games played", "home": "7", "away": "7", "compareCode": 3}]}, {"groupName": "Return", "statisticsItems": [{"name": "First serve return points", "home": "12/26 (46%)", "away": "8/30 (26%)", "compareCode": 2}, {"name": "Second serve return points", "home": "15/20 (75%)", "away": "6/15 (40%)", "compareCode": 2}, {"name": "Break points converted", "home": "5", "away": "0", "compareCode": 1}, {"name": "Return games played", "home": "7", "away": "7", "compareCode": 3}]}, {"groupName": "Points", "statisticsItems": [{"name": "Service points won", "home": "31", "away": "19", "compareCode": 1}, {"name": "Receiver points won", "home": "27", "away": "14", "compareCode": 1}, {"name": "Total points won", "home": "58", "away": "33", "compareCode": 1}, {"name": "Max points in a row", "home": "10", "away": "3", "compareCode": 1}]}]}, {"period": "1ST", "groups": [{"groupName": "Service", "statisticsItems": [{"name": "Aces", "home": "0", "away": "0", "compareCode": 3}, {"name": "Double faults", "home": "1", "away": "2", "compareCode": 2}, {"name": "First serve", "home": "13/19 (68%)", "away": "13/26 (50%)", "compareCode": 1}, {"name": "Second serve", "home": "5/6 (83%)", "away": "11/13 (85%)", "compareCode": 2}, {"name": "First serve points", "home": "10/13 (77%)", "away": "6/13 (46%)", "compareCode": 1}, {"name": "Second serve points", "home": "4/6 (67%)", "away": "4/13 (31%)", "compareCode": 3}, {"name": "Break points saved", "home": "0/0 (0%)", "away": "2/5 (40%)", "compareCode": 1}, {"name": "Service games played", "home": "3", "away": "4", "compareCode": 2}]}, {"groupName": "Return", "statisticsItems": [{"name": "First serve return points", "home": "7/13 (53%)", "away": "3/13 (23%)", "compareCode": 2}, {"name": "Second serve return points", "home": "9/13 (69%)", "away": "2/6 (33%)", "compareCode": 2}, {"name": "Break points converted", "home": "3", "away": "0", "compareCode": 1}, {"name": "Return games played", "home": "4", "away": "3", "compareCode": 2}]}, {"groupName": "Points", "statisticsItems": [{"name": "Service points won", "home": "14", "away": "10", "compareCode": 1}, {"name": "Receiver points won", "home": "16", "away": "5", "compareCode": 1}, {"name": "Total points won", "home": "30", "away": "15", "compareCode": 1}, {"name": "Max points in a row", "home": "10", "away": "3", "compareCode": 1}]}]}, {"period": "2ND", "groups": [{"groupName": "Service", "statisticsItems": [{"name": "Aces", "home": "0", "away": "0", "compareCode": 3}, {"name": "Double faults", "home": "1", "away": "2", "compareCode": 2}, {"name": "First serve", "home": "17/26 (65%)", "away": "13/20 (65%)", "compareCode": 3}, {"name": "Second serve", "home": "8/9 (89%)", "away": "5/7 (71%)", "compareCode": 1}, {"name": "First serve points", "home": "12/17 (71%)", "away": "8/13 (62%)", "compareCode": 1}, {"name": "Second serve points", "home": "5/9 (56%)", "away": "1/7 (14%)", "compareCode": 1}, {"name": "Break points saved", "home": "0/0 (0%)", "away": "0/2 (0%)", "compareCode": 1}, {"name": "Service games played", "home": "4", "away": "3", "compareCode": 1}]}, {"groupName": "Return", "statisticsItems": [{"name": "First serve return points", "home": "5/13 (38%)", "away": "5/17 (29%)", "compareCode": 1}, {"name": "Second serve return points", "home": "6/7 (85%)", "away": "4/9 (44%)", "compareCode": 1}, {"name": "Break points converted", "home": "2", "away": "0", "compareCode": 1}, {"name": "Return games played", "home": "3", "away": "4", "compareCode": 1}]}, {"groupName": "Points", "statisticsItems": [{"name": "Service points won", "home": "17", "away": "9", "compareCode": 1}, {"name": "Receiver points won", "home": "11", "away": "9", "compareCode": 1}, {"name": "Total points won", "home": "28", "away": "18", "compareCode": 1}, {"name": "Max points in a row", "home": "5", "away": "3", "compareCode": 1}]}]}]}