{"statistics": [{"period": "ALL", "groups": [{"groupName": "Service", "statisticsItems": [{"name": "Aces", "home": "3", "away": "2", "compareCode": 1}, {"name": "Double faults", "home": "3", "away": "2", "compareCode": 1}, {"name": "First serve", "home": "44/66 (67%)", "away": "54/83 (65%)", "compareCode": 1}, {"name": "Second serve", "home": "19/22 (86%)", "away": "27/29 (93%)", "compareCode": 2}, {"name": "First serve points", "home": "25/44 (57%)", "away": "34/54 (63%)", "compareCode": 2}, {"name": "Second serve points", "home": "9/22 (41%)", "away": "9/29 (31%)", "compareCode": 3}, {"name": "Break points saved", "home": "4/8 (50%)", "away": "5/10 (50%)", "compareCode": 1}, {"name": "Service games played", "home": "9", "away": "10", "compareCode": 2}]}, {"groupName": "Return", "statisticsItems": [{"name": "First serve return points", "home": "20/54 (37%)", "away": "19/44 (43%)", "compareCode": 2}, {"name": "Second serve return points", "home": "20/29 (68%)", "away": "13/22 (59%)", "compareCode": 2}, {"name": "Break points converted", "home": "5", "away": "4", "compareCode": 1}, {"name": "Return games played", "home": "10", "away": "9", "compareCode": 2}]}, {"groupName": "Points", "statisticsItems": [{"name": "Service points won", "home": "34", "away": "43", "compareCode": 2}, {"name": "Receiver points won", "home": "40", "away": "32", "compareCode": 1}, {"name": "Total points won", "home": "74", "away": "75", "compareCode": 2}, {"name": "Max points in a row", "home": "7", "away": "8", "compareCode": 2}]}]}, {"period": "1ST", "groups": [{"groupName": "Service", "statisticsItems": [{"name": "Aces", "home": "2", "away": "0", "compareCode": 1}, {"name": "Double faults", "home": "1", "away": "2", "compareCode": 2}, {"name": "First serve", "home": "20/27 (74%)", "away": "19/33 (58%)", "compareCode": 1}, {"name": "Second serve", "home": "6/7 (86%)", "away": "12/14 (86%)", "compareCode": 3}, {"name": "First serve points", "home": "12/20 (60%)", "away": "10/19 (53%)", "compareCode": 1}, {"name": "Second serve points", "home": "4/7 (57%)", "away": "4/14 (29%)", "compareCode": 3}, {"name": "Break points saved", "home": "3/4 (75%)", "away": "1/4 (25%)", "compareCode": 3}, {"name": "Service games played", "home": "4", "away": "5", "compareCode": 2}]}, {"groupName": "Return", "statisticsItems": [{"name": "First serve return points", "home": "9/19 (47%)", "away": "8/20 (40%)", "compareCode": 2}, {"name": "Second serve return points", "home": "10/14 (71%)", "away": "3/7 (42%)", "compareCode": 2}, {"name": "Break points converted", "home": "3", "away": "1", "compareCode": 1}, {"name": "Return games played", "home": "5", "away": "4", "compareCode": 2}]}, {"groupName": "Points", "statisticsItems": [{"name": "Service points won", "home": "16", "away": "14", "compareCode": 1}, {"name": "Receiver points won", "home": "19", "away": "11", "compareCode": 1}, {"name": "Total points won", "home": "35", "away": "25", "compareCode": 1}, {"name": "Max points in a row", "home": "6", "away": "4", "compareCode": 1}]}]}, {"period": "2ND", "groups": [{"groupName": "Service", "statisticsItems": [{"name": "Aces", "home": "1", "away": "1", "compareCode": 3}, {"name": "Double faults", "home": "2", "away": "0", "compareCode": 1}, {"name": "First serve", "home": "17/30 (57%)", "away": "29/41 (71%)", "compareCode": 2}, {"name": "Second serve", "home": "11/13 (85%)", "away": "12/12 (100%)", "compareCode": 2}, {"name": "First serve points", "home": "9/17 (53%)", "away": "19/29 (66%)", "compareCode": 2}, {"name": "Second serve points", "home": "4/13 (31%)", "away": "4/12 (33%)", "compareCode": 3}, {"name": "Break points saved", "home": "1/4 (25%)", "away": "4/6 (66%)", "compareCode": 1}, {"name": "Service games played", "home": "5", "away": "5", "compareCode": 3}]}, {"groupName": "Return", "statisticsItems": [{"name": "First serve return points", "home": "10/29 (34%)", "away": "8/17 (47%)", "compareCode": 2}, {"name": "Second serve return points", "home": "8/12 (66%)", "away": "9/13 (69%)", "compareCode": 1}, {"name": "Break points converted", "home": "2", "away": "3", "compareCode": 2}, {"name": "Return games played", "home": "5", "away": "5", "compareCode": 3}]}, {"groupName": "Points", "statisticsItems": [{"name": "Service points won", "home": "13", "away": "23", "compareCode": 2}, {"name": "Receiver points won", "home": "18", "away": "17", "compareCode": 1}, {"name": "Total points won", "home": "31", "away": "40", "compareCode": 2}, {"name": "Max points in a row", "home": "7", "away": "8", "compareCode": 2}]}]}, {"period": "3RD", "groups": [{"groupName": "Service", "statisticsItems": [{"name": "Aces", "home": "0", "away": "1", "compareCode": 2}, {"name": "Double faults", "home": "0", "away": "0", "compareCode": 3}, {"name": "First serve", "home": "7/9 (78%)", "away": "6/9 (67%)", "compareCode": 1}, {"name": "Second serve", "home": "2/2 (100%)", "away": "3/3 (100%)", "compareCode": 3}, {"name": "First serve points", "home": "4/7 (57%)", "away": "5/6 (83%)", "compareCode": 2}, {"name": "Second serve points", "home": "1/2 (50%)", "away": "1/3 (33%)", "compareCode": 3}, {"name": "Break points saved", "home": "0/0 (0%)", "away": "0/0 (0%)", "compareCode": 3}, {"name": "Service games played", "home": "0", "away": "0", "compareCode": 3}]}, {"groupName": "Return", "statisticsItems": [{"name": "First serve return points", "home": "1/6 (16%)", "away": "3/7 (42%)", "compareCode": 3}, {"name": "Second serve return points", "home": "2/3 (66%)", "away": "1/2 (50%)", "compareCode": 2}, {"name": "Break points converted", "home": "0", "away": "0", "compareCode": 3}, {"name": "Return games played", "home": "0", "away": "0", "compareCode": 3}]}, {"groupName": "Points", "statisticsItems": [{"name": "Service points won", "home": "5", "away": "6", "compareCode": 2}, {"name": "Receiver points won", "home": "3", "away": "4", "compareCode": 2}, {"name": "Total points won", "home": "8", "away": "10", "compareCode": 2}, {"name": "Max points in a row", "home": "3", "away": "3", "compareCode": 3}]}]}]}