{"statistics": [{"period": "ALL", "groups": [{"groupName": "Service", "statisticsItems": [{"name": "Aces", "home": "7", "away": "2", "compareCode": 1}, {"name": "Double faults", "home": "3", "away": "1", "compareCode": 1}, {"name": "First serve", "home": "32/58 (55%)", "away": "57/79 (72%)", "compareCode": 2}, {"name": "Second serve", "home": "23/26 (88%)", "away": "21/22 (95%)", "compareCode": 2}, {"name": "First serve points", "home": "23/32 (72%)", "away": "28/57 (49%)", "compareCode": 2}, {"name": "Second serve points", "home": "12/26 (46%)", "away": "11/22 (50%)", "compareCode": 1}, {"name": "Break points saved", "home": "1/3 (33%)", "away": "6/11 (54%)", "compareCode": 1}, {"name": "Service games played", "home": "9", "away": "9", "compareCode": 3}]}, {"groupName": "Return", "statisticsItems": [{"name": "First serve return points", "home": "29/57 (50%)", "away": "9/32 (28%)", "compareCode": 2}, {"name": "Second serve return points", "home": "11/22 (50%)", "away": "14/26 (53%)", "compareCode": 1}, {"name": "Break points converted", "home": "5", "away": "2", "compareCode": 1}, {"name": "Return games played", "home": "9", "away": "9", "compareCode": 3}]}, {"groupName": "Points", "statisticsItems": [{"name": "Service points won", "home": "35", "away": "39", "compareCode": 2}, {"name": "Receiver points won", "home": "40", "away": "23", "compareCode": 1}, {"name": "Total points won", "home": "75", "away": "62", "compareCode": 1}, {"name": "Max points in a row", "home": "5", "away": "5", "compareCode": 3}]}]}, {"period": "1ST", "groups": [{"groupName": "Service", "statisticsItems": [{"name": "Aces", "home": "2", "away": "2", "compareCode": 3}, {"name": "Double faults", "home": "2", "away": "1", "compareCode": 1}, {"name": "First serve", "home": "12/26 (46%)", "away": "25/33 (76%)", "compareCode": 2}, {"name": "Second serve", "home": "12/14 (86%)", "away": "7/8 (88%)", "compareCode": 2}, {"name": "First serve points", "home": "10/12 (83%)", "away": "13/25 (52%)", "compareCode": 2}, {"name": "Second serve points", "home": "8/14 (57%)", "away": "4/8 (50%)", "compareCode": 1}, {"name": "Break points saved", "home": "1/1 (100%)", "away": "2/4 (50%)", "compareCode": 1}, {"name": "Service games played", "home": "4", "away": "4", "compareCode": 3}]}, {"groupName": "Return", "statisticsItems": [{"name": "First serve return points", "home": "12/25 (48%)", "away": "2/12 (16%)", "compareCode": 2}, {"name": "Second serve return points", "home": "4/8 (50%)", "away": "6/14 (42%)", "compareCode": 1}, {"name": "Break points converted", "home": "2", "away": "0", "compareCode": 1}, {"name": "Return games played", "home": "4", "away": "4", "compareCode": 3}]}, {"groupName": "Points", "statisticsItems": [{"name": "Service points won", "home": "18", "away": "17", "compareCode": 1}, {"name": "Receiver points won", "home": "16", "away": "8", "compareCode": 1}, {"name": "Total points won", "home": "34", "away": "25", "compareCode": 1}, {"name": "Max points in a row", "home": "5", "away": "3", "compareCode": 1}]}]}, {"period": "2ND", "groups": [{"groupName": "Service", "statisticsItems": [{"name": "Aces", "home": "5", "away": "0", "compareCode": 1}, {"name": "Double faults", "home": "1", "away": "0", "compareCode": 1}, {"name": "First serve", "home": "20/32 (63%)", "away": "32/46 (70%)", "compareCode": 2}, {"name": "Second serve", "home": "11/12 (92%)", "away": "14/14 (100%)", "compareCode": 2}, {"name": "First serve points", "home": "13/20 (65%)", "away": "15/32 (47%)", "compareCode": 2}, {"name": "Second serve points", "home": "4/12 (33%)", "away": "7/14 (50%)", "compareCode": 2}, {"name": "Break points saved", "home": "0/2 (0%)", "away": "4/7 (57%)", "compareCode": 1}, {"name": "Service games played", "home": "5", "away": "5", "compareCode": 3}]}, {"groupName": "Return", "statisticsItems": [{"name": "First serve return points", "home": "17/32 (53%)", "away": "7/20 (35%)", "compareCode": 2}, {"name": "Second serve return points", "home": "7/14 (50%)", "away": "8/12 (66%)", "compareCode": 2}, {"name": "Break points converted", "home": "3", "away": "2", "compareCode": 1}, {"name": "Return games played", "home": "5", "away": "5", "compareCode": 3}]}, {"groupName": "Points", "statisticsItems": [{"name": "Service points won", "home": "17", "away": "22", "compareCode": 2}, {"name": "Receiver points won", "home": "24", "away": "15", "compareCode": 1}, {"name": "Total points won", "home": "41", "away": "37", "compareCode": 1}, {"name": "Max points in a row", "home": "5", "away": "5", "compareCode": 3}]}]}]}