{"statistics": [{"period": "ALL", "groups": [{"groupName": "Service", "statisticsItems": [{"name": "Aces", "home": "0", "away": "0", "compareCode": 3}, {"name": "First serve", "home": "54/69 (78%)", "away": "51/56 (91%)", "compareCode": 2}, {"name": "Second serve", "home": "15/15 (100%)", "away": "5/5 (100%)", "compareCode": 3}, {"name": "First serve points", "home": "25/54 (46%)", "away": "30/51 (59%)", "compareCode": 2}, {"name": "Second serve points", "home": "7/15 (47%)", "away": "2/5 (40%)", "compareCode": 1}, {"name": "Break points saved", "home": "8/14 (57%)", "away": "2/6 (33%)", "compareCode": 2}, {"name": "Service games played", "home": "10", "away": "10", "compareCode": 3}]}, {"groupName": "Return", "statisticsItems": [{"name": "First serve return points", "home": "21/51 (41%)", "away": "29/54 (53%)", "compareCode": 1}, {"name": "Second serve return points", "home": "3/5 (60%)", "away": "8/15 (53%)", "compareCode": 1}, {"name": "Break points converted", "home": "4", "away": "6", "compareCode": 2}, {"name": "Return games played", "home": "10", "away": "10", "compareCode": 3}]}, {"groupName": "Points", "statisticsItems": [{"name": "Service points won", "home": "32", "away": "32", "compareCode": 3}, {"name": "Receiver points won", "home": "24", "away": "37", "compareCode": 2}, {"name": "Total points won", "home": "56", "away": "69", "compareCode": 2}, {"name": "Max points in a row", "home": "5", "away": "8", "compareCode": 2}]}]}, {"period": "1ST", "groups": [{"groupName": "Service", "statisticsItems": [{"name": "Aces", "home": "0", "away": "0", "compareCode": 3}, {"name": "Double faults", "home": "0", "away": "0", "compareCode": 3}, {"name": "First serve", "home": "29/38 (76%)", "away": "25/28 (89%)", "compareCode": 2}, {"name": "Second serve", "home": "9/9 (100%)", "away": "3/3 (100%)", "compareCode": 3}, {"name": "First serve points", "home": "11/29 (38%)", "away": "12/25 (48%)", "compareCode": 2}, {"name": "Second serve points", "home": "5/9 (56%)", "away": "1/3 (33%)", "compareCode": 1}, {"name": "Break points saved", "home": "5/9 (55%)", "away": "2/5 (40%)", "compareCode": 2}, {"name": "Service games played", "home": "5", "away": "5", "compareCode": 3}]}, {"groupName": "Return", "statisticsItems": [{"name": "First serve return points", "home": "13/25 (52%)", "away": "18/29 (62%)", "compareCode": 1}, {"name": "Second serve return points", "home": "2/3 (66%)", "away": "4/9 (44%)", "compareCode": 1}, {"name": "Break points converted", "home": "3", "away": "4", "compareCode": 2}, {"name": "Return games played", "home": "5", "away": "5", "compareCode": 3}]}, {"groupName": "Points", "statisticsItems": [{"name": "Service points won", "home": "16", "away": "13", "compareCode": 1}, {"name": "Receiver points won", "home": "15", "away": "22", "compareCode": 2}, {"name": "Total points won", "home": "31", "away": "35", "compareCode": 2}, {"name": "Max points in a row", "home": "4", "away": "4", "compareCode": 3}]}]}, {"period": "2ND", "groups": [{"groupName": "Service", "statisticsItems": [{"name": "Aces", "home": "0", "away": "0", "compareCode": 3}, {"name": "Double faults", "home": "0", "away": "0", "compareCode": 3}, {"name": "First serve", "home": "25/31 (81%)", "away": "26/28 (93%)", "compareCode": 2}, {"name": "Second serve", "home": "6/6 (100%)", "away": "2/2 (100%)", "compareCode": 3}, {"name": "First serve points", "home": "14/25 (56%)", "away": "18/26 (69%)", "compareCode": 2}, {"name": "Second serve points", "home": "2/6 (33%)", "away": "1/2 (50%)", "compareCode": 1}, {"name": "Break points saved", "home": "3/5 (60%)", "away": "0/1 (0%)", "compareCode": 2}, {"name": "Service games played", "home": "5", "away": "5", "compareCode": 3}]}, {"groupName": "Return", "statisticsItems": [{"name": "First serve return points", "home": "8/26 (30%)", "away": "11/25 (44%)", "compareCode": 1}, {"name": "Second serve return points", "home": "1/2 (50%)", "away": "4/6 (66%)", "compareCode": 1}, {"name": "Break points converted", "home": "1", "away": "2", "compareCode": 2}, {"name": "Return games played", "home": "5", "away": "5", "compareCode": 3}]}, {"groupName": "Points", "statisticsItems": [{"name": "Service points won", "home": "16", "away": "19", "compareCode": 2}, {"name": "Receiver points won", "home": "9", "away": "15", "compareCode": 2}, {"name": "Total points won", "home": "25", "away": "34", "compareCode": 2}, {"name": "Max points in a row", "home": "5", "away": "8", "compareCode": 2}]}]}]}