{"statistics": [{"period": "ALL", "groups": [{"groupName": "Service", "statisticsItems": [{"name": "Aces", "home": "1", "away": "2", "compareCode": 2}, {"name": "Double faults", "home": "4", "away": "1", "compareCode": 1}, {"name": "First serve", "home": "54/79 (68%)", "away": "51/72 (71%)", "compareCode": 2}, {"name": "Second serve", "home": "21/25 (84%)", "away": "20/21 (95%)", "compareCode": 2}, {"name": "First serve points", "home": "28/54 (52%)", "away": "31/51 (61%)", "compareCode": 2}, {"name": "Second serve points", "home": "11/25 (44%)", "away": "10/21 (48%)", "compareCode": 1}, {"name": "Break points saved", "home": "6/11 (54%)", "away": "6/9 (66%)", "compareCode": 2}, {"name": "Service games played", "home": "9", "away": "10", "compareCode": 2}]}, {"groupName": "Return", "statisticsItems": [{"name": "First serve return points", "home": "20/51 (39%)", "away": "26/54 (48%)", "compareCode": 1}, {"name": "Second serve return points", "home": "11/21 (52%)", "away": "14/25 (56%)", "compareCode": 1}, {"name": "Break points converted", "home": "3", "away": "5", "compareCode": 2}, {"name": "Return games played", "home": "10", "away": "9", "compareCode": 2}]}, {"groupName": "Points", "statisticsItems": [{"name": "Service points won", "home": "39", "away": "41", "compareCode": 2}, {"name": "Receiver points won", "home": "31", "away": "40", "compareCode": 2}, {"name": "Total points won", "home": "70", "away": "81", "compareCode": 2}, {"name": "Max points in a row", "home": "5", "away": "5", "compareCode": 3}]}]}, {"period": "1ST", "groups": [{"groupName": "Service", "statisticsItems": [{"name": "Aces", "home": "1", "away": "1", "compareCode": 3}, {"name": "Double faults", "home": "3", "away": "0", "compareCode": 1}, {"name": "First serve", "home": "25/37 (68%)", "away": "23/35 (66%)", "compareCode": 1}, {"name": "Second serve", "home": "9/12 (75%)", "away": "12/12 (100%)", "compareCode": 2}, {"name": "First serve points", "home": "13/25 (52%)", "away": "14/23 (61%)", "compareCode": 2}, {"name": "Second serve points", "home": "3/12 (25%)", "away": "5/12 (42%)", "compareCode": 2}, {"name": "Break points saved", "home": "3/6 (50%)", "away": "3/5 (60%)", "compareCode": 2}, {"name": "Service games played", "home": "4", "away": "5", "compareCode": 2}]}, {"groupName": "Return", "statisticsItems": [{"name": "First serve return points", "home": "9/23 (39%)", "away": "12/25 (48%)", "compareCode": 1}, {"name": "Second serve return points", "home": "7/12 (58%)", "away": "9/12 (75%)", "compareCode": 3}, {"name": "Break points converted", "home": "2", "away": "3", "compareCode": 2}, {"name": "Return games played", "home": "5", "away": "4", "compareCode": 2}]}, {"groupName": "Points", "statisticsItems": [{"name": "Service points won", "home": "16", "away": "19", "compareCode": 2}, {"name": "Receiver points won", "home": "16", "away": "21", "compareCode": 2}, {"name": "Total points won", "home": "32", "away": "40", "compareCode": 2}, {"name": "Max points in a row", "home": "5", "away": "5", "compareCode": 3}]}]}, {"period": "2ND", "groups": [{"groupName": "Service", "statisticsItems": [{"name": "Aces", "home": "0", "away": "1", "compareCode": 2}, {"name": "Double faults", "home": "1", "away": "1", "compareCode": 3}, {"name": "First serve", "home": "29/42 (69%)", "away": "28/37 (76%)", "compareCode": 2}, {"name": "Second serve", "home": "12/13 (92%)", "away": "8/9 (89%)", "compareCode": 1}, {"name": "First serve points", "home": "15/29 (52%)", "away": "17/28 (61%)", "compareCode": 2}, {"name": "Second serve points", "home": "8/13 (62%)", "away": "5/9 (56%)", "compareCode": 1}, {"name": "Break points saved", "home": "3/5 (60%)", "away": "3/4 (75%)", "compareCode": 2}, {"name": "Service games played", "home": "5", "away": "5", "compareCode": 3}]}, {"groupName": "Return", "statisticsItems": [{"name": "First serve return points", "home": "11/28 (39%)", "away": "14/29 (48%)", "compareCode": 1}, {"name": "Second serve return points", "home": "4/9 (44%)", "away": "5/13 (38%)", "compareCode": 1}, {"name": "Break points converted", "home": "1", "away": "2", "compareCode": 2}, {"name": "Return games played", "home": "5", "away": "5", "compareCode": 3}]}, {"groupName": "Points", "statisticsItems": [{"name": "Service points won", "home": "23", "away": "22", "compareCode": 1}, {"name": "Receiver points won", "home": "15", "away": "19", "compareCode": 2}, {"name": "Total points won", "home": "38", "away": "41", "compareCode": 2}, {"name": "Max points in a row", "home": "4", "away": "5", "compareCode": 2}]}]}]}