{"statistics": [{"period": "ALL", "groups": [{"groupName": "Service", "statisticsItems": [{"name": "Aces", "home": "1", "away": "1", "compareCode": 3}, {"name": "Double faults", "home": "3", "away": "1", "compareCode": 1}, {"name": "First serve", "home": "28/48 (58%)", "away": "27/36 (75%)", "compareCode": 2}, {"name": "Second serve", "home": "17/20 (85%)", "away": "8/9 (89%)", "compareCode": 2}, {"name": "First serve points", "home": "12/28 (43%)", "away": "19/27 (70%)", "compareCode": 2}, {"name": "Second serve points", "home": "7/20 (35%)", "away": "6/9 (67%)", "compareCode": 1}, {"name": "Break points saved", "home": "2/8 (25%)", "away": "1/2 (50%)", "compareCode": 2}, {"name": "Service games played", "home": "7", "away": "7", "compareCode": 3}]}, {"groupName": "Return", "statisticsItems": [{"name": "First serve return points", "home": "8/27 (29%)", "away": "16/28 (57%)", "compareCode": 1}, {"name": "Second serve return points", "home": "3/9 (33%)", "away": "13/20 (65%)", "compareCode": 1}, {"name": "Break points converted", "home": "1", "away": "6", "compareCode": 2}, {"name": "Return games played", "home": "7", "away": "7", "compareCode": 3}]}, {"groupName": "Points", "statisticsItems": [{"name": "Service points won", "home": "19", "away": "25", "compareCode": 2}, {"name": "Receiver points won", "home": "11", "away": "29", "compareCode": 2}, {"name": "Total points won", "home": "30", "away": "54", "compareCode": 2}, {"name": "Max points in a row", "home": "6", "away": "8", "compareCode": 2}]}]}, {"period": "1ST", "groups": [{"groupName": "Service", "statisticsItems": [{"name": "Aces", "home": "0", "away": "0", "compareCode": 3}, {"name": "Double faults", "home": "0", "away": "1", "compareCode": 2}, {"name": "First serve", "home": "13/22 (59%)", "away": "13/20 (65%)", "compareCode": 2}, {"name": "Second serve", "home": "9/9 (100%)", "away": "6/7 (86%)", "compareCode": 1}, {"name": "First serve points", "home": "6/13 (46%)", "away": "8/13 (62%)", "compareCode": 2}, {"name": "Second serve points", "home": "3/9 (33%)", "away": "5/7 (71%)", "compareCode": 2}, {"name": "Break points saved", "home": "0/3 (0%)", "away": "1/2 (50%)", "compareCode": 2}, {"name": "Service games played", "home": "4", "away": "4", "compareCode": 3}]}, {"groupName": "Return", "statisticsItems": [{"name": "First serve return points", "home": "5/13 (38%)", "away": "7/13 (53%)", "compareCode": 1}, {"name": "Second serve return points", "home": "2/7 (28%)", "away": "6/9 (66%)", "compareCode": 1}, {"name": "Break points converted", "home": "1", "away": "3", "compareCode": 2}, {"name": "Return games played", "home": "4", "away": "4", "compareCode": 3}]}, {"groupName": "Points", "statisticsItems": [{"name": "Service points won", "home": "9", "away": "13", "compareCode": 2}, {"name": "Receiver points won", "home": "7", "away": "13", "compareCode": 2}, {"name": "Total points won", "home": "16", "away": "26", "compareCode": 2}, {"name": "Max points in a row", "home": "6", "away": "8", "compareCode": 2}]}]}, {"period": "2ND", "groups": [{"groupName": "Service", "statisticsItems": [{"name": "Aces", "home": "1", "away": "1", "compareCode": 3}, {"name": "Double faults", "home": "3", "away": "0", "compareCode": 1}, {"name": "First serve", "home": "15/26 (58%)", "away": "14/16 (88%)", "compareCode": 2}, {"name": "Second serve", "home": "8/11 (73%)", "away": "2/2 (100%)", "compareCode": 2}, {"name": "First serve points", "home": "6/15 (40%)", "away": "11/14 (79%)", "compareCode": 2}, {"name": "Second serve points", "home": "4/11 (36%)", "away": "1/2 (50%)", "compareCode": 1}, {"name": "Break points saved", "home": "2/5 (40%)", "away": "0/0 (0%)", "compareCode": 2}, {"name": "Service games played", "home": "3", "away": "3", "compareCode": 3}]}, {"groupName": "Return", "statisticsItems": [{"name": "First serve return points", "home": "3/14 (21%)", "away": "9/15 (60%)", "compareCode": 1}, {"name": "Second serve return points", "home": "1/2 (50%)", "away": "7/11 (63%)", "compareCode": 1}, {"name": "Break points converted", "home": "0", "away": "3", "compareCode": 2}, {"name": "Return games played", "home": "3", "away": "3", "compareCode": 3}]}, {"groupName": "Points", "statisticsItems": [{"name": "Service points won", "home": "10", "away": "12", "compareCode": 2}, {"name": "Receiver points won", "home": "4", "away": "16", "compareCode": 2}, {"name": "Total points won", "home": "14", "away": "28", "compareCode": 2}, {"name": "Max points in a row", "home": "3", "away": "6", "compareCode": 2}]}]}]}