{"statistics": [{"period": "ALL", "groups": [{"groupName": "Service", "statisticsItems": [{"name": "Aces", "home": "0", "away": "6", "compareCode": 2}, {"name": "Double faults", "home": "3", "away": "0", "compareCode": 1}, {"name": "First serve", "home": "62/66 (94%)", "away": "64/64 (100%)", "compareCode": 2}, {"name": "Second serve", "home": "1/4 (25%)", "away": "0/0 (0%)", "compareCode": 1}, {"name": "First serve points", "home": "36/62 (58%)", "away": "32/64 (50%)", "compareCode": 1}, {"name": "Second serve points", "home": "1/4 (25%)", "away": "0/0 (0%)", "compareCode": 1}, {"name": "Break points saved", "home": "7/10 (70%)", "away": "4/9 (44%)", "compareCode": 2}, {"name": "Service games played", "home": "10", "away": "10", "compareCode": 3}]}, {"groupName": "Return", "statisticsItems": [{"name": "First serve return points", "home": "32/64 (50%)", "away": "26/62 (41%)", "compareCode": 1}, {"name": "Second serve return points", "home": "0/0 (0%)", "away": "3/4 (75%)", "compareCode": 1}, {"name": "Break points converted", "home": "5", "away": "3", "compareCode": 1}, {"name": "Return games played", "home": "10", "away": "10", "compareCode": 3}]}, {"groupName": "Points", "statisticsItems": [{"name": "Service points won", "home": "37", "away": "32", "compareCode": 1}, {"name": "Receiver points won", "home": "32", "away": "29", "compareCode": 1}, {"name": "Total points won", "home": "69", "away": "61", "compareCode": 1}, {"name": "Max points in a row", "home": "4", "away": "6", "compareCode": 2}]}]}, {"period": "1ST", "groups": [{"groupName": "Service", "statisticsItems": [{"name": "Aces", "home": "0", "away": "1", "compareCode": 2}, {"name": "Double faults", "home": "1", "away": "0", "compareCode": 1}, {"name": "First serve", "home": "29/30 (97%)", "away": "32/32 (100%)", "compareCode": 2}, {"name": "Second serve", "home": "0/1 (0%)", "away": "0/0 (0%)", "compareCode": 3}, {"name": "First serve points", "home": "16/29 (55%)", "away": "14/32 (44%)", "compareCode": 1}, {"name": "Second serve points", "home": "0/1 (0%)", "away": "0/0 (0%)", "compareCode": 3}, {"name": "Break points saved", "home": "2/4 (50%)", "away": "4/7 (57%)", "compareCode": 1}, {"name": "Service games played", "home": "5", "away": "5", "compareCode": 3}]}, {"groupName": "Return", "statisticsItems": [{"name": "First serve return points", "home": "18/32 (56%)", "away": "13/29 (44%)", "compareCode": 2}, {"name": "Second serve return points", "home": "0/0 (0%)", "away": "1/1 (100%)", "compareCode": 1}, {"name": "Break points converted", "home": "3", "away": "2", "compareCode": 1}, {"name": "Return games played", "home": "5", "away": "5", "compareCode": 3}]}, {"groupName": "Points", "statisticsItems": [{"name": "Service points won", "home": "16", "away": "14", "compareCode": 1}, {"name": "Receiver points won", "home": "18", "away": "14", "compareCode": 1}, {"name": "Total points won", "home": "34", "away": "28", "compareCode": 1}, {"name": "Max points in a row", "home": "4", "away": "4", "compareCode": 3}]}]}, {"period": "2ND", "groups": [{"groupName": "Service", "statisticsItems": [{"name": "Aces", "home": "0", "away": "5", "compareCode": 2}, {"name": "Double faults", "home": "2", "away": "0", "compareCode": 1}, {"name": "First serve", "home": "33/36 (92%)", "away": "32/32 (100%)", "compareCode": 2}, {"name": "Second serve", "home": "1/3 (33%)", "away": "0/0 (0%)", "compareCode": 1}, {"name": "First serve points", "home": "20/33 (61%)", "away": "18/32 (56%)", "compareCode": 1}, {"name": "Second serve points", "home": "1/3 (33%)", "away": "0/0 (0%)", "compareCode": 1}, {"name": "Break points saved", "home": "5/6 (83%)", "away": "0/2 (0%)", "compareCode": 2}, {"name": "Service games played", "home": "5", "away": "5", "compareCode": 3}]}, {"groupName": "Return", "statisticsItems": [{"name": "First serve return points", "home": "14/32 (43%)", "away": "13/33 (39%)", "compareCode": 1}, {"name": "Second serve return points", "home": "0/0 (0%)", "away": "2/3 (66%)", "compareCode": 1}, {"name": "Break points converted", "home": "2", "away": "1", "compareCode": 1}, {"name": "Return games played", "home": "5", "away": "5", "compareCode": 3}]}, {"groupName": "Points", "statisticsItems": [{"name": "Service points won", "home": "21", "away": "18", "compareCode": 1}, {"name": "Receiver points won", "home": "14", "away": "15", "compareCode": 2}, {"name": "Total points won", "home": "35", "away": "33", "compareCode": 1}, {"name": "Max points in a row", "home": "4", "away": "6", "compareCode": 2}]}]}]}