{"statistics": [{"period": "ALL", "groups": [{"groupName": "Service", "statisticsItems": [{"name": "Aces", "home": "0", "away": "0", "compareCode": 3}, {"name": "Double faults", "home": "20", "away": "0", "compareCode": 1}, {"name": "First serve", "home": "51/72 (71%)", "away": "51/53 (96%)", "compareCode": 2}, {"name": "Second serve", "home": "1/21 (5%)", "away": "2/2 (100%)", "compareCode": 2}, {"name": "First serve points", "home": "33/51 (65%)", "away": "31/51 (61%)", "compareCode": 1}, {"name": "Second serve points", "home": "1/21 (5%)", "away": "1/2 (50%)", "compareCode": 3}, {"name": "Break points saved", "home": "7/13 (53%)", "away": "3/6 (50%)", "compareCode": 2}, {"name": "Service games played", "home": "9", "away": "9", "compareCode": 3}]}, {"groupName": "Return", "statisticsItems": [{"name": "First serve return points", "home": "20/51 (39%)", "away": "18/51 (35%)", "compareCode": 1}, {"name": "Second serve return points", "home": "1/2 (50%)", "away": "20/21 (95%)", "compareCode": 1}, {"name": "Break points converted", "home": "3", "away": "6", "compareCode": 2}, {"name": "Return games played", "home": "9", "away": "9", "compareCode": 3}]}, {"groupName": "Points", "statisticsItems": [{"name": "Service points won", "home": "34", "away": "32", "compareCode": 1}, {"name": "Receiver points won", "home": "21", "away": "38", "compareCode": 2}, {"name": "Total points won", "home": "55", "away": "70", "compareCode": 2}, {"name": "Max points in a row", "home": "7", "away": "7", "compareCode": 3}]}]}, {"period": "1ST", "groups": [{"groupName": "Service", "statisticsItems": [{"name": "Aces", "home": "0", "away": "0", "compareCode": 3}, {"name": "Double faults", "home": "11", "away": "0", "compareCode": 1}, {"name": "First serve", "home": "32/44 (73%)", "away": "25/26 (96%)", "compareCode": 2}, {"name": "Second serve", "home": "1/12 (8%)", "away": "1/1 (100%)", "compareCode": 2}, {"name": "First serve points", "home": "20/32 (63%)", "away": "16/25 (64%)", "compareCode": 1}, {"name": "Second serve points", "home": "1/12 (8%)", "away": "1/1 (100%)", "compareCode": 3}, {"name": "Break points saved", "home": "4/7 (57%)", "away": "2/3 (66%)", "compareCode": 2}, {"name": "Service games played", "home": "5", "away": "4", "compareCode": 1}]}, {"groupName": "Return", "statisticsItems": [{"name": "First serve return points", "home": "9/25 (36%)", "away": "12/32 (37%)", "compareCode": 1}, {"name": "Second serve return points", "home": "0/1 (0%)", "away": "11/12 (91%)", "compareCode": 1}, {"name": "Break points converted", "home": "1", "away": "3", "compareCode": 2}, {"name": "Return games played", "home": "4", "away": "5", "compareCode": 1}]}, {"groupName": "Points", "statisticsItems": [{"name": "Service points won", "home": "21", "away": "17", "compareCode": 1}, {"name": "Receiver points won", "home": "9", "away": "23", "compareCode": 2}, {"name": "Total points won", "home": "30", "away": "40", "compareCode": 2}, {"name": "Max points in a row", "home": "4", "away": "7", "compareCode": 2}]}]}, {"period": "2ND", "groups": [{"groupName": "Service", "statisticsItems": [{"name": "Aces", "home": "0", "away": "0", "compareCode": 3}, {"name": "Double faults", "home": "9", "away": "0", "compareCode": 1}, {"name": "First serve", "home": "19/28 (68%)", "away": "26/27 (96%)", "compareCode": 2}, {"name": "Second serve", "home": "0/9 (0%)", "away": "1/1 (100%)", "compareCode": 2}, {"name": "First serve points", "home": "13/19 (68%)", "away": "15/26 (58%)", "compareCode": 2}, {"name": "Second serve points", "home": "0/9 (0%)", "away": "0/1 (0%)", "compareCode": 3}, {"name": "Break points saved", "home": "3/6 (50%)", "away": "1/3 (33%)", "compareCode": 2}, {"name": "Service games played", "home": "4", "away": "5", "compareCode": 2}]}, {"groupName": "Return", "statisticsItems": [{"name": "First serve return points", "home": "11/26 (42%)", "away": "6/19 (31%)", "compareCode": 1}, {"name": "Second serve return points", "home": "1/1 (100%)", "away": "9/9 (100%)", "compareCode": 1}, {"name": "Break points converted", "home": "2", "away": "3", "compareCode": 2}, {"name": "Return games played", "home": "5", "away": "4", "compareCode": 2}]}, {"groupName": "Points", "statisticsItems": [{"name": "Service points won", "home": "13", "away": "15", "compareCode": 2}, {"name": "Receiver points won", "home": "12", "away": "15", "compareCode": 2}, {"name": "Total points won", "home": "25", "away": "30", "compareCode": 2}, {"name": "Max points in a row", "home": "7", "away": "3", "compareCode": 1}]}]}]}