{"statistics": [{"period": "ALL", "groups": [{"groupName": "Service", "statisticsItems": [{"name": "Aces", "home": "0", "away": "2", "compareCode": 2}, {"name": "First serve", "home": "89/89 (100%)", "away": "72/73 (99%)", "compareCode": 1}, {"name": "Second serve", "home": "0/0 (0%)", "away": "1/1 (100%)", "compareCode": 2}, {"name": "First serve points", "home": "40/89 (45%)", "away": "38/72 (53%)", "compareCode": 1}, {"name": "Second serve points", "home": "0/0 (0%)", "away": "0/1 (0%)", "compareCode": 3}, {"name": "Break points saved", "home": "8/15 (53%)", "away": "2/7 (28%)", "compareCode": 2}, {"name": "Service games played", "home": "10", "away": "11", "compareCode": 2}]}, {"groupName": "Return", "statisticsItems": [{"name": "First serve return points", "home": "34/72 (47%)", "away": "49/89 (55%)", "compareCode": 1}, {"name": "Second serve return points", "home": "1/1 (100%)", "away": "0/0 (0%)", "compareCode": 2}, {"name": "Break points converted", "home": "5", "away": "7", "compareCode": 2}, {"name": "Return games played", "home": "11", "away": "10", "compareCode": 2}]}, {"groupName": "Points", "statisticsItems": [{"name": "Service points won", "home": "40", "away": "38", "compareCode": 1}, {"name": "Receiver points won", "home": "35", "away": "49", "compareCode": 2}, {"name": "Total points won", "home": "75", "away": "87", "compareCode": 2}, {"name": "Max points in a row", "home": "9", "away": "8", "compareCode": 1}]}]}, {"period": "1ST", "groups": [{"groupName": "Service", "statisticsItems": [{"name": "Aces", "home": "0", "away": "1", "compareCode": 2}, {"name": "Double faults", "home": "0", "away": "0", "compareCode": 3}, {"name": "First serve", "home": "58/58 (100%)", "away": "44/45 (98%)", "compareCode": 1}, {"name": "Second serve", "home": "0/0 (0%)", "away": "1/1 (100%)", "compareCode": 2}, {"name": "First serve points", "home": "27/58 (47%)", "away": "23/44 (52%)", "compareCode": 1}, {"name": "Second serve points", "home": "0/0 (0%)", "away": "0/1 (0%)", "compareCode": 3}, {"name": "Break points saved", "home": "5/9 (55%)", "away": "2/5 (40%)", "compareCode": 2}, {"name": "Service games played", "home": "6", "away": "6", "compareCode": 3}]}, {"groupName": "Return", "statisticsItems": [{"name": "First serve return points", "home": "21/44 (47%)", "away": "31/58 (53%)", "compareCode": 1}, {"name": "Second serve return points", "home": "1/1 (100%)", "away": "0/0 (0%)", "compareCode": 2}, {"name": "Break points converted", "home": "3", "away": "4", "compareCode": 2}, {"name": "Return games played", "home": "6", "away": "6", "compareCode": 3}]}, {"groupName": "Points", "statisticsItems": [{"name": "Service points won", "home": "27", "away": "23", "compareCode": 1}, {"name": "Receiver points won", "home": "22", "away": "31", "compareCode": 2}, {"name": "Total points won", "home": "49", "away": "54", "compareCode": 2}, {"name": "Max points in a row", "home": "4", "away": "5", "compareCode": 2}]}]}, {"period": "2ND", "groups": [{"groupName": "Service", "statisticsItems": [{"name": "Aces", "home": "0", "away": "1", "compareCode": 2}, {"name": "Double faults", "home": "0", "away": "0", "compareCode": 3}, {"name": "First serve", "home": "31/31 (100%)", "away": "28/28 (100%)", "compareCode": 3}, {"name": "Second serve", "home": "0/0 (0%)", "away": "0/0 (0%)", "compareCode": 3}, {"name": "First serve points", "home": "13/31 (42%)", "away": "15/28 (54%)", "compareCode": 2}, {"name": "Second serve points", "home": "0/0 (0%)", "away": "0/0 (0%)", "compareCode": 3}, {"name": "Break points saved", "home": "3/6 (50%)", "away": "0/2 (0%)", "compareCode": 2}, {"name": "Service games played", "home": "4", "away": "5", "compareCode": 2}]}, {"groupName": "Return", "statisticsItems": [{"name": "First serve return points", "home": "13/28 (46%)", "away": "18/31 (58%)", "compareCode": 1}, {"name": "Second serve return points", "home": "0/0 (0%)", "away": "0/0 (0%)", "compareCode": 3}, {"name": "Break points converted", "home": "2", "away": "3", "compareCode": 2}, {"name": "Return games played", "home": "5", "away": "4", "compareCode": 2}]}, {"groupName": "Points", "statisticsItems": [{"name": "Service points won", "home": "13", "away": "15", "compareCode": 2}, {"name": "Receiver points won", "home": "13", "away": "18", "compareCode": 2}, {"name": "Total points won", "home": "26", "away": "33", "compareCode": 2}, {"name": "Max points in a row", "home": "9", "away": "8", "compareCode": 1}]}]}]}