{"statistics": [{"period": "ALL", "groups": [{"groupName": "Service", "statisticsItems": [{"name": "Aces", "home": "7", "away": "1", "compareCode": 1}, {"name": "Double faults", "home": "1", "away": "0", "compareCode": 1}, {"name": "First serve", "home": "72/73 (99%)", "away": "58/58 (100%)", "compareCode": 2}, {"name": "Second serve", "home": "0/1 (0%)", "away": "0/0 (0%)", "compareCode": 3}, {"name": "First serve points", "home": "39/72 (54%)", "away": "29/58 (50%)", "compareCode": 1}, {"name": "Second serve points", "home": "0/1 (0%)", "away": "0/0 (0%)", "compareCode": 3}, {"name": "Break points saved", "home": "6/10 (60%)", "away": "4/8 (50%)", "compareCode": 2}, {"name": "Service games played", "home": "9", "away": "8", "compareCode": 1}]}, {"groupName": "Return", "statisticsItems": [{"name": "First serve return points", "home": "29/58 (50%)", "away": "33/72 (45%)", "compareCode": 1}, {"name": "Second serve return points", "home": "0/0 (0%)", "away": "1/1 (100%)", "compareCode": 1}, {"name": "Break points converted", "home": "4", "away": "4", "compareCode": 3}, {"name": "Return games played", "home": "8", "away": "9", "compareCode": 1}]}, {"groupName": "Points", "statisticsItems": [{"name": "Service points won", "home": "39", "away": "29", "compareCode": 1}, {"name": "Receiver points won", "home": "29", "away": "34", "compareCode": 2}, {"name": "Total points won", "home": "68", "away": "63", "compareCode": 1}, {"name": "Max points in a row", "home": "5", "away": "6", "compareCode": 2}]}]}, {"period": "1ST", "groups": [{"groupName": "Service", "statisticsItems": [{"name": "Aces", "home": "0", "away": "0", "compareCode": 3}, {"name": "Double faults", "home": "0", "away": "0", "compareCode": 3}, {"name": "Break points saved", "home": "0/0 (0%)", "away": "0/0 (0%)", "compareCode": 3}]}, {"groupName": "Return", "statisticsItems": [{"name": "Break points converted", "home": "0", "away": "0", "compareCode": 3}]}, {"groupName": "Points", "statisticsItems": [{"name": "Max points in a row", "home": "5", "away": "6", "compareCode": 2}]}]}, {"period": "2ND", "groups": [{"groupName": "Service", "statisticsItems": [{"name": "Aces", "home": "6", "away": "1", "compareCode": 1}, {"name": "Double faults", "home": "1", "away": "0", "compareCode": 1}, {"name": "First serve", "home": "37/38 (97%)", "away": "24/24 (100%)", "compareCode": 2}, {"name": "Second serve", "home": "0/1 (0%)", "away": "0/0 (0%)", "compareCode": 3}, {"name": "First serve points", "home": "19/37 (51%)", "away": "14/24 (58%)", "compareCode": 1}, {"name": "Second serve points", "home": "0/1 (0%)", "away": "0/0 (0%)", "compareCode": 3}, {"name": "Break points saved", "home": "6/9 (66%)", "away": "2/3 (66%)", "compareCode": 2}, {"name": "Service games played", "home": "5", "away": "4", "compareCode": 1}]}, {"groupName": "Return", "statisticsItems": [{"name": "First serve return points", "home": "10/24 (41%)", "away": "18/37 (48%)", "compareCode": 1}, {"name": "Second serve return points", "home": "0/0 (0%)", "away": "1/1 (100%)", "compareCode": 1}, {"name": "Break points converted", "home": "1", "away": "3", "compareCode": 2}, {"name": "Return games played", "home": "4", "away": "5", "compareCode": 1}]}, {"groupName": "Points", "statisticsItems": [{"name": "Service points won", "home": "19", "away": "14", "compareCode": 1}, {"name": "Receiver points won", "home": "10", "away": "19", "compareCode": 2}, {"name": "Total points won", "home": "29", "away": "33", "compareCode": 2}, {"name": "Max points in a row", "home": "2", "away": "2", "compareCode": 3}]}]}, {"period": "3RD", "groups": [{"groupName": "Service", "statisticsItems": [{"name": "Aces", "home": "1", "away": "0", "compareCode": 1}, {"name": "Double faults", "home": "0", "away": "0", "compareCode": 3}, {"name": "Break points saved", "home": "0/0 (0%)", "away": "0/0 (0%)", "compareCode": 3}]}, {"groupName": "Return", "statisticsItems": [{"name": "Break points converted", "home": "0", "away": "0", "compareCode": 3}]}]}]}