{"statistics": [{"period": "ALL", "groups": [{"groupName": "Service", "statisticsItems": [{"name": "Aces", "home": "1", "away": "2", "compareCode": 2}, {"name": "Double faults", "home": "4", "away": "0", "compareCode": 1}, {"name": "First serve", "home": "49/54 (91%)", "away": "42/43 (98%)", "compareCode": 2}, {"name": "Second serve", "home": "1/5 (20%)", "away": "1/1 (100%)", "compareCode": 2}, {"name": "First serve points", "home": "26/49 (53%)", "away": "28/42 (67%)", "compareCode": 2}, {"name": "Second serve points", "home": "1/5 (20%)", "away": "1/1 (100%)", "compareCode": 3}, {"name": "Break points saved", "home": "3/8 (37%)", "away": "0/2 (0%)", "compareCode": 2}, {"name": "Service games played", "home": "9", "away": "9", "compareCode": 3}]}, {"groupName": "Return", "statisticsItems": [{"name": "First serve return points", "home": "14/42 (33%)", "away": "23/49 (46%)", "compareCode": 1}, {"name": "Second serve return points", "home": "0/1 (0%)", "away": "4/5 (80%)", "compareCode": 1}, {"name": "Break points converted", "home": "2", "away": "5", "compareCode": 2}, {"name": "Return games played", "home": "9", "away": "9", "compareCode": 3}]}, {"groupName": "Points", "statisticsItems": [{"name": "Service points won", "home": "27", "away": "29", "compareCode": 2}, {"name": "Receiver points won", "home": "14", "away": "27", "compareCode": 2}, {"name": "Total points won", "home": "41", "away": "56", "compareCode": 2}, {"name": "Max points in a row", "home": "5", "away": "8", "compareCode": 2}]}]}, {"period": "1ST", "groups": [{"groupName": "Service", "statisticsItems": [{"name": "Aces", "home": "0", "away": "1", "compareCode": 2}, {"name": "Double faults", "home": "1", "away": "0", "compareCode": 1}, {"name": "First serve", "home": "30/31 (97%)", "away": "23/24 (96%)", "compareCode": 1}, {"name": "Second serve", "home": "0/1 (0%)", "away": "1/1 (100%)", "compareCode": 2}, {"name": "First serve points", "home": "17/30 (57%)", "away": "15/23 (65%)", "compareCode": 1}, {"name": "Second serve points", "home": "0/1 (0%)", "away": "1/1 (100%)", "compareCode": 2}, {"name": "Break points saved", "home": "0/2 (0%)", "away": "0/1 (0%)", "compareCode": 2}, {"name": "Service games played", "home": "5", "away": "5", "compareCode": 3}]}, {"groupName": "Return", "statisticsItems": [{"name": "First serve return points", "home": "8/23 (34%)", "away": "13/30 (43%)", "compareCode": 1}, {"name": "Second serve return points", "home": "0/1 (0%)", "away": "1/1 (100%)", "compareCode": 3}, {"name": "Break points converted", "home": "1", "away": "2", "compareCode": 2}, {"name": "Return games played", "home": "5", "away": "5", "compareCode": 3}]}, {"groupName": "Points", "statisticsItems": [{"name": "Service points won", "home": "17", "away": "16", "compareCode": 1}, {"name": "Receiver points won", "home": "8", "away": "14", "compareCode": 2}, {"name": "Total points won", "home": "25", "away": "30", "compareCode": 2}, {"name": "Max points in a row", "home": "5", "away": "8", "compareCode": 2}]}]}, {"period": "2ND", "groups": [{"groupName": "Service", "statisticsItems": [{"name": "Aces", "home": "1", "away": "1", "compareCode": 3}, {"name": "Double faults", "home": "3", "away": "0", "compareCode": 1}, {"name": "First serve", "home": "19/23 (83%)", "away": "19/19 (100%)", "compareCode": 2}, {"name": "Second serve", "home": "1/4 (25%)", "away": "0/0 (0%)", "compareCode": 1}, {"name": "First serve points", "home": "9/19 (47%)", "away": "13/19 (68%)", "compareCode": 2}, {"name": "Second serve points", "home": "1/4 (25%)", "away": "0/0 (0%)", "compareCode": 1}, {"name": "Break points saved", "home": "3/6 (50%)", "away": "0/1 (0%)", "compareCode": 2}, {"name": "Service games played", "home": "4", "away": "4", "compareCode": 3}]}, {"groupName": "Return", "statisticsItems": [{"name": "First serve return points", "home": "6/19 (31%)", "away": "10/19 (52%)", "compareCode": 1}, {"name": "Second serve return points", "home": "0/0 (0%)", "away": "3/4 (75%)", "compareCode": 1}, {"name": "Break points converted", "home": "1", "away": "3", "compareCode": 2}, {"name": "Return games played", "home": "4", "away": "4", "compareCode": 3}]}, {"groupName": "Points", "statisticsItems": [{"name": "Service points won", "home": "10", "away": "13", "compareCode": 2}, {"name": "Receiver points won", "home": "6", "away": "13", "compareCode": 2}, {"name": "Total points won", "home": "16", "away": "26", "compareCode": 2}, {"name": "Max points in a row", "home": "4", "away": "8", "compareCode": 2}]}]}]}