{"statistics": [{"period": "ALL", "groups": [{"groupName": "Service", "statisticsItems": [{"name": "Aces", "home": "2", "away": "3", "compareCode": 2}, {"name": "Double faults", "home": "1", "away": "0", "compareCode": 1}, {"name": "First serve", "home": "74/76 (97%)", "away": "90/90 (100%)", "compareCode": 2}, {"name": "Second serve", "home": "1/2 (50%)", "away": "0/0 (0%)", "compareCode": 1}, {"name": "First serve points", "home": "38/74 (51%)", "away": "47/90 (52%)", "compareCode": 2}, {"name": "Second serve points", "home": "1/2 (50%)", "away": "0/0 (0%)", "compareCode": 1}, {"name": "Break points saved", "home": "3/8 (37%)", "away": "10/15 (66%)", "compareCode": 1}, {"name": "Service games played", "home": "11", "away": "10", "compareCode": 1}]}, {"groupName": "Return", "statisticsItems": [{"name": "First serve return points", "home": "43/90 (47%)", "away": "36/74 (48%)", "compareCode": 2}, {"name": "Second serve return points", "home": "0/0 (0%)", "away": "1/2 (50%)", "compareCode": 1}, {"name": "Break points converted", "home": "5", "away": "5", "compareCode": 3}, {"name": "Return games played", "home": "10", "away": "11", "compareCode": 1}]}, {"groupName": "Points", "statisticsItems": [{"name": "Service points won", "home": "39", "away": "47", "compareCode": 2}, {"name": "Receiver points won", "home": "43", "away": "37", "compareCode": 1}, {"name": "Total points won", "home": "82", "away": "84", "compareCode": 2}, {"name": "Max points in a row", "home": "9", "away": "7", "compareCode": 1}]}]}, {"period": "1ST", "groups": [{"groupName": "Service", "statisticsItems": [{"name": "Aces", "home": "1", "away": "0", "compareCode": 1}, {"name": "Double faults", "home": "0", "away": "0", "compareCode": 3}, {"name": "First serve", "home": "27/27 (100%)", "away": "25/25 (100%)", "compareCode": 3}, {"name": "Second serve", "home": "0/0 (0%)", "away": "0/0 (0%)", "compareCode": 3}, {"name": "First serve points", "home": "18/27 (67%)", "away": "13/25 (52%)", "compareCode": 1}, {"name": "Second serve points", "home": "0/0 (0%)", "away": "0/0 (0%)", "compareCode": 3}, {"name": "Break points saved", "home": "0/1 (0%)", "away": "3/5 (60%)", "compareCode": 1}, {"name": "Service games played", "home": "5", "away": "4", "compareCode": 1}]}, {"groupName": "Return", "statisticsItems": [{"name": "First serve return points", "home": "12/25 (48%)", "away": "9/27 (33%)", "compareCode": 1}, {"name": "Second serve return points", "home": "0/0 (0%)", "away": "0/0 (0%)", "compareCode": 3}, {"name": "Break points converted", "home": "2", "away": "1", "compareCode": 1}, {"name": "Return games played", "home": "4", "away": "5", "compareCode": 1}]}, {"groupName": "Points", "statisticsItems": [{"name": "Service points won", "home": "18", "away": "13", "compareCode": 1}, {"name": "Receiver points won", "home": "12", "away": "9", "compareCode": 1}, {"name": "Total points won", "home": "30", "away": "22", "compareCode": 1}, {"name": "Max points in a row", "home": "4", "away": "4", "compareCode": 3}]}]}, {"period": "2ND", "groups": [{"groupName": "Service", "statisticsItems": [{"name": "Aces", "home": "1", "away": "3", "compareCode": 2}, {"name": "Double faults", "home": "1", "away": "0", "compareCode": 1}, {"name": "First serve", "home": "40/42 (95%)", "away": "58/58 (100%)", "compareCode": 2}, {"name": "Second serve", "home": "1/2 (50%)", "away": "0/0 (0%)", "compareCode": 1}, {"name": "First serve points", "home": "18/40 (45%)", "away": "29/58 (50%)", "compareCode": 2}, {"name": "Second serve points", "home": "1/2 (50%)", "away": "0/0 (0%)", "compareCode": 1}, {"name": "Break points saved", "home": "3/7 (42%)", "away": "7/10 (70%)", "compareCode": 1}, {"name": "Service games played", "home": "6", "away": "6", "compareCode": 3}]}, {"groupName": "Return", "statisticsItems": [{"name": "First serve return points", "home": "29/58 (50%)", "away": "22/40 (55%)", "compareCode": 2}, {"name": "Second serve return points", "home": "0/0 (0%)", "away": "1/2 (50%)", "compareCode": 1}, {"name": "Break points converted", "home": "3", "away": "4", "compareCode": 2}, {"name": "Return games played", "home": "6", "away": "6", "compareCode": 3}]}, {"groupName": "Points", "statisticsItems": [{"name": "Service points won", "home": "19", "away": "29", "compareCode": 2}, {"name": "Receiver points won", "home": "29", "away": "23", "compareCode": 1}, {"name": "Total points won", "home": "48", "away": "52", "compareCode": 2}, {"name": "Max points in a row", "home": "9", "away": "6", "compareCode": 1}]}]}, {"period": "3RD", "groups": [{"groupName": "Service", "statisticsItems": [{"name": "Aces", "home": "0", "away": "0", "compareCode": 3}, {"name": "Double faults", "home": "0", "away": "0", "compareCode": 3}, {"name": "First serve", "home": "7/7 (100%)", "away": "7/7 (100%)", "compareCode": 3}, {"name": "Second serve", "home": "0/0 (0%)", "away": "0/0 (0%)", "compareCode": 3}, {"name": "First serve points", "home": "2/7 (29%)", "away": "5/7 (71%)", "compareCode": 2}, {"name": "Second serve points", "home": "0/0 (0%)", "away": "0/0 (0%)", "compareCode": 3}, {"name": "Break points saved", "home": "0/0 (0%)", "away": "0/0 (0%)", "compareCode": 3}, {"name": "Service games played", "home": "0", "away": "0", "compareCode": 3}]}, {"groupName": "Return", "statisticsItems": [{"name": "First serve return points", "home": "2/7 (28%)", "away": "5/7 (71%)", "compareCode": 3}, {"name": "Second serve return points", "home": "0/0 (0%)", "away": "0/0 (0%)", "compareCode": 3}, {"name": "Break points converted", "home": "0", "away": "0", "compareCode": 3}, {"name": "Return games played", "home": "0", "away": "0", "compareCode": 3}]}, {"groupName": "Points", "statisticsItems": [{"name": "Service points won", "home": "2", "away": "5", "compareCode": 2}, {"name": "Receiver points won", "home": "2", "away": "5", "compareCode": 2}, {"name": "Total points won", "home": "4", "away": "10", "compareCode": 2}, {"name": "Max points in a row", "home": "3", "away": "6", "compareCode": 2}]}]}]}