{"statistics": [{"period": "ALL", "groups": [{"groupName": "Service", "statisticsItems": [{"name": "Aces", "home": "0", "away": "0", "compareCode": 3}, {"name": "Double faults", "home": "0", "away": "2", "compareCode": 2}, {"name": "First serve", "home": "56/56 (100%)", "away": "57/59 (97%)", "compareCode": 1}, {"name": "Second serve", "home": "0/0 (0%)", "away": "0/2 (0%)", "compareCode": 3}, {"name": "First serve points", "home": "37/56 (66%)", "away": "35/57 (61%)", "compareCode": 1}, {"name": "Second serve points", "home": "0/0 (0%)", "away": "0/2 (0%)", "compareCode": 3}, {"name": "Break points saved", "home": "3/5 (60%)", "away": "1/4 (25%)", "compareCode": 2}, {"name": "Service games played", "home": "8", "away": "9", "compareCode": 2}]}, {"groupName": "Return", "statisticsItems": [{"name": "First serve return points", "home": "22/57 (38%)", "away": "19/56 (33%)", "compareCode": 2}, {"name": "Second serve return points", "home": "2/2 (100%)", "away": "0/0 (0%)", "compareCode": 2}, {"name": "Break points converted", "home": "3", "away": "2", "compareCode": 1}, {"name": "Return games played", "home": "9", "away": "8", "compareCode": 2}]}, {"groupName": "Points", "statisticsItems": [{"name": "Service points won", "home": "37", "away": "35", "compareCode": 1}, {"name": "Receiver points won", "home": "24", "away": "19", "compareCode": 1}, {"name": "Total points won", "home": "61", "away": "54", "compareCode": 1}, {"name": "Max points in a row", "home": "9", "away": "6", "compareCode": 1}]}]}, {"period": "1ST", "groups": [{"groupName": "Service", "statisticsItems": [{"name": "Aces", "home": "0", "away": "0", "compareCode": 3}, {"name": "Double faults", "home": "0", "away": "2", "compareCode": 2}, {"name": "First serve", "home": "25/25 (100%)", "away": "28/30 (93%)", "compareCode": 1}, {"name": "Second serve", "home": "0/0 (0%)", "away": "0/2 (0%)", "compareCode": 3}, {"name": "First serve points", "home": "13/25 (52%)", "away": "20/28 (71%)", "compareCode": 2}, {"name": "Second serve points", "home": "0/0 (0%)", "away": "0/2 (0%)", "compareCode": 3}, {"name": "Break points saved", "home": "2/4 (50%)", "away": "1/2 (50%)", "compareCode": 2}, {"name": "Service games played", "home": "4", "away": "5", "compareCode": 2}]}, {"groupName": "Return", "statisticsItems": [{"name": "First serve return points", "home": "8/28 (28%)", "away": "12/25 (48%)", "compareCode": 2}, {"name": "Second serve return points", "home": "2/2 (100%)", "away": "0/0 (0%)", "compareCode": 2}, {"name": "Break points converted", "home": "1", "away": "2", "compareCode": 2}, {"name": "Return games played", "home": "5", "away": "4", "compareCode": 2}]}, {"groupName": "Points", "statisticsItems": [{"name": "Service points won", "home": "13", "away": "20", "compareCode": 2}, {"name": "Receiver points won", "home": "10", "away": "12", "compareCode": 2}, {"name": "Total points won", "home": "23", "away": "32", "compareCode": 2}, {"name": "Max points in a row", "home": "4", "away": "6", "compareCode": 2}]}]}, {"period": "2ND", "groups": [{"groupName": "Service", "statisticsItems": [{"name": "Aces", "home": "0", "away": "0", "compareCode": 3}, {"name": "Double faults", "home": "0", "away": "0", "compareCode": 3}, {"name": "First serve", "home": "24/24 (100%)", "away": "21/21 (100%)", "compareCode": 3}, {"name": "Second serve", "home": "0/0 (0%)", "away": "0/0 (0%)", "compareCode": 3}, {"name": "First serve points", "home": "19/24 (79%)", "away": "12/21 (57%)", "compareCode": 1}, {"name": "Second serve points", "home": "0/0 (0%)", "away": "0/0 (0%)", "compareCode": 3}, {"name": "Break points saved", "home": "1/1 (100%)", "away": "0/2 (0%)", "compareCode": 1}, {"name": "Service games played", "home": "4", "away": "4", "compareCode": 3}]}, {"groupName": "Return", "statisticsItems": [{"name": "First serve return points", "home": "9/21 (42%)", "away": "5/24 (20%)", "compareCode": 1}, {"name": "Second serve return points", "home": "0/0 (0%)", "away": "0/0 (0%)", "compareCode": 3}, {"name": "Break points converted", "home": "2", "away": "0", "compareCode": 1}, {"name": "Return games played", "home": "4", "away": "4", "compareCode": 3}]}, {"groupName": "Points", "statisticsItems": [{"name": "Service points won", "home": "19", "away": "12", "compareCode": 1}, {"name": "Receiver points won", "home": "9", "away": "5", "compareCode": 1}, {"name": "Total points won", "home": "28", "away": "17", "compareCode": 1}, {"name": "Max points in a row", "home": "9", "away": "5", "compareCode": 1}]}]}, {"period": "3RD", "groups": [{"groupName": "Service", "statisticsItems": [{"name": "Aces", "home": "0", "away": "0", "compareCode": 3}, {"name": "Double faults", "home": "0", "away": "0", "compareCode": 3}, {"name": "First serve", "home": "7/7 (100%)", "away": "8/8 (100%)", "compareCode": 3}, {"name": "Second serve", "home": "0/0 (0%)", "away": "0/0 (0%)", "compareCode": 3}, {"name": "First serve points", "home": "5/7 (71%)", "away": "3/8 (38%)", "compareCode": 1}, {"name": "Second serve points", "home": "0/0 (0%)", "away": "0/0 (0%)", "compareCode": 3}, {"name": "Break points saved", "home": "0/0 (0%)", "away": "0/0 (0%)", "compareCode": 3}, {"name": "Service games played", "home": "0", "away": "0", "compareCode": 3}]}, {"groupName": "Return", "statisticsItems": [{"name": "First serve return points", "home": "5/8 (62%)", "away": "2/7 (28%)", "compareCode": 2}, {"name": "Second serve return points", "home": "0/0 (0%)", "away": "0/0 (0%)", "compareCode": 3}, {"name": "Break points converted", "home": "0", "away": "0", "compareCode": 3}, {"name": "Return games played", "home": "0", "away": "0", "compareCode": 3}]}, {"groupName": "Points", "statisticsItems": [{"name": "Service points won", "home": "5", "away": "3", "compareCode": 1}, {"name": "Receiver points won", "home": "5", "away": "2", "compareCode": 1}, {"name": "Total points won", "home": "10", "away": "5", "compareCode": 1}, {"name": "Max points in a row", "home": "3", "away": "1", "compareCode": 1}]}]}]}