{"statistics": [{"period": "ALL", "groups": [{"groupName": "Service", "statisticsItems": [{"name": "Aces", "home": "1", "away": "0", "compareCode": 1}, {"name": "Double faults", "home": "8", "away": "1", "compareCode": 1}, {"name": "First serve", "home": "69/78 (88%)", "away": "77/78 (99%)", "compareCode": 2}, {"name": "Second serve", "home": "1/9 (11%)", "away": "0/1 (0%)", "compareCode": 1}, {"name": "First serve points", "home": "32/69 (46%)", "away": "40/77 (52%)", "compareCode": 2}, {"name": "Second serve points", "home": "1/9 (11%)", "away": "0/1 (0%)", "compareCode": 1}, {"name": "Break points saved", "home": "4/11 (36%)", "away": "4/10 (40%)", "compareCode": 2}, {"name": "Service games played", "home": "11", "away": "11", "compareCode": 3}]}, {"groupName": "Return", "statisticsItems": [{"name": "First serve return points", "home": "37/77 (48%)", "away": "37/69 (53%)", "compareCode": 3}, {"name": "Second serve return points", "home": "1/1 (100%)", "away": "8/9 (88%)", "compareCode": 1}, {"name": "Break points converted", "home": "6", "away": "7", "compareCode": 2}, {"name": "Return games played", "home": "11", "away": "11", "compareCode": 3}]}, {"groupName": "Points", "statisticsItems": [{"name": "Service points won", "home": "33", "away": "40", "compareCode": 2}, {"name": "Receiver points won", "home": "38", "away": "45", "compareCode": 2}, {"name": "Total points won", "home": "71", "away": "85", "compareCode": 2}, {"name": "Max points in a row", "home": "6", "away": "9", "compareCode": 2}]}]}, {"period": "1ST", "groups": [{"groupName": "Service", "statisticsItems": [{"name": "Aces", "home": "1", "away": "0", "compareCode": 1}, {"name": "Double faults", "home": "0", "away": "1", "compareCode": 2}, {"name": "First serve", "home": "39/40 (98%)", "away": "48/49 (98%)", "compareCode": 3}, {"name": "Second serve", "home": "1/1 (100%)", "away": "0/1 (0%)", "compareCode": 1}, {"name": "First serve points", "home": "17/39 (44%)", "away": "25/48 (52%)", "compareCode": 2}, {"name": "Second serve points", "home": "1/1 (100%)", "away": "0/1 (0%)", "compareCode": 1}, {"name": "Break points saved", "home": "3/6 (50%)", "away": "3/6 (50%)", "compareCode": 3}, {"name": "Service games played", "home": "6", "away": "6", "compareCode": 3}]}, {"groupName": "Return", "statisticsItems": [{"name": "First serve return points", "home": "23/48 (47%)", "away": "22/39 (56%)", "compareCode": 2}, {"name": "Second serve return points", "home": "1/1 (100%)", "away": "0/1 (0%)", "compareCode": 3}, {"name": "Break points converted", "home": "3", "away": "3", "compareCode": 3}, {"name": "Return games played", "home": "6", "away": "6", "compareCode": 3}]}, {"groupName": "Points", "statisticsItems": [{"name": "Service points won", "home": "18", "away": "25", "compareCode": 2}, {"name": "Receiver points won", "home": "24", "away": "22", "compareCode": 1}, {"name": "Total points won", "home": "42", "away": "47", "compareCode": 2}, {"name": "Max points in a row", "home": "6", "away": "4", "compareCode": 1}]}]}, {"period": "2ND", "groups": [{"groupName": "Service", "statisticsItems": [{"name": "Aces", "home": "0", "away": "0", "compareCode": 3}, {"name": "Double faults", "home": "8", "away": "0", "compareCode": 1}, {"name": "First serve", "home": "30/38 (79%)", "away": "29/29 (100%)", "compareCode": 2}, {"name": "Second serve", "home": "0/8 (0%)", "away": "0/0 (0%)", "compareCode": 3}, {"name": "First serve points", "home": "15/30 (50%)", "away": "15/29 (52%)", "compareCode": 3}, {"name": "Second serve points", "home": "0/8 (0%)", "away": "0/0 (0%)", "compareCode": 3}, {"name": "Break points saved", "home": "1/5 (20%)", "away": "1/4 (25%)", "compareCode": 2}, {"name": "Service games played", "home": "5", "away": "5", "compareCode": 3}]}, {"groupName": "Return", "statisticsItems": [{"name": "First serve return points", "home": "14/29 (48%)", "away": "15/30 (50%)", "compareCode": 1}, {"name": "Second serve return points", "home": "0/0 (0%)", "away": "8/8 (100%)", "compareCode": 1}, {"name": "Break points converted", "home": "3", "away": "4", "compareCode": 2}, {"name": "Return games played", "home": "5", "away": "5", "compareCode": 3}]}, {"groupName": "Points", "statisticsItems": [{"name": "Service points won", "home": "15", "away": "15", "compareCode": 3}, {"name": "Receiver points won", "home": "14", "away": "23", "compareCode": 2}, {"name": "Total points won", "home": "29", "away": "38", "compareCode": 2}, {"name": "Max points in a row", "home": "5", "away": "9", "compareCode": 2}]}]}]}