{"statistics": [{"period": "ALL", "groups": [{"groupName": "Service", "statisticsItems": [{"name": "Aces", "home": "0", "away": "0", "compareCode": 3}, {"name": "Double faults", "home": "1", "away": "0", "compareCode": 1}, {"name": "First serve", "home": "63/67 (94%)", "away": "72/74 (97%)", "compareCode": 2}, {"name": "Second serve", "home": "3/4 (75%)", "away": "2/2 (100%)", "compareCode": 2}, {"name": "First serve points", "home": "36/63 (57%)", "away": "30/72 (42%)", "compareCode": 1}, {"name": "Second serve points", "home": "1/4 (25%)", "away": "1/2 (50%)", "compareCode": 3}, {"name": "Break points saved", "home": "7/11 (63%)", "away": "10/17 (58%)", "compareCode": 1}, {"name": "Service games played", "home": "9", "away": "10", "compareCode": 2}]}, {"groupName": "Return", "statisticsItems": [{"name": "First serve return points", "home": "42/72 (58%)", "away": "27/63 (42%)", "compareCode": 2}, {"name": "Second serve return points", "home": "1/2 (50%)", "away": "3/4 (75%)", "compareCode": 1}, {"name": "Break points converted", "home": "7", "away": "4", "compareCode": 1}, {"name": "Return games played", "home": "10", "away": "9", "compareCode": 2}]}, {"groupName": "Points", "statisticsItems": [{"name": "Service points won", "home": "37", "away": "31", "compareCode": 1}, {"name": "Receiver points won", "home": "43", "away": "30", "compareCode": 1}, {"name": "Total points won", "home": "80", "away": "61", "compareCode": 1}, {"name": "Max points in a row", "home": "10", "away": "4", "compareCode": 1}]}]}, {"period": "1ST", "groups": [{"groupName": "Service", "statisticsItems": [{"name": "Aces", "home": "0", "away": "0", "compareCode": 3}, {"name": "Double faults", "home": "1", "away": "0", "compareCode": 1}, {"name": "First serve", "home": "35/37 (95%)", "away": "37/38 (97%)", "compareCode": 2}, {"name": "Second serve", "home": "1/2 (50%)", "away": "1/1 (100%)", "compareCode": 2}, {"name": "First serve points", "home": "21/35 (60%)", "away": "16/37 (43%)", "compareCode": 1}, {"name": "Second serve points", "home": "0/2 (0%)", "away": "1/1 (100%)", "compareCode": 2}, {"name": "Break points saved", "home": "2/3 (66%)", "away": "4/7 (57%)", "compareCode": 1}, {"name": "Service games played", "home": "4", "away": "5", "compareCode": 2}]}, {"groupName": "Return", "statisticsItems": [{"name": "First serve return points", "home": "21/37 (56%)", "away": "14/35 (40%)", "compareCode": 2}, {"name": "Second serve return points", "home": "0/1 (0%)", "away": "2/2 (100%)", "compareCode": 1}, {"name": "Break points converted", "home": "3", "away": "1", "compareCode": 1}, {"name": "Return games played", "home": "5", "away": "4", "compareCode": 2}]}, {"groupName": "Points", "statisticsItems": [{"name": "Service points won", "home": "21", "away": "17", "compareCode": 1}, {"name": "Receiver points won", "home": "21", "away": "16", "compareCode": 1}, {"name": "Total points won", "home": "42", "away": "33", "compareCode": 1}, {"name": "Max points in a row", "home": "7", "away": "4", "compareCode": 1}]}]}, {"period": "2ND", "groups": [{"groupName": "Service", "statisticsItems": [{"name": "Aces", "home": "0", "away": "0", "compareCode": 3}, {"name": "Double faults", "home": "0", "away": "0", "compareCode": 3}, {"name": "First serve", "home": "28/30 (93%)", "away": "35/36 (97%)", "compareCode": 2}, {"name": "Second serve", "home": "2/2 (100%)", "away": "1/1 (100%)", "compareCode": 3}, {"name": "First serve points", "home": "15/28 (54%)", "away": "14/35 (40%)", "compareCode": 1}, {"name": "Second serve points", "home": "1/2 (50%)", "away": "0/1 (0%)", "compareCode": 1}, {"name": "Break points saved", "home": "5/8 (62%)", "away": "6/10 (60%)", "compareCode": 1}, {"name": "Service games played", "home": "5", "away": "5", "compareCode": 3}]}, {"groupName": "Return", "statisticsItems": [{"name": "First serve return points", "home": "21/35 (60%)", "away": "13/28 (46%)", "compareCode": 2}, {"name": "Second serve return points", "home": "1/1 (100%)", "away": "1/2 (50%)", "compareCode": 1}, {"name": "Break points converted", "home": "4", "away": "3", "compareCode": 1}, {"name": "Return games played", "home": "5", "away": "5", "compareCode": 3}]}, {"groupName": "Points", "statisticsItems": [{"name": "Service points won", "home": "16", "away": "14", "compareCode": 1}, {"name": "Receiver points won", "home": "22", "away": "14", "compareCode": 1}, {"name": "Total points won", "home": "38", "away": "28", "compareCode": 1}, {"name": "Max points in a row", "home": "10", "away": "4", "compareCode": 1}]}]}]}