{"statistics": [{"period": "ALL", "groups": [{"groupName": "Service", "statisticsItems": [{"name": "Aces", "home": "4", "away": "0", "compareCode": 1}, {"name": "Double faults", "home": "2", "away": "0", "compareCode": 1}, {"name": "First serve", "home": "57/61 (93%)", "away": "56/56 (100%)", "compareCode": 2}, {"name": "Second serve", "home": "2/4 (50%)", "away": "0/0 (0%)", "compareCode": 1}, {"name": "First serve points", "home": "40/57 (70%)", "away": "31/56 (55%)", "compareCode": 1}, {"name": "Second serve points", "home": "1/4 (25%)", "away": "0/0 (0%)", "compareCode": 1}, {"name": "Break points saved", "home": "1/1 (100%)", "away": "0/3 (0%)", "compareCode": 1}, {"name": "Service games played", "home": "9", "away": "9", "compareCode": 3}]}, {"groupName": "Return", "statisticsItems": [{"name": "First serve return points", "home": "25/56 (44%)", "away": "17/57 (29%)", "compareCode": 1}, {"name": "Second serve return points", "home": "0/0 (0%)", "away": "3/4 (75%)", "compareCode": 1}, {"name": "Break points converted", "home": "3", "away": "0", "compareCode": 1}, {"name": "Return games played", "home": "9", "away": "9", "compareCode": 3}]}, {"groupName": "Points", "statisticsItems": [{"name": "Service points won", "home": "41", "away": "31", "compareCode": 1}, {"name": "Receiver points won", "home": "25", "away": "20", "compareCode": 1}, {"name": "Total points won", "home": "66", "away": "51", "compareCode": 1}, {"name": "Max points in a row", "home": "5", "away": "4", "compareCode": 1}]}]}, {"period": "1ST", "groups": [{"groupName": "Service", "statisticsItems": [{"name": "Aces", "home": "2", "away": "0", "compareCode": 1}, {"name": "Double faults", "home": "1", "away": "0", "compareCode": 1}, {"name": "First serve", "home": "33/36 (92%)", "away": "35/35 (100%)", "compareCode": 2}, {"name": "Second serve", "home": "2/3 (67%)", "away": "0/0 (0%)", "compareCode": 1}, {"name": "First serve points", "home": "23/33 (70%)", "away": "21/35 (60%)", "compareCode": 1}, {"name": "Second serve points", "home": "1/3 (33%)", "away": "0/0 (0%)", "compareCode": 1}, {"name": "Break points saved", "home": "1/1 (100%)", "away": "0/1 (0%)", "compareCode": 3}, {"name": "Service games played", "home": "5", "away": "5", "compareCode": 3}]}, {"groupName": "Return", "statisticsItems": [{"name": "First serve return points", "home": "14/35 (40%)", "away": "10/33 (30%)", "compareCode": 1}, {"name": "Second serve return points", "home": "0/0 (0%)", "away": "2/3 (66%)", "compareCode": 1}, {"name": "Break points converted", "home": "1", "away": "0", "compareCode": 1}, {"name": "Return games played", "home": "5", "away": "5", "compareCode": 3}]}, {"groupName": "Points", "statisticsItems": [{"name": "Service points won", "home": "24", "away": "21", "compareCode": 1}, {"name": "Receiver points won", "home": "14", "away": "12", "compareCode": 1}, {"name": "Total points won", "home": "38", "away": "33", "compareCode": 1}, {"name": "Max points in a row", "home": "4", "away": "3", "compareCode": 1}]}]}, {"period": "2ND", "groups": [{"groupName": "Service", "statisticsItems": [{"name": "Aces", "home": "2", "away": "0", "compareCode": 1}, {"name": "Double faults", "home": "1", "away": "0", "compareCode": 1}, {"name": "First serve", "home": "24/25 (96%)", "away": "21/21 (100%)", "compareCode": 2}, {"name": "Second serve", "home": "0/1 (0%)", "away": "0/0 (0%)", "compareCode": 3}, {"name": "First serve points", "home": "17/24 (71%)", "away": "10/21 (48%)", "compareCode": 1}, {"name": "Second serve points", "home": "0/1 (0%)", "away": "0/0 (0%)", "compareCode": 3}, {"name": "Break points saved", "home": "0/0 (0%)", "away": "0/2 (0%)", "compareCode": 1}, {"name": "Service games played", "home": "4", "away": "4", "compareCode": 3}]}, {"groupName": "Return", "statisticsItems": [{"name": "First serve return points", "home": "11/21 (52%)", "away": "7/24 (29%)", "compareCode": 1}, {"name": "Second serve return points", "home": "0/0 (0%)", "away": "1/1 (100%)", "compareCode": 1}, {"name": "Break points converted", "home": "2", "away": "0", "compareCode": 1}, {"name": "Return games played", "home": "4", "away": "4", "compareCode": 3}]}, {"groupName": "Points", "statisticsItems": [{"name": "Service points won", "home": "17", "away": "10", "compareCode": 1}, {"name": "Receiver points won", "home": "11", "away": "8", "compareCode": 1}, {"name": "Total points won", "home": "28", "away": "18", "compareCode": 1}, {"name": "Max points in a row", "home": "5", "away": "4", "compareCode": 1}]}]}]}