{"statistics": [{"period": "ALL", "groups": [{"groupName": "Service", "statisticsItems": [{"name": "Aces", "home": "0", "away": "5", "compareCode": 2}, {"name": "Double faults", "home": "9", "away": "0", "compareCode": 1}, {"name": "First serve", "home": "64/74 (86%)", "away": "105/105 (100%)", "compareCode": 2}, {"name": "Second serve", "home": "1/10 (10%)", "away": "0/0 (0%)", "compareCode": 1}, {"name": "First serve points", "home": "43/64 (67%)", "away": "59/105 (56%)", "compareCode": 2}, {"name": "Second serve points", "home": "1/10 (10%)", "away": "0/0 (0%)", "compareCode": 1}, {"name": "Break points saved", "home": "1/2 (50%)", "away": "14/18 (77%)", "compareCode": 1}, {"name": "Service games played", "home": "9", "away": "10", "compareCode": 2}]}, {"groupName": "Return", "statisticsItems": [{"name": "First serve return points", "home": "46/105 (43%)", "away": "21/64 (32%)", "compareCode": 2}, {"name": "Second serve return points", "home": "0/0 (0%)", "away": "9/10 (90%)", "compareCode": 1}, {"name": "Break points converted", "home": "4", "away": "1", "compareCode": 1}, {"name": "Return games played", "home": "10", "away": "9", "compareCode": 2}]}, {"groupName": "Points", "statisticsItems": [{"name": "Service points won", "home": "44", "away": "59", "compareCode": 2}, {"name": "Receiver points won", "home": "46", "away": "30", "compareCode": 1}, {"name": "Total points won", "home": "90", "away": "89", "compareCode": 1}, {"name": "Max points in a row", "home": "6", "away": "13", "compareCode": 2}]}]}, {"period": "1ST", "groups": [{"groupName": "Service", "statisticsItems": [{"name": "Aces", "home": "0", "away": "3", "compareCode": 2}, {"name": "Double faults", "home": "2", "away": "0", "compareCode": 1}, {"name": "First serve", "home": "43/46 (93%)", "away": "59/59 (100%)", "compareCode": 2}, {"name": "Second serve", "home": "1/3 (33%)", "away": "0/0 (0%)", "compareCode": 1}, {"name": "First serve points", "home": "26/43 (60%)", "away": "37/59 (63%)", "compareCode": 2}, {"name": "Second serve points", "home": "1/3 (33%)", "away": "0/0 (0%)", "compareCode": 1}, {"name": "Break points saved", "home": "1/2 (50%)", "away": "7/8 (87%)", "compareCode": 1}, {"name": "Service games played", "home": "6", "away": "6", "compareCode": 3}]}, {"groupName": "Return", "statisticsItems": [{"name": "First serve return points", "home": "22/59 (37%)", "away": "17/43 (39%)", "compareCode": 2}, {"name": "Second serve return points", "home": "0/0 (0%)", "away": "2/3 (66%)", "compareCode": 1}, {"name": "Break points converted", "home": "1", "away": "1", "compareCode": 3}, {"name": "Return games played", "home": "6", "away": "6", "compareCode": 3}]}, {"groupName": "Points", "statisticsItems": [{"name": "Service points won", "home": "27", "away": "37", "compareCode": 2}, {"name": "Receiver points won", "home": "22", "away": "19", "compareCode": 1}, {"name": "Total points won", "home": "49", "away": "56", "compareCode": 2}, {"name": "Max points in a row", "home": "5", "away": "10", "compareCode": 2}]}]}, {"period": "2ND", "groups": [{"groupName": "Service", "statisticsItems": [{"name": "Aces", "home": "0", "away": "2", "compareCode": 2}, {"name": "Double faults", "home": "5", "away": "0", "compareCode": 1}, {"name": "First serve", "home": "14/19 (74%)", "away": "37/37 (100%)", "compareCode": 2}, {"name": "Second serve", "home": "0/5 (0%)", "away": "0/0 (0%)", "compareCode": 3}, {"name": "First serve points", "home": "13/14 (93%)", "away": "17/37 (46%)", "compareCode": 2}, {"name": "Second serve points", "home": "0/5 (0%)", "away": "0/0 (0%)", "compareCode": 3}, {"name": "Break points saved", "home": "0/0 (0%)", "away": "7/10 (70%)", "compareCode": 1}, {"name": "Service games played", "home": "3", "away": "4", "compareCode": 2}]}, {"groupName": "Return", "statisticsItems": [{"name": "First serve return points", "home": "20/37 (54%)", "away": "1/14 (7%)", "compareCode": 2}, {"name": "Second serve return points", "home": "0/0 (0%)", "away": "5/5 (100%)", "compareCode": 1}, {"name": "Break points converted", "home": "3", "away": "0", "compareCode": 1}, {"name": "Return games played", "home": "4", "away": "3", "compareCode": 2}]}, {"groupName": "Points", "statisticsItems": [{"name": "Service points won", "home": "13", "away": "17", "compareCode": 2}, {"name": "Receiver points won", "home": "20", "away": "6", "compareCode": 1}, {"name": "Total points won", "home": "33", "away": "23", "compareCode": 1}, {"name": "Max points in a row", "home": "5", "away": "3", "compareCode": 1}]}]}, {"period": "3RD", "groups": [{"groupName": "Service", "statisticsItems": [{"name": "Aces", "home": "0", "away": "0", "compareCode": 3}, {"name": "Double faults", "home": "2", "away": "0", "compareCode": 1}, {"name": "First serve", "home": "7/9 (78%)", "away": "9/9 (100%)", "compareCode": 2}, {"name": "Second serve", "home": "0/2 (0%)", "away": "0/0 (0%)", "compareCode": 3}, {"name": "First serve points", "home": "4/7 (57%)", "away": "5/9 (56%)", "compareCode": 2}, {"name": "Second serve points", "home": "0/2 (0%)", "away": "0/0 (0%)", "compareCode": 3}, {"name": "Break points saved", "home": "0/0 (0%)", "away": "0/0 (0%)", "compareCode": 3}, {"name": "Service games played", "home": "0", "away": "0", "compareCode": 3}]}, {"groupName": "Return", "statisticsItems": [{"name": "First serve return points", "home": "4/9 (44%)", "away": "3/7 (42%)", "compareCode": 3}, {"name": "Second serve return points", "home": "0/0 (0%)", "away": "2/2 (100%)", "compareCode": 1}, {"name": "Break points converted", "home": "0", "away": "0", "compareCode": 3}, {"name": "Return games played", "home": "0", "away": "0", "compareCode": 3}]}, {"groupName": "Points", "statisticsItems": [{"name": "Service points won", "home": "4", "away": "5", "compareCode": 2}, {"name": "Receiver points won", "home": "4", "away": "5", "compareCode": 2}, {"name": "Total points won", "home": "8", "away": "10", "compareCode": 2}, {"name": "Max points in a row", "home": "2", "away": "4", "compareCode": 2}]}]}]}