{"statistics": [{"period": "ALL", "groups": [{"groupName": "Service", "statisticsItems": [{"name": "Aces", "home": "0", "away": "0", "compareCode": 3}, {"name": "First serve", "home": "70/70 (100%)", "away": "81/83 (98%)", "compareCode": 1}, {"name": "Second serve", "home": "0/0 (0%)", "away": "2/2 (100%)", "compareCode": 2}, {"name": "First serve points", "home": "42/70 (60%)", "away": "49/81 (60%)", "compareCode": 2}, {"name": "Second serve points", "home": "0/0 (0%)", "away": "1/2 (50%)", "compareCode": 2}, {"name": "Break points saved", "home": "4/8 (50%)", "away": "5/9 (55%)", "compareCode": 1}, {"name": "Service games played", "home": "12", "away": "12", "compareCode": 3}]}, {"groupName": "Return", "statisticsItems": [{"name": "First serve return points", "home": "32/81 (39%)", "away": "28/70 (40%)", "compareCode": 2}, {"name": "Second serve return points", "home": "1/2 (50%)", "away": "0/0 (0%)", "compareCode": 2}, {"name": "Break points converted", "home": "4", "away": "4", "compareCode": 3}, {"name": "Return games played", "home": "12", "away": "12", "compareCode": 3}]}, {"groupName": "Points", "statisticsItems": [{"name": "Service points won", "home": "42", "away": "50", "compareCode": 2}, {"name": "Receiver points won", "home": "33", "away": "28", "compareCode": 1}, {"name": "Total points won", "home": "75", "away": "78", "compareCode": 2}, {"name": "Max points in a row", "home": "8", "away": "6", "compareCode": 1}]}]}, {"period": "1ST", "groups": [{"groupName": "Service", "statisticsItems": [{"name": "Aces", "home": "0", "away": "0", "compareCode": 3}, {"name": "Double faults", "home": "0", "away": "0", "compareCode": 3}, {"name": "First serve", "home": "27/27 (100%)", "away": "37/37 (100%)", "compareCode": 3}, {"name": "Second serve", "home": "0/0 (0%)", "away": "0/0 (0%)", "compareCode": 3}, {"name": "First serve points", "home": "20/27 (74%)", "away": "21/37 (57%)", "compareCode": 2}, {"name": "Second serve points", "home": "0/0 (0%)", "away": "0/0 (0%)", "compareCode": 3}, {"name": "Break points saved", "home": "0/1 (0%)", "away": "2/4 (50%)", "compareCode": 1}, {"name": "Service games played", "home": "6", "away": "6", "compareCode": 3}]}, {"groupName": "Return", "statisticsItems": [{"name": "First serve return points", "home": "16/37 (43%)", "away": "7/27 (25%)", "compareCode": 2}, {"name": "Second serve return points", "home": "0/0 (0%)", "away": "0/0 (0%)", "compareCode": 3}, {"name": "Break points converted", "home": "2", "away": "1", "compareCode": 1}, {"name": "Return games played", "home": "6", "away": "6", "compareCode": 3}]}, {"groupName": "Points", "statisticsItems": [{"name": "Service points won", "home": "20", "away": "21", "compareCode": 2}, {"name": "Receiver points won", "home": "16", "away": "7", "compareCode": 1}, {"name": "Total points won", "home": "36", "away": "28", "compareCode": 1}, {"name": "Max points in a row", "home": "8", "away": "5", "compareCode": 1}]}]}, {"period": "2ND", "groups": [{"groupName": "Service", "statisticsItems": [{"name": "Aces", "home": "0", "away": "0", "compareCode": 3}, {"name": "Double faults", "home": "0", "away": "0", "compareCode": 3}, {"name": "First serve", "home": "36/36 (100%)", "away": "37/39 (95%)", "compareCode": 1}, {"name": "Second serve", "home": "0/0 (0%)", "away": "2/2 (100%)", "compareCode": 2}, {"name": "First serve points", "home": "19/36 (53%)", "away": "22/37 (59%)", "compareCode": 2}, {"name": "Second serve points", "home": "0/0 (0%)", "away": "1/2 (50%)", "compareCode": 2}, {"name": "Break points saved", "home": "4/7 (57%)", "away": "3/5 (60%)", "compareCode": 2}, {"name": "Service games played", "home": "6", "away": "6", "compareCode": 3}]}, {"groupName": "Return", "statisticsItems": [{"name": "First serve return points", "home": "15/37 (40%)", "away": "17/36 (47%)", "compareCode": 2}, {"name": "Second serve return points", "home": "1/2 (50%)", "away": "0/0 (0%)", "compareCode": 2}, {"name": "Break points converted", "home": "2", "away": "3", "compareCode": 2}, {"name": "Return games played", "home": "6", "away": "6", "compareCode": 3}]}, {"groupName": "Points", "statisticsItems": [{"name": "Service points won", "home": "19", "away": "23", "compareCode": 2}, {"name": "Receiver points won", "home": "16", "away": "17", "compareCode": 2}, {"name": "Total points won", "home": "35", "away": "40", "compareCode": 2}, {"name": "Max points in a row", "home": "7", "away": "6", "compareCode": 1}]}]}, {"period": "3RD", "groups": [{"groupName": "Service", "statisticsItems": [{"name": "Aces", "home": "0", "away": "0", "compareCode": 3}, {"name": "Double faults", "home": "0", "away": "0", "compareCode": 3}, {"name": "First serve", "home": "7/7 (100%)", "away": "7/7 (100%)", "compareCode": 3}, {"name": "Second serve", "home": "0/0 (0%)", "away": "0/0 (0%)", "compareCode": 3}, {"name": "First serve points", "home": "3/7 (43%)", "away": "6/7 (86%)", "compareCode": 2}, {"name": "Second serve points", "home": "0/0 (0%)", "away": "0/0 (0%)", "compareCode": 3}, {"name": "Break points saved", "home": "0/0 (0%)", "away": "0/0 (0%)", "compareCode": 3}, {"name": "Service games played", "home": "0", "away": "0", "compareCode": 3}]}, {"groupName": "Return", "statisticsItems": [{"name": "First serve return points", "home": "1/7 (14%)", "away": "4/7 (57%)", "compareCode": 3}, {"name": "Second serve return points", "home": "0/0 (0%)", "away": "0/0 (0%)", "compareCode": 3}, {"name": "Break points converted", "home": "0", "away": "0", "compareCode": 3}, {"name": "Return games played", "home": "0", "away": "0", "compareCode": 3}]}, {"groupName": "Points", "statisticsItems": [{"name": "Service points won", "home": "3", "away": "6", "compareCode": 2}, {"name": "Receiver points won", "home": "1", "away": "4", "compareCode": 2}, {"name": "Total points won", "home": "4", "away": "10", "compareCode": 2}, {"name": "Max points in a row", "home": "2", "away": "3", "compareCode": 2}]}]}]}