{"statistics": [{"period": "ALL", "groups": [{"groupName": "Service", "statisticsItems": [{"name": "Aces", "home": "5", "away": "0", "compareCode": 1}, {"name": "Double faults", "home": "10", "away": "0", "compareCode": 1}, {"name": "First serve", "home": "51/61 (84%)", "away": "67/67 (100%)", "compareCode": 2}, {"name": "Second serve", "home": "0/10 (0%)", "away": "0/0 (0%)", "compareCode": 3}, {"name": "First serve points", "home": "35/51 (69%)", "away": "43/67 (64%)", "compareCode": 2}, {"name": "Second serve points", "home": "0/10 (0%)", "away": "0/0 (0%)", "compareCode": 3}, {"name": "Break points saved", "home": "4/7 (57%)", "away": "7/8 (87%)", "compareCode": 1}, {"name": "Service games played", "home": "9", "away": "10", "compareCode": 2}]}, {"groupName": "Return", "statisticsItems": [{"name": "First serve return points", "home": "24/67 (35%)", "away": "16/51 (31%)", "compareCode": 2}, {"name": "Second serve return points", "home": "0/0 (0%)", "away": "10/10 (100%)", "compareCode": 1}, {"name": "Break points converted", "home": "1", "away": "3", "compareCode": 2}, {"name": "Return games played", "home": "10", "away": "9", "compareCode": 2}]}, {"groupName": "Points", "statisticsItems": [{"name": "Service points won", "home": "35", "away": "43", "compareCode": 2}, {"name": "Receiver points won", "home": "24", "away": "26", "compareCode": 2}, {"name": "Total points won", "home": "59", "away": "69", "compareCode": 2}, {"name": "Max points in a row", "home": "5", "away": "6", "compareCode": 2}]}]}, {"period": "1ST", "groups": [{"groupName": "Service", "statisticsItems": [{"name": "Aces", "home": "4", "away": "0", "compareCode": 1}, {"name": "Double faults", "home": "7", "away": "0", "compareCode": 1}, {"name": "First serve", "home": "30/37 (81%)", "away": "33/33 (100%)", "compareCode": 2}, {"name": "Second serve", "home": "0/7 (0%)", "away": "0/0 (0%)", "compareCode": 3}, {"name": "First serve points", "home": "20/30 (67%)", "away": "20/33 (61%)", "compareCode": 3}, {"name": "Second serve points", "home": "0/7 (0%)", "away": "0/0 (0%)", "compareCode": 3}, {"name": "Break points saved", "home": "3/5 (60%)", "away": "3/4 (75%)", "compareCode": 2}, {"name": "Service games played", "home": "5", "away": "5", "compareCode": 3}]}, {"groupName": "Return", "statisticsItems": [{"name": "First serve return points", "home": "13/33 (39%)", "away": "10/30 (33%)", "compareCode": 1}, {"name": "Second serve return points", "home": "0/0 (0%)", "away": "7/7 (100%)", "compareCode": 1}, {"name": "Break points converted", "home": "1", "away": "2", "compareCode": 2}, {"name": "Return games played", "home": "5", "away": "5", "compareCode": 3}]}, {"groupName": "Points", "statisticsItems": [{"name": "Service points won", "home": "20", "away": "20", "compareCode": 3}, {"name": "Receiver points won", "home": "13", "away": "17", "compareCode": 2}, {"name": "Total points won", "home": "33", "away": "37", "compareCode": 2}, {"name": "Max points in a row", "home": "5", "away": "6", "compareCode": 2}]}]}, {"period": "2ND", "groups": [{"groupName": "Service", "statisticsItems": [{"name": "Aces", "home": "1", "away": "0", "compareCode": 1}, {"name": "Double faults", "home": "3", "away": "0", "compareCode": 1}, {"name": "First serve", "home": "21/24 (88%)", "away": "34/34 (100%)", "compareCode": 2}, {"name": "Second serve", "home": "0/3 (0%)", "away": "0/0 (0%)", "compareCode": 3}, {"name": "First serve points", "home": "15/21 (71%)", "away": "23/34 (68%)", "compareCode": 2}, {"name": "Second serve points", "home": "0/3 (0%)", "away": "0/0 (0%)", "compareCode": 3}, {"name": "Break points saved", "home": "1/2 (50%)", "away": "4/4 (100%)", "compareCode": 1}, {"name": "Service games played", "home": "4", "away": "5", "compareCode": 2}]}, {"groupName": "Return", "statisticsItems": [{"name": "First serve return points", "home": "11/34 (32%)", "away": "6/21 (28%)", "compareCode": 2}, {"name": "Second serve return points", "home": "0/0 (0%)", "away": "3/3 (100%)", "compareCode": 1}, {"name": "Break points converted", "home": "0", "away": "1", "compareCode": 2}, {"name": "Return games played", "home": "5", "away": "4", "compareCode": 2}]}, {"groupName": "Points", "statisticsItems": [{"name": "Service points won", "home": "15", "away": "23", "compareCode": 2}, {"name": "Receiver points won", "home": "11", "away": "9", "compareCode": 1}, {"name": "Total points won", "home": "26", "away": "32", "compareCode": 2}, {"name": "Max points in a row", "home": "4", "away": "6", "compareCode": 2}]}]}]}