{"statistics": [{"period": "ALL", "groups": [{"groupName": "Service", "statisticsItems": [{"name": "Aces", "home": "1", "away": "0", "compareCode": 1}, {"name": "Double faults", "home": "2", "away": "0", "compareCode": 1}, {"name": "First serve", "home": "65/68 (96%)", "away": "85/89 (96%)", "compareCode": 3}, {"name": "Second serve", "home": "1/3 (33%)", "away": "4/4 (100%)", "compareCode": 2}, {"name": "First serve points", "home": "29/65 (45%)", "away": "46/85 (54%)", "compareCode": 2}, {"name": "Second serve points", "home": "1/3 (33%)", "away": "3/4 (75%)", "compareCode": 2}, {"name": "Break points saved", "home": "7/12 (58%)", "away": "11/14 (78%)", "compareCode": 1}, {"name": "Service games played", "home": "9", "away": "10", "compareCode": 2}]}, {"groupName": "Return", "statisticsItems": [{"name": "First serve return points", "home": "39/85 (45%)", "away": "36/65 (55%)", "compareCode": 2}, {"name": "Second serve return points", "home": "1/4 (25%)", "away": "2/3 (66%)", "compareCode": 2}, {"name": "Break points converted", "home": "3", "away": "5", "compareCode": 2}, {"name": "Return games played", "home": "10", "away": "9", "compareCode": 2}]}, {"groupName": "Points", "statisticsItems": [{"name": "Service points won", "home": "30", "away": "49", "compareCode": 2}, {"name": "Receiver points won", "home": "40", "away": "38", "compareCode": 1}, {"name": "Total points won", "home": "70", "away": "87", "compareCode": 2}, {"name": "Max points in a row", "home": "4", "away": "7", "compareCode": 2}]}]}, {"period": "1ST", "groups": [{"groupName": "Service", "statisticsItems": [{"name": "Aces", "home": "0", "away": "0", "compareCode": 3}, {"name": "Double faults", "home": "1", "away": "0", "compareCode": 1}, {"name": "First serve", "home": "44/46 (96%)", "away": "49/52 (94%)", "compareCode": 1}, {"name": "Second serve", "home": "1/2 (50%)", "away": "3/3 (100%)", "compareCode": 2}, {"name": "First serve points", "home": "20/44 (45%)", "away": "24/49 (49%)", "compareCode": 2}, {"name": "Second serve points", "home": "1/2 (50%)", "away": "2/3 (67%)", "compareCode": 2}, {"name": "Break points saved", "home": "3/6 (50%)", "away": "7/10 (70%)", "compareCode": 1}, {"name": "Service games played", "home": "6", "away": "6", "compareCode": 3}]}, {"groupName": "Return", "statisticsItems": [{"name": "First serve return points", "home": "25/49 (51%)", "away": "24/44 (54%)", "compareCode": 2}, {"name": "Second serve return points", "home": "1/3 (33%)", "away": "1/2 (50%)", "compareCode": 2}, {"name": "Break points converted", "home": "3", "away": "3", "compareCode": 3}, {"name": "Return games played", "home": "6", "away": "6", "compareCode": 3}]}, {"groupName": "Points", "statisticsItems": [{"name": "Service points won", "home": "21", "away": "26", "compareCode": 2}, {"name": "Receiver points won", "home": "26", "away": "25", "compareCode": 1}, {"name": "Total points won", "home": "47", "away": "51", "compareCode": 2}, {"name": "Max points in a row", "home": "4", "away": "5", "compareCode": 2}]}]}, {"period": "2ND", "groups": [{"groupName": "Service", "statisticsItems": [{"name": "Aces", "home": "1", "away": "0", "compareCode": 1}, {"name": "Double faults", "home": "1", "away": "0", "compareCode": 1}, {"name": "First serve", "home": "21/22 (95%)", "away": "36/37 (97%)", "compareCode": 2}, {"name": "Second serve", "home": "0/1 (0%)", "away": "1/1 (100%)", "compareCode": 2}, {"name": "First serve points", "home": "9/21 (43%)", "away": "22/36 (61%)", "compareCode": 2}, {"name": "Second serve points", "home": "0/1 (0%)", "away": "1/1 (100%)", "compareCode": 2}, {"name": "Break points saved", "home": "4/6 (66%)", "away": "4/4 (100%)", "compareCode": 2}, {"name": "Service games played", "home": "3", "away": "4", "compareCode": 2}]}, {"groupName": "Return", "statisticsItems": [{"name": "First serve return points", "home": "14/36 (38%)", "away": "12/21 (57%)", "compareCode": 2}, {"name": "Second serve return points", "home": "0/1 (0%)", "away": "1/1 (100%)", "compareCode": 3}, {"name": "Break points converted", "home": "0", "away": "2", "compareCode": 2}, {"name": "Return games played", "home": "4", "away": "3", "compareCode": 2}]}, {"groupName": "Points", "statisticsItems": [{"name": "Service points won", "home": "9", "away": "23", "compareCode": 2}, {"name": "Receiver points won", "home": "14", "away": "13", "compareCode": 1}, {"name": "Total points won", "home": "23", "away": "36", "compareCode": 2}, {"name": "Max points in a row", "home": "3", "away": "7", "compareCode": 2}]}]}]}