{"statistics": [{"period": "ALL", "groups": [{"groupName": "Service", "statisticsItems": [{"name": "Aces", "home": "0", "away": "0", "compareCode": 3}, {"name": "Double faults", "home": "1", "away": "0", "compareCode": 1}, {"name": "First serve", "home": "40/41 (98%)", "away": "58/59 (98%)", "compareCode": 3}, {"name": "Second serve", "home": "0/1 (0%)", "away": "1/1 (100%)", "compareCode": 2}, {"name": "First serve points", "home": "28/40 (70%)", "away": "24/58 (41%)", "compareCode": 1}, {"name": "Second serve points", "home": "0/1 (0%)", "away": "0/1 (0%)", "compareCode": 3}, {"name": "Break points saved", "home": "3/3 (100%)", "away": "5/11 (45%)", "compareCode": 1}, {"name": "Service games played", "home": "6", "away": "7", "compareCode": 2}]}, {"groupName": "Return", "statisticsItems": [{"name": "First serve return points", "home": "34/58 (58%)", "away": "12/40 (30%)", "compareCode": 2}, {"name": "Second serve return points", "home": "1/1 (100%)", "away": "1/1 (100%)", "compareCode": 3}, {"name": "Break points converted", "home": "6", "away": "0", "compareCode": 1}, {"name": "Return games played", "home": "7", "away": "6", "compareCode": 2}]}, {"groupName": "Points", "statisticsItems": [{"name": "Service points won", "home": "28", "away": "24", "compareCode": 1}, {"name": "Receiver points won", "home": "35", "away": "13", "compareCode": 1}, {"name": "Total points won", "home": "63", "away": "37", "compareCode": 1}, {"name": "Max points in a row", "home": "7", "away": "4", "compareCode": 1}]}]}, {"period": "1ST", "groups": [{"groupName": "Service", "statisticsItems": [{"name": "Aces", "home": "0", "away": "0", "compareCode": 3}, {"name": "Double faults", "home": "0", "away": "0", "compareCode": 3}, {"name": "First serve", "home": "18/18 (100%)", "away": "28/29 (97%)", "compareCode": 1}, {"name": "Second serve", "home": "0/0 (0%)", "away": "1/1 (100%)", "compareCode": 2}, {"name": "First serve points", "home": "13/18 (72%)", "away": "12/28 (43%)", "compareCode": 1}, {"name": "Second serve points", "home": "0/0 (0%)", "away": "0/1 (0%)", "compareCode": 3}, {"name": "Break points saved", "home": "0/0 (0%)", "away": "2/5 (40%)", "compareCode": 1}, {"name": "Service games played", "home": "3", "away": "4", "compareCode": 2}]}, {"groupName": "Return", "statisticsItems": [{"name": "First serve return points", "home": "16/28 (57%)", "away": "5/18 (27%)", "compareCode": 2}, {"name": "Second serve return points", "home": "1/1 (100%)", "away": "0/0 (0%)", "compareCode": 2}, {"name": "Break points converted", "home": "3", "away": "0", "compareCode": 1}, {"name": "Return games played", "home": "4", "away": "3", "compareCode": 2}]}, {"groupName": "Points", "statisticsItems": [{"name": "Service points won", "home": "13", "away": "12", "compareCode": 1}, {"name": "Receiver points won", "home": "17", "away": "5", "compareCode": 1}, {"name": "Total points won", "home": "30", "away": "17", "compareCode": 1}, {"name": "Max points in a row", "home": "5", "away": "3", "compareCode": 1}]}]}, {"period": "2ND", "groups": [{"groupName": "Service", "statisticsItems": [{"name": "Aces", "home": "0", "away": "0", "compareCode": 3}, {"name": "Double faults", "home": "1", "away": "0", "compareCode": 1}, {"name": "First serve", "home": "22/23 (96%)", "away": "30/30 (100%)", "compareCode": 2}, {"name": "Second serve", "home": "0/1 (0%)", "away": "0/0 (0%)", "compareCode": 3}, {"name": "First serve points", "home": "15/22 (68%)", "away": "12/30 (40%)", "compareCode": 1}, {"name": "Second serve points", "home": "0/1 (0%)", "away": "0/0 (0%)", "compareCode": 3}, {"name": "Break points saved", "home": "3/3 (100%)", "away": "3/6 (50%)", "compareCode": 1}, {"name": "Service games played", "home": "3", "away": "3", "compareCode": 3}]}, {"groupName": "Return", "statisticsItems": [{"name": "First serve return points", "home": "18/30 (60%)", "away": "7/22 (31%)", "compareCode": 2}, {"name": "Second serve return points", "home": "0/0 (0%)", "away": "1/1 (100%)", "compareCode": 1}, {"name": "Break points converted", "home": "3", "away": "0", "compareCode": 1}, {"name": "Return games played", "home": "3", "away": "3", "compareCode": 3}]}, {"groupName": "Points", "statisticsItems": [{"name": "Service points won", "home": "15", "away": "12", "compareCode": 1}, {"name": "Receiver points won", "home": "18", "away": "8", "compareCode": 1}, {"name": "Total points won", "home": "33", "away": "20", "compareCode": 1}, {"name": "Max points in a row", "home": "4", "away": "4", "compareCode": 3}]}]}]}