{"statistics": [{"period": "ALL", "groups": [{"groupName": "Service", "statisticsItems": [{"name": "Aces", "home": "3", "away": "0", "compareCode": 1}, {"name": "Double faults", "home": "2", "away": "0", "compareCode": 1}, {"name": "First serve", "home": "58/60 (97%)", "away": "73/75 (97%)", "compareCode": 3}, {"name": "Second serve", "home": "0/2 (0%)", "away": "2/2 (100%)", "compareCode": 2}, {"name": "First serve points", "home": "34/58 (59%)", "away": "36/73 (49%)", "compareCode": 2}, {"name": "Second serve points", "home": "0/2 (0%)", "away": "1/2 (50%)", "compareCode": 2}, {"name": "Break points saved", "home": "0/4 (0%)", "away": "6/12 (50%)", "compareCode": 1}, {"name": "Service games played", "home": "10", "away": "11", "compareCode": 2}]}, {"groupName": "Return", "statisticsItems": [{"name": "First serve return points", "home": "37/73 (50%)", "away": "24/58 (41%)", "compareCode": 2}, {"name": "Second serve return points", "home": "1/2 (50%)", "away": "2/2 (100%)", "compareCode": 3}, {"name": "Break points converted", "home": "6", "away": "4", "compareCode": 1}, {"name": "Return games played", "home": "11", "away": "10", "compareCode": 2}]}, {"groupName": "Points", "statisticsItems": [{"name": "Service points won", "home": "34", "away": "37", "compareCode": 2}, {"name": "Receiver points won", "home": "38", "away": "26", "compareCode": 1}, {"name": "Total points won", "home": "72", "away": "63", "compareCode": 1}, {"name": "Max points in a row", "home": "8", "away": "5", "compareCode": 1}]}]}, {"period": "1ST", "groups": [{"groupName": "Service", "statisticsItems": [{"name": "Aces", "home": "2", "away": "0", "compareCode": 1}, {"name": "Double faults", "home": "2", "away": "0", "compareCode": 1}, {"name": "First serve", "home": "34/36 (94%)", "away": "37/37 (100%)", "compareCode": 2}, {"name": "Second serve", "home": "0/2 (0%)", "away": "0/0 (0%)", "compareCode": 3}, {"name": "First serve points", "home": "23/34 (68%)", "away": "22/37 (59%)", "compareCode": 1}, {"name": "Second serve points", "home": "0/2 (0%)", "away": "0/0 (0%)", "compareCode": 3}, {"name": "Break points saved", "home": "0/2 (0%)", "away": "0/2 (0%)", "compareCode": 3}, {"name": "Service games played", "home": "6", "away": "6", "compareCode": 3}]}, {"groupName": "Return", "statisticsItems": [{"name": "First serve return points", "home": "15/37 (40%)", "away": "11/34 (32%)", "compareCode": 2}, {"name": "Second serve return points", "home": "0/0 (0%)", "away": "2/2 (100%)", "compareCode": 1}, {"name": "Break points converted", "home": "2", "away": "2", "compareCode": 3}, {"name": "Return games played", "home": "6", "away": "6", "compareCode": 3}]}, {"groupName": "Points", "statisticsItems": [{"name": "Service points won", "home": "23", "away": "22", "compareCode": 1}, {"name": "Receiver points won", "home": "15", "away": "13", "compareCode": 1}, {"name": "Total points won", "home": "38", "away": "35", "compareCode": 1}, {"name": "Max points in a row", "home": "8", "away": "4", "compareCode": 1}]}]}, {"period": "2ND", "groups": [{"groupName": "Service", "statisticsItems": [{"name": "Aces", "home": "1", "away": "0", "compareCode": 1}, {"name": "Double faults", "home": "0", "away": "0", "compareCode": 3}, {"name": "First serve", "home": "24/24 (100%)", "away": "36/38 (95%)", "compareCode": 1}, {"name": "Second serve", "home": "0/0 (0%)", "away": "2/2 (100%)", "compareCode": 2}, {"name": "First serve points", "home": "11/24 (46%)", "away": "14/36 (39%)", "compareCode": 2}, {"name": "Second serve points", "home": "0/0 (0%)", "away": "1/2 (50%)", "compareCode": 2}, {"name": "Break points saved", "home": "0/2 (0%)", "away": "6/10 (60%)", "compareCode": 1}, {"name": "Service games played", "home": "4", "away": "5", "compareCode": 2}]}, {"groupName": "Return", "statisticsItems": [{"name": "First serve return points", "home": "22/36 (61%)", "away": "13/24 (54%)", "compareCode": 2}, {"name": "Second serve return points", "home": "1/2 (50%)", "away": "0/0 (0%)", "compareCode": 2}, {"name": "Break points converted", "home": "4", "away": "2", "compareCode": 1}, {"name": "Return games played", "home": "5", "away": "4", "compareCode": 2}]}, {"groupName": "Points", "statisticsItems": [{"name": "Service points won", "home": "11", "away": "15", "compareCode": 2}, {"name": "Receiver points won", "home": "23", "away": "13", "compareCode": 1}, {"name": "Total points won", "home": "34", "away": "28", "compareCode": 1}, {"name": "Max points in a row", "home": "6", "away": "5", "compareCode": 1}]}]}]}