{"statistics": [{"period": "ALL", "groups": [{"groupName": "Service", "statisticsItems": [{"name": "Aces", "home": "1", "away": "0", "compareCode": 1}, {"name": "Double faults", "home": "2", "away": "0", "compareCode": 1}, {"name": "First serve", "home": "52/54 (96%)", "away": "51/52 (98%)", "compareCode": 2}, {"name": "Second serve", "home": "0/2 (0%)", "away": "1/1 (100%)", "compareCode": 2}, {"name": "First serve points", "home": "27/52 (52%)", "away": "32/51 (63%)", "compareCode": 2}, {"name": "Second serve points", "home": "0/2 (0%)", "away": "1/1 (100%)", "compareCode": 2}, {"name": "Break points saved", "home": "1/6 (16%)", "away": "7/8 (87%)", "compareCode": 1}, {"name": "Service games played", "home": "9", "away": "8", "compareCode": 1}]}, {"groupName": "Return", "statisticsItems": [{"name": "First serve return points", "home": "19/51 (37%)", "away": "25/52 (48%)", "compareCode": 1}, {"name": "Second serve return points", "home": "0/1 (0%)", "away": "2/2 (100%)", "compareCode": 1}, {"name": "Break points converted", "home": "1", "away": "5", "compareCode": 2}, {"name": "Return games played", "home": "8", "away": "9", "compareCode": 1}]}, {"groupName": "Points", "statisticsItems": [{"name": "Service points won", "home": "27", "away": "33", "compareCode": 2}, {"name": "Receiver points won", "home": "19", "away": "27", "compareCode": 2}, {"name": "Total points won", "home": "46", "away": "60", "compareCode": 2}, {"name": "Max points in a row", "home": "5", "away": "5", "compareCode": 3}]}]}, {"period": "1ST", "groups": [{"groupName": "Service", "statisticsItems": [{"name": "Aces", "home": "0", "away": "0", "compareCode": 3}, {"name": "Double faults", "home": "1", "away": "0", "compareCode": 1}, {"name": "First serve", "home": "29/30 (97%)", "away": "29/30 (97%)", "compareCode": 3}, {"name": "Second serve", "home": "0/1 (0%)", "away": "1/1 (100%)", "compareCode": 2}, {"name": "First serve points", "home": "14/29 (48%)", "away": "16/29 (55%)", "compareCode": 2}, {"name": "Second serve points", "home": "0/1 (0%)", "away": "1/1 (100%)", "compareCode": 2}, {"name": "Break points saved", "home": "0/3 (0%)", "away": "7/8 (87%)", "compareCode": 1}, {"name": "Service games played", "home": "5", "away": "4", "compareCode": 1}]}, {"groupName": "Return", "statisticsItems": [{"name": "First serve return points", "home": "13/29 (44%)", "away": "15/29 (51%)", "compareCode": 3}, {"name": "Second serve return points", "home": "0/1 (0%)", "away": "1/1 (100%)", "compareCode": 3}, {"name": "Break points converted", "home": "1", "away": "3", "compareCode": 2}, {"name": "Return games played", "home": "4", "away": "5", "compareCode": 1}]}, {"groupName": "Points", "statisticsItems": [{"name": "Service points won", "home": "14", "away": "17", "compareCode": 2}, {"name": "Receiver points won", "home": "13", "away": "16", "compareCode": 2}, {"name": "Total points won", "home": "27", "away": "33", "compareCode": 2}, {"name": "Max points in a row", "home": "5", "away": "5", "compareCode": 3}]}]}, {"period": "2ND", "groups": [{"groupName": "Service", "statisticsItems": [{"name": "Aces", "home": "1", "away": "0", "compareCode": 1}, {"name": "Double faults", "home": "1", "away": "0", "compareCode": 1}, {"name": "First serve", "home": "23/24 (96%)", "away": "22/22 (100%)", "compareCode": 2}, {"name": "Second serve", "home": "0/1 (0%)", "away": "0/0 (0%)", "compareCode": 3}, {"name": "First serve points", "home": "13/23 (57%)", "away": "16/22 (73%)", "compareCode": 2}, {"name": "Second serve points", "home": "0/1 (0%)", "away": "0/0 (0%)", "compareCode": 3}, {"name": "Break points saved", "home": "1/3 (33%)", "away": "0/0 (0%)", "compareCode": 2}, {"name": "Service games played", "home": "4", "away": "4", "compareCode": 3}]}, {"groupName": "Return", "statisticsItems": [{"name": "First serve return points", "home": "6/22 (27%)", "away": "10/23 (43%)", "compareCode": 1}, {"name": "Second serve return points", "home": "0/0 (0%)", "away": "1/1 (100%)", "compareCode": 1}, {"name": "Break points converted", "home": "0", "away": "2", "compareCode": 2}, {"name": "Return games played", "home": "4", "away": "4", "compareCode": 3}]}, {"groupName": "Points", "statisticsItems": [{"name": "Service points won", "home": "13", "away": "16", "compareCode": 2}, {"name": "Receiver points won", "home": "6", "away": "11", "compareCode": 2}, {"name": "Total points won", "home": "19", "away": "27", "compareCode": 2}, {"name": "Max points in a row", "home": "4", "away": "4", "compareCode": 3}]}]}]}