{"statistics": [{"period": "ALL", "groups": [{"groupName": "Service", "statisticsItems": [{"name": "Aces", "home": "0", "away": "0", "compareCode": 3}, {"name": "Double faults", "home": "3", "away": "0", "compareCode": 1}, {"name": "First serve", "home": "48/54 (89%)", "away": "47/47 (100%)", "compareCode": 2}, {"name": "Second serve", "home": "3/6 (50%)", "away": "0/0 (0%)", "compareCode": 1}, {"name": "First serve points", "home": "30/48 (63%)", "away": "21/47 (45%)", "compareCode": 1}, {"name": "Second serve points", "home": "2/6 (33%)", "away": "0/0 (0%)", "compareCode": 1}, {"name": "Break points saved", "home": "3/5 (60%)", "away": "3/8 (37%)", "compareCode": 1}, {"name": "Service games played", "home": "9", "away": "8", "compareCode": 1}]}, {"groupName": "Return", "statisticsItems": [{"name": "First serve return points", "home": "26/47 (55%)", "away": "18/48 (37%)", "compareCode": 1}, {"name": "Second serve return points", "home": "0/0 (0%)", "away": "4/6 (66%)", "compareCode": 1}, {"name": "Break points converted", "home": "5", "away": "2", "compareCode": 1}, {"name": "Return games played", "home": "8", "away": "9", "compareCode": 1}]}, {"groupName": "Points", "statisticsItems": [{"name": "Service points won", "home": "32", "away": "21", "compareCode": 1}, {"name": "Receiver points won", "home": "26", "away": "22", "compareCode": 1}, {"name": "Total points won", "home": "58", "away": "43", "compareCode": 1}, {"name": "Max points in a row", "home": "8", "away": "8", "compareCode": 3}]}]}, {"period": "1ST", "groups": [{"groupName": "Service", "statisticsItems": [{"name": "Aces", "home": "0", "away": "0", "compareCode": 3}, {"name": "Double faults", "home": "1", "away": "0", "compareCode": 1}, {"name": "First serve", "home": "26/30 (87%)", "away": "28/28 (100%)", "compareCode": 2}, {"name": "Second serve", "home": "3/4 (75%)", "away": "0/0 (0%)", "compareCode": 1}, {"name": "First serve points", "home": "13/26 (50%)", "away": "13/28 (46%)", "compareCode": 3}, {"name": "Second serve points", "home": "2/4 (50%)", "away": "0/0 (0%)", "compareCode": 1}, {"name": "Break points saved", "home": "3/5 (60%)", "away": "0/3 (0%)", "compareCode": 2}, {"name": "Service games played", "home": "5", "away": "5", "compareCode": 3}]}, {"groupName": "Return", "statisticsItems": [{"name": "First serve return points", "home": "15/28 (53%)", "away": "13/26 (50%)", "compareCode": 1}, {"name": "Second serve return points", "home": "0/0 (0%)", "away": "2/4 (50%)", "compareCode": 1}, {"name": "Break points converted", "home": "3", "away": "2", "compareCode": 1}, {"name": "Return games played", "home": "5", "away": "5", "compareCode": 3}]}, {"groupName": "Points", "statisticsItems": [{"name": "Service points won", "home": "15", "away": "13", "compareCode": 1}, {"name": "Receiver points won", "home": "15", "away": "15", "compareCode": 3}, {"name": "Total points won", "home": "30", "away": "28", "compareCode": 1}, {"name": "Max points in a row", "home": "4", "away": "8", "compareCode": 2}]}]}, {"period": "2ND", "groups": [{"groupName": "Service", "statisticsItems": [{"name": "Aces", "home": "0", "away": "0", "compareCode": 3}, {"name": "Double faults", "home": "2", "away": "0", "compareCode": 1}, {"name": "First serve", "home": "22/24 (92%)", "away": "19/19 (100%)", "compareCode": 2}, {"name": "Second serve", "home": "0/2 (0%)", "away": "0/0 (0%)", "compareCode": 3}, {"name": "First serve points", "home": "17/22 (77%)", "away": "8/19 (42%)", "compareCode": 1}, {"name": "Second serve points", "home": "0/2 (0%)", "away": "0/0 (0%)", "compareCode": 3}, {"name": "Break points saved", "home": "0/0 (0%)", "away": "3/5 (60%)", "compareCode": 1}, {"name": "Service games played", "home": "4", "away": "3", "compareCode": 1}]}, {"groupName": "Return", "statisticsItems": [{"name": "First serve return points", "home": "11/19 (57%)", "away": "5/22 (22%)", "compareCode": 1}, {"name": "Second serve return points", "home": "0/0 (0%)", "away": "2/2 (100%)", "compareCode": 1}, {"name": "Break points converted", "home": "2", "away": "0", "compareCode": 1}, {"name": "Return games played", "home": "3", "away": "4", "compareCode": 1}]}, {"groupName": "Points", "statisticsItems": [{"name": "Service points won", "home": "17", "away": "8", "compareCode": 1}, {"name": "Receiver points won", "home": "11", "away": "7", "compareCode": 1}, {"name": "Total points won", "home": "28", "away": "15", "compareCode": 1}, {"name": "Max points in a row", "home": "6", "away": "4", "compareCode": 1}]}]}]}