{"statistics": [{"period": "ALL", "groups": [{"groupName": "Service", "statisticsItems": [{"name": "Aces", "home": "1", "away": "0", "compareCode": 1}, {"name": "Double faults", "home": "6", "away": "0", "compareCode": 1}, {"name": "First serve", "home": "46/52 (88%)", "away": "37/37 (100%)", "compareCode": 2}, {"name": "Second serve", "home": "0/6 (0%)", "away": "0/0 (0%)", "compareCode": 3}, {"name": "First serve points", "home": "30/46 (65%)", "away": "9/37 (24%)", "compareCode": 1}, {"name": "Second serve points", "home": "0/6 (0%)", "away": "0/0 (0%)", "compareCode": 3}, {"name": "Break points saved", "home": "1/4 (25%)", "away": "8/15 (53%)", "compareCode": 1}, {"name": "Service games played", "home": "8", "away": "7", "compareCode": 1}]}, {"groupName": "Return", "statisticsItems": [{"name": "First serve return points", "home": "28/37 (75%)", "away": "16/46 (34%)", "compareCode": 1}, {"name": "Second serve return points", "home": "0/0 (0%)", "away": "6/6 (100%)", "compareCode": 1}, {"name": "Break points converted", "home": "7", "away": "3", "compareCode": 1}, {"name": "Return games played", "home": "7", "away": "8", "compareCode": 1}]}, {"groupName": "Points", "statisticsItems": [{"name": "Service points won", "home": "30", "away": "9", "compareCode": 1}, {"name": "Receiver points won", "home": "28", "away": "22", "compareCode": 1}, {"name": "Total points won", "home": "58", "away": "31", "compareCode": 1}, {"name": "Max points in a row", "home": "7", "away": "3", "compareCode": 1}]}]}, {"period": "1ST", "groups": [{"groupName": "Service", "statisticsItems": [{"name": "Aces", "home": "1", "away": "0", "compareCode": 1}, {"name": "Double faults", "home": "4", "away": "0", "compareCode": 1}, {"name": "First serve", "home": "22/26 (85%)", "away": "22/22 (100%)", "compareCode": 2}, {"name": "Second serve", "home": "0/4 (0%)", "away": "0/0 (0%)", "compareCode": 3}, {"name": "First serve points", "home": "14/22 (64%)", "away": "6/22 (27%)", "compareCode": 1}, {"name": "Second serve points", "home": "0/4 (0%)", "away": "0/0 (0%)", "compareCode": 3}, {"name": "Break points saved", "home": "0/2 (0%)", "away": "6/10 (60%)", "compareCode": 1}, {"name": "Service games played", "home": "4", "away": "4", "compareCode": 3}]}, {"groupName": "Return", "statisticsItems": [{"name": "First serve return points", "home": "16/22 (72%)", "away": "8/22 (36%)", "compareCode": 1}, {"name": "Second serve return points", "home": "0/0 (0%)", "away": "4/4 (100%)", "compareCode": 1}, {"name": "Break points converted", "home": "4", "away": "2", "compareCode": 1}, {"name": "Return games played", "home": "4", "away": "4", "compareCode": 3}]}, {"groupName": "Points", "statisticsItems": [{"name": "Service points won", "home": "14", "away": "6", "compareCode": 1}, {"name": "Receiver points won", "home": "16", "away": "12", "compareCode": 1}, {"name": "Total points won", "home": "30", "away": "18", "compareCode": 1}, {"name": "Max points in a row", "home": "7", "away": "3", "compareCode": 1}]}]}, {"period": "2ND", "groups": [{"groupName": "Service", "statisticsItems": [{"name": "Aces", "home": "0", "away": "0", "compareCode": 3}, {"name": "Double faults", "home": "2", "away": "0", "compareCode": 1}, {"name": "First serve", "home": "24/26 (92%)", "away": "15/15 (100%)", "compareCode": 2}, {"name": "Second serve", "home": "0/2 (0%)", "away": "0/0 (0%)", "compareCode": 3}, {"name": "First serve points", "home": "16/24 (67%)", "away": "3/15 (20%)", "compareCode": 1}, {"name": "Second serve points", "home": "0/2 (0%)", "away": "0/0 (0%)", "compareCode": 3}, {"name": "Break points saved", "home": "1/2 (50%)", "away": "2/5 (40%)", "compareCode": 1}, {"name": "Service games played", "home": "4", "away": "3", "compareCode": 1}]}, {"groupName": "Return", "statisticsItems": [{"name": "First serve return points", "home": "12/15 (80%)", "away": "8/24 (33%)", "compareCode": 1}, {"name": "Second serve return points", "home": "0/0 (0%)", "away": "2/2 (100%)", "compareCode": 1}, {"name": "Break points converted", "home": "3", "away": "1", "compareCode": 1}, {"name": "Return games played", "home": "3", "away": "4", "compareCode": 1}]}, {"groupName": "Points", "statisticsItems": [{"name": "Service points won", "home": "16", "away": "3", "compareCode": 1}, {"name": "Receiver points won", "home": "12", "away": "10", "compareCode": 1}, {"name": "Total points won", "home": "28", "away": "13", "compareCode": 1}, {"name": "Max points in a row", "home": "6", "away": "2", "compareCode": 1}]}]}]}