{"statistics": [{"period": "ALL", "groups": [{"groupName": "Service", "statisticsItems": [{"name": "Aces", "home": "0", "away": "4", "compareCode": 2}, {"name": "Double faults", "home": "2", "away": "0", "compareCode": 1}, {"name": "First serve", "home": "56/58 (97%)", "away": "63/64 (98%)", "compareCode": 2}, {"name": "Second serve", "home": "0/2 (0%)", "away": "1/1 (100%)", "compareCode": 2}, {"name": "First serve points", "home": "21/56 (38%)", "away": "33/63 (52%)", "compareCode": 2}, {"name": "Second serve points", "home": "0/2 (0%)", "away": "1/1 (100%)", "compareCode": 2}, {"name": "Break points saved", "home": "6/13 (46%)", "away": "0/4 (0%)", "compareCode": 2}, {"name": "Service games played", "home": "9", "away": "9", "compareCode": 3}]}, {"groupName": "Return", "statisticsItems": [{"name": "First serve return points", "home": "30/63 (47%)", "away": "35/56 (62%)", "compareCode": 2}, {"name": "Second serve return points", "home": "0/1 (0%)", "away": "2/2 (100%)", "compareCode": 1}, {"name": "Break points converted", "home": "4", "away": "7", "compareCode": 2}, {"name": "Return games played", "home": "9", "away": "9", "compareCode": 3}]}, {"groupName": "Points", "statisticsItems": [{"name": "Service points won", "home": "21", "away": "34", "compareCode": 2}, {"name": "Receiver points won", "home": "30", "away": "37", "compareCode": 2}, {"name": "Total points won", "home": "51", "away": "71", "compareCode": 2}, {"name": "Max points in a row", "home": "6", "away": "11", "compareCode": 2}]}]}, {"period": "1ST", "groups": [{"groupName": "Service", "statisticsItems": [{"name": "Aces", "home": "0", "away": "0", "compareCode": 3}, {"name": "Double faults", "home": "1", "away": "0", "compareCode": 1}, {"name": "First serve", "home": "23/24 (96%)", "away": "24/24 (100%)", "compareCode": 2}, {"name": "Second serve", "home": "0/1 (0%)", "away": "0/0 (0%)", "compareCode": 3}, {"name": "First serve points", "home": "8/23 (35%)", "away": "14/24 (58%)", "compareCode": 2}, {"name": "Second serve points", "home": "0/1 (0%)", "away": "0/0 (0%)", "compareCode": 3}, {"name": "Break points saved", "home": "3/6 (50%)", "away": "0/1 (0%)", "compareCode": 2}, {"name": "Service games played", "home": "4", "away": "4", "compareCode": 3}]}, {"groupName": "Return", "statisticsItems": [{"name": "First serve return points", "home": "10/24 (41%)", "away": "15/23 (65%)", "compareCode": 3}, {"name": "Second serve return points", "home": "0/0 (0%)", "away": "1/1 (100%)", "compareCode": 1}, {"name": "Break points converted", "home": "1", "away": "3", "compareCode": 2}, {"name": "Return games played", "home": "4", "away": "4", "compareCode": 3}]}, {"groupName": "Points", "statisticsItems": [{"name": "Service points won", "home": "8", "away": "14", "compareCode": 2}, {"name": "Receiver points won", "home": "10", "away": "16", "compareCode": 2}, {"name": "Total points won", "home": "18", "away": "30", "compareCode": 2}, {"name": "Max points in a row", "home": "4", "away": "11", "compareCode": 2}]}]}, {"period": "2ND", "groups": [{"groupName": "Service", "statisticsItems": [{"name": "Aces", "home": "0", "away": "4", "compareCode": 2}, {"name": "Double faults", "home": "1", "away": "0", "compareCode": 1}, {"name": "First serve", "home": "33/34 (97%)", "away": "39/40 (98%)", "compareCode": 2}, {"name": "Second serve", "home": "0/1 (0%)", "away": "1/1 (100%)", "compareCode": 2}, {"name": "First serve points", "home": "13/33 (39%)", "away": "19/39 (49%)", "compareCode": 2}, {"name": "Second serve points", "home": "0/1 (0%)", "away": "1/1 (100%)", "compareCode": 2}, {"name": "Break points saved", "home": "3/7 (42%)", "away": "0/3 (0%)", "compareCode": 2}, {"name": "Service games played", "home": "5", "away": "5", "compareCode": 3}]}, {"groupName": "Return", "statisticsItems": [{"name": "First serve return points", "home": "20/39 (51%)", "away": "20/33 (60%)", "compareCode": 2}, {"name": "Second serve return points", "home": "0/1 (0%)", "away": "1/1 (100%)", "compareCode": 3}, {"name": "Break points converted", "home": "3", "away": "4", "compareCode": 2}, {"name": "Return games played", "home": "5", "away": "5", "compareCode": 3}]}, {"groupName": "Points", "statisticsItems": [{"name": "Service points won", "home": "13", "away": "20", "compareCode": 2}, {"name": "Receiver points won", "home": "20", "away": "21", "compareCode": 2}, {"name": "Total points won", "home": "33", "away": "41", "compareCode": 2}, {"name": "Max points in a row", "home": "6", "away": "6", "compareCode": 3}]}]}]}