{"statistics": [{"period": "ALL", "groups": [{"groupName": "Service", "statisticsItems": [{"name": "Aces", "home": "0", "away": "1", "compareCode": 2}, {"name": "Double faults", "home": "3", "away": "0", "compareCode": 1}, {"name": "First serve", "home": "61/65 (94%)", "away": "66/66 (100%)", "compareCode": 2}, {"name": "Second serve", "home": "1/4 (25%)", "away": "0/0 (0%)", "compareCode": 1}, {"name": "First serve points", "home": "34/61 (56%)", "away": "42/66 (64%)", "compareCode": 2}, {"name": "Second serve points", "home": "1/4 (25%)", "away": "0/0 (0%)", "compareCode": 1}, {"name": "Break points saved", "home": "2/6 (33%)", "away": "2/4 (50%)", "compareCode": 2}, {"name": "Service games played", "home": "11", "away": "10", "compareCode": 1}]}, {"groupName": "Return", "statisticsItems": [{"name": "First serve return points", "home": "24/66 (36%)", "away": "27/61 (44%)", "compareCode": 2}, {"name": "Second serve return points", "home": "0/0 (0%)", "away": "3/4 (75%)", "compareCode": 1}, {"name": "Break points converted", "home": "2", "away": "4", "compareCode": 2}, {"name": "Return games played", "home": "10", "away": "11", "compareCode": 1}]}, {"groupName": "Points", "statisticsItems": [{"name": "Service points won", "home": "35", "away": "42", "compareCode": 2}, {"name": "Receiver points won", "home": "24", "away": "30", "compareCode": 2}, {"name": "Total points won", "home": "59", "away": "72", "compareCode": 2}, {"name": "Max points in a row", "home": "5", "away": "9", "compareCode": 2}]}]}, {"period": "1ST", "groups": [{"groupName": "Service", "statisticsItems": [{"name": "Aces", "home": "0", "away": "0", "compareCode": 3}, {"name": "Double faults", "home": "2", "away": "0", "compareCode": 1}, {"name": "First serve", "home": "33/36 (92%)", "away": "41/41 (100%)", "compareCode": 2}, {"name": "Second serve", "home": "1/3 (33%)", "away": "0/0 (0%)", "compareCode": 1}, {"name": "First serve points", "home": "22/33 (67%)", "away": "27/41 (66%)", "compareCode": 2}, {"name": "Second serve points", "home": "1/3 (33%)", "away": "0/0 (0%)", "compareCode": 1}, {"name": "Break points saved", "home": "0/1 (0%)", "away": "0/1 (0%)", "compareCode": 3}, {"name": "Service games played", "home": "6", "away": "6", "compareCode": 3}]}, {"groupName": "Return", "statisticsItems": [{"name": "First serve return points", "home": "14/41 (34%)", "away": "11/33 (33%)", "compareCode": 2}, {"name": "Second serve return points", "home": "0/0 (0%)", "away": "2/3 (66%)", "compareCode": 1}, {"name": "Break points converted", "home": "1", "away": "1", "compareCode": 3}, {"name": "Return games played", "home": "6", "away": "6", "compareCode": 3}]}, {"groupName": "Points", "statisticsItems": [{"name": "Service points won", "home": "23", "away": "27", "compareCode": 2}, {"name": "Receiver points won", "home": "14", "away": "13", "compareCode": 1}, {"name": "Total points won", "home": "37", "away": "40", "compareCode": 2}, {"name": "Max points in a row", "home": "5", "away": "7", "compareCode": 2}]}]}, {"period": "2ND", "groups": [{"groupName": "Service", "statisticsItems": [{"name": "Aces", "home": "0", "away": "1", "compareCode": 2}, {"name": "Double faults", "home": "1", "away": "0", "compareCode": 1}, {"name": "First serve", "home": "28/29 (97%)", "away": "25/25 (100%)", "compareCode": 2}, {"name": "Second serve", "home": "0/1 (0%)", "away": "0/0 (0%)", "compareCode": 3}, {"name": "First serve points", "home": "12/28 (43%)", "away": "15/25 (60%)", "compareCode": 2}, {"name": "Second serve points", "home": "0/1 (0%)", "away": "0/0 (0%)", "compareCode": 3}, {"name": "Break points saved", "home": "2/5 (40%)", "away": "2/3 (66%)", "compareCode": 2}, {"name": "Service games played", "home": "5", "away": "4", "compareCode": 1}]}, {"groupName": "Return", "statisticsItems": [{"name": "First serve return points", "home": "10/25 (40%)", "away": "16/28 (57%)", "compareCode": 1}, {"name": "Second serve return points", "home": "0/0 (0%)", "away": "1/1 (100%)", "compareCode": 1}, {"name": "Break points converted", "home": "1", "away": "3", "compareCode": 2}, {"name": "Return games played", "home": "4", "away": "5", "compareCode": 1}]}, {"groupName": "Points", "statisticsItems": [{"name": "Service points won", "home": "12", "away": "15", "compareCode": 2}, {"name": "Receiver points won", "home": "10", "away": "17", "compareCode": 2}, {"name": "Total points won", "home": "22", "away": "32", "compareCode": 2}, {"name": "Max points in a row", "home": "4", "away": "9", "compareCode": 2}]}]}]}