{"statistics": [{"period": "ALL", "groups": [{"groupName": "Service", "statisticsItems": [{"name": "Aces", "home": "4", "away": "3", "compareCode": 1}, {"name": "Double faults", "home": "1", "away": "1", "compareCode": 3}, {"name": "First serve", "home": "36/37 (97%)", "away": "52/54 (96%)", "compareCode": 1}, {"name": "Second serve", "home": "0/1 (0%)", "away": "1/2 (50%)", "compareCode": 2}, {"name": "First serve points", "home": "32/36 (89%)", "away": "27/52 (52%)", "compareCode": 1}, {"name": "Second serve points", "home": "0/1 (0%)", "away": "0/2 (0%)", "compareCode": 3}, {"name": "Break points saved", "home": "0/0 (0%)", "away": "5/9 (55%)", "compareCode": 1}, {"name": "Service games played", "home": "8", "away": "8", "compareCode": 3}]}, {"groupName": "Return", "statisticsItems": [{"name": "First serve return points", "home": "25/52 (48%)", "away": "4/36 (11%)", "compareCode": 2}, {"name": "Second serve return points", "home": "2/2 (100%)", "away": "1/1 (100%)", "compareCode": 2}, {"name": "Break points converted", "home": "4", "away": "0", "compareCode": 1}, {"name": "Return games played", "home": "8", "away": "8", "compareCode": 3}]}, {"groupName": "Points", "statisticsItems": [{"name": "Service points won", "home": "32", "away": "27", "compareCode": 1}, {"name": "Receiver points won", "home": "27", "away": "5", "compareCode": 1}, {"name": "Total points won", "home": "59", "away": "32", "compareCode": 1}, {"name": "Max points in a row", "home": "12", "away": "4", "compareCode": 1}]}]}, {"period": "1ST", "groups": [{"groupName": "Service", "statisticsItems": [{"name": "Aces", "home": "1", "away": "1", "compareCode": 3}, {"name": "Double faults", "home": "0", "away": "0", "compareCode": 3}, {"name": "First serve", "home": "17/17 (100%)", "away": "25/25 (100%)", "compareCode": 3}, {"name": "Second serve", "home": "0/0 (0%)", "away": "0/0 (0%)", "compareCode": 3}, {"name": "First serve points", "home": "16/17 (94%)", "away": "12/25 (48%)", "compareCode": 1}, {"name": "Second serve points", "home": "0/0 (0%)", "away": "0/0 (0%)", "compareCode": 3}, {"name": "Break points saved", "home": "0/0 (0%)", "away": "3/5 (60%)", "compareCode": 1}, {"name": "Service games played", "home": "4", "away": "4", "compareCode": 3}]}, {"groupName": "Return", "statisticsItems": [{"name": "First serve return points", "home": "13/25 (52%)", "away": "1/17 (5%)", "compareCode": 2}, {"name": "Second serve return points", "home": "0/0 (0%)", "away": "0/0 (0%)", "compareCode": 3}, {"name": "Break points converted", "home": "2", "away": "0", "compareCode": 1}, {"name": "Return games played", "home": "4", "away": "4", "compareCode": 3}]}, {"groupName": "Points", "statisticsItems": [{"name": "Service points won", "home": "16", "away": "12", "compareCode": 1}, {"name": "Receiver points won", "home": "13", "away": "1", "compareCode": 1}, {"name": "Total points won", "home": "29", "away": "13", "compareCode": 1}, {"name": "Max points in a row", "home": "12", "away": "3", "compareCode": 1}]}]}, {"period": "2ND", "groups": [{"groupName": "Service", "statisticsItems": [{"name": "Aces", "home": "3", "away": "2", "compareCode": 1}, {"name": "Double faults", "home": "1", "away": "1", "compareCode": 3}, {"name": "First serve", "home": "19/20 (95%)", "away": "27/29 (93%)", "compareCode": 1}, {"name": "Second serve", "home": "0/1 (0%)", "away": "1/2 (50%)", "compareCode": 2}, {"name": "First serve points", "home": "16/19 (84%)", "away": "15/27 (56%)", "compareCode": 1}, {"name": "Second serve points", "home": "0/1 (0%)", "away": "0/2 (0%)", "compareCode": 3}, {"name": "Break points saved", "home": "0/0 (0%)", "away": "2/4 (50%)", "compareCode": 1}, {"name": "Service games played", "home": "4", "away": "4", "compareCode": 3}]}, {"groupName": "Return", "statisticsItems": [{"name": "First serve return points", "home": "12/27 (44%)", "away": "3/19 (15%)", "compareCode": 2}, {"name": "Second serve return points", "home": "2/2 (100%)", "away": "1/1 (100%)", "compareCode": 2}, {"name": "Break points converted", "home": "2", "away": "0", "compareCode": 1}, {"name": "Return games played", "home": "4", "away": "4", "compareCode": 3}]}, {"groupName": "Points", "statisticsItems": [{"name": "Service points won", "home": "16", "away": "15", "compareCode": 1}, {"name": "Receiver points won", "home": "14", "away": "4", "compareCode": 1}, {"name": "Total points won", "home": "30", "away": "19", "compareCode": 1}, {"name": "Max points in a row", "home": "8", "away": "4", "compareCode": 1}]}]}]}