{"statistics": [{"period": "ALL", "groups": [{"groupName": "Service", "statisticsItems": [{"name": "Aces", "home": "0", "away": "0", "compareCode": 3}, {"name": "Double faults", "home": "1", "away": "0", "compareCode": 1}, {"name": "First serve", "home": "56/57 (98%)", "away": "57/57 (100%)", "compareCode": 2}, {"name": "Second serve", "home": "0/1 (0%)", "away": "0/0 (0%)", "compareCode": 3}, {"name": "First serve points", "home": "21/56 (38%)", "away": "30/57 (53%)", "compareCode": 2}, {"name": "Second serve points", "home": "0/1 (0%)", "away": "0/0 (0%)", "compareCode": 3}, {"name": "Break points saved", "home": "4/11 (36%)", "away": "4/7 (57%)", "compareCode": 2}, {"name": "Service games played", "home": "9", "away": "8", "compareCode": 1}]}, {"groupName": "Return", "statisticsItems": [{"name": "First serve return points", "home": "27/57 (47%)", "away": "35/56 (62%)", "compareCode": 3}, {"name": "Second serve return points", "home": "0/0 (0%)", "away": "1/1 (100%)", "compareCode": 1}, {"name": "Break points converted", "home": "3", "away": "7", "compareCode": 2}, {"name": "Return games played", "home": "8", "away": "9", "compareCode": 1}]}, {"groupName": "Points", "statisticsItems": [{"name": "Service points won", "home": "21", "away": "30", "compareCode": 2}, {"name": "Receiver points won", "home": "27", "away": "36", "compareCode": 2}, {"name": "Total points won", "home": "48", "away": "66", "compareCode": 2}, {"name": "Max points in a row", "home": "5", "away": "5", "compareCode": 3}]}]}, {"period": "1ST", "groups": [{"groupName": "Service", "statisticsItems": [{"name": "Aces", "home": "0", "away": "0", "compareCode": 3}, {"name": "Double faults", "home": "1", "away": "0", "compareCode": 1}, {"name": "First serve", "home": "34/35 (97%)", "away": "29/29 (100%)", "compareCode": 2}, {"name": "Second serve", "home": "0/1 (0%)", "away": "0/0 (0%)", "compareCode": 3}, {"name": "First serve points", "home": "13/34 (38%)", "away": "12/29 (41%)", "compareCode": 1}, {"name": "Second serve points", "home": "0/1 (0%)", "away": "0/0 (0%)", "compareCode": 3}, {"name": "Break points saved", "home": "3/7 (42%)", "away": "1/4 (25%)", "compareCode": 2}, {"name": "Service games played", "home": "5", "away": "5", "compareCode": 3}]}, {"groupName": "Return", "statisticsItems": [{"name": "First serve return points", "home": "17/29 (58%)", "away": "21/34 (61%)", "compareCode": 1}, {"name": "Second serve return points", "home": "0/0 (0%)", "away": "1/1 (100%)", "compareCode": 1}, {"name": "Break points converted", "home": "3", "away": "4", "compareCode": 2}, {"name": "Return games played", "home": "5", "away": "5", "compareCode": 3}]}, {"groupName": "Points", "statisticsItems": [{"name": "Service points won", "home": "13", "away": "12", "compareCode": 1}, {"name": "Receiver points won", "home": "17", "away": "22", "compareCode": 2}, {"name": "Total points won", "home": "30", "away": "34", "compareCode": 2}, {"name": "Max points in a row", "home": "5", "away": "5", "compareCode": 3}]}]}, {"period": "2ND", "groups": [{"groupName": "Service", "statisticsItems": [{"name": "Aces", "home": "0", "away": "0", "compareCode": 3}, {"name": "Double faults", "home": "0", "away": "0", "compareCode": 3}, {"name": "First serve", "home": "22/22 (100%)", "away": "28/28 (100%)", "compareCode": 3}, {"name": "Second serve", "home": "0/0 (0%)", "away": "0/0 (0%)", "compareCode": 3}, {"name": "First serve points", "home": "8/22 (36%)", "away": "18/28 (64%)", "compareCode": 2}, {"name": "Second serve points", "home": "0/0 (0%)", "away": "0/0 (0%)", "compareCode": 3}, {"name": "Break points saved", "home": "1/4 (25%)", "away": "3/3 (100%)", "compareCode": 2}, {"name": "Service games played", "home": "4", "away": "3", "compareCode": 1}]}, {"groupName": "Return", "statisticsItems": [{"name": "First serve return points", "home": "10/28 (35%)", "away": "14/22 (63%)", "compareCode": 2}, {"name": "Second serve return points", "home": "0/0 (0%)", "away": "0/0 (0%)", "compareCode": 3}, {"name": "Break points converted", "home": "0", "away": "3", "compareCode": 2}, {"name": "Return games played", "home": "3", "away": "4", "compareCode": 1}]}, {"groupName": "Points", "statisticsItems": [{"name": "Service points won", "home": "8", "away": "18", "compareCode": 2}, {"name": "Receiver points won", "home": "10", "away": "14", "compareCode": 2}, {"name": "Total points won", "home": "18", "away": "32", "compareCode": 2}, {"name": "Max points in a row", "home": "3", "away": "4", "compareCode": 2}]}]}]}