{"statistics": [{"period": "ALL", "groups": [{"groupName": "Service", "statisticsItems": [{"name": "Aces", "home": "6", "away": "0", "compareCode": 1}, {"name": "Double faults", "home": "3", "away": "0", "compareCode": 1}, {"name": "First serve", "home": "67/70 (96%)", "away": "66/67 (99%)", "compareCode": 2}, {"name": "Second serve", "home": "0/3 (0%)", "away": "1/1 (100%)", "compareCode": 2}, {"name": "First serve points", "home": "39/67 (58%)", "away": "37/66 (56%)", "compareCode": 1}, {"name": "Second serve points", "home": "0/3 (0%)", "away": "1/1 (100%)", "compareCode": 2}, {"name": "Break points saved", "home": "2/6 (33%)", "away": "1/5 (20%)", "compareCode": 2}, {"name": "Service games played", "home": "10", "away": "11", "compareCode": 2}]}, {"groupName": "Return", "statisticsItems": [{"name": "First serve return points", "home": "29/66 (43%)", "away": "28/67 (41%)", "compareCode": 1}, {"name": "Second serve return points", "home": "0/1 (0%)", "away": "3/3 (100%)", "compareCode": 1}, {"name": "Break points converted", "home": "4", "away": "4", "compareCode": 3}, {"name": "Return games played", "home": "11", "away": "10", "compareCode": 2}]}, {"groupName": "Points", "statisticsItems": [{"name": "Service points won", "home": "39", "away": "38", "compareCode": 1}, {"name": "Receiver points won", "home": "29", "away": "31", "compareCode": 2}, {"name": "Total points won", "home": "68", "away": "69", "compareCode": 2}, {"name": "Max points in a row", "home": "5", "away": "7", "compareCode": 2}]}]}, {"period": "1ST", "groups": [{"groupName": "Service", "statisticsItems": [{"name": "Aces", "home": "2", "away": "0", "compareCode": 1}, {"name": "Double faults", "home": "1", "away": "0", "compareCode": 1}, {"name": "First serve", "home": "18/19 (95%)", "away": "26/26 (100%)", "compareCode": 2}, {"name": "Second serve", "home": "0/1 (0%)", "away": "0/0 (0%)", "compareCode": 3}, {"name": "First serve points", "home": "9/18 (50%)", "away": "18/26 (69%)", "compareCode": 2}, {"name": "Second serve points", "home": "0/1 (0%)", "away": "0/0 (0%)", "compareCode": 3}, {"name": "Break points saved", "home": "0/2 (0%)", "away": "0/1 (0%)", "compareCode": 2}, {"name": "Service games played", "home": "4", "away": "5", "compareCode": 2}]}, {"groupName": "Return", "statisticsItems": [{"name": "First serve return points", "home": "8/26 (30%)", "away": "9/18 (50%)", "compareCode": 2}, {"name": "Second serve return points", "home": "0/0 (0%)", "away": "1/1 (100%)", "compareCode": 1}, {"name": "Break points converted", "home": "1", "away": "2", "compareCode": 2}, {"name": "Return games played", "home": "5", "away": "4", "compareCode": 2}]}, {"groupName": "Points", "statisticsItems": [{"name": "Service points won", "home": "9", "away": "18", "compareCode": 2}, {"name": "Receiver points won", "home": "8", "away": "10", "compareCode": 2}, {"name": "Total points won", "home": "17", "away": "28", "compareCode": 2}, {"name": "Max points in a row", "home": "4", "away": "7", "compareCode": 2}]}]}, {"period": "2ND", "groups": [{"groupName": "Service", "statisticsItems": [{"name": "Aces", "home": "3", "away": "0", "compareCode": 1}, {"name": "Double faults", "home": "1", "away": "0", "compareCode": 1}, {"name": "First serve", "home": "41/42 (98%)", "away": "32/32 (100%)", "compareCode": 2}, {"name": "Second serve", "home": "0/1 (0%)", "away": "0/0 (0%)", "compareCode": 3}, {"name": "First serve points", "home": "24/41 (59%)", "away": "15/32 (47%)", "compareCode": 1}, {"name": "Second serve points", "home": "0/1 (0%)", "away": "0/0 (0%)", "compareCode": 3}, {"name": "Break points saved", "home": "2/4 (50%)", "away": "1/4 (25%)", "compareCode": 3}, {"name": "Service games played", "home": "6", "away": "6", "compareCode": 3}]}, {"groupName": "Return", "statisticsItems": [{"name": "First serve return points", "home": "17/32 (53%)", "away": "17/41 (41%)", "compareCode": 1}, {"name": "Second serve return points", "home": "0/0 (0%)", "away": "1/1 (100%)", "compareCode": 1}, {"name": "Break points converted", "home": "3", "away": "2", "compareCode": 1}, {"name": "Return games played", "home": "6", "away": "6", "compareCode": 3}]}, {"groupName": "Points", "statisticsItems": [{"name": "Service points won", "home": "24", "away": "15", "compareCode": 1}, {"name": "Receiver points won", "home": "17", "away": "18", "compareCode": 2}, {"name": "Total points won", "home": "41", "away": "33", "compareCode": 1}, {"name": "Max points in a row", "home": "5", "away": "7", "compareCode": 2}]}]}, {"period": "3RD", "groups": [{"groupName": "Service", "statisticsItems": [{"name": "Aces", "home": "1", "away": "0", "compareCode": 1}, {"name": "Double faults", "home": "1", "away": "0", "compareCode": 1}, {"name": "First serve", "home": "8/9 (89%)", "away": "8/9 (89%)", "compareCode": 3}, {"name": "Second serve", "home": "0/1 (0%)", "away": "1/1 (100%)", "compareCode": 2}, {"name": "First serve points", "home": "6/8 (75%)", "away": "4/8 (50%)", "compareCode": 1}, {"name": "Second serve points", "home": "0/1 (0%)", "away": "1/1 (100%)", "compareCode": 2}, {"name": "Break points saved", "home": "0/0 (0%)", "away": "0/0 (0%)", "compareCode": 3}, {"name": "Service games played", "home": "0", "away": "0", "compareCode": 3}]}, {"groupName": "Return", "statisticsItems": [{"name": "First serve return points", "home": "4/8 (50%)", "away": "2/8 (25%)", "compareCode": 3}, {"name": "Second serve return points", "home": "0/1 (0%)", "away": "1/1 (100%)", "compareCode": 3}, {"name": "Break points converted", "home": "0", "away": "0", "compareCode": 3}, {"name": "Return games played", "home": "0", "away": "0", "compareCode": 3}]}, {"groupName": "Points", "statisticsItems": [{"name": "Service points won", "home": "6", "away": "5", "compareCode": 1}, {"name": "Receiver points won", "home": "4", "away": "3", "compareCode": 1}, {"name": "Total points won", "home": "10", "away": "8", "compareCode": 1}, {"name": "Max points in a row", "home": "4", "away": "3", "compareCode": 1}]}]}]}