{"statistics": [{"period": "ALL", "groups": [{"groupName": "Service", "statisticsItems": [{"name": "Aces", "home": "1", "away": "5", "compareCode": 2}, {"name": "Double faults", "home": "0", "away": "1", "compareCode": 2}, {"name": "First serve", "home": "61/61 (100%)", "away": "99/103 (96%)", "compareCode": 1}, {"name": "Second serve", "home": "0/0 (0%)", "away": "3/4 (75%)", "compareCode": 2}, {"name": "First serve points", "home": "37/61 (61%)", "away": "60/99 (61%)", "compareCode": 2}, {"name": "Second serve points", "home": "0/0 (0%)", "away": "2/4 (50%)", "compareCode": 2}, {"name": "Break points saved", "home": "4/7 (57%)", "away": "10/12 (83%)", "compareCode": 1}, {"name": "Service games played", "home": "10", "away": "11", "compareCode": 2}]}, {"groupName": "Return", "statisticsItems": [{"name": "First serve return points", "home": "39/99 (39%)", "away": "24/61 (39%)", "compareCode": 2}, {"name": "Second serve return points", "home": "2/4 (50%)", "away": "0/0 (0%)", "compareCode": 2}, {"name": "Break points converted", "home": "2", "away": "3", "compareCode": 2}, {"name": "Return games played", "home": "11", "away": "10", "compareCode": 2}]}, {"groupName": "Points", "statisticsItems": [{"name": "Service points won", "home": "37", "away": "62", "compareCode": 2}, {"name": "Receiver points won", "home": "41", "away": "24", "compareCode": 1}, {"name": "Total points won", "home": "78", "away": "86", "compareCode": 2}, {"name": "Max points in a row", "home": "6", "away": "6", "compareCode": 3}]}]}, {"period": "1ST", "groups": [{"groupName": "Service", "statisticsItems": [{"name": "Aces", "home": "1", "away": "0", "compareCode": 1}, {"name": "Double faults", "home": "0", "away": "1", "compareCode": 2}, {"name": "First serve", "home": "19/19 (100%)", "away": "45/47 (96%)", "compareCode": 1}, {"name": "Second serve", "home": "0/0 (0%)", "away": "1/2 (50%)", "compareCode": 2}, {"name": "First serve points", "home": "10/19 (53%)", "away": "26/45 (58%)", "compareCode": 2}, {"name": "Second serve points", "home": "0/0 (0%)", "away": "1/2 (50%)", "compareCode": 2}, {"name": "Break points saved", "home": "0/2 (0%)", "away": "6/7 (85%)", "compareCode": 1}, {"name": "Service games played", "home": "4", "away": "5", "compareCode": 2}]}, {"groupName": "Return", "statisticsItems": [{"name": "First serve return points", "home": "19/45 (42%)", "away": "9/19 (47%)", "compareCode": 2}, {"name": "Second serve return points", "home": "1/2 (50%)", "away": "0/0 (0%)", "compareCode": 2}, {"name": "Break points converted", "home": "1", "away": "2", "compareCode": 2}, {"name": "Return games played", "home": "5", "away": "4", "compareCode": 2}]}, {"groupName": "Points", "statisticsItems": [{"name": "Service points won", "home": "10", "away": "27", "compareCode": 2}, {"name": "Receiver points won", "home": "20", "away": "9", "compareCode": 1}, {"name": "Total points won", "home": "30", "away": "36", "compareCode": 2}, {"name": "Max points in a row", "home": "5", "away": "6", "compareCode": 2}]}]}, {"period": "2ND", "groups": [{"groupName": "Service", "statisticsItems": [{"name": "Aces", "home": "0", "away": "5", "compareCode": 2}, {"name": "Double faults", "home": "0", "away": "0", "compareCode": 3}, {"name": "First serve", "home": "42/42 (100%)", "away": "54/56 (96%)", "compareCode": 1}, {"name": "Second serve", "home": "0/0 (0%)", "away": "2/2 (100%)", "compareCode": 2}, {"name": "First serve points", "home": "27/42 (64%)", "away": "34/54 (63%)", "compareCode": 2}, {"name": "Second serve points", "home": "0/0 (0%)", "away": "1/2 (50%)", "compareCode": 2}, {"name": "Break points saved", "home": "4/5 (80%)", "away": "4/5 (80%)", "compareCode": 3}, {"name": "Service games played", "home": "6", "away": "6", "compareCode": 3}]}, {"groupName": "Return", "statisticsItems": [{"name": "First serve return points", "home": "20/54 (37%)", "away": "15/42 (35%)", "compareCode": 2}, {"name": "Second serve return points", "home": "1/2 (50%)", "away": "0/0 (0%)", "compareCode": 2}, {"name": "Break points converted", "home": "1", "away": "1", "compareCode": 3}, {"name": "Return games played", "home": "6", "away": "6", "compareCode": 3}]}, {"groupName": "Points", "statisticsItems": [{"name": "Service points won", "home": "27", "away": "35", "compareCode": 2}, {"name": "Receiver points won", "home": "21", "away": "15", "compareCode": 1}, {"name": "Total points won", "home": "48", "away": "50", "compareCode": 2}, {"name": "Max points in a row", "home": "6", "away": "5", "compareCode": 1}]}]}]}