{"statistics": [{"period": "ALL", "groups": [{"groupName": "Service", "statisticsItems": [{"name": "Aces", "home": "0", "away": "3", "compareCode": 2}, {"name": "First serve", "home": "48/48 (100%)", "away": "56/57 (98%)", "compareCode": 1}, {"name": "Second serve", "home": "0/0 (0%)", "away": "1/1 (100%)", "compareCode": 2}, {"name": "First serve points", "home": "20/48 (42%)", "away": "32/56 (57%)", "compareCode": 2}, {"name": "Second serve points", "home": "0/0 (0%)", "away": "1/1 (100%)", "compareCode": 2}, {"name": "Break points saved", "home": "2/8 (25%)", "away": "5/7 (71%)", "compareCode": 2}, {"name": "Service games played", "home": "8", "away": "8", "compareCode": 3}]}, {"groupName": "Return", "statisticsItems": [{"name": "First serve return points", "home": "24/56 (42%)", "away": "28/48 (58%)", "compareCode": 2}, {"name": "Second serve return points", "home": "0/1 (0%)", "away": "0/0 (0%)", "compareCode": 2}, {"name": "Break points converted", "home": "2", "away": "6", "compareCode": 2}, {"name": "Return games played", "home": "8", "away": "8", "compareCode": 3}]}, {"groupName": "Points", "statisticsItems": [{"name": "Service points won", "home": "20", "away": "33", "compareCode": 2}, {"name": "Receiver points won", "home": "24", "away": "28", "compareCode": 2}, {"name": "Total points won", "home": "44", "away": "61", "compareCode": 2}, {"name": "Max points in a row", "home": "6", "away": "6", "compareCode": 3}]}]}, {"period": "1ST", "groups": [{"groupName": "Service", "statisticsItems": [{"name": "Aces", "home": "0", "away": "0", "compareCode": 3}, {"name": "Double faults", "home": "0", "away": "0", "compareCode": 3}, {"name": "First serve", "home": "21/21 (100%)", "away": "26/27 (96%)", "compareCode": 1}, {"name": "Second serve", "home": "0/0 (0%)", "away": "1/1 (100%)", "compareCode": 2}, {"name": "First serve points", "home": "7/21 (33%)", "away": "14/26 (54%)", "compareCode": 2}, {"name": "Second serve points", "home": "0/0 (0%)", "away": "1/1 (100%)", "compareCode": 2}, {"name": "Break points saved", "home": "1/4 (25%)", "away": "3/4 (75%)", "compareCode": 3}, {"name": "Service games played", "home": "3", "away": "4", "compareCode": 2}]}, {"groupName": "Return", "statisticsItems": [{"name": "First serve return points", "home": "12/26 (46%)", "away": "14/21 (66%)", "compareCode": 2}, {"name": "Second serve return points", "home": "0/1 (0%)", "away": "0/0 (0%)", "compareCode": 2}, {"name": "Break points converted", "home": "1", "away": "3", "compareCode": 2}, {"name": "Return games played", "home": "4", "away": "3", "compareCode": 2}]}, {"groupName": "Points", "statisticsItems": [{"name": "Service points won", "home": "7", "away": "15", "compareCode": 2}, {"name": "Receiver points won", "home": "12", "away": "14", "compareCode": 2}, {"name": "Total points won", "home": "19", "away": "29", "compareCode": 2}, {"name": "Max points in a row", "home": "6", "away": "4", "compareCode": 1}]}]}, {"period": "2ND", "groups": [{"groupName": "Service", "statisticsItems": [{"name": "Aces", "home": "0", "away": "3", "compareCode": 2}, {"name": "Double faults", "home": "0", "away": "0", "compareCode": 3}, {"name": "First serve", "home": "27/27 (100%)", "away": "30/30 (100%)", "compareCode": 3}, {"name": "Second serve", "home": "0/0 (0%)", "away": "0/0 (0%)", "compareCode": 3}, {"name": "First serve points", "home": "13/27 (48%)", "away": "18/30 (60%)", "compareCode": 2}, {"name": "Second serve points", "home": "0/0 (0%)", "away": "0/0 (0%)", "compareCode": 3}, {"name": "Break points saved", "home": "1/4 (25%)", "away": "2/3 (66%)", "compareCode": 2}, {"name": "Service games played", "home": "5", "away": "4", "compareCode": 1}]}, {"groupName": "Return", "statisticsItems": [{"name": "First serve return points", "home": "12/30 (40%)", "away": "14/27 (51%)", "compareCode": 2}, {"name": "Second serve return points", "home": "0/0 (0%)", "away": "0/0 (0%)", "compareCode": 3}, {"name": "Break points converted", "home": "1", "away": "3", "compareCode": 2}, {"name": "Return games played", "home": "4", "away": "5", "compareCode": 1}]}, {"groupName": "Points", "statisticsItems": [{"name": "Service points won", "home": "13", "away": "18", "compareCode": 2}, {"name": "Receiver points won", "home": "12", "away": "14", "compareCode": 2}, {"name": "Total points won", "home": "25", "away": "32", "compareCode": 2}, {"name": "Max points in a row", "home": "6", "away": "6", "compareCode": 3}]}]}]}