{"statistics": [{"period": "ALL", "groups": [{"groupName": "Service", "statisticsItems": [{"name": "Aces", "home": "0", "away": "0", "compareCode": 3}, {"name": "Double faults", "home": "1", "away": "0", "compareCode": 1}, {"name": "First serve", "home": "54/55 (98%)", "away": "72/74 (97%)", "compareCode": 1}, {"name": "Second serve", "home": "0/1 (0%)", "away": "2/2 (100%)", "compareCode": 2}, {"name": "First serve points", "home": "26/54 (48%)", "away": "44/72 (61%)", "compareCode": 2}, {"name": "Second serve points", "home": "0/1 (0%)", "away": "0/2 (0%)", "compareCode": 3}, {"name": "Break points saved", "home": "1/6 (16%)", "away": "4/6 (66%)", "compareCode": 3}, {"name": "Service games played", "home": "9", "away": "10", "compareCode": 2}]}, {"groupName": "Return", "statisticsItems": [{"name": "First serve return points", "home": "28/72 (38%)", "away": "28/54 (51%)", "compareCode": 2}, {"name": "Second serve return points", "home": "2/2 (100%)", "away": "1/1 (100%)", "compareCode": 2}, {"name": "Break points converted", "home": "2", "away": "5", "compareCode": 2}, {"name": "Return games played", "home": "10", "away": "9", "compareCode": 2}]}, {"groupName": "Points", "statisticsItems": [{"name": "Service points won", "home": "26", "away": "44", "compareCode": 2}, {"name": "Receiver points won", "home": "30", "away": "29", "compareCode": 1}, {"name": "Total points won", "home": "56", "away": "73", "compareCode": 2}, {"name": "Max points in a row", "home": "4", "away": "7", "compareCode": 2}]}]}, {"period": "1ST", "groups": [{"groupName": "Service", "statisticsItems": [{"name": "Aces", "home": "0", "away": "0", "compareCode": 3}, {"name": "Double faults", "home": "0", "away": "0", "compareCode": 3}, {"name": "First serve", "home": "38/38 (100%)", "away": "50/52 (96%)", "compareCode": 1}, {"name": "Second serve", "home": "0/0 (0%)", "away": "2/2 (100%)", "compareCode": 2}, {"name": "First serve points", "home": "18/38 (47%)", "away": "28/50 (56%)", "compareCode": 2}, {"name": "Second serve points", "home": "0/0 (0%)", "away": "0/2 (0%)", "compareCode": 3}, {"name": "Break points saved", "home": "1/4 (25%)", "away": "4/6 (66%)", "compareCode": 1}, {"name": "Service games played", "home": "6", "away": "6", "compareCode": 3}]}, {"groupName": "Return", "statisticsItems": [{"name": "First serve return points", "home": "22/50 (44%)", "away": "20/38 (52%)", "compareCode": 2}, {"name": "Second serve return points", "home": "2/2 (100%)", "away": "0/0 (0%)", "compareCode": 2}, {"name": "Break points converted", "home": "2", "away": "3", "compareCode": 2}, {"name": "Return games played", "home": "6", "away": "6", "compareCode": 3}]}, {"groupName": "Points", "statisticsItems": [{"name": "Service points won", "home": "18", "away": "28", "compareCode": 2}, {"name": "Receiver points won", "home": "24", "away": "20", "compareCode": 1}, {"name": "Total points won", "home": "42", "away": "48", "compareCode": 2}, {"name": "Max points in a row", "home": "4", "away": "5", "compareCode": 2}]}]}, {"period": "2ND", "groups": [{"groupName": "Service", "statisticsItems": [{"name": "Aces", "home": "0", "away": "0", "compareCode": 3}, {"name": "Double faults", "home": "1", "away": "0", "compareCode": 1}, {"name": "First serve", "home": "16/17 (94%)", "away": "22/22 (100%)", "compareCode": 2}, {"name": "Second serve", "home": "0/1 (0%)", "away": "0/0 (0%)", "compareCode": 3}, {"name": "First serve points", "home": "8/16 (50%)", "away": "16/22 (73%)", "compareCode": 2}, {"name": "Second serve points", "home": "0/1 (0%)", "away": "0/0 (0%)", "compareCode": 3}, {"name": "Break points saved", "home": "0/2 (0%)", "away": "0/0 (0%)", "compareCode": 2}, {"name": "Service games played", "home": "3", "away": "4", "compareCode": 2}]}, {"groupName": "Return", "statisticsItems": [{"name": "First serve return points", "home": "6/22 (27%)", "away": "8/16 (50%)", "compareCode": 2}, {"name": "Second serve return points", "home": "0/0 (0%)", "away": "1/1 (100%)", "compareCode": 1}, {"name": "Break points converted", "home": "0", "away": "2", "compareCode": 2}, {"name": "Return games played", "home": "4", "away": "3", "compareCode": 2}]}, {"groupName": "Points", "statisticsItems": [{"name": "Service points won", "home": "8", "away": "16", "compareCode": 2}, {"name": "Receiver points won", "home": "6", "away": "9", "compareCode": 2}, {"name": "Total points won", "home": "14", "away": "25", "compareCode": 2}, {"name": "Max points in a row", "home": "4", "away": "5", "compareCode": 2}]}]}]}