{"statistics": [{"period": "ALL", "groups": [{"groupName": "Service", "statisticsItems": [{"name": "Aces", "home": "0", "away": "0", "compareCode": 3}, {"name": "First serve", "home": "62/62 (100%)", "away": "35/35 (100%)", "compareCode": 3}, {"name": "Second serve", "home": "0/0 (0%)", "away": "0/0 (0%)", "compareCode": 3}, {"name": "First serve points", "home": "40/62 (65%)", "away": "13/35 (37%)", "compareCode": 1}, {"name": "Second serve points", "home": "0/0 (0%)", "away": "0/0 (0%)", "compareCode": 3}, {"name": "Break points saved", "home": "11/11 (100%)", "away": "2/7 (28%)", "compareCode": 2}, {"name": "Service games played", "home": "7", "away": "6", "compareCode": 1}]}, {"groupName": "Return", "statisticsItems": [{"name": "First serve return points", "home": "22/35 (62%)", "away": "22/62 (35%)", "compareCode": 1}, {"name": "Second serve return points", "home": "0/0 (0%)", "away": "0/0 (0%)", "compareCode": 3}, {"name": "Break points converted", "home": "5", "away": "0", "compareCode": 1}, {"name": "Return games played", "home": "6", "away": "7", "compareCode": 1}]}, {"groupName": "Points", "statisticsItems": [{"name": "Service points won", "home": "40", "away": "13", "compareCode": 1}, {"name": "Receiver points won", "home": "22", "away": "22", "compareCode": 3}, {"name": "Total points won", "home": "62", "away": "35", "compareCode": 1}, {"name": "Max points in a row", "home": "7", "away": "4", "compareCode": 1}]}]}, {"period": "1ST", "groups": [{"groupName": "Service", "statisticsItems": [{"name": "Aces", "home": "0", "away": "0", "compareCode": 3}, {"name": "Double faults", "home": "0", "away": "0", "compareCode": 3}, {"name": "First serve", "home": "36/36 (100%)", "away": "17/17 (100%)", "compareCode": 3}, {"name": "Second serve", "home": "0/0 (0%)", "away": "0/0 (0%)", "compareCode": 3}, {"name": "First serve points", "home": "23/36 (64%)", "away": "8/17 (47%)", "compareCode": 1}, {"name": "Second serve points", "home": "0/0 (0%)", "away": "0/0 (0%)", "compareCode": 3}, {"name": "Break points saved", "home": "5/5 (100%)", "away": "2/4 (50%)", "compareCode": 2}, {"name": "Service games played", "home": "4", "away": "3", "compareCode": 1}]}, {"groupName": "Return", "statisticsItems": [{"name": "First serve return points", "home": "9/17 (52%)", "away": "13/36 (36%)", "compareCode": 1}, {"name": "Second serve return points", "home": "0/0 (0%)", "away": "0/0 (0%)", "compareCode": 3}, {"name": "Break points converted", "home": "2", "away": "0", "compareCode": 1}, {"name": "Return games played", "home": "3", "away": "4", "compareCode": 1}]}, {"groupName": "Points", "statisticsItems": [{"name": "Service points won", "home": "23", "away": "8", "compareCode": 1}, {"name": "Receiver points won", "home": "9", "away": "13", "compareCode": 2}, {"name": "Total points won", "home": "32", "away": "21", "compareCode": 1}, {"name": "Max points in a row", "home": "5", "away": "4", "compareCode": 1}]}]}, {"period": "2ND", "groups": [{"groupName": "Service", "statisticsItems": [{"name": "Aces", "home": "0", "away": "0", "compareCode": 3}, {"name": "Double faults", "home": "0", "away": "0", "compareCode": 3}, {"name": "First serve", "home": "26/26 (100%)", "away": "18/18 (100%)", "compareCode": 3}, {"name": "Second serve", "home": "0/0 (0%)", "away": "0/0 (0%)", "compareCode": 3}, {"name": "First serve points", "home": "17/26 (65%)", "away": "5/18 (28%)", "compareCode": 1}, {"name": "Second serve points", "home": "0/0 (0%)", "away": "0/0 (0%)", "compareCode": 3}, {"name": "Break points saved", "home": "6/6 (100%)", "away": "0/3 (0%)", "compareCode": 2}, {"name": "Service games played", "home": "3", "away": "3", "compareCode": 3}]}, {"groupName": "Return", "statisticsItems": [{"name": "First serve return points", "home": "13/18 (72%)", "away": "9/26 (34%)", "compareCode": 1}, {"name": "Second serve return points", "home": "0/0 (0%)", "away": "0/0 (0%)", "compareCode": 3}, {"name": "Break points converted", "home": "3", "away": "0", "compareCode": 1}, {"name": "Return games played", "home": "3", "away": "3", "compareCode": 3}]}, {"groupName": "Points", "statisticsItems": [{"name": "Service points won", "home": "17", "away": "5", "compareCode": 1}, {"name": "Receiver points won", "home": "13", "away": "9", "compareCode": 1}, {"name": "Total points won", "home": "30", "away": "14", "compareCode": 1}, {"name": "Max points in a row", "home": "7", "away": "2", "compareCode": 1}]}]}]}