{"statistics": [{"period": "ALL", "groups": [{"groupName": "Service", "statisticsItems": [{"name": "Aces", "home": "0", "away": "0", "compareCode": 3}, {"name": "Double faults", "home": "2", "away": "0", "compareCode": 1}, {"name": "First serve", "home": "78/80 (98%)", "away": "66/68 (97%)", "compareCode": 1}, {"name": "Second serve", "home": "0/2 (0%)", "away": "2/2 (100%)", "compareCode": 2}, {"name": "First serve points", "home": "44/78 (56%)", "away": "45/66 (68%)", "compareCode": 2}, {"name": "Second serve points", "home": "0/2 (0%)", "away": "1/2 (50%)", "compareCode": 2}, {"name": "Break points saved", "home": "6/9 (66%)", "away": "2/4 (50%)", "compareCode": 2}, {"name": "Service games played", "home": "10", "away": "11", "compareCode": 2}]}, {"groupName": "Return", "statisticsItems": [{"name": "First serve return points", "home": "21/66 (31%)", "away": "34/78 (43%)", "compareCode": 1}, {"name": "Second serve return points", "home": "1/2 (50%)", "away": "2/2 (100%)", "compareCode": 3}, {"name": "Break points converted", "home": "2", "away": "3", "compareCode": 2}, {"name": "Return games played", "home": "11", "away": "10", "compareCode": 2}]}, {"groupName": "Points", "statisticsItems": [{"name": "Service points won", "home": "44", "away": "46", "compareCode": 2}, {"name": "Receiver points won", "home": "22", "away": "36", "compareCode": 2}, {"name": "Total points won", "home": "66", "away": "82", "compareCode": 2}, {"name": "Max points in a row", "home": "5", "away": "7", "compareCode": 2}]}]}, {"period": "1ST", "groups": [{"groupName": "Service", "statisticsItems": [{"name": "Aces", "home": "0", "away": "0", "compareCode": 3}, {"name": "Double faults", "home": "2", "away": "0", "compareCode": 1}, {"name": "First serve", "home": "56/58 (97%)", "away": "35/37 (95%)", "compareCode": 1}, {"name": "Second serve", "home": "0/2 (0%)", "away": "2/2 (100%)", "compareCode": 2}, {"name": "First serve points", "home": "33/56 (59%)", "away": "25/35 (71%)", "compareCode": 1}, {"name": "Second serve points", "home": "0/2 (0%)", "away": "1/2 (50%)", "compareCode": 2}, {"name": "Break points saved", "home": "6/7 (85%)", "away": "1/2 (50%)", "compareCode": 2}, {"name": "Service games played", "home": "6", "away": "6", "compareCode": 3}]}, {"groupName": "Return", "statisticsItems": [{"name": "First serve return points", "home": "10/35 (28%)", "away": "23/56 (41%)", "compareCode": 1}, {"name": "Second serve return points", "home": "1/2 (50%)", "away": "2/2 (100%)", "compareCode": 3}, {"name": "Break points converted", "home": "1", "away": "1", "compareCode": 3}, {"name": "Return games played", "home": "6", "away": "6", "compareCode": 3}]}, {"groupName": "Points", "statisticsItems": [{"name": "Service points won", "home": "33", "away": "26", "compareCode": 1}, {"name": "Receiver points won", "home": "11", "away": "25", "compareCode": 2}, {"name": "Total points won", "home": "44", "away": "51", "compareCode": 2}, {"name": "Max points in a row", "home": "4", "away": "7", "compareCode": 2}]}]}, {"period": "2ND", "groups": [{"groupName": "Service", "statisticsItems": [{"name": "Aces", "home": "0", "away": "0", "compareCode": 3}, {"name": "Double faults", "home": "0", "away": "0", "compareCode": 3}, {"name": "First serve", "home": "22/22 (100%)", "away": "31/31 (100%)", "compareCode": 3}, {"name": "Second serve", "home": "0/0 (0%)", "away": "0/0 (0%)", "compareCode": 3}, {"name": "First serve points", "home": "11/22 (50%)", "away": "20/31 (65%)", "compareCode": 2}, {"name": "Second serve points", "home": "0/0 (0%)", "away": "0/0 (0%)", "compareCode": 3}, {"name": "Break points saved", "home": "0/2 (0%)", "away": "1/2 (50%)", "compareCode": 3}, {"name": "Service games played", "home": "4", "away": "5", "compareCode": 2}]}, {"groupName": "Return", "statisticsItems": [{"name": "First serve return points", "home": "11/31 (35%)", "away": "11/22 (50%)", "compareCode": 2}, {"name": "Second serve return points", "home": "0/0 (0%)", "away": "0/0 (0%)", "compareCode": 3}, {"name": "Break points converted", "home": "1", "away": "2", "compareCode": 2}, {"name": "Return games played", "home": "5", "away": "4", "compareCode": 2}]}, {"groupName": "Points", "statisticsItems": [{"name": "Service points won", "home": "11", "away": "20", "compareCode": 2}, {"name": "Receiver points won", "home": "11", "away": "11", "compareCode": 3}, {"name": "Total points won", "home": "22", "away": "31", "compareCode": 2}, {"name": "Max points in a row", "home": "5", "away": "6", "compareCode": 2}]}]}]}