{"statistics": [{"period": "ALL", "groups": [{"groupName": "Service", "statisticsItems": [{"name": "Aces", "home": "0", "away": "0", "compareCode": 3}, {"name": "Double faults", "home": "0", "away": "1", "compareCode": 2}, {"name": "First serve", "home": "87/87 (100%)", "away": "87/89 (98%)", "compareCode": 1}, {"name": "Second serve", "home": "0/0 (0%)", "away": "1/2 (50%)", "compareCode": 2}, {"name": "First serve points", "home": "47/87 (54%)", "away": "53/87 (61%)", "compareCode": 2}, {"name": "Second serve points", "home": "0/0 (0%)", "away": "1/2 (50%)", "compareCode": 2}, {"name": "Break points saved", "home": "6/10 (60%)", "away": "7/10 (70%)", "compareCode": 3}, {"name": "Service games played", "home": "12", "away": "12", "compareCode": 3}]}, {"groupName": "Return", "statisticsItems": [{"name": "First serve return points", "home": "34/87 (39%)", "away": "40/87 (45%)", "compareCode": 2}, {"name": "Second serve return points", "home": "1/2 (50%)", "away": "0/0 (0%)", "compareCode": 2}, {"name": "Break points converted", "home": "3", "away": "4", "compareCode": 2}, {"name": "Return games played", "home": "12", "away": "12", "compareCode": 3}]}, {"groupName": "Points", "statisticsItems": [{"name": "Service points won", "home": "47", "away": "54", "compareCode": 2}, {"name": "Receiver points won", "home": "35", "away": "40", "compareCode": 2}, {"name": "Total points won", "home": "82", "away": "94", "compareCode": 2}, {"name": "Max points in a row", "home": "5", "away": "7", "compareCode": 2}]}]}, {"period": "1ST", "groups": [{"groupName": "Service", "statisticsItems": [{"name": "Aces", "home": "0", "away": "0", "compareCode": 3}, {"name": "Double faults", "home": "0", "away": "1", "compareCode": 2}, {"name": "First serve", "home": "42/42 (100%)", "away": "48/49 (98%)", "compareCode": 1}, {"name": "Second serve", "home": "0/0 (0%)", "away": "0/1 (0%)", "compareCode": 3}, {"name": "First serve points", "home": "24/42 (57%)", "away": "30/48 (63%)", "compareCode": 2}, {"name": "Second serve points", "home": "0/0 (0%)", "away": "0/1 (0%)", "compareCode": 3}, {"name": "Break points saved", "home": "0/1 (0%)", "away": "3/4 (75%)", "compareCode": 1}, {"name": "Service games played", "home": "6", "away": "6", "compareCode": 3}]}, {"groupName": "Return", "statisticsItems": [{"name": "First serve return points", "home": "18/48 (37%)", "away": "18/42 (42%)", "compareCode": 2}, {"name": "Second serve return points", "home": "1/1 (100%)", "away": "0/0 (0%)", "compareCode": 2}, {"name": "Break points converted", "home": "1", "away": "1", "compareCode": 3}, {"name": "Return games played", "home": "6", "away": "6", "compareCode": 3}]}, {"groupName": "Points", "statisticsItems": [{"name": "Service points won", "home": "24", "away": "30", "compareCode": 2}, {"name": "Receiver points won", "home": "19", "away": "18", "compareCode": 1}, {"name": "Total points won", "home": "43", "away": "48", "compareCode": 2}, {"name": "Max points in a row", "home": "5", "away": "7", "compareCode": 2}]}]}, {"period": "2ND", "groups": [{"groupName": "Service", "statisticsItems": [{"name": "Aces", "home": "0", "away": "0", "compareCode": 3}, {"name": "Double faults", "home": "0", "away": "0", "compareCode": 3}, {"name": "First serve", "home": "45/45 (100%)", "away": "39/40 (98%)", "compareCode": 1}, {"name": "Second serve", "home": "0/0 (0%)", "away": "1/1 (100%)", "compareCode": 2}, {"name": "First serve points", "home": "23/45 (51%)", "away": "23/39 (59%)", "compareCode": 3}, {"name": "Second serve points", "home": "0/0 (0%)", "away": "1/1 (100%)", "compareCode": 2}, {"name": "Break points saved", "home": "6/9 (66%)", "away": "4/6 (66%)", "compareCode": 2}, {"name": "Service games played", "home": "6", "away": "6", "compareCode": 3}]}, {"groupName": "Return", "statisticsItems": [{"name": "First serve return points", "home": "16/39 (41%)", "away": "22/45 (48%)", "compareCode": 1}, {"name": "Second serve return points", "home": "0/1 (0%)", "away": "0/0 (0%)", "compareCode": 2}, {"name": "Break points converted", "home": "2", "away": "3", "compareCode": 2}, {"name": "Return games played", "home": "6", "away": "6", "compareCode": 3}]}, {"groupName": "Points", "statisticsItems": [{"name": "Service points won", "home": "23", "away": "24", "compareCode": 2}, {"name": "Receiver points won", "home": "16", "away": "22", "compareCode": 2}, {"name": "Total points won", "home": "39", "away": "46", "compareCode": 2}, {"name": "Max points in a row", "home": "4", "away": "6", "compareCode": 2}]}]}]}