{"statistics": [{"period": "ALL", "groups": [{"groupName": "Service", "statisticsItems": [{"name": "Aces", "home": "3", "away": "0", "compareCode": 1}, {"name": "Double faults", "home": "5", "away": "0", "compareCode": 1}, {"name": "First serve", "home": "58/64 (91%)", "away": "60/60 (100%)", "compareCode": 2}, {"name": "Second serve", "home": "1/6 (17%)", "away": "0/0 (0%)", "compareCode": 1}, {"name": "First serve points", "home": "33/58 (57%)", "away": "34/60 (57%)", "compareCode": 2}, {"name": "Second serve points", "home": "0/6 (0%)", "away": "0/0 (0%)", "compareCode": 3}, {"name": "Break points saved", "home": "4/8 (50%)", "away": "1/3 (33%)", "compareCode": 2}, {"name": "Service games played", "home": "9", "away": "8", "compareCode": 1}]}, {"groupName": "Return", "statisticsItems": [{"name": "First serve return points", "home": "26/60 (43%)", "away": "25/58 (43%)", "compareCode": 1}, {"name": "Second serve return points", "home": "0/0 (0%)", "away": "6/6 (100%)", "compareCode": 1}, {"name": "Break points converted", "home": "2", "away": "4", "compareCode": 2}, {"name": "Return games played", "home": "8", "away": "9", "compareCode": 1}]}, {"groupName": "Points", "statisticsItems": [{"name": "Service points won", "home": "33", "away": "34", "compareCode": 2}, {"name": "Receiver points won", "home": "26", "away": "31", "compareCode": 2}, {"name": "Total points won", "home": "59", "away": "65", "compareCode": 2}, {"name": "Max points in a row", "home": "5", "away": "6", "compareCode": 2}]}]}, {"period": "1ST", "groups": [{"groupName": "Service", "statisticsItems": [{"name": "Aces", "home": "1", "away": "0", "compareCode": 1}, {"name": "Double faults", "home": "2", "away": "0", "compareCode": 1}, {"name": "First serve", "home": "24/27 (89%)", "away": "19/19 (100%)", "compareCode": 2}, {"name": "Second serve", "home": "1/3 (33%)", "away": "0/0 (0%)", "compareCode": 1}, {"name": "First serve points", "home": "11/24 (46%)", "away": "13/19 (68%)", "compareCode": 2}, {"name": "Second serve points", "home": "0/3 (0%)", "away": "0/0 (0%)", "compareCode": 3}, {"name": "Break points saved", "home": "3/6 (50%)", "away": "0/0 (0%)", "compareCode": 2}, {"name": "Service games played", "home": "4", "away": "3", "compareCode": 1}]}, {"groupName": "Return", "statisticsItems": [{"name": "First serve return points", "home": "6/19 (31%)", "away": "13/24 (54%)", "compareCode": 1}, {"name": "Second serve return points", "home": "0/0 (0%)", "away": "3/3 (100%)", "compareCode": 1}, {"name": "Break points converted", "home": "0", "away": "3", "compareCode": 2}, {"name": "Return games played", "home": "3", "away": "4", "compareCode": 1}]}, {"groupName": "Points", "statisticsItems": [{"name": "Service points won", "home": "11", "away": "13", "compareCode": 2}, {"name": "Receiver points won", "home": "6", "away": "16", "compareCode": 2}, {"name": "Total points won", "home": "17", "away": "29", "compareCode": 2}, {"name": "Max points in a row", "home": "3", "away": "5", "compareCode": 2}]}]}, {"period": "2ND", "groups": [{"groupName": "Service", "statisticsItems": [{"name": "Aces", "home": "1", "away": "0", "compareCode": 1}, {"name": "Double faults", "home": "2", "away": "0", "compareCode": 1}, {"name": "First serve", "home": "27/29 (93%)", "away": "32/32 (100%)", "compareCode": 2}, {"name": "Second serve", "home": "0/2 (0%)", "away": "0/0 (0%)", "compareCode": 3}, {"name": "First serve points", "home": "18/27 (67%)", "away": "18/32 (56%)", "compareCode": 3}, {"name": "Second serve points", "home": "0/2 (0%)", "away": "0/0 (0%)", "compareCode": 3}, {"name": "Break points saved", "home": "1/2 (50%)", "away": "1/3 (33%)", "compareCode": 1}, {"name": "Service games played", "home": "5", "away": "5", "compareCode": 3}]}, {"groupName": "Return", "statisticsItems": [{"name": "First serve return points", "home": "14/32 (43%)", "away": "9/27 (33%)", "compareCode": 2}, {"name": "Second serve return points", "home": "0/0 (0%)", "away": "2/2 (100%)", "compareCode": 1}, {"name": "Break points converted", "home": "2", "away": "1", "compareCode": 1}, {"name": "Return games played", "home": "5", "away": "5", "compareCode": 3}]}, {"groupName": "Points", "statisticsItems": [{"name": "Service points won", "home": "18", "away": "18", "compareCode": 3}, {"name": "Receiver points won", "home": "14", "away": "11", "compareCode": 1}, {"name": "Total points won", "home": "32", "away": "29", "compareCode": 1}, {"name": "Max points in a row", "home": "5", "away": "6", "compareCode": 2}]}]}, {"period": "3RD", "groups": [{"groupName": "Service", "statisticsItems": [{"name": "Aces", "home": "1", "away": "0", "compareCode": 1}, {"name": "Double faults", "home": "1", "away": "0", "compareCode": 1}, {"name": "First serve", "home": "7/8 (88%)", "away": "9/9 (100%)", "compareCode": 2}, {"name": "Second serve", "home": "0/1 (0%)", "away": "0/0 (0%)", "compareCode": 3}, {"name": "First serve points", "home": "4/7 (57%)", "away": "3/9 (33%)", "compareCode": 1}, {"name": "Second serve points", "home": "0/1 (0%)", "away": "0/0 (0%)", "compareCode": 3}, {"name": "Break points saved", "home": "0/0 (0%)", "away": "0/0 (0%)", "compareCode": 3}, {"name": "Service games played", "home": "0", "away": "0", "compareCode": 3}]}, {"groupName": "Return", "statisticsItems": [{"name": "First serve return points", "home": "6/9 (66%)", "away": "3/7 (42%)", "compareCode": 2}, {"name": "Second serve return points", "home": "0/0 (0%)", "away": "1/1 (100%)", "compareCode": 1}, {"name": "Break points converted", "home": "0", "away": "0", "compareCode": 3}, {"name": "Return games played", "home": "0", "away": "0", "compareCode": 3}]}, {"groupName": "Points", "statisticsItems": [{"name": "Service points won", "home": "4", "away": "3", "compareCode": 1}, {"name": "Receiver points won", "home": "6", "away": "4", "compareCode": 1}, {"name": "Total points won", "home": "10", "away": "7", "compareCode": 1}, {"name": "Max points in a row", "home": "5", "away": "3", "compareCode": 1}]}]}]}