{"statistics": [{"period": "ALL", "groups": [{"groupName": "Service", "statisticsItems": [{"name": "Aces", "home": "7", "away": "0", "compareCode": 1}, {"name": "Double faults", "home": "9", "away": "0", "compareCode": 1}, {"name": "First serve", "home": "46/56 (82%)", "away": "38/38 (100%)", "compareCode": 2}, {"name": "Second serve", "home": "1/10 (10%)", "away": "0/0 (0%)", "compareCode": 1}, {"name": "First serve points", "home": "34/46 (74%)", "away": "16/38 (42%)", "compareCode": 1}, {"name": "Second serve points", "home": "1/10 (10%)", "away": "0/0 (0%)", "compareCode": 1}, {"name": "Break points saved", "home": "2/3 (66%)", "away": "0/5 (0%)", "compareCode": 1}, {"name": "Service games played", "home": "8", "away": "7", "compareCode": 1}]}, {"groupName": "Return", "statisticsItems": [{"name": "First serve return points", "home": "22/38 (57%)", "away": "12/46 (26%)", "compareCode": 1}, {"name": "Second serve return points", "home": "0/0 (0%)", "away": "9/10 (90%)", "compareCode": 1}, {"name": "Break points converted", "home": "5", "away": "1", "compareCode": 1}, {"name": "Return games played", "home": "7", "away": "8", "compareCode": 1}]}, {"groupName": "Points", "statisticsItems": [{"name": "Service points won", "home": "35", "away": "16", "compareCode": 1}, {"name": "Receiver points won", "home": "22", "away": "21", "compareCode": 1}, {"name": "Total points won", "home": "57", "away": "37", "compareCode": 1}, {"name": "Max points in a row", "home": "6", "away": "4", "compareCode": 1}]}]}, {"period": "1ST", "groups": [{"groupName": "Service", "statisticsItems": [{"name": "Aces", "home": "5", "away": "0", "compareCode": 1}, {"name": "Double faults", "home": "3", "away": "0", "compareCode": 1}, {"name": "First serve", "home": "18/22 (82%)", "away": "21/21 (100%)", "compareCode": 2}, {"name": "Second serve", "home": "1/4 (25%)", "away": "0/0 (0%)", "compareCode": 1}, {"name": "First serve points", "home": "15/18 (83%)", "away": "11/21 (52%)", "compareCode": 1}, {"name": "Second serve points", "home": "1/4 (25%)", "away": "0/0 (0%)", "compareCode": 1}, {"name": "Break points saved", "home": "0/0 (0%)", "away": "0/2 (0%)", "compareCode": 1}, {"name": "Service games played", "home": "4", "away": "4", "compareCode": 3}]}, {"groupName": "Return", "statisticsItems": [{"name": "First serve return points", "home": "10/21 (47%)", "away": "3/18 (16%)", "compareCode": 1}, {"name": "Second serve return points", "home": "0/0 (0%)", "away": "3/4 (75%)", "compareCode": 1}, {"name": "Break points converted", "home": "2", "away": "0", "compareCode": 1}, {"name": "Return games played", "home": "4", "away": "4", "compareCode": 3}]}, {"groupName": "Points", "statisticsItems": [{"name": "Service points won", "home": "16", "away": "11", "compareCode": 1}, {"name": "Receiver points won", "home": "10", "away": "6", "compareCode": 1}, {"name": "Total points won", "home": "26", "away": "17", "compareCode": 1}, {"name": "Max points in a row", "home": "6", "away": "4", "compareCode": 1}]}]}, {"period": "2ND", "groups": [{"groupName": "Service", "statisticsItems": [{"name": "Aces", "home": "2", "away": "0", "compareCode": 1}, {"name": "Double faults", "home": "6", "away": "0", "compareCode": 1}, {"name": "First serve", "home": "28/34 (82%)", "away": "17/17 (100%)", "compareCode": 2}, {"name": "Second serve", "home": "0/6 (0%)", "away": "0/0 (0%)", "compareCode": 3}, {"name": "First serve points", "home": "19/28 (68%)", "away": "5/17 (29%)", "compareCode": 1}, {"name": "Second serve points", "home": "0/6 (0%)", "away": "0/0 (0%)", "compareCode": 3}, {"name": "Break points saved", "home": "2/3 (66%)", "away": "0/3 (0%)", "compareCode": 3}, {"name": "Service games played", "home": "4", "away": "3", "compareCode": 1}]}, {"groupName": "Return", "statisticsItems": [{"name": "First serve return points", "home": "12/17 (70%)", "away": "9/28 (32%)", "compareCode": 1}, {"name": "Second serve return points", "home": "0/0 (0%)", "away": "6/6 (100%)", "compareCode": 1}, {"name": "Break points converted", "home": "3", "away": "1", "compareCode": 1}, {"name": "Return games played", "home": "3", "away": "4", "compareCode": 1}]}, {"groupName": "Points", "statisticsItems": [{"name": "Service points won", "home": "19", "away": "5", "compareCode": 1}, {"name": "Receiver points won", "home": "12", "away": "15", "compareCode": 2}, {"name": "Total points won", "home": "31", "away": "20", "compareCode": 1}, {"name": "Max points in a row", "home": "5", "away": "2", "compareCode": 1}]}]}]}