{"statistics": [{"period": "ALL", "groups": [{"groupName": "Service", "statisticsItems": [{"name": "Aces", "home": "0", "away": "0", "compareCode": 3}, {"name": "Double faults", "home": "7", "away": "0", "compareCode": 1}, {"name": "First serve", "home": "45/53 (85%)", "away": "48/48 (100%)", "compareCode": 2}, {"name": "Second serve", "home": "1/8 (13%)", "away": "0/0 (0%)", "compareCode": 1}, {"name": "First serve points", "home": "16/45 (36%)", "away": "24/48 (50%)", "compareCode": 2}, {"name": "Second serve points", "home": "1/8 (13%)", "away": "0/0 (0%)", "compareCode": 1}, {"name": "Break points saved", "home": "5/13 (38%)", "away": "3/7 (42%)", "compareCode": 2}, {"name": "Service games played", "home": "9", "away": "8", "compareCode": 1}]}, {"groupName": "Return", "statisticsItems": [{"name": "First serve return points", "home": "24/48 (50%)", "away": "29/45 (64%)", "compareCode": 1}, {"name": "Second serve return points", "home": "0/0 (0%)", "away": "7/8 (87%)", "compareCode": 1}, {"name": "Break points converted", "home": "4", "away": "8", "compareCode": 2}, {"name": "Return games played", "home": "8", "away": "9", "compareCode": 1}]}, {"groupName": "Points", "statisticsItems": [{"name": "Service points won", "home": "17", "away": "24", "compareCode": 2}, {"name": "Receiver points won", "home": "24", "away": "36", "compareCode": 2}, {"name": "Total points won", "home": "41", "away": "60", "compareCode": 2}, {"name": "Max points in a row", "home": "4", "away": "8", "compareCode": 2}]}]}, {"period": "1ST", "groups": [{"groupName": "Service", "statisticsItems": [{"name": "Aces", "home": "0", "away": "0", "compareCode": 3}, {"name": "Double faults", "home": "6", "away": "0", "compareCode": 1}, {"name": "First serve", "home": "26/32 (81%)", "away": "25/25 (100%)", "compareCode": 2}, {"name": "Second serve", "home": "0/6 (0%)", "away": "0/0 (0%)", "compareCode": 3}, {"name": "First serve points", "home": "12/26 (46%)", "away": "12/25 (48%)", "compareCode": 3}, {"name": "Second serve points", "home": "0/6 (0%)", "away": "0/0 (0%)", "compareCode": 3}, {"name": "Break points saved", "home": "1/5 (20%)", "away": "1/3 (33%)", "compareCode": 2}, {"name": "Service games played", "home": "5", "away": "4", "compareCode": 1}]}, {"groupName": "Return", "statisticsItems": [{"name": "First serve return points", "home": "13/25 (52%)", "away": "14/26 (53%)", "compareCode": 1}, {"name": "Second serve return points", "home": "0/0 (0%)", "away": "6/6 (100%)", "compareCode": 1}, {"name": "Break points converted", "home": "2", "away": "4", "compareCode": 2}, {"name": "Return games played", "home": "4", "away": "5", "compareCode": 1}]}, {"groupName": "Points", "statisticsItems": [{"name": "Service points won", "home": "12", "away": "12", "compareCode": 3}, {"name": "Receiver points won", "home": "13", "away": "20", "compareCode": 2}, {"name": "Total points won", "home": "25", "away": "32", "compareCode": 2}, {"name": "Max points in a row", "home": "4", "away": "8", "compareCode": 2}]}]}, {"period": "2ND", "groups": [{"groupName": "Service", "statisticsItems": [{"name": "Aces", "home": "0", "away": "0", "compareCode": 3}, {"name": "Double faults", "home": "1", "away": "0", "compareCode": 1}, {"name": "First serve", "home": "19/21 (90%)", "away": "23/23 (100%)", "compareCode": 2}, {"name": "Second serve", "home": "1/2 (50%)", "away": "0/0 (0%)", "compareCode": 1}, {"name": "First serve points", "home": "4/19 (21%)", "away": "12/23 (52%)", "compareCode": 2}, {"name": "Second serve points", "home": "1/2 (50%)", "away": "0/0 (0%)", "compareCode": 1}, {"name": "Break points saved", "home": "4/8 (50%)", "away": "2/4 (50%)", "compareCode": 2}, {"name": "Service games played", "home": "4", "away": "4", "compareCode": 3}]}, {"groupName": "Return", "statisticsItems": [{"name": "First serve return points", "home": "11/23 (47%)", "away": "15/19 (78%)", "compareCode": 2}, {"name": "Second serve return points", "home": "0/0 (0%)", "away": "1/2 (50%)", "compareCode": 1}, {"name": "Break points converted", "home": "2", "away": "4", "compareCode": 2}, {"name": "Return games played", "home": "4", "away": "4", "compareCode": 3}]}, {"groupName": "Points", "statisticsItems": [{"name": "Service points won", "home": "5", "away": "12", "compareCode": 2}, {"name": "Receiver points won", "home": "11", "away": "16", "compareCode": 2}, {"name": "Total points won", "home": "16", "away": "28", "compareCode": 2}, {"name": "Max points in a row", "home": "4", "away": "6", "compareCode": 2}]}]}]}