{"statistics": [{"period": "ALL", "groups": [{"groupName": "Service", "statisticsItems": [{"name": "Aces", "home": "0", "away": "0", "compareCode": 3}, {"name": "First serve", "home": "94/94 (100%)", "away": "85/87 (98%)", "compareCode": 1}, {"name": "Second serve", "home": "0/0 (0%)", "away": "2/2 (100%)", "compareCode": 2}, {"name": "First serve points", "home": "50/94 (53%)", "away": "43/85 (51%)", "compareCode": 1}, {"name": "Second serve points", "home": "0/0 (0%)", "away": "1/2 (50%)", "compareCode": 2}, {"name": "Break points saved", "home": "8/12 (66%)", "away": "2/7 (28%)", "compareCode": 2}, {"name": "Service games played", "home": "11", "away": "11", "compareCode": 3}]}, {"groupName": "Return", "statisticsItems": [{"name": "First serve return points", "home": "42/85 (49%)", "away": "44/94 (46%)", "compareCode": 1}, {"name": "Second serve return points", "home": "1/2 (50%)", "away": "0/0 (0%)", "compareCode": 2}, {"name": "Break points converted", "home": "5", "away": "4", "compareCode": 1}, {"name": "Return games played", "home": "11", "away": "11", "compareCode": 3}]}, {"groupName": "Points", "statisticsItems": [{"name": "Service points won", "home": "50", "away": "44", "compareCode": 1}, {"name": "Receiver points won", "home": "43", "away": "44", "compareCode": 2}, {"name": "Total points won", "home": "93", "away": "88", "compareCode": 1}, {"name": "Max points in a row", "home": "6", "away": "6", "compareCode": 3}]}]}, {"period": "1ST", "groups": [{"groupName": "Service", "statisticsItems": [{"name": "Aces", "home": "0", "away": "0", "compareCode": 3}, {"name": "Double faults", "home": "0", "away": "0", "compareCode": 3}, {"name": "First serve", "home": "34/34 (100%)", "away": "37/38 (97%)", "compareCode": 1}, {"name": "Second serve", "home": "0/0 (0%)", "away": "1/1 (100%)", "compareCode": 2}, {"name": "First serve points", "home": "22/34 (65%)", "away": "21/37 (57%)", "compareCode": 1}, {"name": "Second serve points", "home": "0/0 (0%)", "away": "1/1 (100%)", "compareCode": 2}, {"name": "Break points saved", "home": "2/2 (100%)", "away": "2/3 (66%)", "compareCode": 1}, {"name": "Service games played", "home": "5", "away": "5", "compareCode": 3}]}, {"groupName": "Return", "statisticsItems": [{"name": "First serve return points", "home": "16/37 (43%)", "away": "12/34 (35%)", "compareCode": 2}, {"name": "Second serve return points", "home": "0/1 (0%)", "away": "0/0 (0%)", "compareCode": 2}, {"name": "Break points converted", "home": "1", "away": "0", "compareCode": 1}, {"name": "Return games played", "home": "5", "away": "5", "compareCode": 3}]}, {"groupName": "Points", "statisticsItems": [{"name": "Service points won", "home": "22", "away": "22", "compareCode": 3}, {"name": "Receiver points won", "home": "16", "away": "12", "compareCode": 1}, {"name": "Total points won", "home": "38", "away": "34", "compareCode": 1}, {"name": "Max points in a row", "home": "6", "away": "4", "compareCode": 1}]}]}, {"period": "2ND", "groups": [{"groupName": "Service", "statisticsItems": [{"name": "Aces", "home": "0", "away": "0", "compareCode": 3}, {"name": "Double faults", "home": "0", "away": "0", "compareCode": 3}, {"name": "First serve", "home": "60/60 (100%)", "away": "48/49 (98%)", "compareCode": 1}, {"name": "Second serve", "home": "0/0 (0%)", "away": "1/1 (100%)", "compareCode": 2}, {"name": "First serve points", "home": "28/60 (47%)", "away": "22/48 (46%)", "compareCode": 1}, {"name": "Second serve points", "home": "0/0 (0%)", "away": "0/1 (0%)", "compareCode": 3}, {"name": "Break points saved", "home": "6/10 (60%)", "away": "0/4 (0%)", "compareCode": 2}, {"name": "Service games played", "home": "6", "away": "6", "compareCode": 3}]}, {"groupName": "Return", "statisticsItems": [{"name": "First serve return points", "home": "26/48 (54%)", "away": "32/60 (53%)", "compareCode": 1}, {"name": "Second serve return points", "home": "1/1 (100%)", "away": "0/0 (0%)", "compareCode": 2}, {"name": "Break points converted", "home": "4", "away": "4", "compareCode": 3}, {"name": "Return games played", "home": "6", "away": "6", "compareCode": 3}]}, {"groupName": "Points", "statisticsItems": [{"name": "Service points won", "home": "28", "away": "22", "compareCode": 1}, {"name": "Receiver points won", "home": "27", "away": "32", "compareCode": 2}, {"name": "Total points won", "home": "55", "away": "54", "compareCode": 1}, {"name": "Max points in a row", "home": "5", "away": "6", "compareCode": 2}]}]}]}