{"statistics": [{"period": "ALL", "groups": [{"groupName": "Service", "statisticsItems": [{"name": "Aces", "home": "0", "away": "0", "compareCode": 3}, {"name": "Double faults", "home": "8", "away": "0", "compareCode": 1}, {"name": "First serve", "home": "62/71 (87%)", "away": "62/62 (100%)", "compareCode": 2}, {"name": "Second serve", "home": "1/9 (11%)", "away": "0/0 (0%)", "compareCode": 1}, {"name": "First serve points", "home": "33/62 (53%)", "away": "30/62 (48%)", "compareCode": 1}, {"name": "Second serve points", "home": "0/9 (0%)", "away": "0/0 (0%)", "compareCode": 3}, {"name": "Break points saved", "home": "7/11 (63%)", "away": "8/11 (72%)", "compareCode": 3}, {"name": "Service games played", "home": "7", "away": "7", "compareCode": 3}]}, {"groupName": "Return", "statisticsItems": [{"name": "First serve return points", "home": "32/62 (51%)", "away": "29/62 (46%)", "compareCode": 1}, {"name": "Second serve return points", "home": "0/0 (0%)", "away": "9/9 (100%)", "compareCode": 1}, {"name": "Break points converted", "home": "3", "away": "4", "compareCode": 2}, {"name": "Return games played", "home": "7", "away": "7", "compareCode": 3}]}, {"groupName": "Points", "statisticsItems": [{"name": "Service points won", "home": "33", "away": "30", "compareCode": 1}, {"name": "Receiver points won", "home": "32", "away": "38", "compareCode": 2}, {"name": "Total points won", "home": "65", "away": "68", "compareCode": 2}, {"name": "Max points in a row", "home": "8", "away": "6", "compareCode": 1}]}]}, {"period": "1ST", "groups": [{"groupName": "Service", "statisticsItems": [{"name": "Aces", "home": "0", "away": "0", "compareCode": 3}, {"name": "Double faults", "home": "4", "away": "0", "compareCode": 1}, {"name": "First serve", "home": "31/35 (89%)", "away": "26/26 (100%)", "compareCode": 2}, {"name": "Second serve", "home": "0/4 (0%)", "away": "0/0 (0%)", "compareCode": 3}, {"name": "First serve points", "home": "19/31 (61%)", "away": "10/26 (38%)", "compareCode": 1}, {"name": "Second serve points", "home": "0/4 (0%)", "away": "0/0 (0%)", "compareCode": 3}, {"name": "Break points saved", "home": "3/4 (75%)", "away": "3/6 (50%)", "compareCode": 1}, {"name": "Service games played", "home": "4", "away": "4", "compareCode": 3}]}, {"groupName": "Return", "statisticsItems": [{"name": "First serve return points", "home": "16/26 (61%)", "away": "12/31 (38%)", "compareCode": 1}, {"name": "Second serve return points", "home": "0/0 (0%)", "away": "4/4 (100%)", "compareCode": 1}, {"name": "Break points converted", "home": "3", "away": "1", "compareCode": 1}, {"name": "Return games played", "home": "4", "away": "4", "compareCode": 3}]}, {"groupName": "Points", "statisticsItems": [{"name": "Service points won", "home": "19", "away": "10", "compareCode": 1}, {"name": "Receiver points won", "home": "16", "away": "16", "compareCode": 3}, {"name": "Total points won", "home": "35", "away": "26", "compareCode": 1}, {"name": "Max points in a row", "home": "8", "away": "4", "compareCode": 1}]}]}, {"period": "2ND", "groups": [{"groupName": "Service", "statisticsItems": [{"name": "Aces", "home": "0", "away": "0", "compareCode": 3}, {"name": "Double faults", "home": "2", "away": "0", "compareCode": 1}, {"name": "First serve", "home": "24/27 (89%)", "away": "27/27 (100%)", "compareCode": 2}, {"name": "Second serve", "home": "1/3 (33%)", "away": "0/0 (0%)", "compareCode": 1}, {"name": "First serve points", "home": "10/24 (42%)", "away": "17/27 (63%)", "compareCode": 2}, {"name": "Second serve points", "home": "0/3 (0%)", "away": "0/0 (0%)", "compareCode": 3}, {"name": "Break points saved", "home": "4/7 (57%)", "away": "5/5 (100%)", "compareCode": 2}, {"name": "Service games played", "home": "3", "away": "3", "compareCode": 3}]}, {"groupName": "Return", "statisticsItems": [{"name": "First serve return points", "home": "10/27 (37%)", "away": "14/24 (58%)", "compareCode": 3}, {"name": "Second serve return points", "home": "0/0 (0%)", "away": "3/3 (100%)", "compareCode": 1}, {"name": "Break points converted", "home": "0", "away": "3", "compareCode": 2}, {"name": "Return games played", "home": "3", "away": "3", "compareCode": 3}]}, {"groupName": "Points", "statisticsItems": [{"name": "Service points won", "home": "10", "away": "17", "compareCode": 2}, {"name": "Receiver points won", "home": "10", "away": "17", "compareCode": 2}, {"name": "Total points won", "home": "20", "away": "34", "compareCode": 2}, {"name": "Max points in a row", "home": "3", "away": "6", "compareCode": 2}]}]}, {"period": "3RD", "groups": [{"groupName": "Service", "statisticsItems": [{"name": "Aces", "home": "0", "away": "0", "compareCode": 3}, {"name": "Double faults", "home": "2", "away": "0", "compareCode": 1}, {"name": "First serve", "home": "7/9 (78%)", "away": "9/9 (100%)", "compareCode": 2}, {"name": "Second serve", "home": "0/2 (0%)", "away": "0/0 (0%)", "compareCode": 3}, {"name": "First serve points", "home": "4/7 (57%)", "away": "3/9 (33%)", "compareCode": 1}, {"name": "Second serve points", "home": "0/2 (0%)", "away": "0/0 (0%)", "compareCode": 3}, {"name": "Break points saved", "home": "0/0 (0%)", "away": "0/0 (0%)", "compareCode": 3}, {"name": "Service games played", "home": "0", "away": "0", "compareCode": 3}]}, {"groupName": "Return", "statisticsItems": [{"name": "First serve return points", "home": "6/9 (66%)", "away": "3/7 (42%)", "compareCode": 3}, {"name": "Second serve return points", "home": "0/0 (0%)", "away": "2/2 (100%)", "compareCode": 1}, {"name": "Break points converted", "home": "0", "away": "0", "compareCode": 3}, {"name": "Return games played", "home": "0", "away": "0", "compareCode": 3}]}, {"groupName": "Points", "statisticsItems": [{"name": "Service points won", "home": "4", "away": "3", "compareCode": 1}, {"name": "Receiver points won", "home": "6", "away": "5", "compareCode": 1}, {"name": "Total points won", "home": "10", "away": "8", "compareCode": 1}, {"name": "Max points in a row", "home": "3", "away": "2", "compareCode": 1}]}]}]}