{"statistics": [{"period": "ALL", "groups": [{"groupName": "Service", "statisticsItems": [{"name": "Aces", "home": "1", "away": "1", "compareCode": 3}, {"name": "Double faults", "home": "3", "away": "0", "compareCode": 1}, {"name": "First serve", "home": "73/77 (95%)", "away": "81/84 (96%)", "compareCode": 2}, {"name": "Second serve", "home": "1/4 (25%)", "away": "3/3 (100%)", "compareCode": 2}, {"name": "First serve points", "home": "41/73 (56%)", "away": "43/81 (53%)", "compareCode": 2}, {"name": "Second serve points", "home": "1/4 (25%)", "away": "2/3 (67%)", "compareCode": 2}, {"name": "Break points saved", "home": "3/7 (42%)", "away": "7/11 (63%)", "compareCode": 1}, {"name": "Service games played", "home": "10", "away": "10", "compareCode": 3}]}, {"groupName": "Return", "statisticsItems": [{"name": "First serve return points", "home": "38/81 (46%)", "away": "32/73 (43%)", "compareCode": 2}, {"name": "Second serve return points", "home": "1/3 (33%)", "away": "3/4 (75%)", "compareCode": 1}, {"name": "Break points converted", "home": "4", "away": "4", "compareCode": 3}, {"name": "Return games played", "home": "10", "away": "10", "compareCode": 3}]}, {"groupName": "Points", "statisticsItems": [{"name": "Service points won", "home": "42", "away": "45", "compareCode": 2}, {"name": "Receiver points won", "home": "39", "away": "35", "compareCode": 1}, {"name": "Total points won", "home": "81", "away": "80", "compareCode": 1}, {"name": "Max points in a row", "home": "8", "away": "5", "compareCode": 1}]}]}, {"period": "1ST", "groups": [{"groupName": "Service", "statisticsItems": [{"name": "Aces", "home": "1", "away": "0", "compareCode": 1}, {"name": "Double faults", "home": "1", "away": "0", "compareCode": 1}, {"name": "First serve", "home": "26/27 (96%)", "away": "35/37 (95%)", "compareCode": 1}, {"name": "Second serve", "home": "0/1 (0%)", "away": "2/2 (100%)", "compareCode": 2}, {"name": "First serve points", "home": "12/26 (46%)", "away": "18/35 (51%)", "compareCode": 2}, {"name": "Second serve points", "home": "0/1 (0%)", "away": "2/2 (100%)", "compareCode": 2}, {"name": "Break points saved", "home": "1/4 (25%)", "away": "3/5 (60%)", "compareCode": 1}, {"name": "Service games played", "home": "5", "away": "5", "compareCode": 3}]}, {"groupName": "Return", "statisticsItems": [{"name": "First serve return points", "home": "17/35 (48%)", "away": "14/26 (53%)", "compareCode": 2}, {"name": "Second serve return points", "home": "0/2 (0%)", "away": "1/1 (100%)", "compareCode": 2}, {"name": "Break points converted", "home": "2", "away": "3", "compareCode": 2}, {"name": "Return games played", "home": "5", "away": "5", "compareCode": 3}]}, {"groupName": "Points", "statisticsItems": [{"name": "Service points won", "home": "12", "away": "20", "compareCode": 2}, {"name": "Receiver points won", "home": "17", "away": "15", "compareCode": 1}, {"name": "Total points won", "home": "29", "away": "35", "compareCode": 2}, {"name": "Max points in a row", "home": "3", "away": "5", "compareCode": 2}]}]}, {"period": "2ND", "groups": [{"groupName": "Service", "statisticsItems": [{"name": "Aces", "home": "0", "away": "0", "compareCode": 3}, {"name": "Double faults", "home": "2", "away": "0", "compareCode": 1}, {"name": "First serve", "home": "37/40 (93%)", "away": "36/37 (97%)", "compareCode": 2}, {"name": "Second serve", "home": "1/3 (33%)", "away": "1/1 (100%)", "compareCode": 2}, {"name": "First serve points", "home": "22/37 (59%)", "away": "19/36 (53%)", "compareCode": 1}, {"name": "Second serve points", "home": "1/3 (33%)", "away": "0/1 (0%)", "compareCode": 1}, {"name": "Break points saved", "home": "2/3 (66%)", "away": "4/6 (66%)", "compareCode": 1}, {"name": "Service games played", "home": "5", "away": "5", "compareCode": 3}]}, {"groupName": "Return", "statisticsItems": [{"name": "First serve return points", "home": "17/36 (47%)", "away": "15/37 (40%)", "compareCode": 1}, {"name": "Second serve return points", "home": "1/1 (100%)", "away": "2/3 (66%)", "compareCode": 1}, {"name": "Break points converted", "home": "2", "away": "1", "compareCode": 1}, {"name": "Return games played", "home": "5", "away": "5", "compareCode": 3}]}, {"groupName": "Points", "statisticsItems": [{"name": "Service points won", "home": "23", "away": "19", "compareCode": 1}, {"name": "Receiver points won", "home": "18", "away": "17", "compareCode": 1}, {"name": "Total points won", "home": "41", "away": "36", "compareCode": 1}, {"name": "Max points in a row", "home": "5", "away": "4", "compareCode": 1}]}]}, {"period": "3RD", "groups": [{"groupName": "Service", "statisticsItems": [{"name": "Aces", "home": "0", "away": "1", "compareCode": 2}, {"name": "Double faults", "home": "0", "away": "0", "compareCode": 3}, {"name": "First serve", "home": "10/10 (100%)", "away": "10/10 (100%)", "compareCode": 3}, {"name": "Second serve", "home": "0/0 (0%)", "away": "0/0 (0%)", "compareCode": 3}, {"name": "First serve points", "home": "7/10 (70%)", "away": "6/10 (60%)", "compareCode": 1}, {"name": "Second serve points", "home": "0/0 (0%)", "away": "0/0 (0%)", "compareCode": 3}, {"name": "Break points saved", "home": "0/0 (0%)", "away": "0/0 (0%)", "compareCode": 3}, {"name": "Service games played", "home": "0", "away": "0", "compareCode": 3}]}, {"groupName": "Return", "statisticsItems": [{"name": "First serve return points", "home": "4/10 (40%)", "away": "3/10 (30%)", "compareCode": 3}, {"name": "Second serve return points", "home": "0/0 (0%)", "away": "0/0 (0%)", "compareCode": 3}, {"name": "Break points converted", "home": "0", "away": "0", "compareCode": 3}, {"name": "Return games played", "home": "0", "away": "0", "compareCode": 3}]}, {"groupName": "Points", "statisticsItems": [{"name": "Service points won", "home": "7", "away": "6", "compareCode": 1}, {"name": "Receiver points won", "home": "4", "away": "3", "compareCode": 1}, {"name": "Total points won", "home": "11", "away": "9", "compareCode": 1}, {"name": "Max points in a row", "home": "6", "away": "4", "compareCode": 1}]}]}]}