{"statistics": [{"period": "ALL", "groups": [{"groupName": "Service", "statisticsItems": [{"name": "Aces", "home": "2", "away": "1", "compareCode": 1}, {"name": "Double faults", "home": "5", "away": "0", "compareCode": 1}, {"name": "First serve", "home": "67/73 (92%)", "away": "70/71 (99%)", "compareCode": 2}, {"name": "Second serve", "home": "1/6 (17%)", "away": "1/1 (100%)", "compareCode": 2}, {"name": "First serve points", "home": "31/67 (46%)", "away": "37/70 (53%)", "compareCode": 2}, {"name": "Second serve points", "home": "0/6 (0%)", "away": "0/1 (0%)", "compareCode": 3}, {"name": "Break points saved", "home": "8/15 (53%)", "away": "10/15 (66%)", "compareCode": 3}, {"name": "Service games played", "home": "10", "away": "10", "compareCode": 3}]}, {"groupName": "Return", "statisticsItems": [{"name": "First serve return points", "home": "33/70 (47%)", "away": "36/67 (53%)", "compareCode": 1}, {"name": "Second serve return points", "home": "1/1 (100%)", "away": "6/6 (100%)", "compareCode": 1}, {"name": "Break points converted", "home": "5", "away": "7", "compareCode": 2}, {"name": "Return games played", "home": "10", "away": "10", "compareCode": 3}]}, {"groupName": "Points", "statisticsItems": [{"name": "Service points won", "home": "31", "away": "37", "compareCode": 2}, {"name": "Receiver points won", "home": "34", "away": "42", "compareCode": 2}, {"name": "Total points won", "home": "65", "away": "79", "compareCode": 2}, {"name": "Max points in a row", "home": "5", "away": "5", "compareCode": 3}]}]}, {"period": "1ST", "groups": [{"groupName": "Service", "statisticsItems": [{"name": "Aces", "home": "1", "away": "0", "compareCode": 1}, {"name": "Double faults", "home": "2", "away": "0", "compareCode": 1}, {"name": "First serve", "home": "31/34 (91%)", "away": "27/27 (100%)", "compareCode": 2}, {"name": "Second serve", "home": "1/3 (33%)", "away": "0/0 (0%)", "compareCode": 1}, {"name": "First serve points", "home": "12/31 (39%)", "away": "14/27 (52%)", "compareCode": 2}, {"name": "Second serve points", "home": "0/3 (0%)", "away": "0/0 (0%)", "compareCode": 3}, {"name": "Break points saved", "home": "4/8 (50%)", "away": "2/5 (40%)", "compareCode": 2}, {"name": "Service games played", "home": "5", "away": "5", "compareCode": 3}]}, {"groupName": "Return", "statisticsItems": [{"name": "First serve return points", "home": "13/27 (48%)", "away": "19/31 (61%)", "compareCode": 1}, {"name": "Second serve return points", "home": "0/0 (0%)", "away": "3/3 (100%)", "compareCode": 1}, {"name": "Break points converted", "home": "3", "away": "4", "compareCode": 2}, {"name": "Return games played", "home": "5", "away": "5", "compareCode": 3}]}, {"groupName": "Points", "statisticsItems": [{"name": "Service points won", "home": "12", "away": "14", "compareCode": 2}, {"name": "Receiver points won", "home": "13", "away": "22", "compareCode": 2}, {"name": "Total points won", "home": "25", "away": "36", "compareCode": 2}, {"name": "Max points in a row", "home": "3", "away": "5", "compareCode": 2}]}]}, {"period": "2ND", "groups": [{"groupName": "Service", "statisticsItems": [{"name": "Aces", "home": "1", "away": "1", "compareCode": 3}, {"name": "Double faults", "home": "3", "away": "0", "compareCode": 1}, {"name": "First serve", "home": "36/39 (92%)", "away": "43/44 (98%)", "compareCode": 2}, {"name": "Second serve", "home": "0/3 (0%)", "away": "1/1 (100%)", "compareCode": 2}, {"name": "First serve points", "home": "19/36 (53%)", "away": "23/43 (53%)", "compareCode": 2}, {"name": "Second serve points", "home": "0/3 (0%)", "away": "0/1 (0%)", "compareCode": 3}, {"name": "Break points saved", "home": "4/7 (57%)", "away": "8/10 (80%)", "compareCode": 1}, {"name": "Service games played", "home": "5", "away": "5", "compareCode": 3}]}, {"groupName": "Return", "statisticsItems": [{"name": "First serve return points", "home": "20/43 (46%)", "away": "17/36 (47%)", "compareCode": 2}, {"name": "Second serve return points", "home": "1/1 (100%)", "away": "3/3 (100%)", "compareCode": 1}, {"name": "Break points converted", "home": "2", "away": "3", "compareCode": 2}, {"name": "Return games played", "home": "5", "away": "5", "compareCode": 3}]}, {"groupName": "Points", "statisticsItems": [{"name": "Service points won", "home": "19", "away": "23", "compareCode": 2}, {"name": "Receiver points won", "home": "21", "away": "20", "compareCode": 1}, {"name": "Total points won", "home": "40", "away": "43", "compareCode": 2}, {"name": "Max points in a row", "home": "5", "away": "4", "compareCode": 1}]}]}]}