{"statistics": [{"period": "ALL", "groups": [{"groupName": "Service", "statisticsItems": [{"name": "Aces", "home": "2", "away": "1", "compareCode": 1}, {"name": "First serve", "home": "88/88 (100%)", "away": "69/71 (97%)", "compareCode": 1}, {"name": "Second serve", "home": "0/0 (0%)", "away": "2/2 (100%)", "compareCode": 2}, {"name": "First serve points", "home": "53/88 (60%)", "away": "41/69 (59%)", "compareCode": 1}, {"name": "Second serve points", "home": "0/0 (0%)", "away": "0/2 (0%)", "compareCode": 3}, {"name": "Break points saved", "home": "5/7 (71%)", "away": "8/11 (72%)", "compareCode": 1}, {"name": "Service games played", "home": "11", "away": "10", "compareCode": 1}]}, {"groupName": "Return", "statisticsItems": [{"name": "First serve return points", "home": "28/69 (40%)", "away": "35/88 (39%)", "compareCode": 1}, {"name": "Second serve return points", "home": "2/2 (100%)", "away": "0/0 (0%)", "compareCode": 2}, {"name": "Break points converted", "home": "3", "away": "2", "compareCode": 1}, {"name": "Return games played", "home": "10", "away": "11", "compareCode": 1}]}, {"groupName": "Points", "statisticsItems": [{"name": "Service points won", "home": "53", "away": "41", "compareCode": 1}, {"name": "Receiver points won", "home": "30", "away": "35", "compareCode": 2}, {"name": "Total points won", "home": "83", "away": "76", "compareCode": 1}, {"name": "Max points in a row", "home": "10", "away": "8", "compareCode": 1}]}]}, {"period": "1ST", "groups": [{"groupName": "Service", "statisticsItems": [{"name": "Aces", "home": "2", "away": "1", "compareCode": 1}, {"name": "Double faults", "home": "0", "away": "0", "compareCode": 3}, {"name": "First serve", "home": "39/39 (100%)", "away": "22/23 (96%)", "compareCode": 1}, {"name": "Second serve", "home": "0/0 (0%)", "away": "1/1 (100%)", "compareCode": 2}, {"name": "First serve points", "home": "26/39 (67%)", "away": "15/22 (68%)", "compareCode": 1}, {"name": "Second serve points", "home": "0/0 (0%)", "away": "0/1 (0%)", "compareCode": 3}, {"name": "Break points saved", "home": "2/2 (100%)", "away": "0/1 (0%)", "compareCode": 2}, {"name": "Service games played", "home": "5", "away": "4", "compareCode": 1}]}, {"groupName": "Return", "statisticsItems": [{"name": "First serve return points", "home": "7/22 (31%)", "away": "13/39 (33%)", "compareCode": 1}, {"name": "Second serve return points", "home": "1/1 (100%)", "away": "0/0 (0%)", "compareCode": 2}, {"name": "Break points converted", "home": "1", "away": "0", "compareCode": 1}, {"name": "Return games played", "home": "4", "away": "5", "compareCode": 1}]}, {"groupName": "Points", "statisticsItems": [{"name": "Service points won", "home": "26", "away": "15", "compareCode": 1}, {"name": "Receiver points won", "home": "8", "away": "13", "compareCode": 2}, {"name": "Total points won", "home": "34", "away": "28", "compareCode": 1}, {"name": "Max points in a row", "home": "4", "away": "4", "compareCode": 3}]}]}, {"period": "2ND", "groups": [{"groupName": "Service", "statisticsItems": [{"name": "Aces", "home": "0", "away": "0", "compareCode": 3}, {"name": "Double faults", "home": "0", "away": "0", "compareCode": 3}, {"name": "First serve", "home": "49/49 (100%)", "away": "47/48 (98%)", "compareCode": 1}, {"name": "Second serve", "home": "0/0 (0%)", "away": "1/1 (100%)", "compareCode": 2}, {"name": "First serve points", "home": "27/49 (55%)", "away": "26/47 (55%)", "compareCode": 1}, {"name": "Second serve points", "home": "0/0 (0%)", "away": "0/1 (0%)", "compareCode": 3}, {"name": "Break points saved", "home": "3/5 (60%)", "away": "8/10 (80%)", "compareCode": 1}, {"name": "Service games played", "home": "6", "away": "6", "compareCode": 3}]}, {"groupName": "Return", "statisticsItems": [{"name": "First serve return points", "home": "21/47 (44%)", "away": "22/49 (44%)", "compareCode": 1}, {"name": "Second serve return points", "home": "1/1 (100%)", "away": "0/0 (0%)", "compareCode": 2}, {"name": "Break points converted", "home": "2", "away": "2", "compareCode": 3}, {"name": "Return games played", "home": "6", "away": "6", "compareCode": 3}]}, {"groupName": "Points", "statisticsItems": [{"name": "Service points won", "home": "27", "away": "26", "compareCode": 1}, {"name": "Receiver points won", "home": "22", "away": "22", "compareCode": 3}, {"name": "Total points won", "home": "49", "away": "48", "compareCode": 1}, {"name": "Max points in a row", "home": "10", "away": "8", "compareCode": 1}]}]}]}