{"statistics": [{"period": "ALL", "groups": [{"groupName": "Service", "statisticsItems": [{"name": "Aces", "home": "0", "away": "0", "compareCode": 3}, {"name": "Double faults", "home": "3", "away": "11", "compareCode": 2}, {"name": "First serve", "home": "49/74 (66%)", "away": "51/79 (65%)", "compareCode": 1}, {"name": "Second serve", "home": "22/25 (88%)", "away": "17/28 (61%)", "compareCode": 1}, {"name": "First serve points", "home": "27/49 (55%)", "away": "33/51 (65%)", "compareCode": 2}, {"name": "Second serve points", "home": "13/25 (52%)", "away": "10/28 (36%)", "compareCode": 1}, {"name": "Break points saved", "home": "5/8 (62%)", "away": "7/9 (77%)", "compareCode": 1}, {"name": "Service games played", "home": "10", "away": "9", "compareCode": 1}]}, {"groupName": "Return", "statisticsItems": [{"name": "First serve return points", "home": "18/51 (35%)", "away": "22/49 (44%)", "compareCode": 2}, {"name": "Second serve return points", "home": "18/28 (64%)", "away": "12/25 (48%)", "compareCode": 2}, {"name": "Break points converted", "home": "2", "away": "3", "compareCode": 2}, {"name": "Return games played", "home": "9", "away": "10", "compareCode": 1}]}, {"groupName": "Points", "statisticsItems": [{"name": "Service points won", "home": "40", "away": "43", "compareCode": 2}, {"name": "Receiver points won", "home": "36", "away": "34", "compareCode": 1}, {"name": "Total points won", "home": "76", "away": "77", "compareCode": 2}, {"name": "Max points in a row", "home": "4", "away": "8", "compareCode": 2}]}]}, {"period": "1ST", "groups": [{"groupName": "Service", "statisticsItems": [{"name": "Aces", "home": "0", "away": "0", "compareCode": 3}, {"name": "Double faults", "home": "2", "away": "5", "compareCode": 2}, {"name": "First serve", "home": "20/32 (63%)", "away": "16/26 (62%)", "compareCode": 1}, {"name": "Second serve", "home": "10/12 (83%)", "away": "5/10 (50%)", "compareCode": 1}, {"name": "First serve points", "home": "10/20 (50%)", "away": "11/16 (69%)", "compareCode": 2}, {"name": "Second serve points", "home": "4/12 (33%)", "away": "4/10 (40%)", "compareCode": 3}, {"name": "Break points saved", "home": "4/7 (57%)", "away": "2/3 (66%)", "compareCode": 2}, {"name": "Service games played", "home": "5", "away": "4", "compareCode": 1}]}, {"groupName": "Return", "statisticsItems": [{"name": "First serve return points", "home": "5/16 (31%)", "away": "10/20 (50%)", "compareCode": 1}, {"name": "Second serve return points", "home": "6/10 (60%)", "away": "8/12 (66%)", "compareCode": 1}, {"name": "Break points converted", "home": "1", "away": "3", "compareCode": 2}, {"name": "Return games played", "home": "4", "away": "5", "compareCode": 1}]}, {"groupName": "Points", "statisticsItems": [{"name": "Service points won", "home": "14", "away": "15", "compareCode": 2}, {"name": "Receiver points won", "home": "11", "away": "18", "compareCode": 2}, {"name": "Total points won", "home": "25", "away": "33", "compareCode": 2}, {"name": "Max points in a row", "home": "4", "away": "6", "compareCode": 2}]}]}, {"period": "2ND", "groups": [{"groupName": "Service", "statisticsItems": [{"name": "Aces", "home": "0", "away": "0", "compareCode": 3}, {"name": "Double faults", "home": "1", "away": "5", "compareCode": 2}, {"name": "First serve", "home": "24/34 (71%)", "away": "29/44 (66%)", "compareCode": 1}, {"name": "Second serve", "home": "9/10 (90%)", "away": "10/15 (67%)", "compareCode": 1}, {"name": "First serve points", "home": "15/24 (63%)", "away": "19/29 (66%)", "compareCode": 2}, {"name": "Second serve points", "home": "7/10 (70%)", "away": "6/15 (40%)", "compareCode": 1}, {"name": "Break points saved", "home": "1/1 (100%)", "away": "5/6 (83%)", "compareCode": 1}, {"name": "Service games played", "home": "5", "away": "5", "compareCode": 3}]}, {"groupName": "Return", "statisticsItems": [{"name": "First serve return points", "home": "10/29 (34%)", "away": "9/24 (37%)", "compareCode": 2}, {"name": "Second serve return points", "home": "9/15 (60%)", "away": "3/10 (30%)", "compareCode": 2}, {"name": "Break points converted", "home": "1", "away": "0", "compareCode": 1}, {"name": "Return games played", "home": "5", "away": "5", "compareCode": 3}]}, {"groupName": "Points", "statisticsItems": [{"name": "Service points won", "home": "22", "away": "25", "compareCode": 2}, {"name": "Receiver points won", "home": "19", "away": "12", "compareCode": 1}, {"name": "Total points won", "home": "41", "away": "37", "compareCode": 1}, {"name": "Max points in a row", "home": "4", "away": "4", "compareCode": 3}]}]}, {"period": "3RD", "groups": [{"groupName": "Service", "statisticsItems": [{"name": "Aces", "home": "0", "away": "0", "compareCode": 3}, {"name": "Double faults", "home": "0", "away": "1", "compareCode": 2}, {"name": "First serve", "home": "5/8 (63%)", "away": "6/9 (67%)", "compareCode": 2}, {"name": "Second serve", "home": "3/3 (100%)", "away": "2/3 (67%)", "compareCode": 1}, {"name": "First serve points", "home": "2/5 (40%)", "away": "3/6 (50%)", "compareCode": 2}, {"name": "Second serve points", "home": "2/3 (67%)", "away": "0/3 (0%)", "compareCode": 1}, {"name": "Break points saved", "home": "0/0 (0%)", "away": "0/0 (0%)", "compareCode": 3}, {"name": "Service games played", "home": "0", "away": "0", "compareCode": 3}]}, {"groupName": "Return", "statisticsItems": [{"name": "First serve return points", "home": "3/6 (50%)", "away": "3/5 (60%)", "compareCode": 2}, {"name": "Second serve return points", "home": "3/3 (100%)", "away": "1/3 (33%)", "compareCode": 3}, {"name": "Break points converted", "home": "0", "away": "0", "compareCode": 3}, {"name": "Return games played", "home": "0", "away": "0", "compareCode": 3}]}, {"groupName": "Points", "statisticsItems": [{"name": "Service points won", "home": "4", "away": "3", "compareCode": 1}, {"name": "Receiver points won", "home": "6", "away": "4", "compareCode": 1}, {"name": "Total points won", "home": "10", "away": "7", "compareCode": 1}, {"name": "Max points in a row", "home": "4", "away": "3", "compareCode": 1}]}]}]}