{"statistics": [{"period": "ALL", "groups": [{"groupName": "Service", "statisticsItems": [{"name": "Aces", "home": "0", "away": "1", "compareCode": 2}, {"name": "Double faults", "home": "3", "away": "4", "compareCode": 2}, {"name": "First serve", "home": "51/67 (76%)", "away": "37/65 (57%)", "compareCode": 1}, {"name": "Second serve", "home": "13/16 (81%)", "away": "24/28 (86%)", "compareCode": 2}, {"name": "First serve points", "home": "27/51 (53%)", "away": "22/37 (59%)", "compareCode": 1}, {"name": "Second serve points", "home": "8/16 (50%)", "away": "14/28 (50%)", "compareCode": 2}, {"name": "Break points saved", "home": "6/9 (66%)", "away": "1/3 (33%)", "compareCode": 2}, {"name": "Service games played", "home": "8", "away": "8", "compareCode": 3}]}, {"groupName": "Return", "statisticsItems": [{"name": "First serve return points", "home": "15/37 (40%)", "away": "24/51 (47%)", "compareCode": 1}, {"name": "Second serve return points", "home": "14/28 (50%)", "away": "8/16 (50%)", "compareCode": 2}, {"name": "Break points converted", "home": "2", "away": "3", "compareCode": 2}, {"name": "Return games played", "home": "8", "away": "8", "compareCode": 3}]}, {"groupName": "Points", "statisticsItems": [{"name": "Service points won", "home": "35", "away": "36", "compareCode": 2}, {"name": "Receiver points won", "home": "29", "away": "32", "compareCode": 2}, {"name": "Total points won", "home": "64", "away": "68", "compareCode": 2}, {"name": "Max points in a row", "home": "6", "away": "6", "compareCode": 3}]}]}, {"period": "1ST", "groups": [{"groupName": "Service", "statisticsItems": [{"name": "Aces", "home": "0", "away": "1", "compareCode": 2}, {"name": "Double faults", "home": "2", "away": "1", "compareCode": 1}, {"name": "First serve", "home": "26/36 (72%)", "away": "13/29 (45%)", "compareCode": 1}, {"name": "Second serve", "home": "8/10 (80%)", "away": "15/16 (94%)", "compareCode": 2}, {"name": "First serve points", "home": "15/26 (58%)", "away": "7/13 (54%)", "compareCode": 1}, {"name": "Second serve points", "home": "6/10 (60%)", "away": "8/16 (50%)", "compareCode": 2}, {"name": "Break points saved", "home": "5/6 (83%)", "away": "1/3 (33%)", "compareCode": 2}, {"name": "Service games played", "home": "5", "away": "4", "compareCode": 1}]}, {"groupName": "Return", "statisticsItems": [{"name": "First serve return points", "home": "6/13 (46%)", "away": "11/26 (42%)", "compareCode": 1}, {"name": "Second serve return points", "home": "8/16 (50%)", "away": "4/10 (40%)", "compareCode": 2}, {"name": "Break points converted", "home": "2", "away": "1", "compareCode": 1}, {"name": "Return games played", "home": "4", "away": "5", "compareCode": 1}]}, {"groupName": "Points", "statisticsItems": [{"name": "Service points won", "home": "21", "away": "15", "compareCode": 1}, {"name": "Receiver points won", "home": "14", "away": "15", "compareCode": 2}, {"name": "Total points won", "home": "35", "away": "30", "compareCode": 1}, {"name": "Max points in a row", "home": "4", "away": "3", "compareCode": 1}]}]}, {"period": "2ND", "groups": [{"groupName": "Service", "statisticsItems": [{"name": "Aces", "home": "0", "away": "0", "compareCode": 3}, {"name": "Double faults", "home": "1", "away": "1", "compareCode": 3}, {"name": "First serve", "home": "17/22 (77%)", "away": "20/27 (74%)", "compareCode": 1}, {"name": "Second serve", "home": "4/5 (80%)", "away": "6/7 (86%)", "compareCode": 2}, {"name": "First serve points", "home": "8/17 (47%)", "away": "13/20 (65%)", "compareCode": 2}, {"name": "Second serve points", "home": "2/5 (40%)", "away": "5/7 (71%)", "compareCode": 2}, {"name": "Break points saved", "home": "1/3 (33%)", "away": "0/0 (0%)", "compareCode": 2}, {"name": "Service games played", "home": "3", "away": "4", "compareCode": 2}]}, {"groupName": "Return", "statisticsItems": [{"name": "First serve return points", "home": "7/20 (35%)", "away": "9/17 (52%)", "compareCode": 2}, {"name": "Second serve return points", "home": "2/7 (28%)", "away": "3/5 (60%)", "compareCode": 2}, {"name": "Break points converted", "home": "0", "away": "2", "compareCode": 2}, {"name": "Return games played", "home": "4", "away": "3", "compareCode": 2}]}, {"groupName": "Points", "statisticsItems": [{"name": "Service points won", "home": "10", "away": "18", "compareCode": 2}, {"name": "Receiver points won", "home": "9", "away": "12", "compareCode": 2}, {"name": "Total points won", "home": "19", "away": "30", "compareCode": 2}, {"name": "Max points in a row", "home": "2", "away": "6", "compareCode": 2}]}]}, {"period": "3RD", "groups": [{"groupName": "Service", "statisticsItems": [{"name": "Aces", "home": "0", "away": "0", "compareCode": 3}, {"name": "Double faults", "home": "0", "away": "2", "compareCode": 2}, {"name": "First serve", "home": "8/9 (89%)", "away": "4/9 (44%)", "compareCode": 1}, {"name": "Second serve", "home": "1/1 (100%)", "away": "3/5 (60%)", "compareCode": 1}, {"name": "First serve points", "home": "4/8 (50%)", "away": "2/4 (50%)", "compareCode": 1}, {"name": "Second serve points", "home": "0/1 (0%)", "away": "1/5 (20%)", "compareCode": 2}, {"name": "Break points saved", "home": "0/0 (0%)", "away": "0/0 (0%)", "compareCode": 3}, {"name": "Service games played", "home": "0", "away": "0", "compareCode": 3}]}, {"groupName": "Return", "statisticsItems": [{"name": "First serve return points", "home": "2/4 (50%)", "away": "4/8 (50%)", "compareCode": 3}, {"name": "Second serve return points", "home": "4/5 (80%)", "away": "1/1 (100%)", "compareCode": 2}, {"name": "Break points converted", "home": "0", "away": "0", "compareCode": 3}, {"name": "Return games played", "home": "0", "away": "0", "compareCode": 3}]}, {"groupName": "Points", "statisticsItems": [{"name": "Service points won", "home": "4", "away": "3", "compareCode": 1}, {"name": "Receiver points won", "home": "6", "away": "5", "compareCode": 1}, {"name": "Total points won", "home": "10", "away": "8", "compareCode": 1}, {"name": "Max points in a row", "home": "4", "away": "4", "compareCode": 3}]}]}]}