{"statistics": [{"period": "ALL", "groups": [{"groupName": "Service", "statisticsItems": [{"name": "Aces", "home": "0", "away": "0", "compareCode": 3}, {"name": "Double faults", "home": "1", "away": "0", "compareCode": 1}, {"name": "First serve", "home": "43/45 (96%)", "away": "69/69 (100%)", "compareCode": 2}, {"name": "Second serve", "home": "1/2 (50%)", "away": "0/0 (0%)", "compareCode": 1}, {"name": "First serve points", "home": "26/43 (60%)", "away": "30/69 (43%)", "compareCode": 2}, {"name": "Second serve points", "home": "1/2 (50%)", "away": "0/0 (0%)", "compareCode": 1}, {"name": "Break points saved", "home": "0/3 (0%)", "away": "3/10 (30%)", "compareCode": 1}, {"name": "Service games played", "home": "9", "away": "10", "compareCode": 2}]}, {"groupName": "Return", "statisticsItems": [{"name": "First serve return points", "home": "39/69 (56%)", "away": "17/43 (39%)", "compareCode": 2}, {"name": "Second serve return points", "home": "0/0 (0%)", "away": "1/2 (50%)", "compareCode": 1}, {"name": "Break points converted", "home": "7", "away": "3", "compareCode": 1}, {"name": "Return games played", "home": "10", "away": "9", "compareCode": 2}]}, {"groupName": "Points", "statisticsItems": [{"name": "Service points won", "home": "27", "away": "30", "compareCode": 2}, {"name": "Receiver points won", "home": "39", "away": "18", "compareCode": 1}, {"name": "Total points won", "home": "66", "away": "48", "compareCode": 1}, {"name": "Max points in a row", "home": "8", "away": "5", "compareCode": 1}]}]}, {"period": "1ST", "groups": [{"groupName": "Service", "statisticsItems": [{"name": "Aces", "home": "0", "away": "0", "compareCode": 3}, {"name": "Double faults", "home": "0", "away": "0", "compareCode": 3}, {"name": "First serve", "home": "15/15 (100%)", "away": "25/25 (100%)", "compareCode": 3}, {"name": "Second serve", "home": "0/0 (0%)", "away": "0/0 (0%)", "compareCode": 3}, {"name": "First serve points", "home": "12/15 (80%)", "away": "10/25 (40%)", "compareCode": 1}, {"name": "Second serve points", "home": "0/0 (0%)", "away": "0/0 (0%)", "compareCode": 3}, {"name": "Break points saved", "home": "0/0 (0%)", "away": "1/4 (25%)", "compareCode": 1}, {"name": "Service games played", "home": "3", "away": "4", "compareCode": 2}]}, {"groupName": "Return", "statisticsItems": [{"name": "First serve return points", "home": "15/25 (60%)", "away": "3/15 (20%)", "compareCode": 2}, {"name": "Second serve return points", "home": "0/0 (0%)", "away": "0/0 (0%)", "compareCode": 3}, {"name": "Break points converted", "home": "3", "away": "0", "compareCode": 1}, {"name": "Return games played", "home": "4", "away": "3", "compareCode": 2}]}, {"groupName": "Points", "statisticsItems": [{"name": "Service points won", "home": "12", "away": "10", "compareCode": 1}, {"name": "Receiver points won", "home": "15", "away": "3", "compareCode": 1}, {"name": "Total points won", "home": "27", "away": "13", "compareCode": 1}, {"name": "Max points in a row", "home": "8", "away": "3", "compareCode": 1}]}]}, {"period": "2ND", "groups": [{"groupName": "Service", "statisticsItems": [{"name": "Aces", "home": "0", "away": "0", "compareCode": 3}, {"name": "Double faults", "home": "1", "away": "0", "compareCode": 1}, {"name": "First serve", "home": "28/30 (93%)", "away": "44/44 (100%)", "compareCode": 2}, {"name": "Second serve", "home": "1/2 (50%)", "away": "0/0 (0%)", "compareCode": 1}, {"name": "First serve points", "home": "14/28 (50%)", "away": "20/44 (45%)", "compareCode": 2}, {"name": "Second serve points", "home": "1/2 (50%)", "away": "0/0 (0%)", "compareCode": 1}, {"name": "Break points saved", "home": "0/3 (0%)", "away": "2/6 (33%)", "compareCode": 1}, {"name": "Service games played", "home": "6", "away": "6", "compareCode": 3}]}, {"groupName": "Return", "statisticsItems": [{"name": "First serve return points", "home": "24/44 (54%)", "away": "14/28 (50%)", "compareCode": 2}, {"name": "Second serve return points", "home": "0/0 (0%)", "away": "1/2 (50%)", "compareCode": 1}, {"name": "Break points converted", "home": "4", "away": "3", "compareCode": 1}, {"name": "Return games played", "home": "6", "away": "6", "compareCode": 3}]}, {"groupName": "Points", "statisticsItems": [{"name": "Service points won", "home": "15", "away": "20", "compareCode": 2}, {"name": "Receiver points won", "home": "24", "away": "15", "compareCode": 1}, {"name": "Total points won", "home": "39", "away": "35", "compareCode": 1}, {"name": "Max points in a row", "home": "7", "away": "5", "compareCode": 1}]}]}]}