{"statistics": [{"period": "ALL", "groups": [{"groupName": "Service", "statisticsItems": [{"name": "Aces", "home": "1", "away": "0", "compareCode": 1}, {"name": "Double faults", "home": "2", "away": "0", "compareCode": 1}, {"name": "First serve", "home": "39/50 (78%)", "away": "40/47 (85%)", "compareCode": 2}, {"name": "Second serve", "home": "9/11 (82%)", "away": "7/7 (100%)", "compareCode": 2}, {"name": "First serve points", "home": "28/39 (72%)", "away": "19/40 (48%)", "compareCode": 1}, {"name": "Second serve points", "home": "7/11 (64%)", "away": "6/7 (86%)", "compareCode": 1}, {"name": "Break points saved", "home": "2/3 (66%)", "away": "0/4 (0%)", "compareCode": 1}, {"name": "Service games played", "home": "9", "away": "9", "compareCode": 3}]}, {"groupName": "Return", "statisticsItems": [{"name": "First serve return points", "home": "21/40 (52%)", "away": "11/39 (28%)", "compareCode": 1}, {"name": "Second serve return points", "home": "1/7 (14%)", "away": "4/11 (36%)", "compareCode": 1}, {"name": "Break points converted", "home": "4", "away": "1", "compareCode": 1}, {"name": "Return games played", "home": "9", "away": "9", "compareCode": 3}]}, {"groupName": "Points", "statisticsItems": [{"name": "Service points won", "home": "35", "away": "25", "compareCode": 1}, {"name": "Receiver points won", "home": "22", "away": "15", "compareCode": 1}, {"name": "Total points won", "home": "57", "away": "40", "compareCode": 1}, {"name": "Max points in a row", "home": "7", "away": "5", "compareCode": 1}]}]}, {"period": "1ST", "groups": [{"groupName": "Service", "statisticsItems": [{"name": "Aces", "home": "1", "away": "0", "compareCode": 1}, {"name": "Double faults", "home": "1", "away": "0", "compareCode": 1}, {"name": "First serve", "home": "24/31 (77%)", "away": "16/19 (84%)", "compareCode": 2}, {"name": "Second serve", "home": "6/7 (86%)", "away": "3/3 (100%)", "compareCode": 2}, {"name": "First serve points", "home": "15/24 (63%)", "away": "7/16 (44%)", "compareCode": 1}, {"name": "Second serve points", "home": "4/7 (57%)", "away": "2/3 (67%)", "compareCode": 1}, {"name": "Break points saved", "home": "2/3 (66%)", "away": "0/2 (0%)", "compareCode": 2}, {"name": "Service games played", "home": "5", "away": "4", "compareCode": 1}]}, {"groupName": "Return", "statisticsItems": [{"name": "First serve return points", "home": "9/16 (56%)", "away": "9/24 (37%)", "compareCode": 1}, {"name": "Second serve return points", "home": "1/3 (33%)", "away": "3/7 (42%)", "compareCode": 1}, {"name": "Break points converted", "home": "2", "away": "1", "compareCode": 1}, {"name": "Return games played", "home": "4", "away": "5", "compareCode": 1}]}, {"groupName": "Points", "statisticsItems": [{"name": "Service points won", "home": "19", "away": "9", "compareCode": 1}, {"name": "Receiver points won", "home": "10", "away": "12", "compareCode": 2}, {"name": "Total points won", "home": "29", "away": "21", "compareCode": 1}, {"name": "Max points in a row", "home": "4", "away": "4", "compareCode": 3}]}]}, {"period": "2ND", "groups": [{"groupName": "Service", "statisticsItems": [{"name": "Aces", "home": "0", "away": "0", "compareCode": 3}, {"name": "Double faults", "home": "1", "away": "0", "compareCode": 1}, {"name": "First serve", "home": "15/19 (79%)", "away": "24/28 (86%)", "compareCode": 2}, {"name": "Second serve", "home": "3/4 (75%)", "away": "4/4 (100%)", "compareCode": 2}, {"name": "First serve points", "home": "13/15 (87%)", "away": "12/24 (50%)", "compareCode": 1}, {"name": "Second serve points", "home": "3/4 (75%)", "away": "4/4 (100%)", "compareCode": 2}, {"name": "Break points saved", "home": "0/0 (0%)", "away": "0/2 (0%)", "compareCode": 1}, {"name": "Service games played", "home": "4", "away": "5", "compareCode": 2}]}, {"groupName": "Return", "statisticsItems": [{"name": "First serve return points", "home": "12/24 (50%)", "away": "2/15 (13%)", "compareCode": 2}, {"name": "Second serve return points", "home": "0/4 (0%)", "away": "1/4 (25%)", "compareCode": 3}, {"name": "Break points converted", "home": "2", "away": "0", "compareCode": 1}, {"name": "Return games played", "home": "5", "away": "4", "compareCode": 2}]}, {"groupName": "Points", "statisticsItems": [{"name": "Service points won", "home": "16", "away": "16", "compareCode": 3}, {"name": "Receiver points won", "home": "12", "away": "3", "compareCode": 1}, {"name": "Total points won", "home": "28", "away": "19", "compareCode": 1}, {"name": "Max points in a row", "home": "7", "away": "5", "compareCode": 1}]}]}]}