{"statistics": [{"period": "ALL", "groups": [{"groupName": "Service", "statisticsItems": [{"name": "Aces", "home": "0", "away": "0", "compareCode": 3}, {"name": "Double faults", "home": "1", "away": "0", "compareCode": 1}, {"name": "First serve", "home": "6/20 (30%)", "away": "13/19 (68%)", "compareCode": 2}, {"name": "Second serve", "home": "13/14 (93%)", "away": "6/6 (100%)", "compareCode": 2}, {"name": "First serve points", "home": "3/6 (50%)", "away": "8/13 (62%)", "compareCode": 2}, {"name": "Second serve points", "home": "8/14 (57%)", "away": "3/6 (50%)", "compareCode": 1}, {"name": "Break points saved", "home": "3/4 (75%)", "away": "0/1 (0%)", "compareCode": 2}, {"name": "Service games played", "home": "3", "away": "3", "compareCode": 3}]}, {"groupName": "Return", "statisticsItems": [{"name": "First serve return points", "home": "5/13 (38%)", "away": "3/6 (50%)", "compareCode": 1}, {"name": "Second serve return points", "home": "3/6 (50%)", "away": "6/14 (42%)", "compareCode": 1}, {"name": "Break points converted", "home": "1", "away": "1", "compareCode": 3}, {"name": "Return games played", "home": "3", "away": "3", "compareCode": 3}]}, {"groupName": "Points", "statisticsItems": [{"name": "Service points won", "home": "11", "away": "11", "compareCode": 3}, {"name": "Receiver points won", "home": "8", "away": "9", "compareCode": 2}, {"name": "Total points won", "home": "19", "away": "20", "compareCode": 2}, {"name": "Max points in a row", "home": "5", "away": "6", "compareCode": 2}]}]}, {"period": "1ST", "groups": [{"groupName": "Service", "statisticsItems": [{"name": "Aces", "home": "0", "away": "0", "compareCode": 3}, {"name": "Double faults", "home": "1", "away": "0", "compareCode": 1}, {"name": "First serve", "home": "6/20 (30%)", "away": "13/19 (68%)", "compareCode": 2}, {"name": "Second serve", "home": "13/14 (93%)", "away": "6/6 (100%)", "compareCode": 2}, {"name": "First serve points", "home": "3/6 (50%)", "away": "8/13 (62%)", "compareCode": 2}, {"name": "Second serve points", "home": "8/14 (57%)", "away": "3/6 (50%)", "compareCode": 1}, {"name": "Break points saved", "home": "3/4 (75%)", "away": "0/1 (0%)", "compareCode": 2}, {"name": "Service games played", "home": "3", "away": "3", "compareCode": 3}]}, {"groupName": "Return", "statisticsItems": [{"name": "First serve return points", "home": "5/13 (38%)", "away": "3/6 (50%)", "compareCode": 1}, {"name": "Second serve return points", "home": "3/6 (50%)", "away": "6/14 (42%)", "compareCode": 1}, {"name": "Break points converted", "home": "1", "away": "1", "compareCode": 3}, {"name": "Return games played", "home": "3", "away": "3", "compareCode": 3}]}, {"groupName": "Points", "statisticsItems": [{"name": "Service points won", "home": "11", "away": "11", "compareCode": 3}, {"name": "Receiver points won", "home": "8", "away": "9", "compareCode": 2}, {"name": "Total points won", "home": "19", "away": "20", "compareCode": 2}, {"name": "Max points in a row", "home": "5", "away": "6", "compareCode": 2}]}]}]}