{"statistics": [{"period": "ALL", "groups": [{"groupName": "Service", "statisticsItems": [{"name": "Aces", "home": "1", "away": "0", "compareCode": 1}, {"name": "Double faults", "home": "1", "away": "0", "compareCode": 1}, {"name": "First serve", "home": "58/75 (77%)", "away": "84/102 (82%)", "compareCode": 2}, {"name": "Second serve", "home": "16/17 (94%)", "away": "18/18 (100%)", "compareCode": 2}, {"name": "First serve points", "home": "31/58 (53%)", "away": "43/84 (51%)", "compareCode": 2}, {"name": "Second serve points", "home": "6/17 (35%)", "away": "8/18 (44%)", "compareCode": 2}, {"name": "Break points saved", "home": "0/5 (0%)", "away": "8/14 (57%)", "compareCode": 1}, {"name": "Service games played", "home": "10", "away": "11", "compareCode": 2}]}, {"groupName": "Return", "statisticsItems": [{"name": "First serve return points", "home": "41/84 (48%)", "away": "27/58 (46%)", "compareCode": 2}, {"name": "Second serve return points", "home": "10/18 (55%)", "away": "11/17 (64%)", "compareCode": 2}, {"name": "Break points converted", "home": "6", "away": "5", "compareCode": 1}, {"name": "Return games played", "home": "11", "away": "10", "compareCode": 2}]}, {"groupName": "Points", "statisticsItems": [{"name": "Service points won", "home": "37", "away": "51", "compareCode": 2}, {"name": "Receiver points won", "home": "51", "away": "38", "compareCode": 1}, {"name": "Total points won", "home": "88", "away": "89", "compareCode": 2}, {"name": "Max points in a row", "home": "7", "away": "6", "compareCode": 1}]}]}, {"period": "1ST", "groups": [{"groupName": "Service", "statisticsItems": [{"name": "Aces", "home": "1", "away": "0", "compareCode": 1}, {"name": "Double faults", "home": "1", "away": "0", "compareCode": 1}, {"name": "First serve", "home": "27/41 (66%)", "away": "30/39 (77%)", "compareCode": 2}, {"name": "Second serve", "home": "13/14 (93%)", "away": "9/9 (100%)", "compareCode": 2}, {"name": "First serve points", "home": "13/27 (48%)", "away": "15/30 (50%)", "compareCode": 2}, {"name": "Second serve points", "home": "5/14 (36%)", "away": "5/9 (56%)", "compareCode": 3}, {"name": "Break points saved", "home": "0/4 (0%)", "away": "3/6 (50%)", "compareCode": 1}, {"name": "Service games played", "home": "6", "away": "6", "compareCode": 3}]}, {"groupName": "Return", "statisticsItems": [{"name": "First serve return points", "home": "15/30 (50%)", "away": "14/27 (51%)", "compareCode": 1}, {"name": "Second serve return points", "home": "4/9 (44%)", "away": "9/14 (64%)", "compareCode": 1}, {"name": "Break points converted", "home": "3", "away": "4", "compareCode": 2}, {"name": "Return games played", "home": "6", "away": "6", "compareCode": 3}]}, {"groupName": "Points", "statisticsItems": [{"name": "Service points won", "home": "18", "away": "20", "compareCode": 2}, {"name": "Receiver points won", "home": "19", "away": "23", "compareCode": 2}, {"name": "Total points won", "home": "37", "away": "43", "compareCode": 2}, {"name": "Max points in a row", "home": "6", "away": "6", "compareCode": 3}]}]}, {"period": "2ND", "groups": [{"groupName": "Service", "statisticsItems": [{"name": "Aces", "home": "0", "away": "0", "compareCode": 3}, {"name": "Double faults", "home": "0", "away": "0", "compareCode": 3}, {"name": "First serve", "home": "18/21 (86%)", "away": "42/50 (84%)", "compareCode": 1}, {"name": "Second serve", "home": "3/3 (100%)", "away": "8/8 (100%)", "compareCode": 3}, {"name": "First serve points", "home": "12/18 (67%)", "away": "22/42 (52%)", "compareCode": 2}, {"name": "Second serve points", "home": "1/3 (33%)", "away": "2/8 (25%)", "compareCode": 2}, {"name": "Break points saved", "home": "0/1 (0%)", "away": "5/8 (62%)", "compareCode": 1}, {"name": "Service games played", "home": "4", "away": "5", "compareCode": 2}]}, {"groupName": "Return", "statisticsItems": [{"name": "First serve return points", "home": "20/42 (47%)", "away": "6/18 (33%)", "compareCode": 2}, {"name": "Second serve return points", "home": "6/8 (75%)", "away": "2/3 (66%)", "compareCode": 2}, {"name": "Break points converted", "home": "3", "away": "1", "compareCode": 1}, {"name": "Return games played", "home": "5", "away": "4", "compareCode": 2}]}, {"groupName": "Points", "statisticsItems": [{"name": "Service points won", "home": "13", "away": "24", "compareCode": 2}, {"name": "Receiver points won", "home": "26", "away": "8", "compareCode": 1}, {"name": "Total points won", "home": "39", "away": "32", "compareCode": 1}, {"name": "Max points in a row", "home": "7", "away": "4", "compareCode": 1}]}]}, {"period": "3RD", "groups": [{"groupName": "Service", "statisticsItems": [{"name": "Aces", "home": "0", "away": "0", "compareCode": 3}, {"name": "Double faults", "home": "0", "away": "0", "compareCode": 3}, {"name": "First serve", "home": "13/13 (100%)", "away": "12/13 (92%)", "compareCode": 1}, {"name": "Second serve", "home": "0/0 (0%)", "away": "1/1 (100%)", "compareCode": 2}, {"name": "First serve points", "home": "6/13 (46%)", "away": "6/12 (50%)", "compareCode": 3}, {"name": "Second serve points", "home": "0/0 (0%)", "away": "1/1 (100%)", "compareCode": 2}, {"name": "Break points saved", "home": "0/0 (0%)", "away": "0/0 (0%)", "compareCode": 3}, {"name": "Service games played", "home": "0", "away": "0", "compareCode": 3}]}, {"groupName": "Return", "statisticsItems": [{"name": "First serve return points", "home": "6/12 (50%)", "away": "7/13 (53%)", "compareCode": 3}, {"name": "Second serve return points", "home": "0/1 (0%)", "away": "0/0 (0%)", "compareCode": 2}, {"name": "Break points converted", "home": "0", "away": "0", "compareCode": 3}, {"name": "Return games played", "home": "0", "away": "0", "compareCode": 3}]}, {"groupName": "Points", "statisticsItems": [{"name": "Service points won", "home": "6", "away": "7", "compareCode": 2}, {"name": "Receiver points won", "home": "6", "away": "7", "compareCode": 2}, {"name": "Total points won", "home": "12", "away": "14", "compareCode": 2}, {"name": "Max points in a row", "home": "4", "away": "4", "compareCode": 3}]}]}]}