{"statistics": [{"period": "ALL", "groups": [{"groupName": "Service", "statisticsItems": [{"name": "Aces", "home": "1", "away": "0", "compareCode": 1}, {"name": "Double faults", "home": "5", "away": "2", "compareCode": 1}, {"name": "First serve", "home": "38/64 (59%)", "away": "31/50 (62%)", "compareCode": 2}, {"name": "Second serve", "home": "21/26 (81%)", "away": "17/19 (89%)", "compareCode": 2}, {"name": "First serve points", "home": "27/38 (71%)", "away": "20/31 (65%)", "compareCode": 1}, {"name": "Second serve points", "home": "10/26 (38%)", "away": "13/19 (68%)", "compareCode": 2}, {"name": "Break points saved", "home": "1/3 (33%)", "away": "0/2 (0%)", "compareCode": 2}, {"name": "Service games played", "home": "10", "away": "9", "compareCode": 1}]}, {"groupName": "Return", "statisticsItems": [{"name": "First serve return points", "home": "11/31 (35%)", "away": "11/38 (28%)", "compareCode": 1}, {"name": "Second serve return points", "home": "6/19 (31%)", "away": "16/26 (61%)", "compareCode": 1}, {"name": "Break points converted", "home": "2", "away": "2", "compareCode": 3}, {"name": "Return games played", "home": "9", "away": "10", "compareCode": 1}]}, {"groupName": "Points", "statisticsItems": [{"name": "Service points won", "home": "37", "away": "33", "compareCode": 1}, {"name": "Receiver points won", "home": "17", "away": "27", "compareCode": 2}, {"name": "Total points won", "home": "54", "away": "60", "compareCode": 2}, {"name": "Max points in a row", "home": "5", "away": "8", "compareCode": 2}]}]}, {"period": "1ST", "groups": [{"groupName": "Service", "statisticsItems": [{"name": "Aces", "home": "1", "away": "0", "compareCode": 1}, {"name": "Double faults", "home": "3", "away": "2", "compareCode": 1}, {"name": "First serve", "home": "15/27 (56%)", "away": "12/23 (52%)", "compareCode": 1}, {"name": "Second serve", "home": "9/12 (75%)", "away": "9/11 (82%)", "compareCode": 2}, {"name": "First serve points", "home": "11/15 (73%)", "away": "10/12 (83%)", "compareCode": 1}, {"name": "Second serve points", "home": "4/12 (33%)", "away": "7/11 (64%)", "compareCode": 2}, {"name": "Break points saved", "home": "0/2 (0%)", "away": "0/1 (0%)", "compareCode": 2}, {"name": "Service games played", "home": "5", "away": "5", "compareCode": 3}]}, {"groupName": "Return", "statisticsItems": [{"name": "First serve return points", "home": "2/12 (16%)", "away": "4/15 (26%)", "compareCode": 1}, {"name": "Second serve return points", "home": "4/11 (36%)", "away": "8/12 (66%)", "compareCode": 1}, {"name": "Break points converted", "home": "1", "away": "2", "compareCode": 2}, {"name": "Return games played", "home": "5", "away": "5", "compareCode": 3}]}, {"groupName": "Points", "statisticsItems": [{"name": "Service points won", "home": "15", "away": "17", "compareCode": 2}, {"name": "Receiver points won", "home": "6", "away": "12", "compareCode": 2}, {"name": "Total points won", "home": "21", "away": "29", "compareCode": 2}, {"name": "Max points in a row", "home": "4", "away": "8", "compareCode": 2}]}]}, {"period": "2ND", "groups": [{"groupName": "Service", "statisticsItems": [{"name": "Aces", "home": "0", "away": "0", "compareCode": 3}, {"name": "Double faults", "home": "2", "away": "0", "compareCode": 1}, {"name": "First serve", "home": "17/29 (59%)", "away": "13/20 (65%)", "compareCode": 2}, {"name": "Second serve", "home": "10/12 (83%)", "away": "7/7 (100%)", "compareCode": 2}, {"name": "First serve points", "home": "15/17 (88%)", "away": "8/13 (62%)", "compareCode": 1}, {"name": "Second serve points", "home": "6/12 (50%)", "away": "5/7 (71%)", "compareCode": 1}, {"name": "Break points saved", "home": "1/1 (100%)", "away": "0/1 (0%)", "compareCode": 3}, {"name": "Service games played", "home": "5", "away": "4", "compareCode": 1}]}, {"groupName": "Return", "statisticsItems": [{"name": "First serve return points", "home": "5/13 (38%)", "away": "2/17 (11%)", "compareCode": 1}, {"name": "Second serve return points", "home": "2/7 (28%)", "away": "6/12 (50%)", "compareCode": 1}, {"name": "Break points converted", "home": "1", "away": "0", "compareCode": 1}, {"name": "Return games played", "home": "4", "away": "5", "compareCode": 1}]}, {"groupName": "Points", "statisticsItems": [{"name": "Service points won", "home": "21", "away": "13", "compareCode": 1}, {"name": "Receiver points won", "home": "7", "away": "8", "compareCode": 2}, {"name": "Total points won", "home": "28", "away": "21", "compareCode": 1}, {"name": "Max points in a row", "home": "5", "away": "4", "compareCode": 1}]}]}, {"period": "3RD", "groups": [{"groupName": "Service", "statisticsItems": [{"name": "Aces", "home": "0", "away": "0", "compareCode": 3}, {"name": "Double faults", "home": "0", "away": "0", "compareCode": 3}, {"name": "First serve", "home": "6/8 (75%)", "away": "6/7 (86%)", "compareCode": 2}, {"name": "Second serve", "home": "2/2 (100%)", "away": "1/1 (100%)", "compareCode": 3}, {"name": "First serve points", "home": "1/6 (17%)", "away": "2/6 (33%)", "compareCode": 2}, {"name": "Second serve points", "home": "0/2 (0%)", "away": "1/1 (100%)", "compareCode": 2}, {"name": "Break points saved", "home": "0/0 (0%)", "away": "0/0 (0%)", "compareCode": 3}, {"name": "Service games played", "home": "0", "away": "0", "compareCode": 3}]}, {"groupName": "Return", "statisticsItems": [{"name": "First serve return points", "home": "4/6 (66%)", "away": "5/6 (83%)", "compareCode": 1}, {"name": "Second serve return points", "home": "0/1 (0%)", "away": "2/2 (100%)", "compareCode": 1}, {"name": "Break points converted", "home": "0", "away": "0", "compareCode": 3}, {"name": "Return games played", "home": "0", "away": "0", "compareCode": 3}]}, {"groupName": "Points", "statisticsItems": [{"name": "Service points won", "home": "1", "away": "3", "compareCode": 2}, {"name": "Receiver points won", "home": "4", "away": "7", "compareCode": 2}, {"name": "Total points won", "home": "5", "away": "10", "compareCode": 2}, {"name": "Max points in a row", "home": "2", "away": "3", "compareCode": 2}]}]}]}