{"statistics": [{"period": "ALL", "groups": [{"groupName": "Service", "statisticsItems": [{"name": "Aces", "home": "1", "away": "0", "compareCode": 1}, {"name": "Double faults", "home": "5", "away": "1", "compareCode": 1}, {"name": "First serve", "home": "56/61 (92%)", "away": "55/58 (95%)", "compareCode": 2}, {"name": "Second serve", "home": "0/5 (0%)", "away": "2/3 (67%)", "compareCode": 2}, {"name": "First serve points", "home": "35/56 (63%)", "away": "30/55 (55%)", "compareCode": 1}, {"name": "Second serve points", "home": "0/5 (0%)", "away": "1/3 (33%)", "compareCode": 2}, {"name": "Break points saved", "home": "2/5 (40%)", "away": "0/4 (0%)", "compareCode": 2}, {"name": "Service games played", "home": "9", "away": "9", "compareCode": 3}]}, {"groupName": "Return", "statisticsItems": [{"name": "First serve return points", "home": "25/55 (45%)", "away": "21/56 (37%)", "compareCode": 1}, {"name": "Second serve return points", "home": "2/3 (66%)", "away": "5/5 (100%)", "compareCode": 1}, {"name": "Break points converted", "home": "4", "away": "3", "compareCode": 1}, {"name": "Return games played", "home": "9", "away": "9", "compareCode": 3}]}, {"groupName": "Points", "statisticsItems": [{"name": "Service points won", "home": "35", "away": "31", "compareCode": 1}, {"name": "Receiver points won", "home": "27", "away": "26", "compareCode": 1}, {"name": "Total points won", "home": "62", "away": "57", "compareCode": 1}, {"name": "Max points in a row", "home": "5", "away": "7", "compareCode": 2}]}]}, {"period": "1ST", "groups": [{"groupName": "Service", "statisticsItems": [{"name": "Aces", "home": "0", "away": "0", "compareCode": 3}, {"name": "Double faults", "home": "2", "away": "1", "compareCode": 1}, {"name": "First serve", "home": "22/24 (92%)", "away": "22/23 (96%)", "compareCode": 2}, {"name": "Second serve", "home": "0/2 (0%)", "away": "0/1 (0%)", "compareCode": 3}, {"name": "First serve points", "home": "15/22 (68%)", "away": "9/22 (41%)", "compareCode": 1}, {"name": "Second serve points", "home": "0/2 (0%)", "away": "0/1 (0%)", "compareCode": 3}, {"name": "Break points saved", "home": "2/3 (66%)", "away": "0/3 (0%)", "compareCode": 3}, {"name": "Service games played", "home": "4", "away": "4", "compareCode": 3}]}, {"groupName": "Return", "statisticsItems": [{"name": "First serve return points", "home": "13/22 (59%)", "away": "7/22 (31%)", "compareCode": 1}, {"name": "Second serve return points", "home": "1/1 (100%)", "away": "2/2 (100%)", "compareCode": 1}, {"name": "Break points converted", "home": "3", "away": "1", "compareCode": 1}, {"name": "Return games played", "home": "4", "away": "4", "compareCode": 3}]}, {"groupName": "Points", "statisticsItems": [{"name": "Service points won", "home": "15", "away": "9", "compareCode": 1}, {"name": "Receiver points won", "home": "14", "away": "9", "compareCode": 1}, {"name": "Total points won", "home": "29", "away": "18", "compareCode": 1}, {"name": "Max points in a row", "home": "5", "away": "3", "compareCode": 1}]}]}, {"period": "2ND", "groups": [{"groupName": "Service", "statisticsItems": [{"name": "Aces", "home": "1", "away": "0", "compareCode": 1}, {"name": "Double faults", "home": "3", "away": "0", "compareCode": 1}, {"name": "First serve", "home": "26/29 (90%)", "away": "24/26 (92%)", "compareCode": 2}, {"name": "Second serve", "home": "0/3 (0%)", "away": "2/2 (100%)", "compareCode": 2}, {"name": "First serve points", "home": "14/26 (54%)", "away": "16/24 (67%)", "compareCode": 2}, {"name": "Second serve points", "home": "0/3 (0%)", "away": "1/2 (50%)", "compareCode": 2}, {"name": "Break points saved", "home": "0/2 (0%)", "away": "0/1 (0%)", "compareCode": 2}, {"name": "Service games played", "home": "5", "away": "5", "compareCode": 3}]}, {"groupName": "Return", "statisticsItems": [{"name": "First serve return points", "home": "8/24 (33%)", "away": "12/26 (46%)", "compareCode": 1}, {"name": "Second serve return points", "home": "1/2 (50%)", "away": "3/3 (100%)", "compareCode": 1}, {"name": "Break points converted", "home": "1", "away": "2", "compareCode": 2}, {"name": "Return games played", "home": "5", "away": "5", "compareCode": 3}]}, {"groupName": "Points", "statisticsItems": [{"name": "Service points won", "home": "14", "away": "17", "compareCode": 2}, {"name": "Receiver points won", "home": "9", "away": "15", "compareCode": 2}, {"name": "Total points won", "home": "23", "away": "32", "compareCode": 2}, {"name": "Max points in a row", "home": "4", "away": "7", "compareCode": 2}]}]}, {"period": "3RD", "groups": [{"groupName": "Service", "statisticsItems": [{"name": "Aces", "home": "0", "away": "0", "compareCode": 3}, {"name": "Double faults", "home": "0", "away": "0", "compareCode": 3}, {"name": "First serve", "home": "8/8 (100%)", "away": "9/9 (100%)", "compareCode": 3}, {"name": "Second serve", "home": "0/0 (0%)", "away": "0/0 (0%)", "compareCode": 3}, {"name": "First serve points", "home": "6/8 (75%)", "away": "5/9 (56%)", "compareCode": 1}, {"name": "Second serve points", "home": "0/0 (0%)", "away": "0/0 (0%)", "compareCode": 3}, {"name": "Break points saved", "home": "0/0 (0%)", "away": "0/0 (0%)", "compareCode": 3}, {"name": "Service games played", "home": "0", "away": "0", "compareCode": 3}]}, {"groupName": "Return", "statisticsItems": [{"name": "First serve return points", "home": "4/9 (44%)", "away": "2/8 (25%)", "compareCode": 2}, {"name": "Second serve return points", "home": "0/0 (0%)", "away": "0/0 (0%)", "compareCode": 3}, {"name": "Break points converted", "home": "0", "away": "0", "compareCode": 3}, {"name": "Return games played", "home": "0", "away": "0", "compareCode": 3}]}, {"groupName": "Points", "statisticsItems": [{"name": "Service points won", "home": "6", "away": "5", "compareCode": 1}, {"name": "Receiver points won", "home": "4", "away": "2", "compareCode": 1}, {"name": "Total points won", "home": "10", "away": "7", "compareCode": 1}, {"name": "Max points in a row", "home": "3", "away": "2", "compareCode": 1}]}]}]}