{"statistics": [{"period": "ALL", "groups": [{"groupName": "Service", "statisticsItems": [{"name": "Aces", "home": "1", "away": "0", "compareCode": 1}, {"name": "Double faults", "home": "3", "away": "0", "compareCode": 1}, {"name": "First serve", "home": "74/77 (96%)", "away": "95/96 (99%)", "compareCode": 2}, {"name": "Second serve", "home": "0/3 (0%)", "away": "1/1 (100%)", "compareCode": 2}, {"name": "First serve points", "home": "41/74 (55%)", "away": "42/95 (44%)", "compareCode": 2}, {"name": "Second serve points", "home": "0/3 (0%)", "away": "1/1 (100%)", "compareCode": 2}, {"name": "Break points saved", "home": "6/12 (50%)", "away": "12/19 (63%)", "compareCode": 1}, {"name": "Service games played", "home": "11", "away": "11", "compareCode": 3}]}, {"groupName": "Return", "statisticsItems": [{"name": "First serve return points", "home": "53/95 (55%)", "away": "33/74 (44%)", "compareCode": 2}, {"name": "Second serve return points", "home": "0/1 (0%)", "away": "3/3 (100%)", "compareCode": 1}, {"name": "Break points converted", "home": "7", "away": "6", "compareCode": 1}, {"name": "Return games played", "home": "11", "away": "11", "compareCode": 3}]}, {"groupName": "Points", "statisticsItems": [{"name": "Service points won", "home": "41", "away": "43", "compareCode": 2}, {"name": "Receiver points won", "home": "53", "away": "36", "compareCode": 1}, {"name": "Total points won", "home": "94", "away": "79", "compareCode": 1}, {"name": "Max points in a row", "home": "8", "away": "5", "compareCode": 1}]}]}, {"period": "1ST", "groups": [{"groupName": "Service", "statisticsItems": [{"name": "Aces", "home": "0", "away": "0", "compareCode": 3}, {"name": "Double faults", "home": "1", "away": "0", "compareCode": 1}, {"name": "First serve", "home": "41/42 (98%)", "away": "53/53 (100%)", "compareCode": 2}, {"name": "Second serve", "home": "0/1 (0%)", "away": "0/0 (0%)", "compareCode": 3}, {"name": "First serve points", "home": "24/41 (59%)", "away": "25/53 (47%)", "compareCode": 2}, {"name": "Second serve points", "home": "0/1 (0%)", "away": "0/0 (0%)", "compareCode": 3}, {"name": "Break points saved", "home": "2/5 (40%)", "away": "6/9 (66%)", "compareCode": 1}, {"name": "Service games played", "home": "6", "away": "6", "compareCode": 3}]}, {"groupName": "Return", "statisticsItems": [{"name": "First serve return points", "home": "28/53 (52%)", "away": "17/41 (41%)", "compareCode": 2}, {"name": "Second serve return points", "home": "0/0 (0%)", "away": "1/1 (100%)", "compareCode": 1}, {"name": "Break points converted", "home": "3", "away": "3", "compareCode": 3}, {"name": "Return games played", "home": "6", "away": "6", "compareCode": 3}]}, {"groupName": "Points", "statisticsItems": [{"name": "Service points won", "home": "24", "away": "25", "compareCode": 2}, {"name": "Receiver points won", "home": "28", "away": "18", "compareCode": 1}, {"name": "Total points won", "home": "52", "away": "43", "compareCode": 1}, {"name": "Max points in a row", "home": "8", "away": "5", "compareCode": 1}]}]}, {"period": "2ND", "groups": [{"groupName": "Service", "statisticsItems": [{"name": "Aces", "home": "1", "away": "0", "compareCode": 1}, {"name": "Double faults", "home": "2", "away": "0", "compareCode": 1}, {"name": "First serve", "home": "33/35 (94%)", "away": "42/43 (98%)", "compareCode": 2}, {"name": "Second serve", "home": "0/2 (0%)", "away": "1/1 (100%)", "compareCode": 2}, {"name": "First serve points", "home": "17/33 (52%)", "away": "17/42 (40%)", "compareCode": 3}, {"name": "Second serve points", "home": "0/2 (0%)", "away": "1/1 (100%)", "compareCode": 2}, {"name": "Break points saved", "home": "4/7 (57%)", "away": "6/10 (60%)", "compareCode": 1}, {"name": "Service games played", "home": "5", "away": "5", "compareCode": 3}]}, {"groupName": "Return", "statisticsItems": [{"name": "First serve return points", "home": "25/42 (59%)", "away": "16/33 (48%)", "compareCode": 2}, {"name": "Second serve return points", "home": "0/1 (0%)", "away": "2/2 (100%)", "compareCode": 1}, {"name": "Break points converted", "home": "4", "away": "3", "compareCode": 1}, {"name": "Return games played", "home": "5", "away": "5", "compareCode": 3}]}, {"groupName": "Points", "statisticsItems": [{"name": "Service points won", "home": "17", "away": "18", "compareCode": 2}, {"name": "Receiver points won", "home": "25", "away": "18", "compareCode": 1}, {"name": "Total points won", "home": "42", "away": "36", "compareCode": 1}, {"name": "Max points in a row", "home": "4", "away": "3", "compareCode": 1}]}]}]}