{"statistics": [{"period": "ALL", "groups": [{"groupName": "Service", "statisticsItems": [{"name": "Aces", "home": "0", "away": "0", "compareCode": 3}, {"name": "Double faults", "home": "6", "away": "0", "compareCode": 1}, {"name": "First serve", "home": "102/110 (93%)", "away": "81/84 (96%)", "compareCode": 2}, {"name": "Second serve", "home": "2/8 (25%)", "away": "3/3 (100%)", "compareCode": 2}, {"name": "First serve points", "home": "48/102 (47%)", "away": "34/81 (42%)", "compareCode": 1}, {"name": "Second serve points", "home": "1/8 (13%)", "away": "2/3 (67%)", "compareCode": 2}, {"name": "Break points saved", "home": "13/22 (59%)", "away": "6/13 (46%)", "compareCode": 2}, {"name": "Service games played", "home": "11", "away": "10", "compareCode": 1}]}, {"groupName": "Return", "statisticsItems": [{"name": "First serve return points", "home": "47/81 (58%)", "away": "54/102 (52%)", "compareCode": 1}, {"name": "Second serve return points", "home": "1/3 (33%)", "away": "7/8 (87%)", "compareCode": 1}, {"name": "Break points converted", "home": "7", "away": "9", "compareCode": 2}, {"name": "Return games played", "home": "10", "away": "11", "compareCode": 1}]}, {"groupName": "Points", "statisticsItems": [{"name": "Service points won", "home": "49", "away": "36", "compareCode": 1}, {"name": "Receiver points won", "home": "48", "away": "61", "compareCode": 2}, {"name": "Total points won", "home": "97", "away": "97", "compareCode": 3}, {"name": "Max points in a row", "home": "9", "away": "8", "compareCode": 1}]}]}, {"period": "1ST", "groups": [{"groupName": "Service", "statisticsItems": [{"name": "Aces", "home": "0", "away": "0", "compareCode": 3}, {"name": "Double faults", "home": "4", "away": "0", "compareCode": 1}, {"name": "First serve", "home": "50/56 (89%)", "away": "48/49 (98%)", "compareCode": 2}, {"name": "Second serve", "home": "2/6 (33%)", "away": "1/1 (100%)", "compareCode": 2}, {"name": "First serve points", "home": "24/50 (48%)", "away": "20/48 (42%)", "compareCode": 1}, {"name": "Second serve points", "home": "1/6 (17%)", "away": "1/1 (100%)", "compareCode": 3}, {"name": "Break points saved", "home": "4/9 (44%)", "away": "6/11 (54%)", "compareCode": 1}, {"name": "Service games played", "home": "6", "away": "6", "compareCode": 3}]}, {"groupName": "Return", "statisticsItems": [{"name": "First serve return points", "home": "28/48 (58%)", "away": "26/50 (52%)", "compareCode": 1}, {"name": "Second serve return points", "home": "0/1 (0%)", "away": "5/6 (83%)", "compareCode": 1}, {"name": "Break points converted", "home": "5", "away": "5", "compareCode": 3}, {"name": "Return games played", "home": "6", "away": "6", "compareCode": 3}]}, {"groupName": "Points", "statisticsItems": [{"name": "Service points won", "home": "25", "away": "21", "compareCode": 1}, {"name": "Receiver points won", "home": "28", "away": "31", "compareCode": 2}, {"name": "Total points won", "home": "53", "away": "52", "compareCode": 1}, {"name": "Max points in a row", "home": "9", "away": "8", "compareCode": 1}]}]}, {"period": "2ND", "groups": [{"groupName": "Service", "statisticsItems": [{"name": "Aces", "home": "0", "away": "0", "compareCode": 3}, {"name": "Double faults", "home": "2", "away": "0", "compareCode": 1}, {"name": "First serve", "home": "44/46 (96%)", "away": "24/26 (92%)", "compareCode": 1}, {"name": "Second serve", "home": "0/2 (0%)", "away": "2/2 (100%)", "compareCode": 2}, {"name": "First serve points", "home": "20/44 (45%)", "away": "11/24 (46%)", "compareCode": 1}, {"name": "Second serve points", "home": "0/2 (0%)", "away": "1/2 (50%)", "compareCode": 2}, {"name": "Break points saved", "home": "9/13 (69%)", "away": "0/2 (0%)", "compareCode": 2}, {"name": "Service games played", "home": "5", "away": "4", "compareCode": 1}]}, {"groupName": "Return", "statisticsItems": [{"name": "First serve return points", "home": "13/24 (54%)", "away": "24/44 (54%)", "compareCode": 1}, {"name": "Second serve return points", "home": "1/2 (50%)", "away": "2/2 (100%)", "compareCode": 3}, {"name": "Break points converted", "home": "2", "away": "4", "compareCode": 2}, {"name": "Return games played", "home": "4", "away": "5", "compareCode": 1}]}, {"groupName": "Points", "statisticsItems": [{"name": "Service points won", "home": "20", "away": "12", "compareCode": 1}, {"name": "Receiver points won", "home": "14", "away": "26", "compareCode": 2}, {"name": "Total points won", "home": "34", "away": "38", "compareCode": 2}, {"name": "Max points in a row", "home": "6", "away": "5", "compareCode": 1}]}]}, {"period": "3RD", "groups": [{"groupName": "Service", "statisticsItems": [{"name": "Aces", "home": "0", "away": "0", "compareCode": 3}, {"name": "Double faults", "home": "0", "away": "0", "compareCode": 3}, {"name": "First serve", "home": "8/8 (100%)", "away": "9/9 (100%)", "compareCode": 3}, {"name": "Second serve", "home": "0/0 (0%)", "away": "0/0 (0%)", "compareCode": 3}, {"name": "First serve points", "home": "4/8 (50%)", "away": "3/9 (33%)", "compareCode": 1}, {"name": "Second serve points", "home": "0/0 (0%)", "away": "0/0 (0%)", "compareCode": 3}, {"name": "Break points saved", "home": "0/0 (0%)", "away": "0/0 (0%)", "compareCode": 3}, {"name": "Service games played", "home": "0", "away": "0", "compareCode": 3}]}, {"groupName": "Return", "statisticsItems": [{"name": "First serve return points", "home": "6/9 (66%)", "away": "4/8 (50%)", "compareCode": 2}, {"name": "Second serve return points", "home": "0/0 (0%)", "away": "0/0 (0%)", "compareCode": 3}, {"name": "Break points converted", "home": "0", "away": "0", "compareCode": 3}, {"name": "Return games played", "home": "0", "away": "0", "compareCode": 3}]}, {"groupName": "Points", "statisticsItems": [{"name": "Service points won", "home": "4", "away": "3", "compareCode": 1}, {"name": "Receiver points won", "home": "6", "away": "4", "compareCode": 1}, {"name": "Total points won", "home": "10", "away": "7", "compareCode": 1}, {"name": "Max points in a row", "home": "5", "away": "3", "compareCode": 1}]}]}]}