{"statistics": [{"period": "ALL", "groups": [{"groupName": "Service", "statisticsItems": [{"name": "Aces", "home": "0", "away": "1", "compareCode": 2}, {"name": "Double faults", "home": "1", "away": "0", "compareCode": 1}, {"name": "First serve", "home": "41/56 (73%)", "away": "28/48 (58%)", "compareCode": 1}, {"name": "Second serve", "home": "14/15 (93%)", "away": "20/20 (100%)", "compareCode": 2}, {"name": "First serve points", "home": "20/41 (49%)", "away": "20/28 (71%)", "compareCode": 3}, {"name": "Second serve points", "home": "5/15 (33%)", "away": "12/20 (60%)", "compareCode": 2}, {"name": "Break points saved", "home": "2/7 (28%)", "away": "1/3 (33%)", "compareCode": 2}, {"name": "Service games played", "home": "8", "away": "9", "compareCode": 2}]}, {"groupName": "Return", "statisticsItems": [{"name": "First serve return points", "home": "8/28 (28%)", "away": "21/41 (51%)", "compareCode": 1}, {"name": "Second serve return points", "home": "8/20 (40%)", "away": "10/15 (66%)", "compareCode": 2}, {"name": "Break points converted", "home": "2", "away": "5", "compareCode": 2}, {"name": "Return games played", "home": "9", "away": "8", "compareCode": 2}]}, {"groupName": "Points", "statisticsItems": [{"name": "Service points won", "home": "25", "away": "32", "compareCode": 2}, {"name": "Receiver points won", "home": "16", "away": "31", "compareCode": 2}, {"name": "Total points won", "home": "41", "away": "63", "compareCode": 2}, {"name": "Max points in a row", "home": "5", "away": "8", "compareCode": 2}]}]}, {"period": "1ST", "groups": [{"groupName": "Service", "statisticsItems": [{"name": "Aces", "home": "0", "away": "0", "compareCode": 3}, {"name": "Double faults", "home": "1", "away": "0", "compareCode": 1}, {"name": "First serve", "home": "15/25 (60%)", "away": "18/28 (64%)", "compareCode": 2}, {"name": "Second serve", "home": "9/10 (90%)", "away": "10/10 (100%)", "compareCode": 2}, {"name": "First serve points", "home": "6/15 (40%)", "away": "11/18 (61%)", "compareCode": 2}, {"name": "Second serve points", "home": "4/10 (40%)", "away": "5/10 (50%)", "compareCode": 2}, {"name": "Break points saved", "home": "1/4 (25%)", "away": "1/3 (33%)", "compareCode": 2}, {"name": "Service games played", "home": "4", "away": "5", "compareCode": 2}]}, {"groupName": "Return", "statisticsItems": [{"name": "First serve return points", "home": "7/18 (38%)", "away": "9/15 (60%)", "compareCode": 2}, {"name": "Second serve return points", "home": "5/10 (50%)", "away": "6/10 (60%)", "compareCode": 3}, {"name": "Break points converted", "home": "2", "away": "3", "compareCode": 2}, {"name": "Return games played", "home": "5", "away": "4", "compareCode": 2}]}, {"groupName": "Points", "statisticsItems": [{"name": "Service points won", "home": "10", "away": "16", "compareCode": 2}, {"name": "Receiver points won", "home": "12", "away": "15", "compareCode": 2}, {"name": "Total points won", "home": "22", "away": "31", "compareCode": 2}, {"name": "Max points in a row", "home": "5", "away": "7", "compareCode": 2}]}]}, {"period": "2ND", "groups": [{"groupName": "Service", "statisticsItems": [{"name": "Aces", "home": "0", "away": "1", "compareCode": 2}, {"name": "Double faults", "home": "0", "away": "0", "compareCode": 3}, {"name": "First serve", "home": "26/31 (84%)", "away": "10/20 (50%)", "compareCode": 1}, {"name": "Second serve", "home": "5/5 (100%)", "away": "10/10 (100%)", "compareCode": 3}, {"name": "First serve points", "home": "14/26 (54%)", "away": "9/10 (90%)", "compareCode": 1}, {"name": "Second serve points", "home": "1/5 (20%)", "away": "7/10 (70%)", "compareCode": 2}, {"name": "Break points saved", "home": "1/3 (33%)", "away": "0/0 (0%)", "compareCode": 2}, {"name": "Service games played", "home": "4", "away": "4", "compareCode": 3}]}, {"groupName": "Return", "statisticsItems": [{"name": "First serve return points", "home": "1/10 (10%)", "away": "12/26 (46%)", "compareCode": 1}, {"name": "Second serve return points", "home": "3/10 (30%)", "away": "4/5 (80%)", "compareCode": 2}, {"name": "Break points converted", "home": "0", "away": "2", "compareCode": 2}, {"name": "Return games played", "home": "4", "away": "4", "compareCode": 3}]}, {"groupName": "Points", "statisticsItems": [{"name": "Service points won", "home": "15", "away": "16", "compareCode": 2}, {"name": "Receiver points won", "home": "4", "away": "16", "compareCode": 2}, {"name": "Total points won", "home": "19", "away": "32", "compareCode": 2}, {"name": "Max points in a row", "home": "3", "away": "7", "compareCode": 2}]}]}]}