{"statistics": [{"period": "ALL", "groups": [{"groupName": "Service", "statisticsItems": [{"name": "Aces", "home": "1", "away": "0", "compareCode": 1}, {"name": "Double faults", "home": "5", "away": "0", "compareCode": 1}, {"name": "First serve", "home": "57/62 (92%)", "away": "82/82 (100%)", "compareCode": 2}, {"name": "Second serve", "home": "0/5 (0%)", "away": "0/0 (0%)", "compareCode": 3}, {"name": "First serve points", "home": "27/57 (47%)", "away": "33/82 (40%)", "compareCode": 2}, {"name": "Second serve points", "home": "0/5 (0%)", "away": "0/0 (0%)", "compareCode": 3}, {"name": "Break points saved", "home": "0/7 (0%)", "away": "8/17 (47%)", "compareCode": 1}, {"name": "Service games played", "home": "11", "away": "11", "compareCode": 3}]}, {"groupName": "Return", "statisticsItems": [{"name": "First serve return points", "home": "49/82 (59%)", "away": "30/57 (52%)", "compareCode": 2}, {"name": "Second serve return points", "home": "0/0 (0%)", "away": "5/5 (100%)", "compareCode": 1}, {"name": "Break points converted", "home": "9", "away": "7", "compareCode": 1}, {"name": "Return games played", "home": "11", "away": "11", "compareCode": 3}]}, {"groupName": "Points", "statisticsItems": [{"name": "Service points won", "home": "27", "away": "33", "compareCode": 2}, {"name": "Receiver points won", "home": "49", "away": "35", "compareCode": 1}, {"name": "Total points won", "home": "76", "away": "68", "compareCode": 1}, {"name": "Max points in a row", "home": "4", "away": "8", "compareCode": 2}]}]}, {"period": "1ST", "groups": [{"groupName": "Service", "statisticsItems": [{"name": "Aces", "home": "0", "away": "0", "compareCode": 3}, {"name": "Double faults", "home": "3", "away": "0", "compareCode": 1}, {"name": "First serve", "home": "29/32 (91%)", "away": "41/41 (100%)", "compareCode": 2}, {"name": "Second serve", "home": "0/3 (0%)", "away": "0/0 (0%)", "compareCode": 3}, {"name": "First serve points", "home": "12/29 (41%)", "away": "16/41 (39%)", "compareCode": 2}, {"name": "Second serve points", "home": "0/3 (0%)", "away": "0/0 (0%)", "compareCode": 3}, {"name": "Break points saved", "home": "0/4 (0%)", "away": "2/7 (28%)", "compareCode": 1}, {"name": "Service games played", "home": "6", "away": "6", "compareCode": 3}]}, {"groupName": "Return", "statisticsItems": [{"name": "First serve return points", "home": "25/41 (60%)", "away": "17/29 (58%)", "compareCode": 2}, {"name": "Second serve return points", "home": "0/0 (0%)", "away": "3/3 (100%)", "compareCode": 1}, {"name": "Break points converted", "home": "5", "away": "4", "compareCode": 1}, {"name": "Return games played", "home": "6", "away": "6", "compareCode": 3}]}, {"groupName": "Points", "statisticsItems": [{"name": "Service points won", "home": "12", "away": "16", "compareCode": 2}, {"name": "Receiver points won", "home": "25", "away": "20", "compareCode": 1}, {"name": "Total points won", "home": "37", "away": "36", "compareCode": 1}, {"name": "Max points in a row", "home": "4", "away": "8", "compareCode": 2}]}]}, {"period": "2ND", "groups": [{"groupName": "Service", "statisticsItems": [{"name": "Aces", "home": "1", "away": "0", "compareCode": 1}, {"name": "Double faults", "home": "2", "away": "0", "compareCode": 1}, {"name": "First serve", "home": "28/30 (93%)", "away": "41/41 (100%)", "compareCode": 2}, {"name": "Second serve", "home": "0/2 (0%)", "away": "0/0 (0%)", "compareCode": 3}, {"name": "First serve points", "home": "15/28 (54%)", "away": "17/41 (41%)", "compareCode": 2}, {"name": "Second serve points", "home": "0/2 (0%)", "away": "0/0 (0%)", "compareCode": 3}, {"name": "Break points saved", "home": "0/3 (0%)", "away": "6/10 (60%)", "compareCode": 1}, {"name": "Service games played", "home": "5", "away": "5", "compareCode": 3}]}, {"groupName": "Return", "statisticsItems": [{"name": "First serve return points", "home": "24/41 (58%)", "away": "13/28 (46%)", "compareCode": 2}, {"name": "Second serve return points", "home": "0/0 (0%)", "away": "2/2 (100%)", "compareCode": 1}, {"name": "Break points converted", "home": "4", "away": "3", "compareCode": 1}, {"name": "Return games played", "home": "5", "away": "5", "compareCode": 3}]}, {"groupName": "Points", "statisticsItems": [{"name": "Service points won", "home": "15", "away": "17", "compareCode": 2}, {"name": "Receiver points won", "home": "24", "away": "15", "compareCode": 1}, {"name": "Total points won", "home": "39", "away": "32", "compareCode": 1}, {"name": "Max points in a row", "home": "4", "away": "6", "compareCode": 2}]}]}]}