{"statistics": [{"period": "ALL", "groups": [{"groupName": "Service", "statisticsItems": [{"name": "Aces", "home": "0", "away": "0", "compareCode": 3}, {"name": "Double faults", "home": "3", "away": "0", "compareCode": 1}, {"name": "First serve", "home": "76/81 (94%)", "away": "88/88 (100%)", "compareCode": 2}, {"name": "Second serve", "home": "2/5 (40%)", "away": "0/0 (0%)", "compareCode": 1}, {"name": "First serve points", "home": "42/76 (55%)", "away": "41/88 (47%)", "compareCode": 1}, {"name": "Second serve points", "home": "0/5 (0%)", "away": "0/0 (0%)", "compareCode": 3}, {"name": "Break points saved", "home": "5/10 (50%)", "away": "8/13 (61%)", "compareCode": 1}, {"name": "Service games played", "home": "10", "away": "9", "compareCode": 1}]}, {"groupName": "Return", "statisticsItems": [{"name": "First serve return points", "home": "47/88 (53%)", "away": "34/76 (44%)", "compareCode": 2}, {"name": "Second serve return points", "home": "0/0 (0%)", "away": "5/5 (100%)", "compareCode": 1}, {"name": "Break points converted", "home": "5", "away": "5", "compareCode": 3}, {"name": "Return games played", "home": "9", "away": "10", "compareCode": 1}]}, {"groupName": "Points", "statisticsItems": [{"name": "Service points won", "home": "42", "away": "41", "compareCode": 1}, {"name": "Receiver points won", "home": "47", "away": "39", "compareCode": 1}, {"name": "Total points won", "home": "89", "away": "80", "compareCode": 1}, {"name": "Max points in a row", "home": "8", "away": "5", "compareCode": 1}]}]}, {"period": "1ST", "groups": [{"groupName": "Service", "statisticsItems": [{"name": "Aces", "home": "0", "away": "0", "compareCode": 3}, {"name": "Double faults", "home": "3", "away": "0", "compareCode": 1}, {"name": "First serve", "home": "41/45 (91%)", "away": "43/43 (100%)", "compareCode": 2}, {"name": "Second serve", "home": "1/4 (25%)", "away": "0/0 (0%)", "compareCode": 1}, {"name": "First serve points", "home": "21/41 (51%)", "away": "22/43 (51%)", "compareCode": 2}, {"name": "Second serve points", "home": "0/4 (0%)", "away": "0/0 (0%)", "compareCode": 3}, {"name": "Break points saved", "home": "5/8 (62%)", "away": "3/5 (60%)", "compareCode": 2}, {"name": "Service games played", "home": "5", "away": "5", "compareCode": 3}]}, {"groupName": "Return", "statisticsItems": [{"name": "First serve return points", "home": "21/43 (48%)", "away": "20/41 (48%)", "compareCode": 1}, {"name": "Second serve return points", "home": "0/0 (0%)", "away": "4/4 (100%)", "compareCode": 1}, {"name": "Break points converted", "home": "2", "away": "3", "compareCode": 2}, {"name": "Return games played", "home": "5", "away": "5", "compareCode": 3}]}, {"groupName": "Points", "statisticsItems": [{"name": "Service points won", "home": "21", "away": "22", "compareCode": 2}, {"name": "Receiver points won", "home": "21", "away": "24", "compareCode": 2}, {"name": "Total points won", "home": "42", "away": "46", "compareCode": 2}, {"name": "Max points in a row", "home": "3", "away": "5", "compareCode": 2}]}]}, {"period": "2ND", "groups": [{"groupName": "Service", "statisticsItems": [{"name": "Aces", "home": "0", "away": "0", "compareCode": 3}, {"name": "Double faults", "home": "0", "away": "0", "compareCode": 3}, {"name": "First serve", "home": "28/28 (100%)", "away": "37/37 (100%)", "compareCode": 3}, {"name": "Second serve", "home": "0/0 (0%)", "away": "0/0 (0%)", "compareCode": 3}, {"name": "First serve points", "home": "17/28 (61%)", "away": "17/37 (46%)", "compareCode": 3}, {"name": "Second serve points", "home": "0/0 (0%)", "away": "0/0 (0%)", "compareCode": 3}, {"name": "Break points saved", "home": "0/2 (0%)", "away": "5/8 (62%)", "compareCode": 1}, {"name": "Service games played", "home": "5", "away": "4", "compareCode": 1}]}, {"groupName": "Return", "statisticsItems": [{"name": "First serve return points", "home": "20/37 (54%)", "away": "11/28 (39%)", "compareCode": 2}, {"name": "Second serve return points", "home": "0/0 (0%)", "away": "0/0 (0%)", "compareCode": 3}, {"name": "Break points converted", "home": "3", "away": "2", "compareCode": 1}, {"name": "Return games played", "home": "4", "away": "5", "compareCode": 1}]}, {"groupName": "Points", "statisticsItems": [{"name": "Service points won", "home": "17", "away": "17", "compareCode": 3}, {"name": "Receiver points won", "home": "20", "away": "11", "compareCode": 1}, {"name": "Total points won", "home": "37", "away": "28", "compareCode": 1}, {"name": "Max points in a row", "home": "7", "away": "4", "compareCode": 1}]}]}, {"period": "3RD", "groups": [{"groupName": "Service", "statisticsItems": [{"name": "Aces", "home": "0", "away": "0", "compareCode": 3}, {"name": "Double faults", "home": "0", "away": "0", "compareCode": 3}, {"name": "First serve", "home": "7/8 (88%)", "away": "8/8 (100%)", "compareCode": 2}, {"name": "Second serve", "home": "1/1 (100%)", "away": "0/0 (0%)", "compareCode": 1}, {"name": "First serve points", "home": "4/7 (57%)", "away": "2/8 (25%)", "compareCode": 1}, {"name": "Second serve points", "home": "0/1 (0%)", "away": "0/0 (0%)", "compareCode": 3}, {"name": "Break points saved", "home": "0/0 (0%)", "away": "0/0 (0%)", "compareCode": 3}, {"name": "Service games played", "home": "0", "away": "0", "compareCode": 3}]}, {"groupName": "Return", "statisticsItems": [{"name": "First serve return points", "home": "6/8 (75%)", "away": "3/7 (42%)", "compareCode": 3}, {"name": "Second serve return points", "home": "0/0 (0%)", "away": "1/1 (100%)", "compareCode": 1}, {"name": "Break points converted", "home": "0", "away": "0", "compareCode": 3}, {"name": "Return games played", "home": "0", "away": "0", "compareCode": 3}]}, {"groupName": "Points", "statisticsItems": [{"name": "Service points won", "home": "4", "away": "2", "compareCode": 1}, {"name": "Receiver points won", "home": "6", "away": "4", "compareCode": 1}, {"name": "Total points won", "home": "10", "away": "6", "compareCode": 1}, {"name": "Max points in a row", "home": "8", "away": "5", "compareCode": 1}]}]}]}