{"statistics": [{"period": "ALL", "groups": [{"groupName": "Service", "statisticsItems": [{"name": "Aces", "home": "0", "away": "2", "compareCode": 2}, {"name": "Double faults", "home": "6", "away": "1", "compareCode": 1}, {"name": "First serve", "home": "36/42 (86%)", "away": "49/51 (96%)", "compareCode": 2}, {"name": "Second serve", "home": "0/6 (0%)", "away": "1/2 (50%)", "compareCode": 2}, {"name": "First serve points", "home": "16/36 (44%)", "away": "33/49 (67%)", "compareCode": 2}, {"name": "Second serve points", "home": "0/6 (0%)", "away": "0/2 (0%)", "compareCode": 3}, {"name": "Break points saved", "home": "2/7 (28%)", "away": "3/3 (100%)", "compareCode": 2}, {"name": "Service games played", "home": "7", "away": "7", "compareCode": 3}]}, {"groupName": "Return", "statisticsItems": [{"name": "First serve return points", "home": "16/49 (32%)", "away": "20/36 (55%)", "compareCode": 2}, {"name": "Second serve return points", "home": "2/2 (100%)", "away": "6/6 (100%)", "compareCode": 1}, {"name": "Break points converted", "home": "0", "away": "5", "compareCode": 2}, {"name": "Return games played", "home": "7", "away": "7", "compareCode": 3}]}, {"groupName": "Points", "statisticsItems": [{"name": "Service points won", "home": "16", "away": "33", "compareCode": 2}, {"name": "Receiver points won", "home": "18", "away": "26", "compareCode": 2}, {"name": "Total points won", "home": "34", "away": "59", "compareCode": 2}, {"name": "Max points in a row", "home": "5", "away": "9", "compareCode": 2}]}]}, {"period": "1ST", "groups": [{"groupName": "Service", "statisticsItems": [{"name": "Aces", "home": "0", "away": "2", "compareCode": 2}, {"name": "Double faults", "home": "3", "away": "1", "compareCode": 1}, {"name": "First serve", "home": "23/26 (88%)", "away": "26/27 (96%)", "compareCode": 2}, {"name": "Second serve", "home": "0/3 (0%)", "away": "0/1 (0%)", "compareCode": 3}, {"name": "First serve points", "home": "12/23 (52%)", "away": "18/26 (69%)", "compareCode": 2}, {"name": "Second serve points", "home": "0/3 (0%)", "away": "0/1 (0%)", "compareCode": 3}, {"name": "Break points saved", "home": "2/4 (50%)", "away": "2/2 (100%)", "compareCode": 2}, {"name": "Service games played", "home": "4", "away": "4", "compareCode": 3}]}, {"groupName": "Return", "statisticsItems": [{"name": "First serve return points", "home": "8/26 (30%)", "away": "11/23 (47%)", "compareCode": 2}, {"name": "Second serve return points", "home": "1/1 (100%)", "away": "3/3 (100%)", "compareCode": 1}, {"name": "Break points converted", "home": "0", "away": "2", "compareCode": 2}, {"name": "Return games played", "home": "4", "away": "4", "compareCode": 3}]}, {"groupName": "Points", "statisticsItems": [{"name": "Service points won", "home": "12", "away": "18", "compareCode": 2}, {"name": "Receiver points won", "home": "9", "away": "14", "compareCode": 2}, {"name": "Total points won", "home": "21", "away": "32", "compareCode": 2}, {"name": "Max points in a row", "home": "5", "away": "5", "compareCode": 3}]}]}, {"period": "2ND", "groups": [{"groupName": "Service", "statisticsItems": [{"name": "Aces", "home": "0", "away": "0", "compareCode": 3}, {"name": "Double faults", "home": "3", "away": "0", "compareCode": 1}, {"name": "First serve", "home": "13/16 (81%)", "away": "23/24 (96%)", "compareCode": 2}, {"name": "Second serve", "home": "0/3 (0%)", "away": "1/1 (100%)", "compareCode": 2}, {"name": "First serve points", "home": "4/13 (31%)", "away": "15/23 (65%)", "compareCode": 2}, {"name": "Second serve points", "home": "0/3 (0%)", "away": "0/1 (0%)", "compareCode": 3}, {"name": "Break points saved", "home": "0/3 (0%)", "away": "1/1 (100%)", "compareCode": 2}, {"name": "Service games played", "home": "3", "away": "3", "compareCode": 3}]}, {"groupName": "Return", "statisticsItems": [{"name": "First serve return points", "home": "8/23 (34%)", "away": "9/13 (69%)", "compareCode": 2}, {"name": "Second serve return points", "home": "1/1 (100%)", "away": "3/3 (100%)", "compareCode": 1}, {"name": "Break points converted", "home": "0", "away": "3", "compareCode": 2}, {"name": "Return games played", "home": "3", "away": "3", "compareCode": 3}]}, {"groupName": "Points", "statisticsItems": [{"name": "Service points won", "home": "4", "away": "15", "compareCode": 2}, {"name": "Receiver points won", "home": "9", "away": "12", "compareCode": 2}, {"name": "Total points won", "home": "13", "away": "27", "compareCode": 2}, {"name": "Max points in a row", "home": "2", "away": "9", "compareCode": 2}]}]}]}