{"statistics": [{"period": "ALL", "groups": [{"groupName": "Service", "statisticsItems": [{"name": "Aces", "home": "0", "away": "1", "compareCode": 2}, {"name": "Double faults", "home": "0", "away": "1", "compareCode": 2}, {"name": "First serve", "home": "77/77 (100%)", "away": "86/88 (98%)", "compareCode": 1}, {"name": "Second serve", "home": "0/0 (0%)", "away": "1/2 (50%)", "compareCode": 2}, {"name": "First serve points", "home": "39/77 (51%)", "away": "49/86 (57%)", "compareCode": 2}, {"name": "Second serve points", "home": "0/0 (0%)", "away": "1/2 (50%)", "compareCode": 2}, {"name": "Break points saved", "home": "1/6 (16%)", "away": "11/15 (73%)", "compareCode": 1}, {"name": "Service games played", "home": "11", "away": "11", "compareCode": 3}]}, {"groupName": "Return", "statisticsItems": [{"name": "First serve return points", "home": "37/86 (43%)", "away": "38/77 (49%)", "compareCode": 2}, {"name": "Second serve return points", "home": "1/2 (50%)", "away": "0/0 (0%)", "compareCode": 2}, {"name": "Break points converted", "home": "4", "away": "5", "compareCode": 2}, {"name": "Return games played", "home": "11", "away": "11", "compareCode": 3}]}, {"groupName": "Points", "statisticsItems": [{"name": "Service points won", "home": "39", "away": "50", "compareCode": 2}, {"name": "Receiver points won", "home": "38", "away": "38", "compareCode": 3}, {"name": "Total points won", "home": "77", "away": "88", "compareCode": 2}, {"name": "Max points in a row", "home": "5", "away": "7", "compareCode": 2}]}]}, {"period": "1ST", "groups": [{"groupName": "Service", "statisticsItems": [{"name": "Aces", "home": "0", "away": "1", "compareCode": 2}, {"name": "Double faults", "home": "0", "away": "0", "compareCode": 3}, {"name": "First serve", "home": "29/29 (100%)", "away": "30/30 (100%)", "compareCode": 3}, {"name": "Second serve", "home": "0/0 (0%)", "away": "0/0 (0%)", "compareCode": 3}, {"name": "First serve points", "home": "16/29 (55%)", "away": "20/30 (67%)", "compareCode": 2}, {"name": "Second serve points", "home": "0/0 (0%)", "away": "0/0 (0%)", "compareCode": 3}, {"name": "Break points saved", "home": "1/3 (33%)", "away": "4/5 (80%)", "compareCode": 1}, {"name": "Service games played", "home": "5", "away": "5", "compareCode": 3}]}, {"groupName": "Return", "statisticsItems": [{"name": "First serve return points", "home": "10/30 (33%)", "away": "13/29 (44%)", "compareCode": 2}, {"name": "Second serve return points", "home": "0/0 (0%)", "away": "0/0 (0%)", "compareCode": 3}, {"name": "Break points converted", "home": "1", "away": "2", "compareCode": 2}, {"name": "Return games played", "home": "5", "away": "5", "compareCode": 3}]}, {"groupName": "Points", "statisticsItems": [{"name": "Service points won", "home": "16", "away": "20", "compareCode": 2}, {"name": "Receiver points won", "home": "10", "away": "13", "compareCode": 2}, {"name": "Total points won", "home": "26", "away": "33", "compareCode": 2}, {"name": "Max points in a row", "home": "5", "away": "4", "compareCode": 1}]}]}, {"period": "2ND", "groups": [{"groupName": "Service", "statisticsItems": [{"name": "Aces", "home": "0", "away": "0", "compareCode": 3}, {"name": "Double faults", "home": "0", "away": "1", "compareCode": 2}, {"name": "First serve", "home": "40/40 (100%)", "away": "49/51 (96%)", "compareCode": 1}, {"name": "Second serve", "home": "0/0 (0%)", "away": "1/2 (50%)", "compareCode": 2}, {"name": "First serve points", "home": "21/40 (53%)", "away": "25/49 (51%)", "compareCode": 2}, {"name": "Second serve points", "home": "0/0 (0%)", "away": "1/2 (50%)", "compareCode": 2}, {"name": "Break points saved", "home": "0/3 (0%)", "away": "7/10 (70%)", "compareCode": 1}, {"name": "Service games played", "home": "6", "away": "6", "compareCode": 3}]}, {"groupName": "Return", "statisticsItems": [{"name": "First serve return points", "home": "24/49 (48%)", "away": "19/40 (47%)", "compareCode": 2}, {"name": "Second serve return points", "home": "1/2 (50%)", "away": "0/0 (0%)", "compareCode": 2}, {"name": "Break points converted", "home": "3", "away": "3", "compareCode": 3}, {"name": "Return games played", "home": "6", "away": "6", "compareCode": 3}]}, {"groupName": "Points", "statisticsItems": [{"name": "Service points won", "home": "21", "away": "26", "compareCode": 2}, {"name": "Receiver points won", "home": "25", "away": "19", "compareCode": 1}, {"name": "Total points won", "home": "46", "away": "45", "compareCode": 1}, {"name": "Max points in a row", "home": "5", "away": "6", "compareCode": 2}]}]}, {"period": "3RD", "groups": [{"groupName": "Service", "statisticsItems": [{"name": "Aces", "home": "0", "away": "0", "compareCode": 3}, {"name": "Double faults", "home": "0", "away": "0", "compareCode": 3}, {"name": "First serve", "home": "8/8 (100%)", "away": "7/7 (100%)", "compareCode": 3}, {"name": "Second serve", "home": "0/0 (0%)", "away": "0/0 (0%)", "compareCode": 3}, {"name": "First serve points", "home": "2/8 (25%)", "away": "4/7 (57%)", "compareCode": 2}, {"name": "Second serve points", "home": "0/0 (0%)", "away": "0/0 (0%)", "compareCode": 3}, {"name": "Break points saved", "home": "0/0 (0%)", "away": "0/0 (0%)", "compareCode": 3}, {"name": "Service games played", "home": "0", "away": "0", "compareCode": 3}]}, {"groupName": "Return", "statisticsItems": [{"name": "First serve return points", "home": "3/7 (42%)", "away": "6/8 (75%)", "compareCode": 1}, {"name": "Second serve return points", "home": "0/0 (0%)", "away": "0/0 (0%)", "compareCode": 3}, {"name": "Break points converted", "home": "0", "away": "0", "compareCode": 3}, {"name": "Return games played", "home": "0", "away": "0", "compareCode": 3}]}, {"groupName": "Points", "statisticsItems": [{"name": "Service points won", "home": "2", "away": "4", "compareCode": 2}, {"name": "Receiver points won", "home": "3", "away": "6", "compareCode": 2}, {"name": "Total points won", "home": "5", "away": "10", "compareCode": 2}, {"name": "Max points in a row", "home": "3", "away": "7", "compareCode": 2}]}]}]}