{"statistics": [{"period": "ALL", "groups": [{"groupName": "Service", "statisticsItems": [{"name": "Aces", "home": "0", "away": "0", "compareCode": 3}, {"name": "Double faults", "home": "7", "away": "0", "compareCode": 1}, {"name": "First serve", "home": "64/71 (90%)", "away": "51/51 (100%)", "compareCode": 2}, {"name": "Second serve", "home": "0/7 (0%)", "away": "0/0 (0%)", "compareCode": 3}, {"name": "First serve points", "home": "30/64 (47%)", "away": "30/51 (59%)", "compareCode": 3}, {"name": "Second serve points", "home": "0/7 (0%)", "away": "0/0 (0%)", "compareCode": 3}, {"name": "Break points saved", "home": "13/20 (65%)", "away": "2/5 (40%)", "compareCode": 2}, {"name": "Service games played", "home": "9", "away": "8", "compareCode": 1}]}, {"groupName": "Return", "statisticsItems": [{"name": "First serve return points", "home": "21/51 (41%)", "away": "34/64 (53%)", "compareCode": 1}, {"name": "Second serve return points", "home": "0/0 (0%)", "away": "7/7 (100%)", "compareCode": 1}, {"name": "Break points converted", "home": "3", "away": "7", "compareCode": 2}, {"name": "Return games played", "home": "8", "away": "9", "compareCode": 1}]}, {"groupName": "Points", "statisticsItems": [{"name": "Service points won", "home": "30", "away": "30", "compareCode": 3}, {"name": "Receiver points won", "home": "21", "away": "41", "compareCode": 2}, {"name": "Total points won", "home": "51", "away": "71", "compareCode": 2}, {"name": "Max points in a row", "home": "4", "away": "8", "compareCode": 2}]}]}, {"period": "1ST", "groups": [{"groupName": "Service", "statisticsItems": [{"name": "Aces", "home": "0", "away": "0", "compareCode": 3}, {"name": "Double faults", "home": "4", "away": "0", "compareCode": 1}, {"name": "First serve", "home": "24/28 (86%)", "away": "30/30 (100%)", "compareCode": 2}, {"name": "Second serve", "home": "0/4 (0%)", "away": "0/0 (0%)", "compareCode": 3}, {"name": "First serve points", "home": "10/24 (42%)", "away": "16/30 (53%)", "compareCode": 2}, {"name": "Second serve points", "home": "0/4 (0%)", "away": "0/0 (0%)", "compareCode": 3}, {"name": "Break points saved", "home": "4/8 (50%)", "away": "2/4 (50%)", "compareCode": 2}, {"name": "Service games played", "home": "4", "away": "4", "compareCode": 3}]}, {"groupName": "Return", "statisticsItems": [{"name": "First serve return points", "home": "14/30 (46%)", "away": "14/24 (58%)", "compareCode": 2}, {"name": "Second serve return points", "home": "0/0 (0%)", "away": "4/4 (100%)", "compareCode": 1}, {"name": "Break points converted", "home": "2", "away": "4", "compareCode": 2}, {"name": "Return games played", "home": "4", "away": "4", "compareCode": 3}]}, {"groupName": "Points", "statisticsItems": [{"name": "Service points won", "home": "10", "away": "16", "compareCode": 2}, {"name": "Receiver points won", "home": "14", "away": "18", "compareCode": 2}, {"name": "Total points won", "home": "24", "away": "34", "compareCode": 2}, {"name": "Max points in a row", "home": "4", "away": "5", "compareCode": 2}]}]}, {"period": "2ND", "groups": [{"groupName": "Service", "statisticsItems": [{"name": "Aces", "home": "0", "away": "0", "compareCode": 3}, {"name": "Double faults", "home": "3", "away": "0", "compareCode": 1}, {"name": "First serve", "home": "40/43 (93%)", "away": "21/21 (100%)", "compareCode": 2}, {"name": "Second serve", "home": "0/3 (0%)", "away": "0/0 (0%)", "compareCode": 3}, {"name": "First serve points", "home": "20/40 (50%)", "away": "14/21 (67%)", "compareCode": 1}, {"name": "Second serve points", "home": "0/3 (0%)", "away": "0/0 (0%)", "compareCode": 3}, {"name": "Break points saved", "home": "9/12 (75%)", "away": "0/1 (0%)", "compareCode": 2}, {"name": "Service games played", "home": "5", "away": "4", "compareCode": 1}]}, {"groupName": "Return", "statisticsItems": [{"name": "First serve return points", "home": "7/21 (33%)", "away": "20/40 (50%)", "compareCode": 1}, {"name": "Second serve return points", "home": "0/0 (0%)", "away": "3/3 (100%)", "compareCode": 1}, {"name": "Break points converted", "home": "1", "away": "3", "compareCode": 2}, {"name": "Return games played", "home": "4", "away": "5", "compareCode": 1}]}, {"groupName": "Points", "statisticsItems": [{"name": "Service points won", "home": "20", "away": "14", "compareCode": 1}, {"name": "Receiver points won", "home": "7", "away": "23", "compareCode": 2}, {"name": "Total points won", "home": "27", "away": "37", "compareCode": 2}, {"name": "Max points in a row", "home": "3", "away": "8", "compareCode": 2}]}]}]}