{"statistics": [{"period": "ALL", "groups": [{"groupName": "Service", "statisticsItems": [{"name": "Aces", "home": "1", "away": "0", "compareCode": 1}, {"name": "Double faults", "home": "12", "away": "1", "compareCode": 1}, {"name": "First serve", "home": "53/65 (82%)", "away": "50/51 (98%)", "compareCode": 2}, {"name": "Second serve", "home": "0/12 (0%)", "away": "0/1 (0%)", "compareCode": 3}, {"name": "First serve points", "home": "28/53 (53%)", "away": "31/50 (62%)", "compareCode": 2}, {"name": "Second serve points", "home": "0/12 (0%)", "away": "0/1 (0%)", "compareCode": 3}, {"name": "Break points saved", "home": "2/8 (25%)", "away": "2/5 (40%)", "compareCode": 2}, {"name": "Service games played", "home": "10", "away": "9", "compareCode": 1}]}, {"groupName": "Return", "statisticsItems": [{"name": "First serve return points", "home": "19/50 (38%)", "away": "25/53 (47%)", "compareCode": 1}, {"name": "Second serve return points", "home": "1/1 (100%)", "away": "12/12 (100%)", "compareCode": 1}, {"name": "Break points converted", "home": "3", "away": "6", "compareCode": 2}, {"name": "Return games played", "home": "9", "away": "10", "compareCode": 1}]}, {"groupName": "Points", "statisticsItems": [{"name": "Service points won", "home": "28", "away": "31", "compareCode": 2}, {"name": "Receiver points won", "home": "20", "away": "37", "compareCode": 2}, {"name": "Total points won", "home": "48", "away": "68", "compareCode": 2}, {"name": "Max points in a row", "home": "6", "away": "8", "compareCode": 2}]}]}, {"period": "1ST", "groups": [{"groupName": "Service", "statisticsItems": [{"name": "Aces", "home": "0", "away": "0", "compareCode": 3}, {"name": "Double faults", "home": "5", "away": "1", "compareCode": 1}, {"name": "First serve", "home": "22/27 (81%)", "away": "26/27 (96%)", "compareCode": 2}, {"name": "Second serve", "home": "0/5 (0%)", "away": "0/1 (0%)", "compareCode": 3}, {"name": "First serve points", "home": "11/22 (50%)", "away": "16/26 (62%)", "compareCode": 2}, {"name": "Second serve points", "home": "0/5 (0%)", "away": "0/1 (0%)", "compareCode": 3}, {"name": "Break points saved", "home": "0/3 (0%)", "away": "2/4 (50%)", "compareCode": 1}, {"name": "Service games played", "home": "5", "away": "5", "compareCode": 3}]}, {"groupName": "Return", "statisticsItems": [{"name": "First serve return points", "home": "10/26 (38%)", "away": "11/22 (50%)", "compareCode": 3}, {"name": "Second serve return points", "home": "1/1 (100%)", "away": "5/5 (100%)", "compareCode": 1}, {"name": "Break points converted", "home": "2", "away": "3", "compareCode": 2}, {"name": "Return games played", "home": "5", "away": "5", "compareCode": 3}]}, {"groupName": "Points", "statisticsItems": [{"name": "Service points won", "home": "11", "away": "16", "compareCode": 2}, {"name": "Receiver points won", "home": "11", "away": "16", "compareCode": 2}, {"name": "Total points won", "home": "22", "away": "32", "compareCode": 2}, {"name": "Max points in a row", "home": "6", "away": "7", "compareCode": 2}]}]}, {"period": "2ND", "groups": [{"groupName": "Service", "statisticsItems": [{"name": "Aces", "home": "1", "away": "0", "compareCode": 1}, {"name": "Double faults", "home": "7", "away": "0", "compareCode": 1}, {"name": "First serve", "home": "31/38 (82%)", "away": "24/24 (100%)", "compareCode": 2}, {"name": "Second serve", "home": "0/7 (0%)", "away": "0/0 (0%)", "compareCode": 3}, {"name": "First serve points", "home": "17/31 (55%)", "away": "15/24 (63%)", "compareCode": 1}, {"name": "Second serve points", "home": "0/7 (0%)", "away": "0/0 (0%)", "compareCode": 3}, {"name": "Break points saved", "home": "2/5 (40%)", "away": "0/1 (0%)", "compareCode": 2}, {"name": "Service games played", "home": "5", "away": "4", "compareCode": 1}]}, {"groupName": "Return", "statisticsItems": [{"name": "First serve return points", "home": "9/24 (37%)", "away": "14/31 (45%)", "compareCode": 1}, {"name": "Second serve return points", "home": "0/0 (0%)", "away": "7/7 (100%)", "compareCode": 1}, {"name": "Break points converted", "home": "1", "away": "3", "compareCode": 2}, {"name": "Return games played", "home": "4", "away": "5", "compareCode": 1}]}, {"groupName": "Points", "statisticsItems": [{"name": "Service points won", "home": "17", "away": "15", "compareCode": 1}, {"name": "Receiver points won", "home": "9", "away": "21", "compareCode": 2}, {"name": "Total points won", "home": "26", "away": "36", "compareCode": 2}, {"name": "Max points in a row", "home": "3", "away": "8", "compareCode": 2}]}]}]}