{"statistics": [{"period": "ALL", "groups": [{"groupName": "Service", "statisticsItems": [{"name": "Aces", "home": "0", "away": "3", "compareCode": 2}, {"name": "Double faults", "home": "8", "away": "2", "compareCode": 1}, {"name": "First serve", "home": "25/53 (47%)", "away": "29/39 (74%)", "compareCode": 2}, {"name": "Second serve", "home": "20/28 (71%)", "away": "8/10 (80%)", "compareCode": 2}, {"name": "First serve points", "home": "11/25 (44%)", "away": "21/29 (72%)", "compareCode": 2}, {"name": "Second serve points", "home": "10/28 (36%)", "away": "4/10 (40%)", "compareCode": 1}, {"name": "Break points saved", "home": "4/10 (40%)", "away": "0/1 (0%)", "compareCode": 2}, {"name": "Service games played", "home": "7", "away": "7", "compareCode": 3}]}, {"groupName": "Return", "statisticsItems": [{"name": "First serve return points", "home": "8/29 (27%)", "away": "14/25 (56%)", "compareCode": 1}, {"name": "Second serve return points", "home": "6/10 (60%)", "away": "18/28 (64%)", "compareCode": 1}, {"name": "Break points converted", "home": "1", "away": "6", "compareCode": 2}, {"name": "Return games played", "home": "7", "away": "7", "compareCode": 3}]}, {"groupName": "Points", "statisticsItems": [{"name": "Service points won", "home": "21", "away": "25", "compareCode": 2}, {"name": "Receiver points won", "home": "14", "away": "32", "compareCode": 2}, {"name": "Total points won", "home": "35", "away": "57", "compareCode": 2}, {"name": "Max points in a row", "home": "3", "away": "6", "compareCode": 2}]}]}, {"period": "1ST", "groups": [{"groupName": "Service", "statisticsItems": [{"name": "Aces", "home": "0", "away": "0", "compareCode": 3}, {"name": "Double faults", "home": "4", "away": "1", "compareCode": 1}, {"name": "First serve", "home": "14/28 (50%)", "away": "10/17 (59%)", "compareCode": 2}, {"name": "Second serve", "home": "10/14 (71%)", "away": "6/7 (86%)", "compareCode": 2}, {"name": "First serve points", "home": "7/14 (50%)", "away": "9/10 (90%)", "compareCode": 2}, {"name": "Second serve points", "home": "5/14 (36%)", "away": "3/7 (43%)", "compareCode": 1}, {"name": "Break points saved", "home": "4/7 (57%)", "away": "0/0 (0%)", "compareCode": 2}, {"name": "Service games played", "home": "4", "away": "3", "compareCode": 1}]}, {"groupName": "Return", "statisticsItems": [{"name": "First serve return points", "home": "1/10 (10%)", "away": "7/14 (50%)", "compareCode": 1}, {"name": "Second serve return points", "home": "4/7 (57%)", "away": "9/14 (64%)", "compareCode": 1}, {"name": "Break points converted", "home": "0", "away": "3", "compareCode": 2}, {"name": "Return games played", "home": "3", "away": "4", "compareCode": 1}]}, {"groupName": "Points", "statisticsItems": [{"name": "Service points won", "home": "12", "away": "12", "compareCode": 3}, {"name": "Receiver points won", "home": "5", "away": "16", "compareCode": 2}, {"name": "Total points won", "home": "17", "away": "28", "compareCode": 2}, {"name": "Max points in a row", "home": "3", "away": "4", "compareCode": 2}]}]}, {"period": "2ND", "groups": [{"groupName": "Service", "statisticsItems": [{"name": "Aces", "home": "0", "away": "3", "compareCode": 2}, {"name": "Double faults", "home": "4", "away": "1", "compareCode": 1}, {"name": "First serve", "home": "11/25 (44%)", "away": "19/22 (86%)", "compareCode": 2}, {"name": "Second serve", "home": "10/14 (71%)", "away": "2/3 (67%)", "compareCode": 1}, {"name": "First serve points", "home": "4/11 (36%)", "away": "12/19 (63%)", "compareCode": 2}, {"name": "Second serve points", "home": "5/14 (36%)", "away": "1/3 (33%)", "compareCode": 1}, {"name": "Break points saved", "home": "0/3 (0%)", "away": "0/1 (0%)", "compareCode": 2}, {"name": "Service games played", "home": "3", "away": "4", "compareCode": 2}]}, {"groupName": "Return", "statisticsItems": [{"name": "First serve return points", "home": "7/19 (36%)", "away": "7/11 (63%)", "compareCode": 1}, {"name": "Second serve return points", "home": "2/3 (66%)", "away": "9/14 (64%)", "compareCode": 1}, {"name": "Break points converted", "home": "1", "away": "3", "compareCode": 2}, {"name": "Return games played", "home": "4", "away": "3", "compareCode": 2}]}, {"groupName": "Points", "statisticsItems": [{"name": "Service points won", "home": "9", "away": "13", "compareCode": 2}, {"name": "Receiver points won", "home": "9", "away": "16", "compareCode": 2}, {"name": "Total points won", "home": "18", "away": "29", "compareCode": 2}, {"name": "Max points in a row", "home": "3", "away": "6", "compareCode": 2}]}]}]}