{"statistics": [{"period": "ALL", "groups": [{"groupName": "Service", "statisticsItems": [{"name": "Aces", "home": "0", "away": "1", "compareCode": 2}, {"name": "Double faults", "home": "2", "away": "3", "compareCode": 2}, {"name": "First serve", "home": "52/64 (81%)", "away": "32/50 (64%)", "compareCode": 1}, {"name": "Second serve", "home": "10/12 (83%)", "away": "15/18 (83%)", "compareCode": 3}, {"name": "First serve points", "home": "26/52 (50%)", "away": "23/32 (72%)", "compareCode": 1}, {"name": "Second serve points", "home": "3/12 (25%)", "away": "9/18 (50%)", "compareCode": 2}, {"name": "Break points saved", "home": "8/13 (61%)", "away": "1/2 (50%)", "compareCode": 2}, {"name": "Service games played", "home": "8", "away": "8", "compareCode": 3}]}, {"groupName": "Return", "statisticsItems": [{"name": "First serve return points", "home": "9/32 (28%)", "away": "26/52 (50%)", "compareCode": 1}, {"name": "Second serve return points", "home": "9/18 (50%)", "away": "9/12 (75%)", "compareCode": 2}, {"name": "Break points converted", "home": "1", "away": "5", "compareCode": 2}, {"name": "Return games played", "home": "8", "away": "8", "compareCode": 3}]}, {"groupName": "Points", "statisticsItems": [{"name": "Service points won", "home": "29", "away": "32", "compareCode": 2}, {"name": "Receiver points won", "home": "18", "away": "35", "compareCode": 2}, {"name": "Total points won", "home": "47", "away": "67", "compareCode": 2}, {"name": "Max points in a row", "home": "3", "away": "5", "compareCode": 2}]}]}, {"period": "1ST", "groups": [{"groupName": "Service", "statisticsItems": [{"name": "Aces", "home": "0", "away": "1", "compareCode": 2}, {"name": "Double faults", "home": "0", "away": "1", "compareCode": 2}, {"name": "First serve", "home": "16/16 (100%)", "away": "15/26 (58%)", "compareCode": 1}, {"name": "Second serve", "home": "0/0 (0%)", "away": "10/11 (91%)", "compareCode": 2}, {"name": "First serve points", "home": "7/16 (44%)", "away": "12/15 (80%)", "compareCode": 2}, {"name": "Second serve points", "home": "0/0 (0%)", "away": "5/11 (45%)", "compareCode": 2}, {"name": "Break points saved", "home": "1/3 (33%)", "away": "0/0 (0%)", "compareCode": 2}, {"name": "Service games played", "home": "3", "away": "4", "compareCode": 2}]}, {"groupName": "Return", "statisticsItems": [{"name": "First serve return points", "home": "3/15 (20%)", "away": "9/16 (56%)", "compareCode": 2}, {"name": "Second serve return points", "home": "6/11 (54%)", "away": "0/0 (0%)", "compareCode": 2}, {"name": "Break points converted", "home": "0", "away": "2", "compareCode": 2}, {"name": "Return games played", "home": "4", "away": "3", "compareCode": 2}]}, {"groupName": "Points", "statisticsItems": [{"name": "Service points won", "home": "7", "away": "17", "compareCode": 2}, {"name": "Receiver points won", "home": "9", "away": "9", "compareCode": 3}, {"name": "Total points won", "home": "16", "away": "26", "compareCode": 2}, {"name": "Max points in a row", "home": "3", "away": "3", "compareCode": 3}]}]}, {"period": "2ND", "groups": [{"groupName": "Service", "statisticsItems": [{"name": "Aces", "home": "0", "away": "0", "compareCode": 3}, {"name": "Double faults", "home": "2", "away": "2", "compareCode": 3}, {"name": "First serve", "home": "36/48 (75%)", "away": "17/24 (71%)", "compareCode": 1}, {"name": "Second serve", "home": "10/12 (83%)", "away": "5/7 (71%)", "compareCode": 1}, {"name": "First serve points", "home": "19/36 (53%)", "away": "11/17 (65%)", "compareCode": 1}, {"name": "Second serve points", "home": "3/12 (25%)", "away": "4/7 (57%)", "compareCode": 2}, {"name": "Break points saved", "home": "7/10 (70%)", "away": "1/2 (50%)", "compareCode": 2}, {"name": "Service games played", "home": "5", "away": "4", "compareCode": 1}]}, {"groupName": "Return", "statisticsItems": [{"name": "First serve return points", "home": "6/17 (35%)", "away": "17/36 (47%)", "compareCode": 1}, {"name": "Second serve return points", "home": "3/7 (42%)", "away": "9/12 (75%)", "compareCode": 1}, {"name": "Break points converted", "home": "1", "away": "3", "compareCode": 2}, {"name": "Return games played", "home": "4", "away": "5", "compareCode": 1}]}, {"groupName": "Points", "statisticsItems": [{"name": "Service points won", "home": "22", "away": "15", "compareCode": 1}, {"name": "Receiver points won", "home": "9", "away": "26", "compareCode": 2}, {"name": "Total points won", "home": "31", "away": "41", "compareCode": 2}, {"name": "Max points in a row", "home": "3", "away": "4", "compareCode": 2}]}]}]}