{"statistics": [{"period": "ALL", "groups": [{"groupName": "Service", "statisticsItems": [{"name": "Aces", "home": "5", "away": "0", "compareCode": 1}, {"name": "Double faults", "home": "3", "away": "2", "compareCode": 1}, {"name": "First serve", "home": "52/68 (76%)", "away": "39/71 (55%)", "compareCode": 1}, {"name": "Second serve", "home": "13/16 (81%)", "away": "30/32 (94%)", "compareCode": 2}, {"name": "First serve points", "home": "33/52 (63%)", "away": "25/39 (64%)", "compareCode": 1}, {"name": "Second serve points", "home": "10/16 (63%)", "away": "15/32 (47%)", "compareCode": 2}, {"name": "Break points saved", "home": "4/6 (66%)", "away": "7/11 (63%)", "compareCode": 1}, {"name": "Service games played", "home": "11", "away": "11", "compareCode": 3}]}, {"groupName": "Return", "statisticsItems": [{"name": "First serve return points", "home": "14/39 (35%)", "away": "19/52 (36%)", "compareCode": 2}, {"name": "Second serve return points", "home": "17/32 (53%)", "away": "6/16 (37%)", "compareCode": 2}, {"name": "Break points converted", "home": "4", "away": "2", "compareCode": 1}, {"name": "Return games played", "home": "11", "away": "11", "compareCode": 3}]}, {"groupName": "Points", "statisticsItems": [{"name": "Service points won", "home": "43", "away": "40", "compareCode": 1}, {"name": "Receiver points won", "home": "31", "away": "25", "compareCode": 1}, {"name": "Total points won", "home": "74", "away": "65", "compareCode": 1}, {"name": "Max points in a row", "home": "6", "away": "7", "compareCode": 2}]}]}, {"period": "1ST", "groups": [{"groupName": "Service", "statisticsItems": [{"name": "Aces", "home": "1", "away": "0", "compareCode": 1}, {"name": "Double faults", "home": "1", "away": "1", "compareCode": 3}, {"name": "First serve", "home": "25/31 (81%)", "away": "23/45 (51%)", "compareCode": 1}, {"name": "Second serve", "home": "5/6 (83%)", "away": "21/22 (95%)", "compareCode": 2}, {"name": "First serve points", "home": "17/25 (68%)", "away": "15/23 (65%)", "compareCode": 1}, {"name": "Second serve points", "home": "4/6 (67%)", "away": "10/22 (45%)", "compareCode": 2}, {"name": "Break points saved", "home": "0/1 (0%)", "away": "5/7 (71%)", "compareCode": 1}, {"name": "Service games played", "home": "6", "away": "6", "compareCode": 3}]}, {"groupName": "Return", "statisticsItems": [{"name": "First serve return points", "home": "8/23 (34%)", "away": "8/25 (32%)", "compareCode": 2}, {"name": "Second serve return points", "home": "12/22 (54%)", "away": "2/6 (33%)", "compareCode": 2}, {"name": "Break points converted", "home": "2", "away": "1", "compareCode": 1}, {"name": "Return games played", "home": "6", "away": "6", "compareCode": 3}]}, {"groupName": "Points", "statisticsItems": [{"name": "Service points won", "home": "21", "away": "25", "compareCode": 2}, {"name": "Receiver points won", "home": "20", "away": "10", "compareCode": 1}, {"name": "Total points won", "home": "41", "away": "35", "compareCode": 1}, {"name": "Max points in a row", "home": "6", "away": "4", "compareCode": 1}]}]}, {"period": "2ND", "groups": [{"groupName": "Service", "statisticsItems": [{"name": "Aces", "home": "4", "away": "0", "compareCode": 1}, {"name": "Double faults", "home": "2", "away": "1", "compareCode": 1}, {"name": "First serve", "home": "27/37 (73%)", "away": "16/26 (62%)", "compareCode": 1}, {"name": "Second serve", "home": "8/10 (80%)", "away": "9/10 (90%)", "compareCode": 2}, {"name": "First serve points", "home": "16/27 (59%)", "away": "10/16 (63%)", "compareCode": 1}, {"name": "Second serve points", "home": "6/10 (60%)", "away": "5/10 (50%)", "compareCode": 1}, {"name": "Break points saved", "home": "4/5 (80%)", "away": "2/4 (50%)", "compareCode": 2}, {"name": "Service games played", "home": "5", "away": "5", "compareCode": 3}]}, {"groupName": "Return", "statisticsItems": [{"name": "First serve return points", "home": "6/16 (37%)", "away": "11/27 (40%)", "compareCode": 1}, {"name": "Second serve return points", "home": "5/10 (50%)", "away": "4/10 (40%)", "compareCode": 3}, {"name": "Break points converted", "home": "2", "away": "1", "compareCode": 1}, {"name": "Return games played", "home": "5", "away": "5", "compareCode": 3}]}, {"groupName": "Points", "statisticsItems": [{"name": "Service points won", "home": "22", "away": "15", "compareCode": 1}, {"name": "Receiver points won", "home": "11", "away": "15", "compareCode": 2}, {"name": "Total points won", "home": "33", "away": "30", "compareCode": 1}, {"name": "Max points in a row", "home": "6", "away": "7", "compareCode": 2}]}]}]}