{"statistics": [{"period": "ALL", "groups": [{"groupName": "Service", "statisticsItems": [{"name": "Aces", "home": "0", "away": "1", "compareCode": 2}, {"name": "Double faults", "home": "4", "away": "3", "compareCode": 1}, {"name": "First serve", "home": "26/50 (52%)", "away": "28/48 (58%)", "compareCode": 2}, {"name": "Second serve", "home": "20/24 (83%)", "away": "17/20 (85%)", "compareCode": 2}, {"name": "First serve points", "home": "15/26 (58%)", "away": "20/28 (71%)", "compareCode": 2}, {"name": "Second serve points", "home": "12/24 (50%)", "away": "13/20 (65%)", "compareCode": 2}, {"name": "Break points saved", "home": "7/11 (63%)", "away": "1/2 (50%)", "compareCode": 2}, {"name": "Service games played", "home": "8", "away": "9", "compareCode": 2}]}, {"groupName": "Return", "statisticsItems": [{"name": "First serve return points", "home": "8/28 (28%)", "away": "11/26 (42%)", "compareCode": 1}, {"name": "Second serve return points", "home": "7/20 (35%)", "away": "12/24 (50%)", "compareCode": 1}, {"name": "Break points converted", "home": "1", "away": "4", "compareCode": 2}, {"name": "Return games played", "home": "9", "away": "8", "compareCode": 2}]}, {"groupName": "Points", "statisticsItems": [{"name": "Service points won", "home": "27", "away": "33", "compareCode": 2}, {"name": "Receiver points won", "home": "15", "away": "23", "compareCode": 2}, {"name": "Total points won", "home": "42", "away": "56", "compareCode": 2}, {"name": "Max points in a row", "home": "7", "away": "7", "compareCode": 3}]}]}, {"period": "1ST", "groups": [{"groupName": "Service", "statisticsItems": [{"name": "Aces", "home": "0", "away": "1", "compareCode": 2}, {"name": "Double faults", "home": "1", "away": "2", "compareCode": 2}, {"name": "First serve", "home": "13/26 (50%)", "away": "14/26 (54%)", "compareCode": 2}, {"name": "Second serve", "home": "12/13 (92%)", "away": "10/12 (83%)", "compareCode": 1}, {"name": "First serve points", "home": "8/13 (62%)", "away": "10/14 (71%)", "compareCode": 2}, {"name": "Second serve points", "home": "8/13 (62%)", "away": "10/12 (83%)", "compareCode": 2}, {"name": "Break points saved", "home": "2/3 (66%)", "away": "0/0 (0%)", "compareCode": 2}, {"name": "Service games played", "home": "4", "away": "5", "compareCode": 2}]}, {"groupName": "Return", "statisticsItems": [{"name": "First serve return points", "home": "4/14 (28%)", "away": "5/13 (38%)", "compareCode": 3}, {"name": "Second serve return points", "home": "2/12 (16%)", "away": "5/13 (38%)", "compareCode": 1}, {"name": "Break points converted", "home": "0", "away": "1", "compareCode": 2}, {"name": "Return games played", "home": "5", "away": "4", "compareCode": 2}]}, {"groupName": "Points", "statisticsItems": [{"name": "Service points won", "home": "16", "away": "20", "compareCode": 2}, {"name": "Receiver points won", "home": "6", "away": "10", "compareCode": 2}, {"name": "Total points won", "home": "22", "away": "30", "compareCode": 2}, {"name": "Max points in a row", "home": "4", "away": "6", "compareCode": 2}]}]}, {"period": "2ND", "groups": [{"groupName": "Service", "statisticsItems": [{"name": "Aces", "home": "0", "away": "0", "compareCode": 3}, {"name": "Double faults", "home": "3", "away": "1", "compareCode": 1}, {"name": "First serve", "home": "13/24 (54%)", "away": "14/22 (64%)", "compareCode": 2}, {"name": "Second serve", "home": "8/11 (73%)", "away": "7/8 (88%)", "compareCode": 2}, {"name": "First serve points", "home": "7/13 (54%)", "away": "10/14 (71%)", "compareCode": 2}, {"name": "Second serve points", "home": "4/11 (36%)", "away": "3/8 (38%)", "compareCode": 1}, {"name": "Break points saved", "home": "5/8 (62%)", "away": "1/2 (50%)", "compareCode": 2}, {"name": "Service games played", "home": "4", "away": "4", "compareCode": 3}]}, {"groupName": "Return", "statisticsItems": [{"name": "First serve return points", "home": "4/14 (28%)", "away": "6/13 (46%)", "compareCode": 1}, {"name": "Second serve return points", "home": "5/8 (62%)", "away": "7/11 (63%)", "compareCode": 1}, {"name": "Break points converted", "home": "1", "away": "3", "compareCode": 2}, {"name": "Return games played", "home": "4", "away": "4", "compareCode": 3}]}, {"groupName": "Points", "statisticsItems": [{"name": "Service points won", "home": "11", "away": "13", "compareCode": 2}, {"name": "Receiver points won", "home": "9", "away": "13", "compareCode": 2}, {"name": "Total points won", "home": "20", "away": "26", "compareCode": 2}, {"name": "Max points in a row", "home": "7", "away": "3", "compareCode": 1}]}]}]}