{"statistics": [{"period": "ALL", "groups": [{"groupName": "Service", "statisticsItems": [{"name": "Aces", "home": "0", "away": "1", "compareCode": 2}, {"name": "Double faults", "home": "6", "away": "8", "compareCode": 2}, {"name": "First serve", "home": "46/67 (69%)", "away": "32/56 (57%)", "compareCode": 1}, {"name": "Second serve", "home": "15/21 (71%)", "away": "16/24 (67%)", "compareCode": 1}, {"name": "First serve points", "home": "25/46 (54%)", "away": "19/32 (59%)", "compareCode": 1}, {"name": "Second serve points", "home": "9/21 (43%)", "away": "10/24 (42%)", "compareCode": 2}, {"name": "Break points saved", "home": "4/8 (50%)", "away": "1/6 (16%)", "compareCode": 2}, {"name": "Service games played", "home": "9", "away": "9", "compareCode": 3}]}, {"groupName": "Return", "statisticsItems": [{"name": "First serve return points", "home": "13/32 (40%)", "away": "21/46 (45%)", "compareCode": 1}, {"name": "Second serve return points", "home": "14/24 (58%)", "away": "12/21 (57%)", "compareCode": 2}, {"name": "Break points converted", "home": "5", "away": "4", "compareCode": 1}, {"name": "Return games played", "home": "9", "away": "9", "compareCode": 3}]}, {"groupName": "Points", "statisticsItems": [{"name": "Service points won", "home": "34", "away": "29", "compareCode": 1}, {"name": "Receiver points won", "home": "27", "away": "33", "compareCode": 2}, {"name": "Total points won", "home": "61", "away": "62", "compareCode": 2}, {"name": "Max points in a row", "home": "5", "away": "6", "compareCode": 2}]}]}, {"period": "1ST", "groups": [{"groupName": "Service", "statisticsItems": [{"name": "Aces", "home": "0", "away": "0", "compareCode": 3}, {"name": "Double faults", "home": "2", "away": "4", "compareCode": 2}, {"name": "First serve", "home": "20/28 (71%)", "away": "12/22 (55%)", "compareCode": 1}, {"name": "Second serve", "home": "6/8 (75%)", "away": "6/10 (60%)", "compareCode": 1}, {"name": "First serve points", "home": "13/20 (65%)", "away": "6/12 (50%)", "compareCode": 1}, {"name": "Second serve points", "home": "3/8 (38%)", "away": "3/10 (30%)", "compareCode": 3}, {"name": "Break points saved", "home": "0/1 (0%)", "away": "1/4 (25%)", "compareCode": 1}, {"name": "Service games played", "home": "4", "away": "4", "compareCode": 3}]}, {"groupName": "Return", "statisticsItems": [{"name": "First serve return points", "home": "6/12 (50%)", "away": "7/20 (35%)", "compareCode": 1}, {"name": "Second serve return points", "home": "7/10 (70%)", "away": "5/8 (62%)", "compareCode": 2}, {"name": "Break points converted", "home": "3", "away": "1", "compareCode": 1}, {"name": "Return games played", "home": "4", "away": "4", "compareCode": 3}]}, {"groupName": "Points", "statisticsItems": [{"name": "Service points won", "home": "16", "away": "9", "compareCode": 1}, {"name": "Receiver points won", "home": "13", "away": "12", "compareCode": 1}, {"name": "Total points won", "home": "29", "away": "21", "compareCode": 1}, {"name": "Max points in a row", "home": "5", "away": "4", "compareCode": 1}]}]}, {"period": "2ND", "groups": [{"groupName": "Service", "statisticsItems": [{"name": "Aces", "home": "0", "away": "0", "compareCode": 3}, {"name": "Double faults", "home": "3", "away": "4", "compareCode": 2}, {"name": "First serve", "home": "22/32 (69%)", "away": "17/27 (63%)", "compareCode": 1}, {"name": "Second serve", "home": "7/10 (70%)", "away": "6/10 (60%)", "compareCode": 1}, {"name": "First serve points", "home": "10/22 (45%)", "away": "10/17 (59%)", "compareCode": 3}, {"name": "Second serve points", "home": "5/10 (50%)", "away": "4/10 (40%)", "compareCode": 1}, {"name": "Break points saved", "home": "4/7 (57%)", "away": "0/2 (0%)", "compareCode": 2}, {"name": "Service games played", "home": "5", "away": "5", "compareCode": 3}]}, {"groupName": "Return", "statisticsItems": [{"name": "First serve return points", "home": "7/17 (41%)", "away": "12/22 (54%)", "compareCode": 1}, {"name": "Second serve return points", "home": "6/10 (60%)", "away": "5/10 (50%)", "compareCode": 3}, {"name": "Break points converted", "home": "2", "away": "3", "compareCode": 2}, {"name": "Return games played", "home": "5", "away": "5", "compareCode": 3}]}, {"groupName": "Points", "statisticsItems": [{"name": "Service points won", "home": "15", "away": "14", "compareCode": 1}, {"name": "Receiver points won", "home": "13", "away": "17", "compareCode": 2}, {"name": "Total points won", "home": "28", "away": "31", "compareCode": 2}, {"name": "Max points in a row", "home": "5", "away": "4", "compareCode": 1}]}]}, {"period": "3RD", "groups": [{"groupName": "Service", "statisticsItems": [{"name": "Aces", "home": "0", "away": "1", "compareCode": 2}, {"name": "Double faults", "home": "1", "away": "0", "compareCode": 1}, {"name": "First serve", "home": "4/7 (57%)", "away": "3/7 (43%)", "compareCode": 1}, {"name": "Second serve", "home": "2/3 (67%)", "away": "4/4 (100%)", "compareCode": 2}, {"name": "First serve points", "home": "2/4 (50%)", "away": "3/3 (100%)", "compareCode": 2}, {"name": "Second serve points", "home": "1/3 (33%)", "away": "3/4 (75%)", "compareCode": 2}, {"name": "Break points saved", "home": "0/0 (0%)", "away": "0/0 (0%)", "compareCode": 3}, {"name": "Service games played", "home": "0", "away": "0", "compareCode": 3}]}, {"groupName": "Return", "statisticsItems": [{"name": "First serve return points", "home": "0/3 (0%)", "away": "2/4 (50%)", "compareCode": 3}, {"name": "Second serve return points", "home": "1/4 (25%)", "away": "2/3 (66%)", "compareCode": 2}, {"name": "Break points converted", "home": "0", "away": "0", "compareCode": 3}, {"name": "Return games played", "home": "0", "away": "0", "compareCode": 3}]}, {"groupName": "Points", "statisticsItems": [{"name": "Service points won", "home": "3", "away": "6", "compareCode": 2}, {"name": "Receiver points won", "home": "1", "away": "4", "compareCode": 2}, {"name": "Total points won", "home": "4", "away": "10", "compareCode": 2}, {"name": "Max points in a row", "home": "2", "away": "6", "compareCode": 2}]}]}]}