{"statistics": [{"period": "ALL", "groups": [{"groupName": "Service", "statisticsItems": [{"name": "Aces", "home": "0", "away": "0", "compareCode": 3}, {"name": "Double faults", "home": "2", "away": "4", "compareCode": 2}, {"name": "First serve", "home": "40/53 (75%)", "away": "40/66 (61%)", "compareCode": 1}, {"name": "Second serve", "home": "11/13 (85%)", "away": "22/26 (85%)", "compareCode": 3}, {"name": "First serve points", "home": "21/40 (53%)", "away": "20/40 (50%)", "compareCode": 1}, {"name": "Second serve points", "home": "9/13 (69%)", "away": "9/26 (35%)", "compareCode": 3}, {"name": "Break points saved", "home": "4/7 (57%)", "away": "8/14 (57%)", "compareCode": 1}, {"name": "Service games played", "home": "9", "away": "9", "compareCode": 3}]}, {"groupName": "Return", "statisticsItems": [{"name": "First serve return points", "home": "20/40 (50%)", "away": "19/40 (47%)", "compareCode": 2}, {"name": "Second serve return points", "home": "17/26 (65%)", "away": "4/13 (30%)", "compareCode": 2}, {"name": "Break points converted", "home": "6", "away": "3", "compareCode": 1}, {"name": "Return games played", "home": "9", "away": "9", "compareCode": 3}]}, {"groupName": "Points", "statisticsItems": [{"name": "Service points won", "home": "30", "away": "29", "compareCode": 1}, {"name": "Receiver points won", "home": "37", "away": "23", "compareCode": 1}, {"name": "Total points won", "home": "67", "away": "52", "compareCode": 1}, {"name": "Max points in a row", "home": "6", "away": "4", "compareCode": 1}]}]}, {"period": "1ST", "groups": [{"groupName": "Service", "statisticsItems": [{"name": "Aces", "home": "0", "away": "0", "compareCode": 3}, {"name": "Double faults", "home": "2", "away": "2", "compareCode": 3}, {"name": "First serve", "home": "22/29 (76%)", "away": "18/29 (62%)", "compareCode": 1}, {"name": "Second serve", "home": "5/7 (71%)", "away": "9/11 (82%)", "compareCode": 2}, {"name": "First serve points", "home": "15/22 (68%)", "away": "9/18 (50%)", "compareCode": 1}, {"name": "Second serve points", "home": "4/7 (57%)", "away": "5/11 (45%)", "compareCode": 2}, {"name": "Break points saved", "home": "2/3 (66%)", "away": "1/3 (33%)", "compareCode": 3}, {"name": "Service games played", "home": "5", "away": "4", "compareCode": 1}]}, {"groupName": "Return", "statisticsItems": [{"name": "First serve return points", "home": "9/18 (50%)", "away": "7/22 (31%)", "compareCode": 3}, {"name": "Second serve return points", "home": "6/11 (54%)", "away": "3/7 (42%)", "compareCode": 2}, {"name": "Break points converted", "home": "2", "away": "1", "compareCode": 1}, {"name": "Return games played", "home": "4", "away": "5", "compareCode": 1}]}, {"groupName": "Points", "statisticsItems": [{"name": "Service points won", "home": "19", "away": "14", "compareCode": 1}, {"name": "Receiver points won", "home": "15", "away": "10", "compareCode": 1}, {"name": "Total points won", "home": "34", "away": "24", "compareCode": 1}, {"name": "Max points in a row", "home": "6", "away": "3", "compareCode": 1}]}]}, {"period": "2ND", "groups": [{"groupName": "Service", "statisticsItems": [{"name": "Aces", "home": "0", "away": "0", "compareCode": 3}, {"name": "Double faults", "home": "0", "away": "2", "compareCode": 2}, {"name": "First serve", "home": "18/24 (75%)", "away": "22/37 (59%)", "compareCode": 1}, {"name": "Second serve", "home": "6/6 (100%)", "away": "13/15 (87%)", "compareCode": 1}, {"name": "First serve points", "home": "6/18 (33%)", "away": "11/22 (50%)", "compareCode": 2}, {"name": "Second serve points", "home": "5/6 (83%)", "away": "4/15 (27%)", "compareCode": 1}, {"name": "Break points saved", "home": "2/4 (50%)", "away": "7/11 (63%)", "compareCode": 1}, {"name": "Service games played", "home": "4", "away": "5", "compareCode": 2}]}, {"groupName": "Return", "statisticsItems": [{"name": "First serve return points", "home": "11/22 (50%)", "away": "12/18 (66%)", "compareCode": 2}, {"name": "Second serve return points", "home": "11/15 (73%)", "away": "1/6 (16%)", "compareCode": 2}, {"name": "Break points converted", "home": "4", "away": "2", "compareCode": 1}, {"name": "Return games played", "home": "5", "away": "4", "compareCode": 2}]}, {"groupName": "Points", "statisticsItems": [{"name": "Service points won", "home": "11", "away": "15", "compareCode": 2}, {"name": "Receiver points won", "home": "22", "away": "13", "compareCode": 1}, {"name": "Total points won", "home": "33", "away": "28", "compareCode": 1}, {"name": "Max points in a row", "home": "6", "away": "4", "compareCode": 1}]}]}]}