{"statistics": [{"period": "ALL", "groups": [{"groupName": "Service", "statisticsItems": [{"name": "Aces", "home": "0", "away": "0", "compareCode": 3}, {"name": "Double faults", "home": "3", "away": "0", "compareCode": 1}, {"name": "First serve", "home": "56/60 (93%)", "away": "58/58 (100%)", "compareCode": 2}, {"name": "Second serve", "home": "1/4 (25%)", "away": "0/0 (0%)", "compareCode": 1}, {"name": "First serve points", "home": "32/56 (57%)", "away": "26/58 (45%)", "compareCode": 1}, {"name": "Second serve points", "home": "0/4 (0%)", "away": "0/0 (0%)", "compareCode": 3}, {"name": "Break points saved", "home": "1/5 (20%)", "away": "5/11 (45%)", "compareCode": 1}, {"name": "Service games played", "home": "10", "away": "10", "compareCode": 3}]}, {"groupName": "Return", "statisticsItems": [{"name": "First serve return points", "home": "32/58 (55%)", "away": "24/56 (42%)", "compareCode": 1}, {"name": "Second serve return points", "home": "0/0 (0%)", "away": "4/4 (100%)", "compareCode": 1}, {"name": "Break points converted", "home": "6", "away": "4", "compareCode": 1}, {"name": "Return games played", "home": "10", "away": "10", "compareCode": 3}]}, {"groupName": "Points", "statisticsItems": [{"name": "Service points won", "home": "32", "away": "26", "compareCode": 1}, {"name": "Receiver points won", "home": "32", "away": "28", "compareCode": 1}, {"name": "Total points won", "home": "64", "away": "54", "compareCode": 1}, {"name": "Max points in a row", "home": "6", "away": "6", "compareCode": 3}]}]}, {"period": "1ST", "groups": [{"groupName": "Service", "statisticsItems": [{"name": "Aces", "home": "0", "away": "0", "compareCode": 3}, {"name": "Double faults", "home": "2", "away": "0", "compareCode": 1}, {"name": "First serve", "home": "28/31 (90%)", "away": "26/26 (100%)", "compareCode": 2}, {"name": "Second serve", "home": "1/3 (33%)", "away": "0/0 (0%)", "compareCode": 1}, {"name": "First serve points", "home": "18/28 (64%)", "away": "13/26 (50%)", "compareCode": 1}, {"name": "Second serve points", "home": "0/3 (0%)", "away": "0/0 (0%)", "compareCode": 3}, {"name": "Break points saved", "home": "0/1 (0%)", "away": "2/4 (50%)", "compareCode": 1}, {"name": "Service games played", "home": "5", "away": "5", "compareCode": 3}]}, {"groupName": "Return", "statisticsItems": [{"name": "First serve return points", "home": "13/26 (50%)", "away": "10/28 (35%)", "compareCode": 1}, {"name": "Second serve return points", "home": "0/0 (0%)", "away": "3/3 (100%)", "compareCode": 1}, {"name": "Break points converted", "home": "2", "away": "1", "compareCode": 1}, {"name": "Return games played", "home": "5", "away": "5", "compareCode": 3}]}, {"groupName": "Points", "statisticsItems": [{"name": "Service points won", "home": "18", "away": "13", "compareCode": 1}, {"name": "Receiver points won", "home": "13", "away": "13", "compareCode": 3}, {"name": "Total points won", "home": "31", "away": "26", "compareCode": 1}, {"name": "Max points in a row", "home": "6", "away": "6", "compareCode": 3}]}]}, {"period": "2ND", "groups": [{"groupName": "Service", "statisticsItems": [{"name": "Aces", "home": "0", "away": "0", "compareCode": 3}, {"name": "Double faults", "home": "1", "away": "0", "compareCode": 1}, {"name": "First serve", "home": "28/29 (97%)", "away": "32/32 (100%)", "compareCode": 2}, {"name": "Second serve", "home": "0/1 (0%)", "away": "0/0 (0%)", "compareCode": 3}, {"name": "First serve points", "home": "14/28 (50%)", "away": "13/32 (41%)", "compareCode": 1}, {"name": "Second serve points", "home": "0/1 (0%)", "away": "0/0 (0%)", "compareCode": 3}, {"name": "Break points saved", "home": "1/4 (25%)", "away": "3/7 (42%)", "compareCode": 1}, {"name": "Service games played", "home": "5", "away": "5", "compareCode": 3}]}, {"groupName": "Return", "statisticsItems": [{"name": "First serve return points", "home": "19/32 (59%)", "away": "14/28 (50%)", "compareCode": 2}, {"name": "Second serve return points", "home": "0/0 (0%)", "away": "1/1 (100%)", "compareCode": 1}, {"name": "Break points converted", "home": "4", "away": "3", "compareCode": 1}, {"name": "Return games played", "home": "5", "away": "5", "compareCode": 3}]}, {"groupName": "Points", "statisticsItems": [{"name": "Service points won", "home": "14", "away": "13", "compareCode": 1}, {"name": "Receiver points won", "home": "19", "away": "15", "compareCode": 1}, {"name": "Total points won", "home": "33", "away": "28", "compareCode": 1}, {"name": "Max points in a row", "home": "6", "away": "5", "compareCode": 1}]}]}]}