{"statistics": [{"period": "ALL", "groups": [{"groupName": "Service", "statisticsItems": [{"name": "Aces", "home": "1", "away": "0", "compareCode": 1}, {"name": "Double faults", "home": "5", "away": "0", "compareCode": 1}, {"name": "First serve", "home": "73/78 (94%)", "away": "50/50 (100%)", "compareCode": 2}, {"name": "Second serve", "home": "0/5 (0%)", "away": "0/0 (0%)", "compareCode": 3}, {"name": "First serve points", "home": "41/73 (56%)", "away": "34/50 (68%)", "compareCode": 1}, {"name": "Second serve points", "home": "0/5 (0%)", "away": "0/0 (0%)", "compareCode": 3}, {"name": "Break points saved", "home": "11/15 (73%)", "away": "0/1 (0%)", "compareCode": 2}, {"name": "Service games played", "home": "9", "away": "9", "compareCode": 3}]}, {"groupName": "Return", "statisticsItems": [{"name": "First serve return points", "home": "16/50 (32%)", "away": "32/73 (43%)", "compareCode": 1}, {"name": "Second serve return points", "home": "0/0 (0%)", "away": "5/5 (100%)", "compareCode": 1}, {"name": "Break points converted", "home": "1", "away": "4", "compareCode": 2}, {"name": "Return games played", "home": "9", "away": "9", "compareCode": 3}]}, {"groupName": "Points", "statisticsItems": [{"name": "Service points won", "home": "41", "away": "34", "compareCode": 1}, {"name": "Receiver points won", "home": "16", "away": "37", "compareCode": 2}, {"name": "Total points won", "home": "57", "away": "71", "compareCode": 2}, {"name": "Max points in a row", "home": "4", "away": "5", "compareCode": 2}]}]}, {"period": "1ST", "groups": [{"groupName": "Service", "statisticsItems": [{"name": "Aces", "home": "1", "away": "0", "compareCode": 1}, {"name": "Double faults", "home": "1", "away": "0", "compareCode": 1}, {"name": "First serve", "home": "32/33 (97%)", "away": "22/22 (100%)", "compareCode": 2}, {"name": "Second serve", "home": "0/1 (0%)", "away": "0/0 (0%)", "compareCode": 3}, {"name": "First serve points", "home": "17/32 (53%)", "away": "16/22 (73%)", "compareCode": 1}, {"name": "Second serve points", "home": "0/1 (0%)", "away": "0/0 (0%)", "compareCode": 3}, {"name": "Break points saved", "home": "3/5 (60%)", "away": "0/0 (0%)", "compareCode": 2}, {"name": "Service games played", "home": "4", "away": "4", "compareCode": 3}]}, {"groupName": "Return", "statisticsItems": [{"name": "First serve return points", "home": "6/22 (27%)", "away": "15/32 (46%)", "compareCode": 1}, {"name": "Second serve return points", "home": "0/0 (0%)", "away": "1/1 (100%)", "compareCode": 1}, {"name": "Break points converted", "home": "0", "away": "2", "compareCode": 2}, {"name": "Return games played", "home": "4", "away": "4", "compareCode": 3}]}, {"groupName": "Points", "statisticsItems": [{"name": "Service points won", "home": "17", "away": "16", "compareCode": 1}, {"name": "Receiver points won", "home": "6", "away": "16", "compareCode": 2}, {"name": "Total points won", "home": "23", "away": "32", "compareCode": 2}, {"name": "Max points in a row", "home": "4", "away": "5", "compareCode": 2}]}]}, {"period": "2ND", "groups": [{"groupName": "Service", "statisticsItems": [{"name": "Aces", "home": "0", "away": "0", "compareCode": 3}, {"name": "Double faults", "home": "4", "away": "0", "compareCode": 1}, {"name": "First serve", "home": "41/45 (91%)", "away": "28/28 (100%)", "compareCode": 2}, {"name": "Second serve", "home": "0/4 (0%)", "away": "0/0 (0%)", "compareCode": 3}, {"name": "First serve points", "home": "24/41 (59%)", "away": "18/28 (64%)", "compareCode": 1}, {"name": "Second serve points", "home": "0/4 (0%)", "away": "0/0 (0%)", "compareCode": 3}, {"name": "Break points saved", "home": "8/10 (80%)", "away": "0/1 (0%)", "compareCode": 2}, {"name": "Service games played", "home": "5", "away": "5", "compareCode": 3}]}, {"groupName": "Return", "statisticsItems": [{"name": "First serve return points", "home": "10/28 (35%)", "away": "17/41 (41%)", "compareCode": 1}, {"name": "Second serve return points", "home": "0/0 (0%)", "away": "4/4 (100%)", "compareCode": 1}, {"name": "Break points converted", "home": "1", "away": "2", "compareCode": 2}, {"name": "Return games played", "home": "5", "away": "5", "compareCode": 3}]}, {"groupName": "Points", "statisticsItems": [{"name": "Service points won", "home": "24", "away": "18", "compareCode": 1}, {"name": "Receiver points won", "home": "10", "away": "21", "compareCode": 2}, {"name": "Total points won", "home": "34", "away": "39", "compareCode": 2}, {"name": "Max points in a row", "home": "4", "away": "5", "compareCode": 2}]}]}]}