{"statistics": [{"period": "ALL", "groups": [{"groupName": "Service", "statisticsItems": [{"name": "Aces", "home": "1", "away": "0", "compareCode": 1}, {"name": "Double faults", "home": "1", "away": "0", "compareCode": 1}, {"name": "First serve", "home": "82/84 (98%)", "away": "87/87 (100%)", "compareCode": 2}, {"name": "Second serve", "home": "1/2 (50%)", "away": "0/0 (0%)", "compareCode": 1}, {"name": "First serve points", "home": "47/82 (57%)", "away": "42/87 (48%)", "compareCode": 1}, {"name": "Second serve points", "home": "0/2 (0%)", "away": "0/0 (0%)", "compareCode": 3}, {"name": "Break points saved", "home": "4/9 (44%)", "away": "4/9 (44%)", "compareCode": 3}, {"name": "Service games played", "home": "12", "away": "12", "compareCode": 3}]}, {"groupName": "Return", "statisticsItems": [{"name": "First serve return points", "home": "45/87 (51%)", "away": "35/82 (42%)", "compareCode": 2}, {"name": "Second serve return points", "home": "0/0 (0%)", "away": "2/2 (100%)", "compareCode": 1}, {"name": "Break points converted", "home": "5", "away": "5", "compareCode": 3}, {"name": "Return games played", "home": "12", "away": "12", "compareCode": 3}]}, {"groupName": "Points", "statisticsItems": [{"name": "Service points won", "home": "47", "away": "42", "compareCode": 1}, {"name": "Receiver points won", "home": "45", "away": "37", "compareCode": 1}, {"name": "Total points won", "home": "92", "away": "79", "compareCode": 1}, {"name": "Max points in a row", "home": "6", "away": "5", "compareCode": 1}]}]}, {"period": "1ST", "groups": [{"groupName": "Service", "statisticsItems": [{"name": "Aces", "home": "1", "away": "0", "compareCode": 1}, {"name": "Double faults", "home": "1", "away": "0", "compareCode": 1}, {"name": "First serve", "home": "37/38 (97%)", "away": "45/45 (100%)", "compareCode": 2}, {"name": "Second serve", "home": "0/1 (0%)", "away": "0/0 (0%)", "compareCode": 3}, {"name": "First serve points", "home": "25/37 (68%)", "away": "26/45 (58%)", "compareCode": 2}, {"name": "Second serve points", "home": "0/1 (0%)", "away": "0/0 (0%)", "compareCode": 3}, {"name": "Break points saved", "home": "0/1 (0%)", "away": "2/3 (66%)", "compareCode": 1}, {"name": "Service games played", "home": "6", "away": "6", "compareCode": 3}]}, {"groupName": "Return", "statisticsItems": [{"name": "First serve return points", "home": "19/45 (42%)", "away": "12/37 (32%)", "compareCode": 2}, {"name": "Second serve return points", "home": "0/0 (0%)", "away": "1/1 (100%)", "compareCode": 1}, {"name": "Break points converted", "home": "1", "away": "1", "compareCode": 3}, {"name": "Return games played", "home": "6", "away": "6", "compareCode": 3}]}, {"groupName": "Points", "statisticsItems": [{"name": "Service points won", "home": "25", "away": "26", "compareCode": 2}, {"name": "Receiver points won", "home": "19", "away": "13", "compareCode": 1}, {"name": "Total points won", "home": "44", "away": "39", "compareCode": 1}, {"name": "Max points in a row", "home": "6", "away": "5", "compareCode": 1}]}]}, {"period": "2ND", "groups": [{"groupName": "Service", "statisticsItems": [{"name": "Aces", "home": "0", "away": "0", "compareCode": 3}, {"name": "Double faults", "home": "0", "away": "0", "compareCode": 3}, {"name": "First serve", "home": "45/46 (98%)", "away": "42/42 (100%)", "compareCode": 2}, {"name": "Second serve", "home": "1/1 (100%)", "away": "0/0 (0%)", "compareCode": 1}, {"name": "First serve points", "home": "22/45 (49%)", "away": "16/42 (38%)", "compareCode": 1}, {"name": "Second serve points", "home": "0/1 (0%)", "away": "0/0 (0%)", "compareCode": 3}, {"name": "Break points saved", "home": "4/8 (50%)", "away": "2/6 (33%)", "compareCode": 2}, {"name": "Service games played", "home": "6", "away": "6", "compareCode": 3}]}, {"groupName": "Return", "statisticsItems": [{"name": "First serve return points", "home": "26/42 (61%)", "away": "23/45 (51%)", "compareCode": 1}, {"name": "Second serve return points", "home": "0/0 (0%)", "away": "1/1 (100%)", "compareCode": 1}, {"name": "Break points converted", "home": "4", "away": "4", "compareCode": 3}, {"name": "Return games played", "home": "6", "away": "6", "compareCode": 3}]}, {"groupName": "Points", "statisticsItems": [{"name": "Service points won", "home": "22", "away": "16", "compareCode": 1}, {"name": "Receiver points won", "home": "26", "away": "24", "compareCode": 1}, {"name": "Total points won", "home": "48", "away": "40", "compareCode": 1}, {"name": "Max points in a row", "home": "5", "away": "3", "compareCode": 1}]}]}]}