{"statistics": [{"period": "ALL", "groups": [{"groupName": "Service", "statisticsItems": [{"name": "Aces", "home": "0", "away": "5", "compareCode": 2}, {"name": "Double faults", "home": "2", "away": "0", "compareCode": 1}, {"name": "First serve", "home": "81/83 (98%)", "away": "67/68 (99%)", "compareCode": 2}, {"name": "Second serve", "home": "0/2 (0%)", "away": "1/1 (100%)", "compareCode": 2}, {"name": "First serve points", "home": "41/81 (51%)", "away": "35/67 (52%)", "compareCode": 1}, {"name": "Second serve points", "home": "0/2 (0%)", "away": "1/1 (100%)", "compareCode": 2}, {"name": "Break points saved", "home": "9/15 (60%)", "away": "0/4 (0%)", "compareCode": 2}, {"name": "Service games played", "home": "11", "away": "11", "compareCode": 3}]}, {"groupName": "Return", "statisticsItems": [{"name": "First serve return points", "home": "32/67 (47%)", "away": "40/81 (49%)", "compareCode": 1}, {"name": "Second serve return points", "home": "0/1 (0%)", "away": "2/2 (100%)", "compareCode": 1}, {"name": "Break points converted", "home": "4", "away": "6", "compareCode": 2}, {"name": "Return games played", "home": "11", "away": "11", "compareCode": 3}]}, {"groupName": "Points", "statisticsItems": [{"name": "Service points won", "home": "41", "away": "36", "compareCode": 1}, {"name": "Receiver points won", "home": "32", "away": "42", "compareCode": 2}, {"name": "Total points won", "home": "73", "away": "78", "compareCode": 2}, {"name": "Max points in a row", "home": "11", "away": "5", "compareCode": 1}]}]}, {"period": "1ST", "groups": [{"groupName": "Service", "statisticsItems": [{"name": "Aces", "home": "0", "away": "2", "compareCode": 2}, {"name": "Double faults", "home": "1", "away": "0", "compareCode": 1}, {"name": "First serve", "home": "35/36 (97%)", "away": "33/33 (100%)", "compareCode": 2}, {"name": "Second serve", "home": "0/1 (0%)", "away": "0/0 (0%)", "compareCode": 3}, {"name": "First serve points", "home": "18/35 (51%)", "away": "18/33 (55%)", "compareCode": 3}, {"name": "Second serve points", "home": "0/1 (0%)", "away": "0/0 (0%)", "compareCode": 3}, {"name": "Break points saved", "home": "1/4 (25%)", "away": "0/2 (0%)", "compareCode": 2}, {"name": "Service games played", "home": "6", "away": "6", "compareCode": 3}]}, {"groupName": "Return", "statisticsItems": [{"name": "First serve return points", "home": "15/33 (45%)", "away": "17/35 (48%)", "compareCode": 1}, {"name": "Second serve return points", "home": "0/0 (0%)", "away": "1/1 (100%)", "compareCode": 1}, {"name": "Break points converted", "home": "2", "away": "3", "compareCode": 2}, {"name": "Return games played", "home": "6", "away": "6", "compareCode": 3}]}, {"groupName": "Points", "statisticsItems": [{"name": "Service points won", "home": "18", "away": "18", "compareCode": 3}, {"name": "Receiver points won", "home": "15", "away": "18", "compareCode": 2}, {"name": "Total points won", "home": "33", "away": "36", "compareCode": 2}, {"name": "Max points in a row", "home": "7", "away": "4", "compareCode": 1}]}]}, {"period": "2ND", "groups": [{"groupName": "Service", "statisticsItems": [{"name": "Aces", "home": "0", "away": "3", "compareCode": 2}, {"name": "Double faults", "home": "1", "away": "0", "compareCode": 1}, {"name": "First serve", "home": "46/47 (98%)", "away": "34/35 (97%)", "compareCode": 1}, {"name": "Second serve", "home": "0/1 (0%)", "away": "1/1 (100%)", "compareCode": 2}, {"name": "First serve points", "home": "23/46 (50%)", "away": "17/34 (50%)", "compareCode": 1}, {"name": "Second serve points", "home": "0/1 (0%)", "away": "1/1 (100%)", "compareCode": 2}, {"name": "Break points saved", "home": "8/11 (72%)", "away": "0/2 (0%)", "compareCode": 2}, {"name": "Service games played", "home": "5", "away": "5", "compareCode": 3}]}, {"groupName": "Return", "statisticsItems": [{"name": "First serve return points", "home": "17/34 (50%)", "away": "23/46 (50%)", "compareCode": 1}, {"name": "Second serve return points", "home": "0/1 (0%)", "away": "1/1 (100%)", "compareCode": 3}, {"name": "Break points converted", "home": "2", "away": "3", "compareCode": 2}, {"name": "Return games played", "home": "5", "away": "5", "compareCode": 3}]}, {"groupName": "Points", "statisticsItems": [{"name": "Service points won", "home": "23", "away": "18", "compareCode": 1}, {"name": "Receiver points won", "home": "17", "away": "24", "compareCode": 2}, {"name": "Total points won", "home": "40", "away": "42", "compareCode": 2}, {"name": "Max points in a row", "home": "11", "away": "5", "compareCode": 1}]}]}]}