{"statistics": [{"period": "ALL", "groups": [{"groupName": "Service", "statisticsItems": [{"name": "Aces", "home": "0", "away": "2", "compareCode": 2}, {"name": "Double faults", "home": "7", "away": "6", "compareCode": 1}, {"name": "First serve", "home": "43/61 (70%)", "away": "43/64 (67%)", "compareCode": 1}, {"name": "Second serve", "home": "11/18 (61%)", "away": "15/21 (71%)", "compareCode": 2}, {"name": "First serve points", "home": "21/43 (49%)", "away": "28/43 (65%)", "compareCode": 2}, {"name": "Second serve points", "home": "9/18 (50%)", "away": "7/21 (33%)", "compareCode": 1}, {"name": "Break points saved", "home": "3/7 (42%)", "away": "1/5 (20%)", "compareCode": 2}, {"name": "Service games played", "home": "9", "away": "9", "compareCode": 3}]}, {"groupName": "Return", "statisticsItems": [{"name": "First serve return points", "home": "15/43 (34%)", "away": "22/43 (51%)", "compareCode": 2}, {"name": "Second serve return points", "home": "14/21 (66%)", "away": "9/18 (50%)", "compareCode": 2}, {"name": "Break points converted", "home": "4", "away": "4", "compareCode": 3}, {"name": "Return games played", "home": "9", "away": "9", "compareCode": 3}]}, {"groupName": "Points", "statisticsItems": [{"name": "Service points won", "home": "30", "away": "35", "compareCode": 2}, {"name": "Receiver points won", "home": "29", "away": "31", "compareCode": 2}, {"name": "Total points won", "home": "59", "away": "66", "compareCode": 2}, {"name": "Max points in a row", "home": "7", "away": "11", "compareCode": 2}]}]}, {"period": "1ST", "groups": [{"groupName": "Service", "statisticsItems": [{"name": "Aces", "home": "0", "away": "0", "compareCode": 3}, {"name": "Double faults", "home": "4", "away": "5", "compareCode": 2}, {"name": "First serve", "home": "21/31 (68%)", "away": "19/26 (73%)", "compareCode": 2}, {"name": "Second serve", "home": "6/10 (60%)", "away": "2/7 (29%)", "compareCode": 1}, {"name": "First serve points", "home": "13/21 (62%)", "away": "13/19 (68%)", "compareCode": 3}, {"name": "Second serve points", "home": "6/10 (60%)", "away": "0/7 (0%)", "compareCode": 1}, {"name": "Break points saved", "home": "1/2 (50%)", "away": "0/2 (0%)", "compareCode": 3}, {"name": "Service games played", "home": "5", "away": "4", "compareCode": 1}]}, {"groupName": "Return", "statisticsItems": [{"name": "First serve return points", "home": "6/19 (31%)", "away": "8/21 (38%)", "compareCode": 1}, {"name": "Second serve return points", "home": "7/7 (100%)", "away": "4/10 (40%)", "compareCode": 1}, {"name": "Break points converted", "home": "2", "away": "1", "compareCode": 1}, {"name": "Return games played", "home": "4", "away": "5", "compareCode": 1}]}, {"groupName": "Points", "statisticsItems": [{"name": "Service points won", "home": "19", "away": "13", "compareCode": 1}, {"name": "Receiver points won", "home": "13", "away": "12", "compareCode": 1}, {"name": "Total points won", "home": "32", "away": "25", "compareCode": 1}, {"name": "Max points in a row", "home": "4", "away": "3", "compareCode": 1}]}]}, {"period": "2ND", "groups": [{"groupName": "Service", "statisticsItems": [{"name": "Aces", "home": "0", "away": "2", "compareCode": 2}, {"name": "Double faults", "home": "3", "away": "1", "compareCode": 1}, {"name": "First serve", "home": "15/23 (65%)", "away": "18/30 (60%)", "compareCode": 1}, {"name": "Second serve", "home": "5/8 (63%)", "away": "11/12 (92%)", "compareCode": 2}, {"name": "First serve points", "home": "5/15 (33%)", "away": "11/18 (61%)", "compareCode": 2}, {"name": "Second serve points", "home": "3/8 (38%)", "away": "5/12 (42%)", "compareCode": 2}, {"name": "Break points saved", "home": "2/5 (40%)", "away": "1/3 (33%)", "compareCode": 2}, {"name": "Service games played", "home": "4", "away": "5", "compareCode": 2}]}, {"groupName": "Return", "statisticsItems": [{"name": "First serve return points", "home": "7/18 (38%)", "away": "10/15 (66%)", "compareCode": 2}, {"name": "Second serve return points", "home": "7/12 (58%)", "away": "5/8 (62%)", "compareCode": 2}, {"name": "Break points converted", "home": "2", "away": "3", "compareCode": 2}, {"name": "Return games played", "home": "5", "away": "4", "compareCode": 2}]}, {"groupName": "Points", "statisticsItems": [{"name": "Service points won", "home": "8", "away": "16", "compareCode": 2}, {"name": "Receiver points won", "home": "14", "away": "15", "compareCode": 2}, {"name": "Total points won", "home": "22", "away": "31", "compareCode": 2}, {"name": "Max points in a row", "home": "7", "away": "11", "compareCode": 2}]}]}, {"period": "3RD", "groups": [{"groupName": "Service", "statisticsItems": [{"name": "Aces", "home": "0", "away": "0", "compareCode": 3}, {"name": "Double faults", "home": "0", "away": "0", "compareCode": 3}, {"name": "First serve", "home": "7/7 (100%)", "away": "6/8 (75%)", "compareCode": 1}, {"name": "Second serve", "home": "0/0 (0%)", "away": "2/2 (100%)", "compareCode": 2}, {"name": "First serve points", "home": "3/7 (43%)", "away": "4/6 (67%)", "compareCode": 2}, {"name": "Second serve points", "home": "0/0 (0%)", "away": "2/2 (100%)", "compareCode": 2}, {"name": "Break points saved", "home": "0/0 (0%)", "away": "0/0 (0%)", "compareCode": 3}, {"name": "Service games played", "home": "0", "away": "0", "compareCode": 3}]}, {"groupName": "Return", "statisticsItems": [{"name": "First serve return points", "home": "2/6 (33%)", "away": "4/7 (57%)", "compareCode": 2}, {"name": "Second serve return points", "home": "0/2 (0%)", "away": "0/0 (0%)", "compareCode": 2}, {"name": "Break points converted", "home": "0", "away": "0", "compareCode": 3}, {"name": "Return games played", "home": "0", "away": "0", "compareCode": 3}]}, {"groupName": "Points", "statisticsItems": [{"name": "Service points won", "home": "3", "away": "6", "compareCode": 2}, {"name": "Receiver points won", "home": "2", "away": "4", "compareCode": 2}, {"name": "Total points won", "home": "5", "away": "10", "compareCode": 2}, {"name": "Max points in a row", "home": "2", "away": "5", "compareCode": 2}]}]}]}