{"statistics": [{"period": "ALL", "groups": [{"groupName": "Service", "statisticsItems": [{"name": "Aces", "home": "0", "away": "4", "compareCode": 2}, {"name": "Double faults", "home": "0", "away": "5", "compareCode": 2}, {"name": "First serve", "home": "72/90 (80%)", "away": "49/87 (56%)", "compareCode": 1}, {"name": "Second serve", "home": "18/18 (100%)", "away": "33/38 (87%)", "compareCode": 1}, {"name": "First serve points", "home": "40/72 (56%)", "away": "31/49 (63%)", "compareCode": 1}, {"name": "Second serve points", "home": "7/18 (39%)", "away": "19/38 (50%)", "compareCode": 2}, {"name": "Break points saved", "home": "13/18 (72%)", "away": "12/15 (80%)", "compareCode": 2}, {"name": "Service games played", "home": "11", "away": "10", "compareCode": 1}]}, {"groupName": "Return", "statisticsItems": [{"name": "First serve return points", "home": "18/49 (36%)", "away": "32/72 (44%)", "compareCode": 1}, {"name": "Second serve return points", "home": "19/38 (50%)", "away": "11/18 (61%)", "compareCode": 2}, {"name": "Break points converted", "home": "3", "away": "5", "compareCode": 2}, {"name": "Return games played", "home": "10", "away": "11", "compareCode": 1}]}, {"groupName": "Points", "statisticsItems": [{"name": "Service points won", "home": "47", "away": "50", "compareCode": 2}, {"name": "Receiver points won", "home": "37", "away": "43", "compareCode": 2}, {"name": "Total points won", "home": "84", "away": "93", "compareCode": 2}, {"name": "Max points in a row", "home": "5", "away": "5", "compareCode": 3}]}]}, {"period": "1ST", "groups": [{"groupName": "Service", "statisticsItems": [{"name": "Aces", "home": "0", "away": "4", "compareCode": 2}, {"name": "Double faults", "home": "0", "away": "1", "compareCode": 2}, {"name": "First serve", "home": "30/35 (86%)", "away": "22/34 (65%)", "compareCode": 1}, {"name": "Second serve", "home": "5/5 (100%)", "away": "11/12 (92%)", "compareCode": 1}, {"name": "First serve points", "home": "14/30 (47%)", "away": "13/22 (59%)", "compareCode": 1}, {"name": "Second serve points", "home": "1/5 (20%)", "away": "4/12 (33%)", "compareCode": 2}, {"name": "Break points saved", "home": "6/10 (60%)", "away": "5/7 (71%)", "compareCode": 2}, {"name": "Service games played", "home": "5", "away": "4", "compareCode": 1}]}, {"groupName": "Return", "statisticsItems": [{"name": "First serve return points", "home": "9/22 (40%)", "away": "16/30 (53%)", "compareCode": 1}, {"name": "Second serve return points", "home": "8/12 (66%)", "away": "4/5 (80%)", "compareCode": 2}, {"name": "Break points converted", "home": "2", "away": "4", "compareCode": 2}, {"name": "Return games played", "home": "4", "away": "5", "compareCode": 1}]}, {"groupName": "Points", "statisticsItems": [{"name": "Service points won", "home": "15", "away": "17", "compareCode": 2}, {"name": "Receiver points won", "home": "17", "away": "20", "compareCode": 2}, {"name": "Total points won", "home": "32", "away": "37", "compareCode": 2}, {"name": "Max points in a row", "home": "4", "away": "5", "compareCode": 2}]}]}, {"period": "2ND", "groups": [{"groupName": "Service", "statisticsItems": [{"name": "Aces", "home": "0", "away": "0", "compareCode": 3}, {"name": "Double faults", "home": "0", "away": "4", "compareCode": 2}, {"name": "First serve", "home": "42/55 (76%)", "away": "27/53 (51%)", "compareCode": 1}, {"name": "Second serve", "home": "13/13 (100%)", "away": "22/26 (85%)", "compareCode": 1}, {"name": "First serve points", "home": "26/42 (62%)", "away": "18/27 (67%)", "compareCode": 1}, {"name": "Second serve points", "home": "6/13 (46%)", "away": "15/26 (58%)", "compareCode": 2}, {"name": "Break points saved", "home": "7/8 (87%)", "away": "7/8 (87%)", "compareCode": 3}, {"name": "Service games played", "home": "6", "away": "6", "compareCode": 3}]}, {"groupName": "Return", "statisticsItems": [{"name": "First serve return points", "home": "9/27 (33%)", "away": "16/42 (38%)", "compareCode": 1}, {"name": "Second serve return points", "home": "11/26 (42%)", "away": "7/13 (53%)", "compareCode": 2}, {"name": "Break points converted", "home": "1", "away": "1", "compareCode": 3}, {"name": "Return games played", "home": "6", "away": "6", "compareCode": 3}]}, {"groupName": "Points", "statisticsItems": [{"name": "Service points won", "home": "32", "away": "33", "compareCode": 2}, {"name": "Receiver points won", "home": "20", "away": "23", "compareCode": 2}, {"name": "Total points won", "home": "52", "away": "56", "compareCode": 2}, {"name": "Max points in a row", "home": "5", "away": "4", "compareCode": 1}]}]}]}