{"statistics": [{"period": "ALL", "groups": [{"groupName": "Service", "statisticsItems": [{"name": "Aces", "home": "1", "away": "0", "compareCode": 1}, {"name": "Double faults", "home": "7", "away": "1", "compareCode": 1}, {"name": "First serve", "home": "35/63 (56%)", "away": "35/66 (53%)", "compareCode": 1}, {"name": "Second serve", "home": "21/28 (75%)", "away": "30/31 (97%)", "compareCode": 2}, {"name": "First serve points", "home": "21/35 (60%)", "away": "15/35 (43%)", "compareCode": 1}, {"name": "Second serve points", "home": "11/28 (39%)", "away": "12/31 (39%)", "compareCode": 2}, {"name": "Break points saved", "home": "3/9 (33%)", "away": "3/11 (27%)", "compareCode": 1}, {"name": "Service games played", "home": "11", "away": "11", "compareCode": 3}]}, {"groupName": "Return", "statisticsItems": [{"name": "First serve return points", "home": "20/35 (57%)", "away": "14/35 (40%)", "compareCode": 2}, {"name": "Second serve return points", "home": "19/31 (61%)", "away": "17/28 (60%)", "compareCode": 2}, {"name": "Break points converted", "home": "8", "away": "6", "compareCode": 1}, {"name": "Return games played", "home": "11", "away": "11", "compareCode": 3}]}, {"groupName": "Points", "statisticsItems": [{"name": "Service points won", "home": "32", "away": "27", "compareCode": 1}, {"name": "Receiver points won", "home": "39", "away": "31", "compareCode": 1}, {"name": "Total points won", "home": "71", "away": "58", "compareCode": 1}, {"name": "Max points in a row", "home": "7", "away": "8", "compareCode": 2}]}]}, {"period": "1ST", "groups": [{"groupName": "Service", "statisticsItems": [{"name": "Aces", "home": "0", "away": "0", "compareCode": 3}, {"name": "Double faults", "home": "4", "away": "1", "compareCode": 1}, {"name": "First serve", "home": "13/28 (46%)", "away": "15/32 (47%)", "compareCode": 2}, {"name": "Second serve", "home": "11/15 (73%)", "away": "16/17 (94%)", "compareCode": 2}, {"name": "First serve points", "home": "7/13 (54%)", "away": "7/15 (47%)", "compareCode": 3}, {"name": "Second serve points", "home": "7/15 (47%)", "away": "5/17 (29%)", "compareCode": 1}, {"name": "Break points saved", "home": "1/4 (25%)", "away": "1/5 (20%)", "compareCode": 1}, {"name": "Service games played", "home": "5", "away": "5", "compareCode": 3}]}, {"groupName": "Return", "statisticsItems": [{"name": "First serve return points", "home": "8/15 (53%)", "away": "6/13 (46%)", "compareCode": 2}, {"name": "Second serve return points", "home": "12/17 (70%)", "away": "8/15 (53%)", "compareCode": 2}, {"name": "Break points converted", "home": "4", "away": "3", "compareCode": 1}, {"name": "Return games played", "home": "5", "away": "5", "compareCode": 3}]}, {"groupName": "Points", "statisticsItems": [{"name": "Service points won", "home": "14", "away": "12", "compareCode": 1}, {"name": "Receiver points won", "home": "20", "away": "14", "compareCode": 1}, {"name": "Total points won", "home": "34", "away": "26", "compareCode": 1}, {"name": "Max points in a row", "home": "7", "away": "3", "compareCode": 1}]}]}, {"period": "2ND", "groups": [{"groupName": "Service", "statisticsItems": [{"name": "Aces", "home": "1", "away": "0", "compareCode": 1}, {"name": "Double faults", "home": "3", "away": "0", "compareCode": 1}, {"name": "First serve", "home": "22/35 (63%)", "away": "20/34 (59%)", "compareCode": 1}, {"name": "Second serve", "home": "10/13 (77%)", "away": "14/14 (100%)", "compareCode": 2}, {"name": "First serve points", "home": "14/22 (64%)", "away": "8/20 (40%)", "compareCode": 1}, {"name": "Second serve points", "home": "4/13 (31%)", "away": "7/14 (50%)", "compareCode": 2}, {"name": "Break points saved", "home": "2/5 (40%)", "away": "2/6 (33%)", "compareCode": 1}, {"name": "Service games played", "home": "6", "away": "6", "compareCode": 3}]}, {"groupName": "Return", "statisticsItems": [{"name": "First serve return points", "home": "12/20 (60%)", "away": "8/22 (36%)", "compareCode": 1}, {"name": "Second serve return points", "home": "7/14 (50%)", "away": "9/13 (69%)", "compareCode": 2}, {"name": "Break points converted", "home": "4", "away": "3", "compareCode": 1}, {"name": "Return games played", "home": "6", "away": "6", "compareCode": 3}]}, {"groupName": "Points", "statisticsItems": [{"name": "Service points won", "home": "18", "away": "15", "compareCode": 1}, {"name": "Receiver points won", "home": "19", "away": "17", "compareCode": 1}, {"name": "Total points won", "home": "37", "away": "32", "compareCode": 1}, {"name": "Max points in a row", "home": "5", "away": "8", "compareCode": 2}]}]}]}