{"statistics": [{"period": "ALL", "groups": [{"groupName": "Service", "statisticsItems": [{"name": "Aces", "home": "1", "away": "1", "compareCode": 3}, {"name": "Double faults", "home": "1", "away": "4", "compareCode": 2}, {"name": "First serve", "home": "39/58 (67%)", "away": "37/74 (50%)", "compareCode": 1}, {"name": "Second serve", "home": "18/19 (95%)", "away": "33/37 (89%)", "compareCode": 1}, {"name": "First serve points", "home": "27/39 (69%)", "away": "25/37 (68%)", "compareCode": 1}, {"name": "Second serve points", "home": "7/19 (37%)", "away": "22/37 (59%)", "compareCode": 2}, {"name": "Break points saved", "home": "7/10 (70%)", "away": "9/10 (90%)", "compareCode": 3}, {"name": "Service games played", "home": "9", "away": "10", "compareCode": 2}]}, {"groupName": "Return", "statisticsItems": [{"name": "First serve return points", "home": "12/37 (32%)", "away": "12/39 (30%)", "compareCode": 2}, {"name": "Second serve return points", "home": "15/37 (40%)", "away": "12/19 (63%)", "compareCode": 2}, {"name": "Break points converted", "home": "1", "away": "3", "compareCode": 2}, {"name": "Return games played", "home": "10", "away": "9", "compareCode": 2}]}, {"groupName": "Points", "statisticsItems": [{"name": "Service points won", "home": "34", "away": "47", "compareCode": 2}, {"name": "Receiver points won", "home": "27", "away": "24", "compareCode": 1}, {"name": "Total points won", "home": "61", "away": "71", "compareCode": 2}, {"name": "Max points in a row", "home": "5", "away": "6", "compareCode": 2}]}]}, {"period": "1ST", "groups": [{"groupName": "Service", "statisticsItems": [{"name": "Aces", "home": "1", "away": "0", "compareCode": 1}, {"name": "Double faults", "home": "0", "away": "3", "compareCode": 2}, {"name": "First serve", "home": "23/31 (74%)", "away": "14/38 (37%)", "compareCode": 1}, {"name": "Second serve", "home": "8/8 (100%)", "away": "21/24 (88%)", "compareCode": 1}, {"name": "First serve points", "home": "15/23 (65%)", "away": "9/14 (64%)", "compareCode": 1}, {"name": "Second serve points", "home": "4/8 (50%)", "away": "16/24 (67%)", "compareCode": 2}, {"name": "Break points saved", "home": "6/7 (85%)", "away": "4/4 (100%)", "compareCode": 2}, {"name": "Service games played", "home": "4", "away": "5", "compareCode": 2}]}, {"groupName": "Return", "statisticsItems": [{"name": "First serve return points", "home": "5/14 (35%)", "away": "8/23 (34%)", "compareCode": 2}, {"name": "Second serve return points", "home": "8/24 (33%)", "away": "4/8 (50%)", "compareCode": 2}, {"name": "Break points converted", "home": "0", "away": "1", "compareCode": 2}, {"name": "Return games played", "home": "5", "away": "4", "compareCode": 2}]}, {"groupName": "Points", "statisticsItems": [{"name": "Service points won", "home": "19", "away": "25", "compareCode": 2}, {"name": "Receiver points won", "home": "13", "away": "12", "compareCode": 1}, {"name": "Total points won", "home": "32", "away": "37", "compareCode": 2}, {"name": "Max points in a row", "home": "5", "away": "4", "compareCode": 1}]}]}, {"period": "2ND", "groups": [{"groupName": "Service", "statisticsItems": [{"name": "Aces", "home": "0", "away": "1", "compareCode": 2}, {"name": "Double faults", "home": "1", "away": "1", "compareCode": 3}, {"name": "First serve", "home": "16/27 (59%)", "away": "23/36 (64%)", "compareCode": 2}, {"name": "Second serve", "home": "10/11 (91%)", "away": "12/13 (92%)", "compareCode": 2}, {"name": "First serve points", "home": "12/16 (75%)", "away": "16/23 (70%)", "compareCode": 2}, {"name": "Second serve points", "home": "3/11 (27%)", "away": "6/13 (46%)", "compareCode": 2}, {"name": "Break points saved", "home": "1/3 (33%)", "away": "5/6 (83%)", "compareCode": 1}, {"name": "Service games played", "home": "5", "away": "5", "compareCode": 3}]}, {"groupName": "Return", "statisticsItems": [{"name": "First serve return points", "home": "7/23 (30%)", "away": "4/16 (25%)", "compareCode": 2}, {"name": "Second serve return points", "home": "7/13 (53%)", "away": "8/11 (72%)", "compareCode": 2}, {"name": "Break points converted", "home": "1", "away": "2", "compareCode": 2}, {"name": "Return games played", "home": "5", "away": "5", "compareCode": 3}]}, {"groupName": "Points", "statisticsItems": [{"name": "Service points won", "home": "15", "away": "22", "compareCode": 2}, {"name": "Receiver points won", "home": "14", "away": "12", "compareCode": 1}, {"name": "Total points won", "home": "29", "away": "34", "compareCode": 2}, {"name": "Max points in a row", "home": "4", "away": "6", "compareCode": 2}]}]}]}