{"statistics": [{"period": "ALL", "groups": [{"groupName": "Service", "statisticsItems": [{"name": "Aces", "home": "0", "away": "1", "compareCode": 2}, {"name": "Double faults", "home": "0", "away": "8", "compareCode": 2}, {"name": "First serve", "home": "40/66 (61%)", "away": "61/87 (70%)", "compareCode": 2}, {"name": "Second serve", "home": "26/26 (100%)", "away": "18/26 (69%)", "compareCode": 1}, {"name": "First serve points", "home": "24/40 (60%)", "away": "43/61 (70%)", "compareCode": 2}, {"name": "Second serve points", "home": "12/26 (46%)", "away": "9/26 (35%)", "compareCode": 1}, {"name": "Break points saved", "home": "6/9 (66%)", "away": "4/5 (80%)", "compareCode": 2}, {"name": "Service games played", "home": "9", "away": "10", "compareCode": 2}]}, {"groupName": "Return", "statisticsItems": [{"name": "First serve return points", "home": "18/61 (29%)", "away": "16/40 (40%)", "compareCode": 2}, {"name": "Second serve return points", "home": "17/26 (65%)", "away": "14/26 (53%)", "compareCode": 3}, {"name": "Break points converted", "home": "1", "away": "3", "compareCode": 2}, {"name": "Return games played", "home": "10", "away": "9", "compareCode": 2}]}, {"groupName": "Points", "statisticsItems": [{"name": "Service points won", "home": "36", "away": "52", "compareCode": 2}, {"name": "Receiver points won", "home": "35", "away": "30", "compareCode": 1}, {"name": "Total points won", "home": "71", "away": "82", "compareCode": 2}, {"name": "Max points in a row", "home": "3", "away": "5", "compareCode": 2}]}]}, {"period": "1ST", "groups": [{"groupName": "Service", "statisticsItems": [{"name": "Aces", "home": "0", "away": "1", "compareCode": 2}, {"name": "Double faults", "home": "0", "away": "6", "compareCode": 2}, {"name": "First serve", "home": "26/40 (65%)", "away": "30/42 (71%)", "compareCode": 2}, {"name": "Second serve", "home": "14/14 (100%)", "away": "6/12 (50%)", "compareCode": 1}, {"name": "First serve points", "home": "15/26 (58%)", "away": "20/30 (67%)", "compareCode": 2}, {"name": "Second serve points", "home": "6/14 (43%)", "away": "4/12 (33%)", "compareCode": 1}, {"name": "Break points saved", "home": "6/8 (75%)", "away": "2/3 (66%)", "compareCode": 2}, {"name": "Service games played", "home": "5", "away": "5", "compareCode": 3}]}, {"groupName": "Return", "statisticsItems": [{"name": "First serve return points", "home": "10/30 (33%)", "away": "11/26 (42%)", "compareCode": 2}, {"name": "Second serve return points", "home": "8/12 (66%)", "away": "8/14 (57%)", "compareCode": 1}, {"name": "Break points converted", "home": "1", "away": "2", "compareCode": 2}, {"name": "Return games played", "home": "5", "away": "5", "compareCode": 3}]}, {"groupName": "Points", "statisticsItems": [{"name": "Service points won", "home": "21", "away": "24", "compareCode": 2}, {"name": "Receiver points won", "home": "18", "away": "19", "compareCode": 2}, {"name": "Total points won", "home": "39", "away": "43", "compareCode": 2}, {"name": "Max points in a row", "home": "3", "away": "4", "compareCode": 2}]}]}, {"period": "2ND", "groups": [{"groupName": "Service", "statisticsItems": [{"name": "Aces", "home": "0", "away": "0", "compareCode": 3}, {"name": "Double faults", "home": "0", "away": "2", "compareCode": 2}, {"name": "First serve", "home": "14/26 (54%)", "away": "31/45 (69%)", "compareCode": 2}, {"name": "Second serve", "home": "12/12 (100%)", "away": "12/14 (86%)", "compareCode": 1}, {"name": "First serve points", "home": "9/14 (64%)", "away": "23/31 (74%)", "compareCode": 2}, {"name": "Second serve points", "home": "6/12 (50%)", "away": "5/14 (36%)", "compareCode": 1}, {"name": "Break points saved", "home": "0/1 (0%)", "away": "2/2 (100%)", "compareCode": 1}, {"name": "Service games played", "home": "4", "away": "5", "compareCode": 2}]}, {"groupName": "Return", "statisticsItems": [{"name": "First serve return points", "home": "8/31 (25%)", "away": "5/14 (35%)", "compareCode": 2}, {"name": "Second serve return points", "home": "9/14 (64%)", "away": "6/12 (50%)", "compareCode": 2}, {"name": "Break points converted", "home": "0", "away": "1", "compareCode": 2}, {"name": "Return games played", "home": "5", "away": "4", "compareCode": 2}]}, {"groupName": "Points", "statisticsItems": [{"name": "Service points won", "home": "15", "away": "28", "compareCode": 2}, {"name": "Receiver points won", "home": "17", "away": "11", "compareCode": 1}, {"name": "Total points won", "home": "32", "away": "39", "compareCode": 2}, {"name": "Max points in a row", "home": "3", "away": "5", "compareCode": 2}]}]}]}