{"statistics": [{"period": "ALL", "groups": [{"groupName": "Service", "statisticsItems": [{"name": "Aces", "home": "1", "away": "4", "compareCode": 2}, {"name": "Double faults", "home": "5", "away": "7", "compareCode": 2}, {"name": "First serve", "home": "55/71 (77%)", "away": "42/64 (66%)", "compareCode": 1}, {"name": "Second serve", "home": "11/16 (69%)", "away": "15/22 (68%)", "compareCode": 1}, {"name": "First serve points", "home": "35/55 (64%)", "away": "22/42 (52%)", "compareCode": 1}, {"name": "Second serve points", "home": "3/16 (19%)", "away": "6/22 (27%)", "compareCode": 2}, {"name": "Break points saved", "home": "4/8 (50%)", "away": "7/14 (50%)", "compareCode": 1}, {"name": "Service games played", "home": "10", "away": "10", "compareCode": 3}]}, {"groupName": "Return", "statisticsItems": [{"name": "First serve return points", "home": "20/42 (47%)", "away": "20/55 (36%)", "compareCode": 1}, {"name": "Second serve return points", "home": "16/22 (72%)", "away": "13/16 (81%)", "compareCode": 2}, {"name": "Break points converted", "home": "7", "away": "4", "compareCode": 1}, {"name": "Return games played", "home": "10", "away": "10", "compareCode": 3}]}, {"groupName": "Points", "statisticsItems": [{"name": "Service points won", "home": "38", "away": "28", "compareCode": 1}, {"name": "Receiver points won", "home": "36", "away": "33", "compareCode": 1}, {"name": "Total points won", "home": "74", "away": "61", "compareCode": 1}, {"name": "Max points in a row", "home": "5", "away": "6", "compareCode": 2}]}]}, {"period": "1ST", "groups": [{"groupName": "Service", "statisticsItems": [{"name": "Aces", "home": "0", "away": "2", "compareCode": 2}, {"name": "Double faults", "home": "4", "away": "3", "compareCode": 1}, {"name": "First serve", "home": "22/32 (69%)", "away": "16/26 (62%)", "compareCode": 1}, {"name": "Second serve", "home": "6/10 (60%)", "away": "7/10 (70%)", "compareCode": 2}, {"name": "First serve points", "home": "15/22 (68%)", "away": "9/16 (56%)", "compareCode": 1}, {"name": "Second serve points", "home": "3/10 (30%)", "away": "2/10 (20%)", "compareCode": 1}, {"name": "Break points saved", "home": "2/3 (66%)", "away": "2/5 (40%)", "compareCode": 1}, {"name": "Service games played", "home": "4", "away": "4", "compareCode": 3}]}, {"groupName": "Return", "statisticsItems": [{"name": "First serve return points", "home": "7/16 (43%)", "away": "7/22 (31%)", "compareCode": 1}, {"name": "Second serve return points", "home": "8/10 (80%)", "away": "7/10 (70%)", "compareCode": 3}, {"name": "Break points converted", "home": "3", "away": "1", "compareCode": 1}, {"name": "Return games played", "home": "4", "away": "4", "compareCode": 3}]}, {"groupName": "Points", "statisticsItems": [{"name": "Service points won", "home": "18", "away": "11", "compareCode": 1}, {"name": "Receiver points won", "home": "15", "away": "14", "compareCode": 1}, {"name": "Total points won", "home": "33", "away": "25", "compareCode": 1}, {"name": "Max points in a row", "home": "3", "away": "5", "compareCode": 2}]}]}, {"period": "2ND", "groups": [{"groupName": "Service", "statisticsItems": [{"name": "Aces", "home": "1", "away": "2", "compareCode": 2}, {"name": "Double faults", "home": "1", "away": "4", "compareCode": 2}, {"name": "First serve", "home": "33/39 (85%)", "away": "26/38 (68%)", "compareCode": 1}, {"name": "Second serve", "home": "5/6 (83%)", "away": "8/12 (67%)", "compareCode": 1}, {"name": "First serve points", "home": "20/33 (61%)", "away": "13/26 (50%)", "compareCode": 1}, {"name": "Second serve points", "home": "0/6 (0%)", "away": "4/12 (33%)", "compareCode": 2}, {"name": "Break points saved", "home": "2/5 (40%)", "away": "5/9 (55%)", "compareCode": 1}, {"name": "Service games played", "home": "6", "away": "6", "compareCode": 3}]}, {"groupName": "Return", "statisticsItems": [{"name": "First serve return points", "home": "13/26 (50%)", "away": "13/33 (39%)", "compareCode": 1}, {"name": "Second serve return points", "home": "8/12 (66%)", "away": "6/6 (100%)", "compareCode": 2}, {"name": "Break points converted", "home": "4", "away": "3", "compareCode": 1}, {"name": "Return games played", "home": "6", "away": "6", "compareCode": 3}]}, {"groupName": "Points", "statisticsItems": [{"name": "Service points won", "home": "20", "away": "17", "compareCode": 1}, {"name": "Receiver points won", "home": "21", "away": "19", "compareCode": 1}, {"name": "Total points won", "home": "41", "away": "36", "compareCode": 1}, {"name": "Max points in a row", "home": "5", "away": "6", "compareCode": 2}]}]}]}