{"statistics": [{"period": "ALL", "groups": [{"groupName": "Service", "statisticsItems": [{"name": "Aces", "home": "2", "away": "1", "compareCode": 1}, {"name": "Double faults", "home": "4", "away": "5", "compareCode": 2}, {"name": "First serve", "home": "35/48 (73%)", "away": "24/44 (55%)", "compareCode": 1}, {"name": "Second serve", "home": "9/13 (69%)", "away": "15/20 (75%)", "compareCode": 2}, {"name": "First serve points", "home": "24/35 (69%)", "away": "16/24 (67%)", "compareCode": 1}, {"name": "Second serve points", "home": "8/13 (62%)", "away": "5/20 (25%)", "compareCode": 1}, {"name": "Break points saved", "home": "1/1 (100%)", "away": "3/8 (37%)", "compareCode": 1}, {"name": "Service games played", "home": "7", "away": "8", "compareCode": 2}]}, {"groupName": "Return", "statisticsItems": [{"name": "First serve return points", "home": "8/24 (33%)", "away": "11/35 (31%)", "compareCode": 1}, {"name": "Second serve return points", "home": "15/20 (75%)", "away": "5/13 (38%)", "compareCode": 2}, {"name": "Break points converted", "home": "5", "away": "0", "compareCode": 1}, {"name": "Return games played", "home": "8", "away": "7", "compareCode": 2}]}, {"groupName": "Points", "statisticsItems": [{"name": "Service points won", "home": "32", "away": "21", "compareCode": 1}, {"name": "Receiver points won", "home": "23", "away": "16", "compareCode": 1}, {"name": "Total points won", "home": "55", "away": "37", "compareCode": 1}, {"name": "Max points in a row", "home": "5", "away": "5", "compareCode": 3}]}]}, {"period": "1ST", "groups": [{"groupName": "Service", "statisticsItems": [{"name": "Aces", "home": "0", "away": "1", "compareCode": 2}, {"name": "Double faults", "home": "3", "away": "3", "compareCode": 3}, {"name": "First serve", "home": "13/20 (65%)", "away": "13/25 (52%)", "compareCode": 1}, {"name": "Second serve", "home": "4/7 (57%)", "away": "9/12 (75%)", "compareCode": 2}, {"name": "First serve points", "home": "10/13 (77%)", "away": "9/13 (69%)", "compareCode": 1}, {"name": "Second serve points", "home": "3/7 (43%)", "away": "2/12 (17%)", "compareCode": 1}, {"name": "Break points saved", "home": "0/0 (0%)", "away": "2/5 (40%)", "compareCode": 1}, {"name": "Service games played", "home": "3", "away": "4", "compareCode": 2}]}, {"groupName": "Return", "statisticsItems": [{"name": "First serve return points", "home": "4/13 (30%)", "away": "3/13 (23%)", "compareCode": 2}, {"name": "Second serve return points", "home": "10/12 (83%)", "away": "4/7 (57%)", "compareCode": 2}, {"name": "Break points converted", "home": "3", "away": "0", "compareCode": 1}, {"name": "Return games played", "home": "4", "away": "3", "compareCode": 2}]}, {"groupName": "Points", "statisticsItems": [{"name": "Service points won", "home": "13", "away": "11", "compareCode": 1}, {"name": "Receiver points won", "home": "14", "away": "7", "compareCode": 1}, {"name": "Total points won", "home": "27", "away": "18", "compareCode": 1}, {"name": "Max points in a row", "home": "5", "away": "5", "compareCode": 3}]}]}, {"period": "2ND", "groups": [{"groupName": "Service", "statisticsItems": [{"name": "Aces", "home": "2", "away": "0", "compareCode": 1}, {"name": "Double faults", "home": "1", "away": "2", "compareCode": 2}, {"name": "First serve", "home": "22/28 (79%)", "away": "11/19 (58%)", "compareCode": 1}, {"name": "Second serve", "home": "5/6 (83%)", "away": "6/8 (75%)", "compareCode": 1}, {"name": "First serve points", "home": "14/22 (64%)", "away": "7/11 (64%)", "compareCode": 1}, {"name": "Second serve points", "home": "5/6 (83%)", "away": "3/8 (38%)", "compareCode": 1}, {"name": "Break points saved", "home": "1/1 (100%)", "away": "1/3 (33%)", "compareCode": 1}, {"name": "Service games played", "home": "4", "away": "4", "compareCode": 3}]}, {"groupName": "Return", "statisticsItems": [{"name": "First serve return points", "home": "4/11 (36%)", "away": "8/22 (36%)", "compareCode": 1}, {"name": "Second serve return points", "home": "5/8 (62%)", "away": "1/6 (16%)", "compareCode": 2}, {"name": "Break points converted", "home": "2", "away": "0", "compareCode": 1}, {"name": "Return games played", "home": "4", "away": "4", "compareCode": 3}]}, {"groupName": "Points", "statisticsItems": [{"name": "Service points won", "home": "19", "away": "10", "compareCode": 1}, {"name": "Receiver points won", "home": "9", "away": "9", "compareCode": 3}, {"name": "Total points won", "home": "28", "away": "19", "compareCode": 1}, {"name": "Max points in a row", "home": "4", "away": "4", "compareCode": 3}]}]}]}