{"statistics": [{"period": "ALL", "groups": [{"groupName": "Service", "statisticsItems": [{"name": "Aces", "home": "1", "away": "1", "compareCode": 3}, {"name": "Double faults", "home": "9", "away": "2", "compareCode": 1}, {"name": "First serve", "home": "32/59 (54%)", "away": "32/60 (53%)", "compareCode": 1}, {"name": "Second serve", "home": "18/27 (67%)", "away": "26/28 (93%)", "compareCode": 2}, {"name": "First serve points", "home": "18/32 (56%)", "away": "23/32 (72%)", "compareCode": 2}, {"name": "Second serve points", "home": "10/27 (37%)", "away": "16/28 (57%)", "compareCode": 2}, {"name": "Break points saved", "home": "7/11 (63%)", "away": "4/4 (100%)", "compareCode": 2}, {"name": "Service games played", "home": "7", "away": "8", "compareCode": 2}]}, {"groupName": "Return", "statisticsItems": [{"name": "First serve return points", "home": "9/32 (28%)", "away": "14/32 (43%)", "compareCode": 2}, {"name": "Second serve return points", "home": "12/28 (42%)", "away": "17/27 (62%)", "compareCode": 2}, {"name": "Break points converted", "home": "0", "away": "4", "compareCode": 2}, {"name": "Return games played", "home": "8", "away": "7", "compareCode": 2}]}, {"groupName": "Points", "statisticsItems": [{"name": "Service points won", "home": "28", "away": "39", "compareCode": 2}, {"name": "Receiver points won", "home": "21", "away": "31", "compareCode": 2}, {"name": "Total points won", "home": "49", "away": "70", "compareCode": 2}, {"name": "Max points in a row", "home": "4", "away": "7", "compareCode": 2}]}]}, {"period": "1ST", "groups": [{"groupName": "Service", "statisticsItems": [{"name": "Aces", "home": "1", "away": "1", "compareCode": 3}, {"name": "Double faults", "home": "4", "away": "1", "compareCode": 1}, {"name": "First serve", "home": "21/38 (55%)", "away": "22/37 (59%)", "compareCode": 2}, {"name": "Second serve", "home": "13/17 (76%)", "away": "14/15 (93%)", "compareCode": 2}, {"name": "First serve points", "home": "13/21 (62%)", "away": "16/22 (73%)", "compareCode": 2}, {"name": "Second serve points", "home": "8/17 (47%)", "away": "8/15 (53%)", "compareCode": 3}, {"name": "Break points saved", "home": "4/5 (80%)", "away": "2/2 (100%)", "compareCode": 2}, {"name": "Service games played", "home": "4", "away": "5", "compareCode": 2}]}, {"groupName": "Return", "statisticsItems": [{"name": "First serve return points", "home": "6/22 (27%)", "away": "8/21 (38%)", "compareCode": 1}, {"name": "Second serve return points", "home": "7/15 (46%)", "away": "9/17 (52%)", "compareCode": 1}, {"name": "Break points converted", "home": "0", "away": "1", "compareCode": 2}, {"name": "Return games played", "home": "5", "away": "4", "compareCode": 2}]}, {"groupName": "Points", "statisticsItems": [{"name": "Service points won", "home": "21", "away": "24", "compareCode": 2}, {"name": "Receiver points won", "home": "13", "away": "17", "compareCode": 2}, {"name": "Total points won", "home": "34", "away": "41", "compareCode": 2}, {"name": "Max points in a row", "home": "4", "away": "3", "compareCode": 1}]}]}, {"period": "2ND", "groups": [{"groupName": "Service", "statisticsItems": [{"name": "Aces", "home": "0", "away": "0", "compareCode": 3}, {"name": "Double faults", "home": "5", "away": "1", "compareCode": 1}, {"name": "First serve", "home": "11/21 (52%)", "away": "10/23 (43%)", "compareCode": 1}, {"name": "Second serve", "home": "5/10 (50%)", "away": "12/13 (92%)", "compareCode": 2}, {"name": "First serve points", "home": "5/11 (45%)", "away": "7/10 (70%)", "compareCode": 2}, {"name": "Second serve points", "home": "2/10 (20%)", "away": "8/13 (62%)", "compareCode": 2}, {"name": "Break points saved", "home": "3/6 (50%)", "away": "2/2 (100%)", "compareCode": 2}, {"name": "Service games played", "home": "3", "away": "3", "compareCode": 3}]}, {"groupName": "Return", "statisticsItems": [{"name": "First serve return points", "home": "3/10 (30%)", "away": "6/11 (54%)", "compareCode": 2}, {"name": "Second serve return points", "home": "5/13 (38%)", "away": "8/10 (80%)", "compareCode": 2}, {"name": "Break points converted", "home": "0", "away": "3", "compareCode": 2}, {"name": "Return games played", "home": "3", "away": "3", "compareCode": 3}]}, {"groupName": "Points", "statisticsItems": [{"name": "Service points won", "home": "7", "away": "15", "compareCode": 2}, {"name": "Receiver points won", "home": "8", "away": "14", "compareCode": 2}, {"name": "Total points won", "home": "15", "away": "29", "compareCode": 2}, {"name": "Max points in a row", "home": "3", "away": "7", "compareCode": 2}]}]}]}