{"statistics": [{"period": "ALL", "groups": [{"groupName": "Service", "statisticsItems": [{"name": "Aces", "home": "1", "away": "0", "compareCode": 1}, {"name": "Double faults", "home": "0", "away": "2", "compareCode": 2}, {"name": "First serve", "home": "45/67 (67%)", "away": "37/58 (64%)", "compareCode": 1}, {"name": "Second serve", "home": "22/22 (100%)", "away": "19/21 (90%)", "compareCode": 1}, {"name": "First serve points", "home": "29/45 (64%)", "away": "20/37 (54%)", "compareCode": 1}, {"name": "Second serve points", "home": "13/22 (59%)", "away": "12/21 (57%)", "compareCode": 1}, {"name": "Break points saved", "home": "9/11 (81%)", "away": "1/5 (20%)", "compareCode": 2}, {"name": "Service games played", "home": "10", "away": "9", "compareCode": 1}]}, {"groupName": "Return", "statisticsItems": [{"name": "First serve return points", "home": "17/37 (45%)", "away": "16/45 (35%)", "compareCode": 1}, {"name": "Second serve return points", "home": "9/21 (42%)", "away": "9/22 (40%)", "compareCode": 1}, {"name": "Break points converted", "home": "4", "away": "2", "compareCode": 1}, {"name": "Return games played", "home": "9", "away": "10", "compareCode": 1}]}, {"groupName": "Points", "statisticsItems": [{"name": "Service points won", "home": "42", "away": "32", "compareCode": 1}, {"name": "Receiver points won", "home": "26", "away": "25", "compareCode": 1}, {"name": "Total points won", "home": "68", "away": "57", "compareCode": 1}, {"name": "Max points in a row", "home": "6", "away": "4", "compareCode": 1}]}]}, {"period": "1ST", "groups": [{"groupName": "Service", "statisticsItems": [{"name": "Aces", "home": "0", "away": "0", "compareCode": 3}, {"name": "Double faults", "home": "0", "away": "2", "compareCode": 2}, {"name": "First serve", "home": "21/32 (66%)", "away": "16/29 (55%)", "compareCode": 1}, {"name": "Second serve", "home": "11/11 (100%)", "away": "11/13 (85%)", "compareCode": 1}, {"name": "First serve points", "home": "12/21 (57%)", "away": "7/16 (44%)", "compareCode": 1}, {"name": "Second serve points", "home": "6/11 (55%)", "away": "6/13 (46%)", "compareCode": 3}, {"name": "Break points saved", "home": "5/7 (71%)", "away": "1/4 (25%)", "compareCode": 2}, {"name": "Service games played", "home": "5", "away": "4", "compareCode": 1}]}, {"groupName": "Return", "statisticsItems": [{"name": "First serve return points", "home": "9/16 (56%)", "away": "9/21 (42%)", "compareCode": 1}, {"name": "Second serve return points", "home": "7/13 (53%)", "away": "5/11 (45%)", "compareCode": 2}, {"name": "Break points converted", "home": "3", "away": "2", "compareCode": 1}, {"name": "Return games played", "home": "4", "away": "5", "compareCode": 1}]}, {"groupName": "Points", "statisticsItems": [{"name": "Service points won", "home": "18", "away": "13", "compareCode": 1}, {"name": "Receiver points won", "home": "16", "away": "14", "compareCode": 1}, {"name": "Total points won", "home": "34", "away": "27", "compareCode": 1}, {"name": "Max points in a row", "home": "6", "away": "4", "compareCode": 1}]}]}, {"period": "2ND", "groups": [{"groupName": "Service", "statisticsItems": [{"name": "Aces", "home": "1", "away": "0", "compareCode": 1}, {"name": "Double faults", "home": "0", "away": "0", "compareCode": 3}, {"name": "First serve", "home": "24/35 (69%)", "away": "21/29 (72%)", "compareCode": 2}, {"name": "Second serve", "home": "11/11 (100%)", "away": "8/8 (100%)", "compareCode": 3}, {"name": "First serve points", "home": "17/24 (71%)", "away": "13/21 (62%)", "compareCode": 1}, {"name": "Second serve points", "home": "7/11 (64%)", "away": "6/8 (75%)", "compareCode": 1}, {"name": "Break points saved", "home": "4/4 (100%)", "away": "0/1 (0%)", "compareCode": 2}, {"name": "Service games played", "home": "5", "away": "5", "compareCode": 3}]}, {"groupName": "Return", "statisticsItems": [{"name": "First serve return points", "home": "8/21 (38%)", "away": "7/24 (29%)", "compareCode": 1}, {"name": "Second serve return points", "home": "2/8 (25%)", "away": "4/11 (36%)", "compareCode": 1}, {"name": "Break points converted", "home": "1", "away": "0", "compareCode": 1}, {"name": "Return games played", "home": "5", "away": "5", "compareCode": 3}]}, {"groupName": "Points", "statisticsItems": [{"name": "Service points won", "home": "24", "away": "19", "compareCode": 1}, {"name": "Receiver points won", "home": "10", "away": "11", "compareCode": 2}, {"name": "Total points won", "home": "34", "away": "30", "compareCode": 1}, {"name": "Max points in a row", "home": "6", "away": "4", "compareCode": 1}]}]}]}