{"statistics": [{"period": "ALL", "groups": [{"groupName": "Service", "statisticsItems": [{"name": "Aces", "home": "2", "away": "0", "compareCode": 1}, {"name": "Double faults", "home": "4", "away": "3", "compareCode": 1}, {"name": "First serve", "home": "20/51 (39%)", "away": "28/43 (65%)", "compareCode": 2}, {"name": "Second serve", "home": "27/31 (87%)", "away": "12/15 (80%)", "compareCode": 1}, {"name": "First serve points", "home": "15/20 (75%)", "away": "19/28 (68%)", "compareCode": 2}, {"name": "Second serve points", "home": "19/31 (61%)", "away": "2/15 (13%)", "compareCode": 1}, {"name": "Break points saved", "home": "1/1 (100%)", "away": "4/8 (50%)", "compareCode": 1}, {"name": "Service games played", "home": "8", "away": "7", "compareCode": 1}]}, {"groupName": "Return", "statisticsItems": [{"name": "First serve return points", "home": "9/28 (32%)", "away": "5/20 (25%)", "compareCode": 1}, {"name": "Second serve return points", "home": "13/15 (86%)", "away": "12/31 (38%)", "compareCode": 1}, {"name": "Break points converted", "home": "4", "away": "0", "compareCode": 1}, {"name": "Return games played", "home": "7", "away": "8", "compareCode": 1}]}, {"groupName": "Points", "statisticsItems": [{"name": "Service points won", "home": "34", "away": "21", "compareCode": 1}, {"name": "Receiver points won", "home": "22", "away": "17", "compareCode": 1}, {"name": "Total points won", "home": "56", "away": "38", "compareCode": 1}, {"name": "Max points in a row", "home": "4", "away": "5", "compareCode": 2}]}]}, {"period": "1ST", "groups": [{"groupName": "Service", "statisticsItems": [{"name": "Aces", "home": "1", "away": "0", "compareCode": 1}, {"name": "Double faults", "home": "1", "away": "3", "compareCode": 2}, {"name": "First serve", "home": "5/18 (28%)", "away": "11/17 (65%)", "compareCode": 2}, {"name": "Second serve", "home": "12/13 (92%)", "away": "3/6 (50%)", "compareCode": 1}, {"name": "First serve points", "home": "4/5 (80%)", "away": "5/11 (45%)", "compareCode": 2}, {"name": "Second serve points", "home": "8/13 (62%)", "away": "0/6 (0%)", "compareCode": 1}, {"name": "Break points saved", "home": "0/0 (0%)", "away": "1/4 (25%)", "compareCode": 1}, {"name": "Service games played", "home": "3", "away": "3", "compareCode": 3}]}, {"groupName": "Return", "statisticsItems": [{"name": "First serve return points", "home": "6/11 (54%)", "away": "1/5 (20%)", "compareCode": 1}, {"name": "Second serve return points", "home": "6/6 (100%)", "away": "5/13 (38%)", "compareCode": 1}, {"name": "Break points converted", "home": "3", "away": "0", "compareCode": 1}, {"name": "Return games played", "home": "3", "away": "3", "compareCode": 3}]}, {"groupName": "Points", "statisticsItems": [{"name": "Service points won", "home": "12", "away": "5", "compareCode": 1}, {"name": "Receiver points won", "home": "12", "away": "6", "compareCode": 1}, {"name": "Total points won", "home": "24", "away": "11", "compareCode": 1}, {"name": "Max points in a row", "home": "4", "away": "1", "compareCode": 1}]}]}, {"period": "2ND", "groups": [{"groupName": "Service", "statisticsItems": [{"name": "Aces", "home": "1", "away": "0", "compareCode": 1}, {"name": "Double faults", "home": "3", "away": "0", "compareCode": 1}, {"name": "First serve", "home": "15/33 (45%)", "away": "17/26 (65%)", "compareCode": 2}, {"name": "Second serve", "home": "15/18 (83%)", "away": "9/9 (100%)", "compareCode": 2}, {"name": "First serve points", "home": "11/15 (73%)", "away": "14/17 (82%)", "compareCode": 2}, {"name": "Second serve points", "home": "11/18 (61%)", "away": "2/9 (22%)", "compareCode": 1}, {"name": "Break points saved", "home": "1/1 (100%)", "away": "3/4 (75%)", "compareCode": 1}, {"name": "Service games played", "home": "5", "away": "4", "compareCode": 1}]}, {"groupName": "Return", "statisticsItems": [{"name": "First serve return points", "home": "3/17 (17%)", "away": "4/15 (26%)", "compareCode": 1}, {"name": "Second serve return points", "home": "7/9 (77%)", "away": "7/18 (38%)", "compareCode": 1}, {"name": "Break points converted", "home": "1", "away": "0", "compareCode": 1}, {"name": "Return games played", "home": "4", "away": "5", "compareCode": 1}]}, {"groupName": "Points", "statisticsItems": [{"name": "Service points won", "home": "22", "away": "16", "compareCode": 1}, {"name": "Receiver points won", "home": "10", "away": "11", "compareCode": 2}, {"name": "Total points won", "home": "32", "away": "27", "compareCode": 1}, {"name": "Max points in a row", "home": "4", "away": "5", "compareCode": 2}]}]}]}