{"statistics": [{"period": "ALL", "groups": [{"groupName": "Service", "statisticsItems": [{"name": "Aces", "home": "2", "away": "0", "compareCode": 1}, {"name": "Double faults", "home": "5", "away": "3", "compareCode": 1}, {"name": "First serve", "home": "32/63 (51%)", "away": "25/39 (64%)", "compareCode": 2}, {"name": "Second serve", "home": "26/31 (84%)", "away": "11/14 (79%)", "compareCode": 1}, {"name": "First serve points", "home": "20/32 (63%)", "away": "10/25 (40%)", "compareCode": 1}, {"name": "Second serve points", "home": "16/31 (52%)", "away": "3/14 (21%)", "compareCode": 1}, {"name": "Break points saved", "home": "6/8 (75%)", "away": "2/8 (25%)", "compareCode": 3}, {"name": "Service games played", "home": "8", "away": "7", "compareCode": 1}]}, {"groupName": "Return", "statisticsItems": [{"name": "First serve return points", "home": "15/25 (60%)", "away": "12/32 (37%)", "compareCode": 1}, {"name": "Second serve return points", "home": "11/14 (78%)", "away": "15/31 (48%)", "compareCode": 1}, {"name": "Break points converted", "home": "6", "away": "2", "compareCode": 1}, {"name": "Return games played", "home": "7", "away": "8", "compareCode": 1}]}, {"groupName": "Points", "statisticsItems": [{"name": "Service points won", "home": "36", "away": "13", "compareCode": 1}, {"name": "Receiver points won", "home": "26", "away": "27", "compareCode": 2}, {"name": "Total points won", "home": "62", "away": "40", "compareCode": 1}, {"name": "Max points in a row", "home": "6", "away": "4", "compareCode": 1}]}]}, {"period": "1ST", "groups": [{"groupName": "Service", "statisticsItems": [{"name": "Aces", "home": "2", "away": "0", "compareCode": 1}, {"name": "Double faults", "home": "4", "away": "1", "compareCode": 1}, {"name": "First serve", "home": "16/40 (40%)", "away": "9/15 (60%)", "compareCode": 2}, {"name": "Second serve", "home": "20/24 (83%)", "away": "5/6 (83%)", "compareCode": 3}, {"name": "First serve points", "home": "10/16 (63%)", "away": "2/9 (22%)", "compareCode": 1}, {"name": "Second serve points", "home": "12/24 (50%)", "away": "1/6 (17%)", "compareCode": 1}, {"name": "Break points saved", "home": "3/4 (75%)", "away": "0/3 (0%)", "compareCode": 2}, {"name": "Service games played", "home": "4", "away": "3", "compareCode": 1}]}, {"groupName": "Return", "statisticsItems": [{"name": "First serve return points", "home": "7/9 (77%)", "away": "6/16 (37%)", "compareCode": 1}, {"name": "Second serve return points", "home": "5/6 (83%)", "away": "12/24 (50%)", "compareCode": 1}, {"name": "Break points converted", "home": "3", "away": "1", "compareCode": 1}, {"name": "Return games played", "home": "3", "away": "4", "compareCode": 1}]}, {"groupName": "Points", "statisticsItems": [{"name": "Service points won", "home": "22", "away": "3", "compareCode": 1}, {"name": "Receiver points won", "home": "12", "away": "18", "compareCode": 2}, {"name": "Total points won", "home": "34", "away": "21", "compareCode": 1}, {"name": "Max points in a row", "home": "4", "away": "3", "compareCode": 1}]}]}, {"period": "2ND", "groups": [{"groupName": "Service", "statisticsItems": [{"name": "Aces", "home": "0", "away": "0", "compareCode": 3}, {"name": "Double faults", "home": "1", "away": "2", "compareCode": 2}, {"name": "First serve", "home": "16/23 (70%)", "away": "16/24 (67%)", "compareCode": 1}, {"name": "Second serve", "home": "6/7 (86%)", "away": "6/8 (75%)", "compareCode": 1}, {"name": "First serve points", "home": "10/16 (63%)", "away": "8/16 (50%)", "compareCode": 1}, {"name": "Second serve points", "home": "4/7 (57%)", "away": "2/8 (25%)", "compareCode": 1}, {"name": "Break points saved", "home": "3/4 (75%)", "away": "2/5 (40%)", "compareCode": 1}, {"name": "Service games played", "home": "4", "away": "4", "compareCode": 3}]}, {"groupName": "Return", "statisticsItems": [{"name": "First serve return points", "home": "8/16 (50%)", "away": "6/16 (37%)", "compareCode": 2}, {"name": "Second serve return points", "home": "6/8 (75%)", "away": "3/7 (42%)", "compareCode": 2}, {"name": "Break points converted", "home": "3", "away": "1", "compareCode": 1}, {"name": "Return games played", "home": "4", "away": "4", "compareCode": 3}]}, {"groupName": "Points", "statisticsItems": [{"name": "Service points won", "home": "14", "away": "10", "compareCode": 1}, {"name": "Receiver points won", "home": "14", "away": "9", "compareCode": 1}, {"name": "Total points won", "home": "28", "away": "19", "compareCode": 1}, {"name": "Max points in a row", "home": "6", "away": "4", "compareCode": 1}]}]}]}