{"statistics": [{"period": "ALL", "groups": [{"groupName": "Service", "statisticsItems": [{"name": "Aces", "home": "0", "away": "0", "compareCode": 3}, {"name": "Double faults", "home": "2", "away": "3", "compareCode": 2}, {"name": "First serve", "home": "45/62 (73%)", "away": "63/86 (73%)", "compareCode": 3}, {"name": "Second serve", "home": "15/17 (88%)", "away": "20/23 (87%)", "compareCode": 1}, {"name": "First serve points", "home": "26/45 (58%)", "away": "27/63 (43%)", "compareCode": 2}, {"name": "Second serve points", "home": "4/17 (24%)", "away": "9/23 (39%)", "compareCode": 2}, {"name": "Break points saved", "home": "3/8 (37%)", "away": "2/10 (20%)", "compareCode": 1}, {"name": "Service games played", "home": "10", "away": "10", "compareCode": 3}]}, {"groupName": "Return", "statisticsItems": [{"name": "First serve return points", "home": "36/63 (57%)", "away": "19/45 (42%)", "compareCode": 2}, {"name": "Second serve return points", "home": "14/23 (60%)", "away": "13/17 (76%)", "compareCode": 2}, {"name": "Break points converted", "home": "8", "away": "5", "compareCode": 1}, {"name": "Return games played", "home": "10", "away": "10", "compareCode": 3}]}, {"groupName": "Points", "statisticsItems": [{"name": "Service points won", "home": "30", "away": "36", "compareCode": 2}, {"name": "Receiver points won", "home": "50", "away": "32", "compareCode": 1}, {"name": "Total points won", "home": "80", "away": "68", "compareCode": 1}, {"name": "Max points in a row", "home": "5", "away": "5", "compareCode": 3}]}]}, {"period": "1ST", "groups": [{"groupName": "Service", "statisticsItems": [{"name": "Aces", "home": "0", "away": "0", "compareCode": 3}, {"name": "Double faults", "home": "0", "away": "1", "compareCode": 2}, {"name": "First serve", "home": "16/20 (80%)", "away": "19/30 (63%)", "compareCode": 1}, {"name": "Second serve", "home": "4/4 (100%)", "away": "10/11 (91%)", "compareCode": 1}, {"name": "First serve points", "home": "8/16 (50%)", "away": "6/19 (32%)", "compareCode": 1}, {"name": "Second serve points", "home": "1/4 (25%)", "away": "4/11 (36%)", "compareCode": 2}, {"name": "Break points saved", "home": "0/2 (0%)", "away": "1/5 (20%)", "compareCode": 1}, {"name": "Service games played", "home": "4", "away": "4", "compareCode": 3}]}, {"groupName": "Return", "statisticsItems": [{"name": "First serve return points", "home": "13/19 (68%)", "away": "8/16 (50%)", "compareCode": 2}, {"name": "Second serve return points", "home": "7/11 (63%)", "away": "3/4 (75%)", "compareCode": 2}, {"name": "Break points converted", "home": "4", "away": "2", "compareCode": 1}, {"name": "Return games played", "home": "4", "away": "4", "compareCode": 3}]}, {"groupName": "Points", "statisticsItems": [{"name": "Service points won", "home": "9", "away": "10", "compareCode": 2}, {"name": "Receiver points won", "home": "20", "away": "11", "compareCode": 1}, {"name": "Total points won", "home": "29", "away": "21", "compareCode": 1}, {"name": "Max points in a row", "home": "5", "away": "4", "compareCode": 1}]}]}, {"period": "2ND", "groups": [{"groupName": "Service", "statisticsItems": [{"name": "Aces", "home": "0", "away": "0", "compareCode": 3}, {"name": "Double faults", "home": "2", "away": "2", "compareCode": 3}, {"name": "First serve", "home": "29/42 (69%)", "away": "44/56 (79%)", "compareCode": 2}, {"name": "Second serve", "home": "11/13 (85%)", "away": "10/12 (83%)", "compareCode": 1}, {"name": "First serve points", "home": "18/29 (62%)", "away": "21/44 (48%)", "compareCode": 2}, {"name": "Second serve points", "home": "3/13 (23%)", "away": "5/12 (42%)", "compareCode": 2}, {"name": "Break points saved", "home": "3/6 (50%)", "away": "1/5 (20%)", "compareCode": 2}, {"name": "Service games played", "home": "6", "away": "6", "compareCode": 3}]}, {"groupName": "Return", "statisticsItems": [{"name": "First serve return points", "home": "23/44 (52%)", "away": "11/29 (37%)", "compareCode": 2}, {"name": "Second serve return points", "home": "7/12 (58%)", "away": "10/13 (76%)", "compareCode": 1}, {"name": "Break points converted", "home": "4", "away": "3", "compareCode": 1}, {"name": "Return games played", "home": "6", "away": "6", "compareCode": 3}]}, {"groupName": "Points", "statisticsItems": [{"name": "Service points won", "home": "21", "away": "26", "compareCode": 2}, {"name": "Receiver points won", "home": "30", "away": "21", "compareCode": 1}, {"name": "Total points won", "home": "51", "away": "47", "compareCode": 1}, {"name": "Max points in a row", "home": "5", "away": "5", "compareCode": 3}]}]}]}