{"statistics": [{"period": "ALL", "groups": [{"groupName": "Service", "statisticsItems": [{"name": "Aces", "home": "0", "away": "1", "compareCode": 2}, {"name": "Double faults", "home": "1", "away": "1", "compareCode": 3}, {"name": "First serve", "home": "18/45 (40%)", "away": "18/29 (62%)", "compareCode": 2}, {"name": "Second serve", "home": "26/27 (96%)", "away": "10/11 (91%)", "compareCode": 1}, {"name": "First serve points", "home": "8/18 (44%)", "away": "16/18 (89%)", "compareCode": 2}, {"name": "Second serve points", "home": "6/27 (22%)", "away": "8/11 (73%)", "compareCode": 2}, {"name": "Break points saved", "home": "6/12 (50%)", "away": "0/0 (0%)", "compareCode": 2}, {"name": "Service games played", "home": "6", "away": "6", "compareCode": 3}]}, {"groupName": "Return", "statisticsItems": [{"name": "First serve return points", "home": "2/18 (11%)", "away": "10/18 (55%)", "compareCode": 1}, {"name": "Second serve return points", "home": "3/11 (27%)", "away": "21/27 (77%)", "compareCode": 1}, {"name": "Break points converted", "home": "0", "away": "6", "compareCode": 2}, {"name": "Return games played", "home": "6", "away": "6", "compareCode": 3}]}, {"groupName": "Points", "statisticsItems": [{"name": "Service points won", "home": "14", "away": "24", "compareCode": 2}, {"name": "Receiver points won", "home": "5", "away": "31", "compareCode": 2}, {"name": "Total points won", "home": "19", "away": "55", "compareCode": 2}, {"name": "Max points in a row", "home": "2", "away": "10", "compareCode": 2}]}]}, {"period": "1ST", "groups": [{"groupName": "Service", "statisticsItems": [{"name": "Aces", "home": "0", "away": "1", "compareCode": 2}, {"name": "Double faults", "home": "1", "away": "1", "compareCode": 3}, {"name": "First serve", "home": "7/19 (37%)", "away": "10/15 (67%)", "compareCode": 2}, {"name": "Second serve", "home": "11/12 (92%)", "away": "4/5 (80%)", "compareCode": 1}, {"name": "First serve points", "home": "3/7 (43%)", "away": "9/10 (90%)", "compareCode": 2}, {"name": "Second serve points", "home": "2/12 (17%)", "away": "3/5 (60%)", "compareCode": 2}, {"name": "Break points saved", "home": "2/5 (40%)", "away": "0/0 (0%)", "compareCode": 2}, {"name": "Service games played", "home": "3", "away": "3", "compareCode": 3}]}, {"groupName": "Return", "statisticsItems": [{"name": "First serve return points", "home": "1/10 (10%)", "away": "4/7 (57%)", "compareCode": 1}, {"name": "Second serve return points", "home": "2/5 (40%)", "away": "10/12 (83%)", "compareCode": 1}, {"name": "Break points converted", "home": "0", "away": "3", "compareCode": 2}, {"name": "Return games played", "home": "3", "away": "3", "compareCode": 3}]}, {"groupName": "Points", "statisticsItems": [{"name": "Service points won", "home": "5", "away": "12", "compareCode": 2}, {"name": "Receiver points won", "home": "3", "away": "14", "compareCode": 2}, {"name": "Total points won", "home": "8", "away": "26", "compareCode": 2}, {"name": "Max points in a row", "home": "2", "away": "10", "compareCode": 2}]}]}, {"period": "2ND", "groups": [{"groupName": "Service", "statisticsItems": [{"name": "Aces", "home": "0", "away": "0", "compareCode": 3}, {"name": "Double faults", "home": "0", "away": "0", "compareCode": 3}, {"name": "First serve", "home": "11/26 (42%)", "away": "8/14 (57%)", "compareCode": 2}, {"name": "Second serve", "home": "15/15 (100%)", "away": "6/6 (100%)", "compareCode": 3}, {"name": "First serve points", "home": "5/11 (45%)", "away": "7/8 (88%)", "compareCode": 2}, {"name": "Second serve points", "home": "4/15 (27%)", "away": "5/6 (83%)", "compareCode": 2}, {"name": "Break points saved", "home": "4/7 (57%)", "away": "0/0 (0%)", "compareCode": 2}, {"name": "Service games played", "home": "3", "away": "3", "compareCode": 3}]}, {"groupName": "Return", "statisticsItems": [{"name": "First serve return points", "home": "1/8 (12%)", "away": "6/11 (54%)", "compareCode": 1}, {"name": "Second serve return points", "home": "1/6 (16%)", "away": "11/15 (73%)", "compareCode": 1}, {"name": "Break points converted", "home": "0", "away": "3", "compareCode": 2}, {"name": "Return games played", "home": "3", "away": "3", "compareCode": 3}]}, {"groupName": "Points", "statisticsItems": [{"name": "Service points won", "home": "9", "away": "12", "compareCode": 2}, {"name": "Receiver points won", "home": "2", "away": "17", "compareCode": 2}, {"name": "Total points won", "home": "11", "away": "29", "compareCode": 2}, {"name": "Max points in a row", "home": "2", "away": "10", "compareCode": 2}]}]}]}