{"statistics": [{"period": "ALL", "groups": [{"groupName": "Service", "statisticsItems": [{"name": "Aces", "home": "0", "away": "2", "compareCode": 2}, {"name": "Double faults", "home": "2", "away": "5", "compareCode": 2}, {"name": "First serve", "home": "62/87 (71%)", "away": "39/72 (54%)", "compareCode": 1}, {"name": "Second serve", "home": "23/25 (92%)", "away": "28/33 (85%)", "compareCode": 1}, {"name": "First serve points", "home": "31/62 (50%)", "away": "19/39 (49%)", "compareCode": 1}, {"name": "Second serve points", "home": "14/25 (56%)", "away": "15/33 (45%)", "compareCode": 2}, {"name": "Break points saved", "home": "9/16 (56%)", "away": "5/12 (41%)", "compareCode": 2}, {"name": "Service games played", "home": "11", "away": "11", "compareCode": 3}]}, {"groupName": "Return", "statisticsItems": [{"name": "First serve return points", "home": "20/39 (51%)", "away": "31/62 (50%)", "compareCode": 1}, {"name": "Second serve return points", "home": "18/33 (54%)", "away": "11/25 (44%)", "compareCode": 2}, {"name": "Break points converted", "home": "7", "away": "7", "compareCode": 3}, {"name": "Return games played", "home": "11", "away": "11", "compareCode": 3}]}, {"groupName": "Points", "statisticsItems": [{"name": "Service points won", "home": "45", "away": "34", "compareCode": 1}, {"name": "Receiver points won", "home": "38", "away": "42", "compareCode": 2}, {"name": "Total points won", "home": "83", "away": "76", "compareCode": 1}, {"name": "Max points in a row", "home": "8", "away": "8", "compareCode": 3}]}]}, {"period": "1ST", "groups": [{"groupName": "Service", "statisticsItems": [{"name": "Aces", "home": "0", "away": "1", "compareCode": 2}, {"name": "Double faults", "home": "2", "away": "1", "compareCode": 1}, {"name": "First serve", "home": "33/49 (67%)", "away": "20/36 (56%)", "compareCode": 1}, {"name": "Second serve", "home": "14/16 (88%)", "away": "15/16 (94%)", "compareCode": 2}, {"name": "First serve points", "home": "17/33 (52%)", "away": "10/20 (50%)", "compareCode": 1}, {"name": "Second serve points", "home": "6/16 (38%)", "away": "9/16 (56%)", "compareCode": 2}, {"name": "Break points saved", "home": "6/10 (60%)", "away": "4/7 (57%)", "compareCode": 2}, {"name": "Service games played", "home": "6", "away": "6", "compareCode": 3}]}, {"groupName": "Return", "statisticsItems": [{"name": "First serve return points", "home": "10/20 (50%)", "away": "16/33 (48%)", "compareCode": 1}, {"name": "Second serve return points", "home": "7/16 (43%)", "away": "10/16 (62%)", "compareCode": 3}, {"name": "Break points converted", "home": "3", "away": "4", "compareCode": 2}, {"name": "Return games played", "home": "6", "away": "6", "compareCode": 3}]}, {"groupName": "Points", "statisticsItems": [{"name": "Service points won", "home": "23", "away": "19", "compareCode": 1}, {"name": "Receiver points won", "home": "17", "away": "26", "compareCode": 2}, {"name": "Total points won", "home": "40", "away": "45", "compareCode": 2}, {"name": "Max points in a row", "home": "8", "away": "8", "compareCode": 3}]}]}, {"period": "2ND", "groups": [{"groupName": "Service", "statisticsItems": [{"name": "Aces", "home": "0", "away": "0", "compareCode": 3}, {"name": "Double faults", "home": "0", "away": "4", "compareCode": 2}, {"name": "First serve", "home": "24/30 (80%)", "away": "13/28 (46%)", "compareCode": 1}, {"name": "Second serve", "home": "6/6 (100%)", "away": "11/15 (73%)", "compareCode": 1}, {"name": "First serve points", "home": "10/24 (42%)", "away": "5/13 (38%)", "compareCode": 1}, {"name": "Second serve points", "home": "5/6 (83%)", "away": "5/15 (33%)", "compareCode": 3}, {"name": "Break points saved", "home": "3/6 (50%)", "away": "1/5 (20%)", "compareCode": 2}, {"name": "Service games played", "home": "5", "away": "5", "compareCode": 3}]}, {"groupName": "Return", "statisticsItems": [{"name": "First serve return points", "home": "8/13 (61%)", "away": "14/24 (58%)", "compareCode": 1}, {"name": "Second serve return points", "home": "10/15 (66%)", "away": "1/6 (16%)", "compareCode": 2}, {"name": "Break points converted", "home": "4", "away": "3", "compareCode": 1}, {"name": "Return games played", "home": "5", "away": "5", "compareCode": 3}]}, {"groupName": "Points", "statisticsItems": [{"name": "Service points won", "home": "15", "away": "10", "compareCode": 1}, {"name": "Receiver points won", "home": "18", "away": "15", "compareCode": 1}, {"name": "Total points won", "home": "33", "away": "25", "compareCode": 1}, {"name": "Max points in a row", "home": "8", "away": "3", "compareCode": 1}]}]}, {"period": "3RD", "groups": [{"groupName": "Service", "statisticsItems": [{"name": "Aces", "home": "0", "away": "1", "compareCode": 2}, {"name": "Double faults", "home": "0", "away": "0", "compareCode": 3}, {"name": "First serve", "home": "5/8 (63%)", "away": "6/8 (75%)", "compareCode": 2}, {"name": "Second serve", "home": "3/3 (100%)", "away": "2/2 (100%)", "compareCode": 3}, {"name": "First serve points", "home": "4/5 (80%)", "away": "4/6 (67%)", "compareCode": 3}, {"name": "Second serve points", "home": "3/3 (100%)", "away": "1/2 (50%)", "compareCode": 1}, {"name": "Break points saved", "home": "0/0 (0%)", "away": "0/0 (0%)", "compareCode": 3}, {"name": "Service games played", "home": "0", "away": "0", "compareCode": 3}]}, {"groupName": "Return", "statisticsItems": [{"name": "First serve return points", "home": "2/6 (33%)", "away": "1/5 (20%)", "compareCode": 3}, {"name": "Second serve return points", "home": "1/2 (50%)", "away": "0/3 (0%)", "compareCode": 1}, {"name": "Break points converted", "home": "0", "away": "0", "compareCode": 3}, {"name": "Return games played", "home": "0", "away": "0", "compareCode": 3}]}, {"groupName": "Points", "statisticsItems": [{"name": "Service points won", "home": "7", "away": "5", "compareCode": 1}, {"name": "Receiver points won", "home": "3", "away": "1", "compareCode": 1}, {"name": "Total points won", "home": "10", "away": "6", "compareCode": 1}, {"name": "Max points in a row", "home": "3", "away": "2", "compareCode": 1}]}]}]}