{"statistics": [{"period": "ALL", "groups": [{"groupName": "Service", "statisticsItems": [{"name": "Aces", "home": "0", "away": "0", "compareCode": 3}, {"name": "Double faults", "home": "1", "away": "0", "compareCode": 1}, {"name": "First serve", "home": "42/50 (84%)", "away": "38/53 (72%)", "compareCode": 1}, {"name": "Second serve", "home": "7/8 (88%)", "away": "15/15 (100%)", "compareCode": 2}, {"name": "First serve points", "home": "24/42 (57%)", "away": "14/38 (37%)", "compareCode": 1}, {"name": "Second serve points", "home": "4/8 (50%)", "away": "6/15 (40%)", "compareCode": 2}, {"name": "Break points saved", "home": "2/5 (40%)", "away": "5/12 (41%)", "compareCode": 1}, {"name": "Service games played", "home": "8", "away": "9", "compareCode": 2}]}, {"groupName": "Return", "statisticsItems": [{"name": "First serve return points", "home": "24/38 (63%)", "away": "18/42 (42%)", "compareCode": 2}, {"name": "Second serve return points", "home": "9/15 (60%)", "away": "4/8 (50%)", "compareCode": 2}, {"name": "Break points converted", "home": "7", "away": "3", "compareCode": 1}, {"name": "Return games played", "home": "9", "away": "8", "compareCode": 2}]}, {"groupName": "Points", "statisticsItems": [{"name": "Service points won", "home": "28", "away": "20", "compareCode": 1}, {"name": "Receiver points won", "home": "33", "away": "22", "compareCode": 1}, {"name": "Total points won", "home": "61", "away": "42", "compareCode": 1}, {"name": "Max points in a row", "home": "7", "away": "4", "compareCode": 1}]}]}, {"period": "1ST", "groups": [{"groupName": "Service", "statisticsItems": [{"name": "Aces", "home": "0", "away": "0", "compareCode": 3}, {"name": "Double faults", "home": "0", "away": "0", "compareCode": 3}, {"name": "First serve", "home": "16/19 (84%)", "away": "16/20 (80%)", "compareCode": 1}, {"name": "Second serve", "home": "3/3 (100%)", "away": "4/4 (100%)", "compareCode": 3}, {"name": "First serve points", "home": "12/16 (75%)", "away": "6/16 (38%)", "compareCode": 1}, {"name": "Second serve points", "home": "2/3 (67%)", "away": "2/4 (50%)", "compareCode": 3}, {"name": "Break points saved", "home": "0/1 (0%)", "away": "2/5 (40%)", "compareCode": 1}, {"name": "Service games played", "home": "4", "away": "4", "compareCode": 3}]}, {"groupName": "Return", "statisticsItems": [{"name": "First serve return points", "home": "10/16 (62%)", "away": "4/16 (25%)", "compareCode": 2}, {"name": "Second serve return points", "home": "2/4 (50%)", "away": "1/3 (33%)", "compareCode": 2}, {"name": "Break points converted", "home": "3", "away": "1", "compareCode": 1}, {"name": "Return games played", "home": "4", "away": "4", "compareCode": 3}]}, {"groupName": "Points", "statisticsItems": [{"name": "Service points won", "home": "14", "away": "8", "compareCode": 1}, {"name": "Receiver points won", "home": "12", "away": "5", "compareCode": 1}, {"name": "Total points won", "home": "26", "away": "13", "compareCode": 1}, {"name": "Max points in a row", "home": "5", "away": "4", "compareCode": 1}]}]}, {"period": "2ND", "groups": [{"groupName": "Service", "statisticsItems": [{"name": "Aces", "home": "0", "away": "0", "compareCode": 3}, {"name": "Double faults", "home": "1", "away": "0", "compareCode": 1}, {"name": "First serve", "home": "26/31 (84%)", "away": "22/33 (67%)", "compareCode": 1}, {"name": "Second serve", "home": "4/5 (80%)", "away": "11/11 (100%)", "compareCode": 2}, {"name": "First serve points", "home": "12/26 (46%)", "away": "8/22 (36%)", "compareCode": 1}, {"name": "Second serve points", "home": "2/5 (40%)", "away": "4/11 (36%)", "compareCode": 2}, {"name": "Break points saved", "home": "2/4 (50%)", "away": "3/7 (42%)", "compareCode": 1}, {"name": "Service games played", "home": "4", "away": "5", "compareCode": 2}]}, {"groupName": "Return", "statisticsItems": [{"name": "First serve return points", "home": "14/22 (63%)", "away": "14/26 (53%)", "compareCode": 2}, {"name": "Second serve return points", "home": "7/11 (63%)", "away": "3/5 (60%)", "compareCode": 2}, {"name": "Break points converted", "home": "4", "away": "2", "compareCode": 1}, {"name": "Return games played", "home": "5", "away": "4", "compareCode": 2}]}, {"groupName": "Points", "statisticsItems": [{"name": "Service points won", "home": "14", "away": "12", "compareCode": 1}, {"name": "Receiver points won", "home": "21", "away": "17", "compareCode": 1}, {"name": "Total points won", "home": "35", "away": "29", "compareCode": 1}, {"name": "Max points in a row", "home": "7", "away": "4", "compareCode": 1}]}]}]}