{"statistics": [{"period": "ALL", "groups": [{"groupName": "Service", "statisticsItems": [{"name": "Aces", "home": "0", "away": "0", "compareCode": 3}, {"name": "Double faults", "home": "4", "away": "1", "compareCode": 1}, {"name": "First serve", "home": "26/42 (62%)", "away": "24/38 (63%)", "compareCode": 2}, {"name": "Second serve", "home": "12/16 (75%)", "away": "13/14 (93%)", "compareCode": 2}, {"name": "First serve points", "home": "15/26 (58%)", "away": "14/24 (58%)", "compareCode": 1}, {"name": "Second serve points", "home": "4/16 (25%)", "away": "9/14 (64%)", "compareCode": 2}, {"name": "Break points saved", "home": "2/5 (40%)", "away": "3/4 (75%)", "compareCode": 2}, {"name": "Service games played", "home": "5", "away": "6", "compareCode": 2}]}, {"groupName": "Return", "statisticsItems": [{"name": "First serve return points", "home": "10/24 (41%)", "away": "11/26 (42%)", "compareCode": 1}, {"name": "Second serve return points", "home": "5/14 (35%)", "away": "12/16 (75%)", "compareCode": 1}, {"name": "Break points converted", "home": "1", "away": "3", "compareCode": 2}, {"name": "Return games played", "home": "6", "away": "5", "compareCode": 2}]}, {"groupName": "Points", "statisticsItems": [{"name": "Service points won", "home": "19", "away": "23", "compareCode": 2}, {"name": "Receiver points won", "home": "15", "away": "23", "compareCode": 2}, {"name": "Total points won", "home": "34", "away": "46", "compareCode": 2}, {"name": "Max points in a row", "home": "3", "away": "5", "compareCode": 2}]}]}, {"period": "1ST", "groups": [{"groupName": "Service", "statisticsItems": [{"name": "Aces", "home": "0", "away": "0", "compareCode": 3}, {"name": "Double faults", "home": "4", "away": "1", "compareCode": 1}, {"name": "First serve", "home": "12/24 (50%)", "away": "14/27 (52%)", "compareCode": 2}, {"name": "Second serve", "home": "8/12 (67%)", "away": "12/13 (92%)", "compareCode": 2}, {"name": "First serve points", "home": "7/12 (58%)", "away": "6/14 (43%)", "compareCode": 1}, {"name": "Second serve points", "home": "2/12 (17%)", "away": "9/13 (69%)", "compareCode": 2}, {"name": "Break points saved", "home": "0/3 (0%)", "away": "3/4 (75%)", "compareCode": 1}, {"name": "Service games played", "home": "4", "away": "4", "compareCode": 3}]}, {"groupName": "Return", "statisticsItems": [{"name": "First serve return points", "home": "8/14 (57%)", "away": "5/12 (41%)", "compareCode": 2}, {"name": "Second serve return points", "home": "4/13 (30%)", "away": "10/12 (83%)", "compareCode": 2}, {"name": "Break points converted", "home": "1", "away": "3", "compareCode": 2}, {"name": "Return games played", "home": "4", "away": "4", "compareCode": 3}]}, {"groupName": "Points", "statisticsItems": [{"name": "Service points won", "home": "9", "away": "15", "compareCode": 2}, {"name": "Receiver points won", "home": "12", "away": "15", "compareCode": 2}, {"name": "Total points won", "home": "21", "away": "30", "compareCode": 2}, {"name": "Max points in a row", "home": "3", "away": "5", "compareCode": 2}]}]}, {"period": "2ND", "groups": [{"groupName": "Service", "statisticsItems": [{"name": "Aces", "home": "0", "away": "0", "compareCode": 3}, {"name": "Double faults", "home": "0", "away": "0", "compareCode": 3}, {"name": "First serve", "home": "14/18 (78%)", "away": "10/11 (91%)", "compareCode": 2}, {"name": "Second serve", "home": "4/4 (100%)", "away": "1/1 (100%)", "compareCode": 3}, {"name": "First serve points", "home": "8/14 (57%)", "away": "6/8 (75%)", "compareCode": 1}, {"name": "Second serve points", "home": "2/4 (50%)", "away": "0/1 (0%)", "compareCode": 1}, {"name": "Break points saved", "home": "2/2 (100%)", "away": "0/0 (0%)", "compareCode": 2}, {"name": "Service games played", "home": "1", "away": "1", "compareCode": 3}]}, {"groupName": "Return", "statisticsItems": [{"name": "First serve return points", "home": "2/8 (25%)", "away": "6/14 (42%)", "compareCode": 1}, {"name": "Second serve return points", "home": "1/1 (100%)", "away": "2/4 (50%)", "compareCode": 1}, {"name": "Break points converted", "home": "0", "away": "0", "compareCode": 3}, {"name": "Return games played", "home": "1", "away": "1", "compareCode": 3}]}, {"groupName": "Points", "statisticsItems": [{"name": "Service points won", "home": "10", "away": "6", "compareCode": 1}, {"name": "Receiver points won", "home": "3", "away": "8", "compareCode": 2}, {"name": "Total points won", "home": "13", "away": "14", "compareCode": 2}, {"name": "Max points in a row", "home": "3", "away": "4", "compareCode": 2}]}]}]}