{"statistics": [{"period": "ALL", "groups": [{"groupName": "Service", "statisticsItems": [{"name": "Aces", "home": "0", "away": "0", "compareCode": 3}, {"name": "Double faults", "home": "4", "away": "0", "compareCode": 1}, {"name": "First serve", "home": "28/32 (88%)", "away": "35/35 (100%)", "compareCode": 2}, {"name": "Second serve", "home": "0/4 (0%)", "away": "0/0 (0%)", "compareCode": 3}, {"name": "First serve points", "home": "7/28 (25%)", "away": "25/35 (71%)", "compareCode": 2}, {"name": "Second serve points", "home": "0/4 (0%)", "away": "0/0 (0%)", "compareCode": 3}, {"name": "Break points saved", "home": "4/10 (40%)", "away": "0/0 (0%)", "compareCode": 2}, {"name": "Service games played", "home": "6", "away": "6", "compareCode": 3}]}, {"groupName": "Return", "statisticsItems": [{"name": "First serve return points", "home": "10/35 (28%)", "away": "21/28 (75%)", "compareCode": 2}, {"name": "Second serve return points", "home": "0/0 (0%)", "away": "4/4 (100%)", "compareCode": 1}, {"name": "Break points converted", "home": "0", "away": "6", "compareCode": 2}, {"name": "Return games played", "home": "6", "away": "6", "compareCode": 3}]}, {"groupName": "Points", "statisticsItems": [{"name": "Service points won", "home": "7", "away": "25", "compareCode": 2}, {"name": "Receiver points won", "home": "10", "away": "25", "compareCode": 2}, {"name": "Total points won", "home": "17", "away": "50", "compareCode": 2}, {"name": "Max points in a row", "home": "2", "away": "9", "compareCode": 2}]}]}, {"period": "1ST", "groups": [{"groupName": "Service", "statisticsItems": [{"name": "Aces", "home": "0", "away": "0", "compareCode": 3}, {"name": "Double faults", "home": "2", "away": "0", "compareCode": 1}, {"name": "First serve", "home": "12/14 (86%)", "away": "17/17 (100%)", "compareCode": 2}, {"name": "Second serve", "home": "0/2 (0%)", "away": "0/0 (0%)", "compareCode": 3}, {"name": "First serve points", "home": "2/12 (17%)", "away": "12/17 (71%)", "compareCode": 2}, {"name": "Second serve points", "home": "0/2 (0%)", "away": "0/0 (0%)", "compareCode": 3}, {"name": "Break points saved", "home": "1/4 (25%)", "away": "0/0 (0%)", "compareCode": 2}, {"name": "Service games played", "home": "3", "away": "3", "compareCode": 3}]}, {"groupName": "Return", "statisticsItems": [{"name": "First serve return points", "home": "5/17 (29%)", "away": "10/12 (83%)", "compareCode": 2}, {"name": "Second serve return points", "home": "0/0 (0%)", "away": "2/2 (100%)", "compareCode": 1}, {"name": "Break points converted", "home": "0", "away": "3", "compareCode": 2}, {"name": "Return games played", "home": "3", "away": "3", "compareCode": 3}]}, {"groupName": "Points", "statisticsItems": [{"name": "Service points won", "home": "2", "away": "12", "compareCode": 2}, {"name": "Receiver points won", "home": "5", "away": "12", "compareCode": 2}, {"name": "Total points won", "home": "7", "away": "24", "compareCode": 2}, {"name": "Max points in a row", "home": "2", "away": "8", "compareCode": 2}]}]}, {"period": "2ND", "groups": [{"groupName": "Service", "statisticsItems": [{"name": "Aces", "home": "0", "away": "0", "compareCode": 3}, {"name": "Double faults", "home": "2", "away": "0", "compareCode": 1}, {"name": "First serve", "home": "16/18 (89%)", "away": "18/18 (100%)", "compareCode": 2}, {"name": "Second serve", "home": "0/2 (0%)", "away": "0/0 (0%)", "compareCode": 3}, {"name": "First serve points", "home": "5/16 (31%)", "away": "13/18 (72%)", "compareCode": 2}, {"name": "Second serve points", "home": "0/2 (0%)", "away": "0/0 (0%)", "compareCode": 3}, {"name": "Break points saved", "home": "3/6 (50%)", "away": "0/0 (0%)", "compareCode": 2}, {"name": "Service games played", "home": "3", "away": "3", "compareCode": 3}]}, {"groupName": "Return", "statisticsItems": [{"name": "First serve return points", "home": "5/18 (27%)", "away": "11/16 (68%)", "compareCode": 3}, {"name": "Second serve return points", "home": "0/0 (0%)", "away": "2/2 (100%)", "compareCode": 1}, {"name": "Break points converted", "home": "0", "away": "3", "compareCode": 2}, {"name": "Return games played", "home": "3", "away": "3", "compareCode": 3}]}, {"groupName": "Points", "statisticsItems": [{"name": "Service points won", "home": "5", "away": "13", "compareCode": 2}, {"name": "Receiver points won", "home": "5", "away": "13", "compareCode": 2}, {"name": "Total points won", "home": "10", "away": "26", "compareCode": 2}, {"name": "Max points in a row", "home": "2", "away": "7", "compareCode": 2}]}]}]}