{"statistics": [{"period": "ALL", "groups": [{"groupName": "Service", "statisticsItems": [{"name": "Aces", "home": "1", "away": "5", "compareCode": 2}, {"name": "Double faults", "home": "2", "away": "0", "compareCode": 1}, {"name": "First serve", "home": "81/85 (95%)", "away": "79/80 (99%)", "compareCode": 2}, {"name": "Second serve", "home": "2/4 (50%)", "away": "1/1 (100%)", "compareCode": 2}, {"name": "First serve points", "home": "50/81 (62%)", "away": "44/79 (56%)", "compareCode": 1}, {"name": "Second serve points", "home": "2/4 (50%)", "away": "0/1 (0%)", "compareCode": 1}, {"name": "Break points saved", "home": "3/6 (50%)", "away": "1/5 (20%)", "compareCode": 2}, {"name": "Service games played", "home": "12", "away": "12", "compareCode": 3}]}, {"groupName": "Return", "statisticsItems": [{"name": "First serve return points", "home": "35/79 (44%)", "away": "31/81 (38%)", "compareCode": 1}, {"name": "Second serve return points", "home": "1/1 (100%)", "away": "2/4 (50%)", "compareCode": 1}, {"name": "Break points converted", "home": "4", "away": "3", "compareCode": 1}, {"name": "Return games played", "home": "12", "away": "12", "compareCode": 3}]}, {"groupName": "Points", "statisticsItems": [{"name": "Service points won", "home": "52", "away": "44", "compareCode": 1}, {"name": "Receiver points won", "home": "36", "away": "33", "compareCode": 1}, {"name": "Total points won", "home": "88", "away": "77", "compareCode": 1}, {"name": "Max points in a row", "home": "8", "away": "8", "compareCode": 3}]}]}, {"period": "1ST", "groups": [{"groupName": "Service", "statisticsItems": [{"name": "Aces", "home": "1", "away": "1", "compareCode": 3}, {"name": "Double faults", "home": "1", "away": "0", "compareCode": 1}, {"name": "First serve", "home": "33/35 (94%)", "away": "35/35 (100%)", "compareCode": 2}, {"name": "Second serve", "home": "1/2 (50%)", "away": "0/0 (0%)", "compareCode": 1}, {"name": "First serve points", "home": "22/33 (67%)", "away": "19/35 (54%)", "compareCode": 1}, {"name": "Second serve points", "home": "1/2 (50%)", "away": "0/0 (0%)", "compareCode": 1}, {"name": "Break points saved", "home": "1/2 (50%)", "away": "0/2 (0%)", "compareCode": 3}, {"name": "Service games played", "home": "6", "away": "6", "compareCode": 3}]}, {"groupName": "Return", "statisticsItems": [{"name": "First serve return points", "home": "16/35 (45%)", "away": "11/33 (33%)", "compareCode": 3}, {"name": "Second serve return points", "home": "0/0 (0%)", "away": "1/2 (50%)", "compareCode": 1}, {"name": "Break points converted", "home": "2", "away": "1", "compareCode": 1}, {"name": "Return games played", "home": "6", "away": "6", "compareCode": 3}]}, {"groupName": "Points", "statisticsItems": [{"name": "Service points won", "home": "23", "away": "19", "compareCode": 1}, {"name": "Receiver points won", "home": "16", "away": "12", "compareCode": 1}, {"name": "Total points won", "home": "39", "away": "31", "compareCode": 1}, {"name": "Max points in a row", "home": "7", "away": "3", "compareCode": 1}]}]}, {"period": "2ND", "groups": [{"groupName": "Service", "statisticsItems": [{"name": "Aces", "home": "0", "away": "4", "compareCode": 2}, {"name": "Double faults", "home": "1", "away": "0", "compareCode": 1}, {"name": "First serve", "home": "40/42 (95%)", "away": "36/37 (97%)", "compareCode": 2}, {"name": "Second serve", "home": "1/2 (50%)", "away": "1/1 (100%)", "compareCode": 2}, {"name": "First serve points", "home": "23/40 (58%)", "away": "22/36 (61%)", "compareCode": 1}, {"name": "Second serve points", "home": "1/2 (50%)", "away": "0/1 (0%)", "compareCode": 1}, {"name": "Break points saved", "home": "2/4 (50%)", "away": "1/3 (33%)", "compareCode": 2}, {"name": "Service games played", "home": "6", "away": "6", "compareCode": 3}]}, {"groupName": "Return", "statisticsItems": [{"name": "First serve return points", "home": "14/36 (38%)", "away": "17/40 (42%)", "compareCode": 1}, {"name": "Second serve return points", "home": "1/1 (100%)", "away": "1/2 (50%)", "compareCode": 1}, {"name": "Break points converted", "home": "2", "away": "2", "compareCode": 3}, {"name": "Return games played", "home": "6", "away": "6", "compareCode": 3}]}, {"groupName": "Points", "statisticsItems": [{"name": "Service points won", "home": "24", "away": "22", "compareCode": 1}, {"name": "Receiver points won", "home": "15", "away": "18", "compareCode": 2}, {"name": "Total points won", "home": "39", "away": "40", "compareCode": 2}, {"name": "Max points in a row", "home": "8", "away": "8", "compareCode": 3}]}]}, {"period": "3RD", "groups": [{"groupName": "Service", "statisticsItems": [{"name": "Aces", "home": "0", "away": "0", "compareCode": 3}, {"name": "Double faults", "home": "0", "away": "0", "compareCode": 3}, {"name": "First serve", "home": "8/8 (100%)", "away": "8/8 (100%)", "compareCode": 3}, {"name": "Second serve", "home": "0/0 (0%)", "away": "0/0 (0%)", "compareCode": 3}, {"name": "First serve points", "home": "5/8 (63%)", "away": "3/8 (38%)", "compareCode": 1}, {"name": "Second serve points", "home": "0/0 (0%)", "away": "0/0 (0%)", "compareCode": 3}, {"name": "Break points saved", "home": "0/0 (0%)", "away": "0/0 (0%)", "compareCode": 3}, {"name": "Service games played", "home": "0", "away": "0", "compareCode": 3}]}, {"groupName": "Return", "statisticsItems": [{"name": "First serve return points", "home": "5/8 (62%)", "away": "3/8 (37%)", "compareCode": 3}, {"name": "Second serve return points", "home": "0/0 (0%)", "away": "0/0 (0%)", "compareCode": 3}, {"name": "Break points converted", "home": "0", "away": "0", "compareCode": 3}, {"name": "Return games played", "home": "0", "away": "0", "compareCode": 3}]}, {"groupName": "Points", "statisticsItems": [{"name": "Service points won", "home": "5", "away": "3", "compareCode": 1}, {"name": "Receiver points won", "home": "5", "away": "3", "compareCode": 1}, {"name": "Total points won", "home": "10", "away": "6", "compareCode": 1}, {"name": "Max points in a row", "home": "5", "away": "3", "compareCode": 1}]}]}]}