{"statistics": [{"period": "ALL", "groups": [{"groupName": "Service", "statisticsItems": [{"name": "Aces", "home": "0", "away": "0", "compareCode": 3}, {"name": "First serve", "home": "45/46 (98%)", "away": "39/39 (100%)", "compareCode": 2}, {"name": "Second serve", "home": "1/1 (100%)", "away": "0/0 (0%)", "compareCode": 1}, {"name": "First serve points", "home": "19/45 (42%)", "away": "27/39 (69%)", "compareCode": 2}, {"name": "Second serve points", "home": "0/1 (0%)", "away": "0/0 (0%)", "compareCode": 3}, {"name": "Break points saved", "home": "5/11 (45%)", "away": "4/5 (80%)", "compareCode": 2}, {"name": "Service games played", "home": "7", "away": "7", "compareCode": 3}]}, {"groupName": "Return", "statisticsItems": [{"name": "First serve return points", "home": "12/39 (30%)", "away": "26/45 (57%)", "compareCode": 1}, {"name": "Second serve return points", "home": "0/0 (0%)", "away": "1/1 (100%)", "compareCode": 1}, {"name": "Break points converted", "home": "1", "away": "6", "compareCode": 2}, {"name": "Return games played", "home": "7", "away": "7", "compareCode": 3}]}, {"groupName": "Points", "statisticsItems": [{"name": "Service points won", "home": "19", "away": "27", "compareCode": 2}, {"name": "Receiver points won", "home": "12", "away": "27", "compareCode": 2}, {"name": "Total points won", "home": "31", "away": "54", "compareCode": 2}, {"name": "Max points in a row", "home": "4", "away": "6", "compareCode": 2}]}]}, {"period": "1ST", "groups": [{"groupName": "Service", "statisticsItems": [{"name": "Aces", "home": "0", "away": "0", "compareCode": 3}, {"name": "Double faults", "home": "0", "away": "0", "compareCode": 3}, {"name": "First serve", "home": "23/24 (96%)", "away": "18/18 (100%)", "compareCode": 2}, {"name": "Second serve", "home": "1/1 (100%)", "away": "0/0 (0%)", "compareCode": 1}, {"name": "First serve points", "home": "9/23 (39%)", "away": "13/18 (72%)", "compareCode": 2}, {"name": "Second serve points", "home": "0/1 (0%)", "away": "0/0 (0%)", "compareCode": 3}, {"name": "Break points saved", "home": "3/6 (50%)", "away": "1/2 (50%)", "compareCode": 2}, {"name": "Service games played", "home": "3", "away": "4", "compareCode": 2}]}, {"groupName": "Return", "statisticsItems": [{"name": "First serve return points", "home": "5/18 (27%)", "away": "14/23 (60%)", "compareCode": 1}, {"name": "Second serve return points", "home": "0/0 (0%)", "away": "1/1 (100%)", "compareCode": 1}, {"name": "Break points converted", "home": "1", "away": "3", "compareCode": 2}, {"name": "Return games played", "home": "4", "away": "3", "compareCode": 2}]}, {"groupName": "Points", "statisticsItems": [{"name": "Service points won", "home": "9", "away": "13", "compareCode": 2}, {"name": "Receiver points won", "home": "5", "away": "15", "compareCode": 2}, {"name": "Total points won", "home": "14", "away": "28", "compareCode": 2}, {"name": "Max points in a row", "home": "3", "away": "6", "compareCode": 2}]}]}, {"period": "2ND", "groups": [{"groupName": "Service", "statisticsItems": [{"name": "Aces", "home": "0", "away": "0", "compareCode": 3}, {"name": "Double faults", "home": "0", "away": "0", "compareCode": 3}, {"name": "First serve", "home": "22/22 (100%)", "away": "21/21 (100%)", "compareCode": 3}, {"name": "Second serve", "home": "0/0 (0%)", "away": "0/0 (0%)", "compareCode": 3}, {"name": "First serve points", "home": "10/22 (45%)", "away": "14/21 (67%)", "compareCode": 2}, {"name": "Second serve points", "home": "0/0 (0%)", "away": "0/0 (0%)", "compareCode": 3}, {"name": "Break points saved", "home": "2/5 (40%)", "away": "3/3 (100%)", "compareCode": 2}, {"name": "Service games played", "home": "4", "away": "3", "compareCode": 1}]}, {"groupName": "Return", "statisticsItems": [{"name": "First serve return points", "home": "7/21 (33%)", "away": "12/22 (54%)", "compareCode": 1}, {"name": "Second serve return points", "home": "0/0 (0%)", "away": "0/0 (0%)", "compareCode": 3}, {"name": "Break points converted", "home": "0", "away": "3", "compareCode": 2}, {"name": "Return games played", "home": "3", "away": "4", "compareCode": 1}]}, {"groupName": "Points", "statisticsItems": [{"name": "Service points won", "home": "10", "away": "14", "compareCode": 2}, {"name": "Receiver points won", "home": "7", "away": "12", "compareCode": 2}, {"name": "Total points won", "home": "17", "away": "26", "compareCode": 2}, {"name": "Max points in a row", "home": "4", "away": "6", "compareCode": 2}]}]}]}