{"statistics": [{"period": "ALL", "groups": [{"groupName": "Service", "statisticsItems": [{"name": "Aces", "home": "0", "away": "1", "compareCode": 2}, {"name": "Double faults", "home": "3", "away": "5", "compareCode": 2}, {"name": "First serve", "home": "43/56 (77%)", "away": "43/55 (78%)", "compareCode": 2}, {"name": "Second serve", "home": "10/13 (77%)", "away": "7/12 (58%)", "compareCode": 1}, {"name": "First serve points", "home": "28/43 (65%)", "away": "31/43 (72%)", "compareCode": 2}, {"name": "Second serve points", "home": "3/13 (23%)", "away": "7/12 (58%)", "compareCode": 2}, {"name": "Break points saved", "home": "3/7 (42%)", "away": "3/4 (75%)", "compareCode": 2}, {"name": "Service games played", "home": "9", "away": "9", "compareCode": 3}]}, {"groupName": "Return", "statisticsItems": [{"name": "First serve return points", "home": "12/43 (27%)", "away": "15/43 (34%)", "compareCode": 1}, {"name": "Second serve return points", "home": "5/12 (41%)", "away": "10/13 (76%)", "compareCode": 1}, {"name": "Break points converted", "home": "1", "away": "4", "compareCode": 2}, {"name": "Return games played", "home": "9", "away": "9", "compareCode": 3}]}, {"groupName": "Points", "statisticsItems": [{"name": "Service points won", "home": "31", "away": "38", "compareCode": 2}, {"name": "Receiver points won", "home": "17", "away": "25", "compareCode": 2}, {"name": "Total points won", "home": "48", "away": "63", "compareCode": 2}, {"name": "Max points in a row", "home": "5", "away": "8", "compareCode": 2}]}]}, {"period": "1ST", "groups": [{"groupName": "Service", "statisticsItems": [{"name": "Aces", "home": "0", "away": "0", "compareCode": 3}, {"name": "Double faults", "home": "1", "away": "3", "compareCode": 2}, {"name": "First serve", "home": "15/21 (71%)", "away": "21/27 (78%)", "compareCode": 2}, {"name": "Second serve", "home": "5/6 (83%)", "away": "3/6 (50%)", "compareCode": 1}, {"name": "First serve points", "home": "10/15 (67%)", "away": "17/21 (81%)", "compareCode": 2}, {"name": "Second serve points", "home": "1/6 (17%)", "away": "3/6 (50%)", "compareCode": 2}, {"name": "Break points saved", "home": "0/2 (0%)", "away": "2/2 (100%)", "compareCode": 3}, {"name": "Service games played", "home": "4", "away": "4", "compareCode": 3}]}, {"groupName": "Return", "statisticsItems": [{"name": "First serve return points", "home": "4/21 (19%)", "away": "5/15 (33%)", "compareCode": 2}, {"name": "Second serve return points", "home": "3/6 (50%)", "away": "5/6 (83%)", "compareCode": 3}, {"name": "Break points converted", "home": "0", "away": "2", "compareCode": 2}, {"name": "Return games played", "home": "4", "away": "4", "compareCode": 3}]}, {"groupName": "Points", "statisticsItems": [{"name": "Service points won", "home": "11", "away": "20", "compareCode": 2}, {"name": "Receiver points won", "home": "7", "away": "10", "compareCode": 2}, {"name": "Total points won", "home": "18", "away": "30", "compareCode": 2}, {"name": "Max points in a row", "home": "4", "away": "8", "compareCode": 2}]}]}, {"period": "2ND", "groups": [{"groupName": "Service", "statisticsItems": [{"name": "Aces", "home": "0", "away": "1", "compareCode": 2}, {"name": "Double faults", "home": "2", "away": "2", "compareCode": 3}, {"name": "First serve", "home": "28/35 (80%)", "away": "22/28 (79%)", "compareCode": 1}, {"name": "Second serve", "home": "5/7 (71%)", "away": "4/6 (67%)", "compareCode": 1}, {"name": "First serve points", "home": "18/28 (64%)", "away": "14/22 (64%)", "compareCode": 1}, {"name": "Second serve points", "home": "2/7 (29%)", "away": "4/6 (67%)", "compareCode": 2}, {"name": "Break points saved", "home": "3/5 (60%)", "away": "1/2 (50%)", "compareCode": 2}, {"name": "Service games played", "home": "5", "away": "5", "compareCode": 3}]}, {"groupName": "Return", "statisticsItems": [{"name": "First serve return points", "home": "8/22 (36%)", "away": "10/28 (35%)", "compareCode": 1}, {"name": "Second serve return points", "home": "2/6 (33%)", "away": "5/7 (71%)", "compareCode": 1}, {"name": "Break points converted", "home": "1", "away": "2", "compareCode": 2}, {"name": "Return games played", "home": "5", "away": "5", "compareCode": 3}]}, {"groupName": "Points", "statisticsItems": [{"name": "Service points won", "home": "20", "away": "18", "compareCode": 1}, {"name": "Receiver points won", "home": "10", "away": "15", "compareCode": 2}, {"name": "Total points won", "home": "30", "away": "33", "compareCode": 2}, {"name": "Max points in a row", "home": "5", "away": "5", "compareCode": 3}]}]}]}