{"statistics": [{"period": "ALL", "groups": [{"groupName": "Service", "statisticsItems": [{"name": "Aces", "home": "3", "away": "1", "compareCode": 1}, {"name": "Double faults", "home": "4", "away": "2", "compareCode": 1}, {"name": "First serve", "home": "51/74 (69%)", "away": "52/65 (80%)", "compareCode": 2}, {"name": "Second serve", "home": "19/23 (83%)", "away": "11/13 (85%)", "compareCode": 2}, {"name": "First serve points", "home": "32/51 (63%)", "away": "32/52 (62%)", "compareCode": 3}, {"name": "Second serve points", "home": "9/23 (39%)", "away": "6/13 (46%)", "compareCode": 1}, {"name": "Break points saved", "home": "7/10 (70%)", "away": "0/3 (0%)", "compareCode": 2}, {"name": "Service games played", "home": "9", "away": "9", "compareCode": 3}]}, {"groupName": "Return", "statisticsItems": [{"name": "First serve return points", "home": "20/52 (38%)", "away": "19/51 (37%)", "compareCode": 1}, {"name": "Second serve return points", "home": "7/13 (53%)", "away": "14/23 (60%)", "compareCode": 1}, {"name": "Break points converted", "home": "3", "away": "3", "compareCode": 3}, {"name": "Return games played", "home": "9", "away": "9", "compareCode": 3}]}, {"groupName": "Points", "statisticsItems": [{"name": "Service points won", "home": "41", "away": "38", "compareCode": 1}, {"name": "Receiver points won", "home": "27", "away": "33", "compareCode": 2}, {"name": "Total points won", "home": "68", "away": "71", "compareCode": 2}, {"name": "Max points in a row", "home": "7", "away": "9", "compareCode": 2}]}]}, {"period": "1ST", "groups": [{"groupName": "Service", "statisticsItems": [{"name": "Aces", "home": "1", "away": "0", "compareCode": 1}, {"name": "Double faults", "home": "4", "away": "1", "compareCode": 1}, {"name": "First serve", "home": "25/36 (69%)", "away": "23/33 (70%)", "compareCode": 2}, {"name": "Second serve", "home": "7/11 (64%)", "away": "9/10 (90%)", "compareCode": 2}, {"name": "First serve points", "home": "14/25 (56%)", "away": "15/23 (65%)", "compareCode": 2}, {"name": "Second serve points", "home": "4/11 (36%)", "away": "6/10 (60%)", "compareCode": 2}, {"name": "Break points saved", "home": "5/7 (71%)", "away": "0/1 (0%)", "compareCode": 2}, {"name": "Service games played", "home": "4", "away": "5", "compareCode": 2}]}, {"groupName": "Return", "statisticsItems": [{"name": "First serve return points", "home": "8/23 (34%)", "away": "11/25 (44%)", "compareCode": 1}, {"name": "Second serve return points", "home": "4/10 (40%)", "away": "7/11 (63%)", "compareCode": 1}, {"name": "Break points converted", "home": "1", "away": "2", "compareCode": 2}, {"name": "Return games played", "home": "5", "away": "4", "compareCode": 2}]}, {"groupName": "Points", "statisticsItems": [{"name": "Service points won", "home": "18", "away": "21", "compareCode": 2}, {"name": "Receiver points won", "home": "12", "away": "18", "compareCode": 2}, {"name": "Total points won", "home": "30", "away": "39", "compareCode": 2}, {"name": "Max points in a row", "home": "4", "away": "9", "compareCode": 2}]}]}, {"period": "2ND", "groups": [{"groupName": "Service", "statisticsItems": [{"name": "Aces", "home": "2", "away": "1", "compareCode": 1}, {"name": "Double faults", "home": "0", "away": "0", "compareCode": 3}, {"name": "First serve", "home": "18/29 (62%)", "away": "21/23 (91%)", "compareCode": 2}, {"name": "Second serve", "home": "11/11 (100%)", "away": "2/2 (100%)", "compareCode": 3}, {"name": "First serve points", "home": "14/18 (78%)", "away": "12/21 (57%)", "compareCode": 1}, {"name": "Second serve points", "home": "5/11 (45%)", "away": "0/2 (0%)", "compareCode": 1}, {"name": "Break points saved", "home": "2/3 (66%)", "away": "0/2 (0%)", "compareCode": 2}, {"name": "Service games played", "home": "5", "away": "4", "compareCode": 1}]}, {"groupName": "Return", "statisticsItems": [{"name": "First serve return points", "home": "9/21 (42%)", "away": "4/18 (22%)", "compareCode": 1}, {"name": "Second serve return points", "home": "2/2 (100%)", "away": "6/11 (54%)", "compareCode": 1}, {"name": "Break points converted", "home": "2", "away": "1", "compareCode": 1}, {"name": "Return games played", "home": "4", "away": "5", "compareCode": 1}]}, {"groupName": "Points", "statisticsItems": [{"name": "Service points won", "home": "19", "away": "12", "compareCode": 1}, {"name": "Receiver points won", "home": "11", "away": "10", "compareCode": 1}, {"name": "Total points won", "home": "30", "away": "22", "compareCode": 1}, {"name": "Max points in a row", "home": "7", "away": "3", "compareCode": 1}]}]}, {"period": "3RD", "groups": [{"groupName": "Service", "statisticsItems": [{"name": "Aces", "home": "0", "away": "0", "compareCode": 3}, {"name": "Double faults", "home": "0", "away": "1", "compareCode": 2}, {"name": "First serve", "home": "8/9 (89%)", "away": "8/9 (89%)", "compareCode": 3}, {"name": "Second serve", "home": "1/1 (100%)", "away": "0/1 (0%)", "compareCode": 1}, {"name": "First serve points", "home": "4/8 (50%)", "away": "5/8 (63%)", "compareCode": 2}, {"name": "Second serve points", "home": "0/1 (0%)", "away": "0/1 (0%)", "compareCode": 3}, {"name": "Break points saved", "home": "0/0 (0%)", "away": "0/0 (0%)", "compareCode": 3}, {"name": "Service games played", "home": "0", "away": "0", "compareCode": 3}]}, {"groupName": "Return", "statisticsItems": [{"name": "First serve return points", "home": "3/8 (37%)", "away": "4/8 (50%)", "compareCode": 3}, {"name": "Second serve return points", "home": "1/1 (100%)", "away": "1/1 (100%)", "compareCode": 3}, {"name": "Break points converted", "home": "0", "away": "0", "compareCode": 3}, {"name": "Return games played", "home": "0", "away": "0", "compareCode": 3}]}, {"groupName": "Points", "statisticsItems": [{"name": "Service points won", "home": "4", "away": "5", "compareCode": 2}, {"name": "Receiver points won", "home": "4", "away": "5", "compareCode": 2}, {"name": "Total points won", "home": "8", "away": "10", "compareCode": 2}, {"name": "Max points in a row", "home": "3", "away": "3", "compareCode": 3}]}]}]}