{"statistics": [{"period": "ALL", "groups": [{"groupName": "Service", "statisticsItems": [{"name": "Aces", "home": "3", "away": "0", "compareCode": 1}, {"name": "Double faults", "home": "5", "away": "3", "compareCode": 1}, {"name": "First serve", "home": "39/88 (44%)", "away": "49/71 (69%)", "compareCode": 2}, {"name": "Second serve", "home": "44/49 (90%)", "away": "19/22 (86%)", "compareCode": 1}, {"name": "First serve points", "home": "24/39 (62%)", "away": "32/49 (65%)", "compareCode": 2}, {"name": "Second serve points", "home": "27/49 (55%)", "away": "13/22 (59%)", "compareCode": 1}, {"name": "Break points saved", "home": "6/9 (66%)", "away": "5/7 (71%)", "compareCode": 2}, {"name": "Service games played", "home": "10", "away": "9", "compareCode": 1}]}, {"groupName": "Return", "statisticsItems": [{"name": "First serve return points", "home": "17/49 (34%)", "away": "15/39 (38%)", "compareCode": 1}, {"name": "Second serve return points", "home": "9/22 (40%)", "away": "22/49 (44%)", "compareCode": 1}, {"name": "Break points converted", "home": "2", "away": "3", "compareCode": 2}, {"name": "Return games played", "home": "9", "away": "10", "compareCode": 1}]}, {"groupName": "Points", "statisticsItems": [{"name": "Service points won", "home": "51", "away": "45", "compareCode": 1}, {"name": "Receiver points won", "home": "26", "away": "37", "compareCode": 2}, {"name": "Total points won", "home": "77", "away": "82", "compareCode": 2}, {"name": "Max points in a row", "home": "5", "away": "6", "compareCode": 2}]}]}, {"period": "1ST", "groups": [{"groupName": "Service", "statisticsItems": [{"name": "Aces", "home": "2", "away": "0", "compareCode": 1}, {"name": "Double faults", "home": "3", "away": "2", "compareCode": 1}, {"name": "First serve", "home": "17/38 (45%)", "away": "28/37 (76%)", "compareCode": 2}, {"name": "Second serve", "home": "18/21 (86%)", "away": "7/9 (78%)", "compareCode": 1}, {"name": "First serve points", "home": "10/17 (59%)", "away": "15/28 (54%)", "compareCode": 2}, {"name": "Second serve points", "home": "12/21 (57%)", "away": "5/9 (56%)", "compareCode": 1}, {"name": "Break points saved", "home": "1/2 (50%)", "away": "4/6 (66%)", "compareCode": 1}, {"name": "Service games played", "home": "5", "away": "5", "compareCode": 3}]}, {"groupName": "Return", "statisticsItems": [{"name": "First serve return points", "home": "13/28 (46%)", "away": "7/17 (41%)", "compareCode": 1}, {"name": "Second serve return points", "home": "4/9 (44%)", "away": "9/21 (42%)", "compareCode": 1}, {"name": "Break points converted", "home": "2", "away": "1", "compareCode": 1}, {"name": "Return games played", "home": "5", "away": "5", "compareCode": 3}]}, {"groupName": "Points", "statisticsItems": [{"name": "Service points won", "home": "22", "away": "20", "compareCode": 1}, {"name": "Receiver points won", "home": "17", "away": "16", "compareCode": 1}, {"name": "Total points won", "home": "39", "away": "36", "compareCode": 1}, {"name": "Max points in a row", "home": "4", "away": "5", "compareCode": 2}]}]}, {"period": "2ND", "groups": [{"groupName": "Service", "statisticsItems": [{"name": "Aces", "home": "0", "away": "0", "compareCode": 3}, {"name": "Double faults", "home": "2", "away": "0", "compareCode": 1}, {"name": "First serve", "home": "15/41 (37%)", "away": "16/25 (64%)", "compareCode": 2}, {"name": "Second serve", "home": "24/26 (92%)", "away": "9/9 (100%)", "compareCode": 2}, {"name": "First serve points", "home": "7/15 (47%)", "away": "12/16 (75%)", "compareCode": 2}, {"name": "Second serve points", "home": "15/26 (58%)", "away": "7/9 (78%)", "compareCode": 1}, {"name": "Break points saved", "home": "5/7 (71%)", "away": "1/1 (100%)", "compareCode": 2}, {"name": "Service games played", "home": "5", "away": "4", "compareCode": 1}]}, {"groupName": "Return", "statisticsItems": [{"name": "First serve return points", "home": "4/16 (25%)", "away": "8/15 (53%)", "compareCode": 1}, {"name": "Second serve return points", "home": "2/9 (22%)", "away": "11/26 (42%)", "compareCode": 1}, {"name": "Break points converted", "home": "0", "away": "2", "compareCode": 2}, {"name": "Return games played", "home": "4", "away": "5", "compareCode": 1}]}, {"groupName": "Points", "statisticsItems": [{"name": "Service points won", "home": "22", "away": "19", "compareCode": 1}, {"name": "Receiver points won", "home": "6", "away": "19", "compareCode": 2}, {"name": "Total points won", "home": "28", "away": "38", "compareCode": 2}, {"name": "Max points in a row", "home": "3", "away": "6", "compareCode": 2}]}]}, {"period": "3RD", "groups": [{"groupName": "Service", "statisticsItems": [{"name": "Aces", "home": "1", "away": "0", "compareCode": 1}, {"name": "Double faults", "home": "0", "away": "1", "compareCode": 2}, {"name": "First serve", "home": "7/9 (78%)", "away": "5/9 (56%)", "compareCode": 1}, {"name": "Second serve", "home": "2/2 (100%)", "away": "3/4 (75%)", "compareCode": 1}, {"name": "First serve points", "home": "7/7 (100%)", "away": "5/5 (100%)", "compareCode": 1}, {"name": "Second serve points", "home": "0/2 (0%)", "away": "1/4 (25%)", "compareCode": 2}, {"name": "Break points saved", "home": "0/0 (0%)", "away": "0/0 (0%)", "compareCode": 3}, {"name": "Service games played", "home": "0", "away": "0", "compareCode": 3}]}, {"groupName": "Return", "statisticsItems": [{"name": "First serve return points", "home": "0/5 (0%)", "away": "0/7 (0%)", "compareCode": 3}, {"name": "Second serve return points", "home": "3/4 (75%)", "away": "2/2 (100%)", "compareCode": 2}, {"name": "Break points converted", "home": "0", "away": "0", "compareCode": 3}, {"name": "Return games played", "home": "0", "away": "0", "compareCode": 3}]}, {"groupName": "Points", "statisticsItems": [{"name": "Service points won", "home": "7", "away": "6", "compareCode": 1}, {"name": "Receiver points won", "home": "3", "away": "2", "compareCode": 1}, {"name": "Total points won", "home": "10", "away": "8", "compareCode": 1}, {"name": "Max points in a row", "home": "3", "away": "3", "compareCode": 3}]}]}]}