{"statistics": [{"period": "ALL", "groups": [{"groupName": "Service", "statisticsItems": [{"name": "Aces", "home": "1", "away": "0", "compareCode": 1}, {"name": "Double faults", "home": "0", "away": "1", "compareCode": 2}, {"name": "First serve", "home": "47/60 (78%)", "away": "52/66 (79%)", "compareCode": 2}, {"name": "Second serve", "home": "13/13 (100%)", "away": "13/14 (93%)", "compareCode": 1}, {"name": "First serve points", "home": "30/47 (64%)", "away": "27/52 (52%)", "compareCode": 1}, {"name": "Second serve points", "home": "7/13 (54%)", "away": "5/14 (36%)", "compareCode": 1}, {"name": "Break points saved", "home": "4/6 (66%)", "away": "10/15 (66%)", "compareCode": 1}, {"name": "Service games played", "home": "9", "away": "8", "compareCode": 1}]}, {"groupName": "Return", "statisticsItems": [{"name": "First serve return points", "home": "25/52 (48%)", "away": "17/47 (36%)", "compareCode": 2}, {"name": "Second serve return points", "home": "9/14 (64%)", "away": "6/13 (46%)", "compareCode": 2}, {"name": "Break points converted", "home": "5", "away": "2", "compareCode": 1}, {"name": "Return games played", "home": "8", "away": "9", "compareCode": 1}]}, {"groupName": "Points", "statisticsItems": [{"name": "Service points won", "home": "37", "away": "32", "compareCode": 1}, {"name": "Receiver points won", "home": "34", "away": "23", "compareCode": 1}, {"name": "Total points won", "home": "71", "away": "55", "compareCode": 1}, {"name": "Max points in a row", "home": "6", "away": "3", "compareCode": 1}]}]}, {"period": "1ST", "groups": [{"groupName": "Service", "statisticsItems": [{"name": "Aces", "home": "0", "away": "0", "compareCode": 3}, {"name": "Double faults", "home": "0", "away": "1", "compareCode": 2}, {"name": "First serve", "home": "22/29 (76%)", "away": "34/44 (77%)", "compareCode": 2}, {"name": "Second serve", "home": "7/7 (100%)", "away": "9/10 (90%)", "compareCode": 1}, {"name": "First serve points", "home": "12/22 (55%)", "away": "17/34 (50%)", "compareCode": 2}, {"name": "Second serve points", "home": "5/7 (71%)", "away": "3/10 (30%)", "compareCode": 1}, {"name": "Break points saved", "home": "3/4 (75%)", "away": "9/12 (75%)", "compareCode": 1}, {"name": "Service games played", "home": "4", "away": "4", "compareCode": 3}]}, {"groupName": "Return", "statisticsItems": [{"name": "First serve return points", "home": "17/34 (50%)", "away": "10/22 (45%)", "compareCode": 2}, {"name": "Second serve return points", "home": "7/10 (70%)", "away": "2/7 (28%)", "compareCode": 2}, {"name": "Break points converted", "home": "3", "away": "1", "compareCode": 1}, {"name": "Return games played", "home": "4", "away": "4", "compareCode": 3}]}, {"groupName": "Points", "statisticsItems": [{"name": "Service points won", "home": "17", "away": "20", "compareCode": 2}, {"name": "Receiver points won", "home": "24", "away": "12", "compareCode": 1}, {"name": "Total points won", "home": "41", "away": "32", "compareCode": 1}, {"name": "Max points in a row", "home": "5", "away": "3", "compareCode": 1}]}]}, {"period": "2ND", "groups": [{"groupName": "Service", "statisticsItems": [{"name": "Aces", "home": "1", "away": "0", "compareCode": 1}, {"name": "Double faults", "home": "0", "away": "0", "compareCode": 3}, {"name": "First serve", "home": "25/31 (81%)", "away": "18/22 (82%)", "compareCode": 2}, {"name": "Second serve", "home": "6/6 (100%)", "away": "4/4 (100%)", "compareCode": 3}, {"name": "First serve points", "home": "18/25 (72%)", "away": "10/18 (56%)", "compareCode": 1}, {"name": "Second serve points", "home": "2/6 (33%)", "away": "2/4 (50%)", "compareCode": 3}, {"name": "Break points saved", "home": "1/2 (50%)", "away": "1/3 (33%)", "compareCode": 1}, {"name": "Service games played", "home": "5", "away": "4", "compareCode": 1}]}, {"groupName": "Return", "statisticsItems": [{"name": "First serve return points", "home": "8/18 (44%)", "away": "7/25 (28%)", "compareCode": 1}, {"name": "Second serve return points", "home": "2/4 (50%)", "away": "4/6 (66%)", "compareCode": 1}, {"name": "Break points converted", "home": "2", "away": "1", "compareCode": 1}, {"name": "Return games played", "home": "4", "away": "5", "compareCode": 1}]}, {"groupName": "Points", "statisticsItems": [{"name": "Service points won", "home": "20", "away": "12", "compareCode": 1}, {"name": "Receiver points won", "home": "10", "away": "11", "compareCode": 2}, {"name": "Total points won", "home": "30", "away": "23", "compareCode": 1}, {"name": "Max points in a row", "home": "6", "away": "3", "compareCode": 1}]}]}]}