{"statistics": [{"period": "ALL", "groups": [{"groupName": "Service", "statisticsItems": [{"name": "Aces", "home": "1", "away": "1", "compareCode": 3}, {"name": "Double faults", "home": "2", "away": "4", "compareCode": 2}, {"name": "First serve", "home": "40/54 (74%)", "away": "47/65 (72%)", "compareCode": 1}, {"name": "Second serve", "home": "12/14 (86%)", "away": "14/18 (78%)", "compareCode": 1}, {"name": "First serve points", "home": "28/40 (70%)", "away": "28/47 (60%)", "compareCode": 3}, {"name": "Second serve points", "home": "9/14 (64%)", "away": "8/18 (44%)", "compareCode": 1}, {"name": "Break points saved", "home": "3/5 (60%)", "away": "5/10 (50%)", "compareCode": 1}, {"name": "Service games played", "home": "10", "away": "11", "compareCode": 2}]}, {"groupName": "Return", "statisticsItems": [{"name": "First serve return points", "home": "19/47 (40%)", "away": "12/40 (30%)", "compareCode": 2}, {"name": "Second serve return points", "home": "10/18 (55%)", "away": "5/14 (35%)", "compareCode": 2}, {"name": "Break points converted", "home": "5", "away": "2", "compareCode": 1}, {"name": "Return games played", "home": "11", "away": "10", "compareCode": 2}]}, {"groupName": "Points", "statisticsItems": [{"name": "Service points won", "home": "37", "away": "36", "compareCode": 1}, {"name": "Receiver points won", "home": "29", "away": "17", "compareCode": 1}, {"name": "Total points won", "home": "66", "away": "53", "compareCode": 1}, {"name": "Max points in a row", "home": "7", "away": "7", "compareCode": 3}]}]}, {"period": "1ST", "groups": [{"groupName": "Service", "statisticsItems": [{"name": "Aces", "home": "0", "away": "1", "compareCode": 2}, {"name": "Double faults", "home": "1", "away": "2", "compareCode": 2}, {"name": "First serve", "home": "22/31 (71%)", "away": "29/40 (73%)", "compareCode": 2}, {"name": "Second serve", "home": "8/9 (89%)", "away": "9/11 (82%)", "compareCode": 1}, {"name": "First serve points", "home": "15/22 (68%)", "away": "17/29 (59%)", "compareCode": 2}, {"name": "Second serve points", "home": "7/9 (78%)", "away": "6/11 (55%)", "compareCode": 1}, {"name": "Break points saved", "home": "2/3 (66%)", "away": "1/3 (33%)", "compareCode": 3}, {"name": "Service games played", "home": "6", "away": "6", "compareCode": 3}]}, {"groupName": "Return", "statisticsItems": [{"name": "First serve return points", "home": "12/29 (41%)", "away": "7/22 (31%)", "compareCode": 2}, {"name": "Second serve return points", "home": "5/11 (45%)", "away": "2/9 (22%)", "compareCode": 2}, {"name": "Break points converted", "home": "2", "away": "1", "compareCode": 1}, {"name": "Return games played", "home": "6", "away": "6", "compareCode": 3}]}, {"groupName": "Points", "statisticsItems": [{"name": "Service points won", "home": "22", "away": "23", "compareCode": 2}, {"name": "Receiver points won", "home": "17", "away": "9", "compareCode": 1}, {"name": "Total points won", "home": "39", "away": "32", "compareCode": 1}, {"name": "Max points in a row", "home": "6", "away": "7", "compareCode": 2}]}]}, {"period": "2ND", "groups": [{"groupName": "Service", "statisticsItems": [{"name": "Aces", "home": "1", "away": "0", "compareCode": 1}, {"name": "Double faults", "home": "1", "away": "2", "compareCode": 2}, {"name": "First serve", "home": "18/23 (78%)", "away": "18/25 (72%)", "compareCode": 1}, {"name": "Second serve", "home": "4/5 (80%)", "away": "5/7 (71%)", "compareCode": 1}, {"name": "First serve points", "home": "13/18 (72%)", "away": "11/18 (61%)", "compareCode": 1}, {"name": "Second serve points", "home": "2/5 (40%)", "away": "2/7 (29%)", "compareCode": 3}, {"name": "Break points saved", "home": "1/2 (50%)", "away": "4/7 (57%)", "compareCode": 1}, {"name": "Service games played", "home": "4", "away": "5", "compareCode": 2}]}, {"groupName": "Return", "statisticsItems": [{"name": "First serve return points", "home": "7/18 (38%)", "away": "5/18 (27%)", "compareCode": 2}, {"name": "Second serve return points", "home": "5/7 (71%)", "away": "3/5 (60%)", "compareCode": 2}, {"name": "Break points converted", "home": "3", "away": "1", "compareCode": 1}, {"name": "Return games played", "home": "5", "away": "4", "compareCode": 2}]}, {"groupName": "Points", "statisticsItems": [{"name": "Service points won", "home": "15", "away": "13", "compareCode": 1}, {"name": "Receiver points won", "home": "12", "away": "8", "compareCode": 1}, {"name": "Total points won", "home": "27", "away": "21", "compareCode": 1}, {"name": "Max points in a row", "home": "7", "away": "5", "compareCode": 1}]}]}]}