{"statistics": [{"period": "ALL", "groups": [{"groupName": "Service", "statisticsItems": [{"name": "Aces", "home": "3", "away": "0", "compareCode": 1}, {"name": "First serve", "home": "43/59 (73%)", "away": "77/84 (92%)", "compareCode": 2}, {"name": "Second serve", "home": "16/16 (100%)", "away": "7/7 (100%)", "compareCode": 3}, {"name": "First serve points", "home": "25/43 (58%)", "away": "44/77 (57%)", "compareCode": 2}, {"name": "Second serve points", "home": "8/16 (50%)", "away": "2/7 (29%)", "compareCode": 1}, {"name": "Break points saved", "home": "2/5 (40%)", "away": "6/10 (60%)", "compareCode": 1}, {"name": "Service games played", "home": "9", "away": "10", "compareCode": 2}]}, {"groupName": "Return", "statisticsItems": [{"name": "First serve return points", "home": "33/77 (42%)", "away": "18/43 (41%)", "compareCode": 2}, {"name": "Second serve return points", "home": "5/7 (71%)", "away": "8/16 (50%)", "compareCode": 1}, {"name": "Break points converted", "home": "4", "away": "3", "compareCode": 1}, {"name": "Return games played", "home": "10", "away": "9", "compareCode": 2}]}, {"groupName": "Points", "statisticsItems": [{"name": "Service points won", "home": "33", "away": "46", "compareCode": 2}, {"name": "Receiver points won", "home": "38", "away": "26", "compareCode": 1}, {"name": "Total points won", "home": "71", "away": "72", "compareCode": 2}, {"name": "Max points in a row", "home": "6", "away": "6", "compareCode": 3}]}]}, {"period": "1ST", "groups": [{"groupName": "Service", "statisticsItems": [{"name": "Aces", "home": "3", "away": "0", "compareCode": 1}, {"name": "Double faults", "home": "0", "away": "0", "compareCode": 3}, {"name": "First serve", "home": "21/28 (75%)", "away": "36/39 (92%)", "compareCode": 2}, {"name": "Second serve", "home": "7/7 (100%)", "away": "3/3 (100%)", "compareCode": 3}, {"name": "First serve points", "home": "11/21 (52%)", "away": "19/36 (53%)", "compareCode": 2}, {"name": "Second serve points", "home": "3/7 (43%)", "away": "1/3 (33%)", "compareCode": 1}, {"name": "Break points saved", "home": "0/3 (0%)", "away": "2/4 (50%)", "compareCode": 1}, {"name": "Service games played", "home": "5", "away": "5", "compareCode": 3}]}, {"groupName": "Return", "statisticsItems": [{"name": "First serve return points", "home": "17/36 (47%)", "away": "10/21 (47%)", "compareCode": 2}, {"name": "Second serve return points", "home": "2/3 (66%)", "away": "4/7 (57%)", "compareCode": 1}, {"name": "Break points converted", "home": "2", "away": "3", "compareCode": 2}, {"name": "Return games played", "home": "5", "away": "5", "compareCode": 3}]}, {"groupName": "Points", "statisticsItems": [{"name": "Service points won", "home": "14", "away": "20", "compareCode": 2}, {"name": "Receiver points won", "home": "19", "away": "14", "compareCode": 1}, {"name": "Total points won", "home": "33", "away": "34", "compareCode": 2}, {"name": "Max points in a row", "home": "4", "away": "5", "compareCode": 2}]}]}, {"period": "2ND", "groups": [{"groupName": "Service", "statisticsItems": [{"name": "Aces", "home": "0", "away": "0", "compareCode": 3}, {"name": "Double faults", "home": "0", "away": "0", "compareCode": 3}, {"name": "First serve", "home": "17/24 (71%)", "away": "35/39 (90%)", "compareCode": 2}, {"name": "Second serve", "home": "7/7 (100%)", "away": "4/4 (100%)", "compareCode": 3}, {"name": "First serve points", "home": "13/17 (76%)", "away": "20/35 (57%)", "compareCode": 2}, {"name": "Second serve points", "home": "4/7 (57%)", "away": "1/4 (25%)", "compareCode": 1}, {"name": "Break points saved", "home": "2/2 (100%)", "away": "4/6 (66%)", "compareCode": 1}, {"name": "Service games played", "home": "4", "away": "5", "compareCode": 2}]}, {"groupName": "Return", "statisticsItems": [{"name": "First serve return points", "home": "15/35 (42%)", "away": "4/17 (23%)", "compareCode": 2}, {"name": "Second serve return points", "home": "3/4 (75%)", "away": "3/7 (42%)", "compareCode": 1}, {"name": "Break points converted", "home": "2", "away": "0", "compareCode": 1}, {"name": "Return games played", "home": "5", "away": "4", "compareCode": 2}]}, {"groupName": "Points", "statisticsItems": [{"name": "Service points won", "home": "17", "away": "21", "compareCode": 2}, {"name": "Receiver points won", "home": "18", "away": "7", "compareCode": 1}, {"name": "Total points won", "home": "35", "away": "28", "compareCode": 1}, {"name": "Max points in a row", "home": "6", "away": "6", "compareCode": 3}]}]}, {"period": "3RD", "groups": [{"groupName": "Service", "statisticsItems": [{"name": "Aces", "home": "0", "away": "0", "compareCode": 3}, {"name": "Double faults", "home": "0", "away": "0", "compareCode": 3}, {"name": "First serve", "home": "5/7 (71%)", "away": "6/6 (100%)", "compareCode": 2}, {"name": "Second serve", "home": "2/2 (100%)", "away": "0/0 (0%)", "compareCode": 1}, {"name": "First serve points", "home": "1/5 (20%)", "away": "5/6 (83%)", "compareCode": 2}, {"name": "Second serve points", "home": "1/2 (50%)", "away": "0/0 (0%)", "compareCode": 1}, {"name": "Break points saved", "home": "0/0 (0%)", "away": "0/0 (0%)", "compareCode": 3}, {"name": "Service games played", "home": "0", "away": "0", "compareCode": 3}]}, {"groupName": "Return", "statisticsItems": [{"name": "First serve return points", "home": "1/6 (16%)", "away": "4/5 (80%)", "compareCode": 1}, {"name": "Second serve return points", "home": "0/0 (0%)", "away": "1/2 (50%)", "compareCode": 1}, {"name": "Break points converted", "home": "0", "away": "0", "compareCode": 3}, {"name": "Return games played", "home": "0", "away": "0", "compareCode": 3}]}, {"groupName": "Points", "statisticsItems": [{"name": "Service points won", "home": "2", "away": "5", "compareCode": 2}, {"name": "Receiver points won", "home": "1", "away": "5", "compareCode": 2}, {"name": "Total points won", "home": "3", "away": "10", "compareCode": 2}, {"name": "Max points in a row", "home": "1", "away": "4", "compareCode": 2}]}]}]}