{"statistics": [{"period": "ALL", "groups": [{"groupName": "Service", "statisticsItems": [{"name": "Aces", "home": "0", "away": "0", "compareCode": 3}, {"name": "First serve", "home": "51/53 (96%)", "away": "49/52 (94%)", "compareCode": 1}, {"name": "Second serve", "home": "2/2 (100%)", "away": "3/3 (100%)", "compareCode": 3}, {"name": "First serve points", "home": "24/51 (47%)", "away": "32/49 (65%)", "compareCode": 2}, {"name": "Second serve points", "home": "0/2 (0%)", "away": "2/3 (67%)", "compareCode": 2}, {"name": "Break points saved", "home": "1/6 (16%)", "away": "1/2 (50%)", "compareCode": 2}, {"name": "Service games played", "home": "8", "away": "8", "compareCode": 3}]}, {"groupName": "Return", "statisticsItems": [{"name": "First serve return points", "home": "17/49 (34%)", "away": "27/51 (52%)", "compareCode": 1}, {"name": "Second serve return points", "home": "1/3 (33%)", "away": "2/2 (100%)", "compareCode": 2}, {"name": "Break points converted", "home": "1", "away": "5", "compareCode": 2}, {"name": "Return games played", "home": "8", "away": "8", "compareCode": 3}]}, {"groupName": "Points", "statisticsItems": [{"name": "Service points won", "home": "24", "away": "34", "compareCode": 2}, {"name": "Receiver points won", "home": "18", "away": "29", "compareCode": 2}, {"name": "Total points won", "home": "42", "away": "63", "compareCode": 2}, {"name": "Max points in a row", "home": "5", "away": "8", "compareCode": 2}]}]}, {"period": "1ST", "groups": [{"groupName": "Service", "statisticsItems": [{"name": "Aces", "home": "0", "away": "0", "compareCode": 3}, {"name": "Double faults", "home": "0", "away": "0", "compareCode": 3}, {"name": "First serve", "home": "29/30 (97%)", "away": "18/20 (90%)", "compareCode": 1}, {"name": "Second serve", "home": "1/1 (100%)", "away": "2/2 (100%)", "compareCode": 3}, {"name": "First serve points", "home": "15/29 (52%)", "away": "14/18 (78%)", "compareCode": 1}, {"name": "Second serve points", "home": "0/1 (0%)", "away": "2/2 (100%)", "compareCode": 2}, {"name": "Break points saved", "home": "0/2 (0%)", "away": "0/0 (0%)", "compareCode": 2}, {"name": "Service games played", "home": "4", "away": "4", "compareCode": 3}]}, {"groupName": "Return", "statisticsItems": [{"name": "First serve return points", "home": "4/18 (22%)", "away": "14/29 (48%)", "compareCode": 1}, {"name": "Second serve return points", "home": "0/2 (0%)", "away": "1/1 (100%)", "compareCode": 2}, {"name": "Break points converted", "home": "0", "away": "2", "compareCode": 2}, {"name": "Return games played", "home": "4", "away": "4", "compareCode": 3}]}, {"groupName": "Points", "statisticsItems": [{"name": "Service points won", "home": "15", "away": "16", "compareCode": 2}, {"name": "Receiver points won", "home": "4", "away": "15", "compareCode": 2}, {"name": "Total points won", "home": "19", "away": "31", "compareCode": 2}, {"name": "Max points in a row", "home": "3", "away": "7", "compareCode": 2}]}]}, {"period": "2ND", "groups": [{"groupName": "Service", "statisticsItems": [{"name": "Aces", "home": "0", "away": "0", "compareCode": 3}, {"name": "Double faults", "home": "0", "away": "0", "compareCode": 3}, {"name": "First serve", "home": "22/23 (96%)", "away": "31/32 (97%)", "compareCode": 2}, {"name": "Second serve", "home": "1/1 (100%)", "away": "1/1 (100%)", "compareCode": 3}, {"name": "First serve points", "home": "9/22 (41%)", "away": "18/31 (58%)", "compareCode": 2}, {"name": "Second serve points", "home": "0/1 (0%)", "away": "0/1 (0%)", "compareCode": 3}, {"name": "Break points saved", "home": "1/4 (25%)", "away": "1/2 (50%)", "compareCode": 2}, {"name": "Service games played", "home": "4", "away": "4", "compareCode": 3}]}, {"groupName": "Return", "statisticsItems": [{"name": "First serve return points", "home": "13/31 (41%)", "away": "13/22 (59%)", "compareCode": 2}, {"name": "Second serve return points", "home": "1/1 (100%)", "away": "1/1 (100%)", "compareCode": 3}, {"name": "Break points converted", "home": "1", "away": "3", "compareCode": 2}, {"name": "Return games played", "home": "4", "away": "4", "compareCode": 3}]}, {"groupName": "Points", "statisticsItems": [{"name": "Service points won", "home": "9", "away": "18", "compareCode": 2}, {"name": "Receiver points won", "home": "14", "away": "14", "compareCode": 3}, {"name": "Total points won", "home": "23", "away": "32", "compareCode": 2}, {"name": "Max points in a row", "home": "5", "away": "4", "compareCode": 1}]}]}]}