{"statistics": [{"period": "ALL", "groups": [{"groupName": "Service", "statisticsItems": [{"name": "Aces", "home": "0", "away": "0", "compareCode": 3}, {"name": "Double faults", "home": "1", "away": "0", "compareCode": 1}, {"name": "First serve", "home": "61/74 (82%)", "away": "51/57 (89%)", "compareCode": 2}, {"name": "Second serve", "home": "12/13 (92%)", "away": "6/6 (100%)", "compareCode": 2}, {"name": "First serve points", "home": "39/61 (64%)", "away": "29/51 (57%)", "compareCode": 1}, {"name": "Second serve points", "home": "5/13 (38%)", "away": "4/6 (67%)", "compareCode": 1}, {"name": "Break points saved", "home": "5/7 (71%)", "away": "1/5 (20%)", "compareCode": 2}, {"name": "Service games played", "home": "10", "away": "10", "compareCode": 3}]}, {"groupName": "Return", "statisticsItems": [{"name": "First serve return points", "home": "22/51 (43%)", "away": "22/61 (36%)", "compareCode": 1}, {"name": "Second serve return points", "home": "2/6 (33%)", "away": "8/13 (61%)", "compareCode": 1}, {"name": "Break points converted", "home": "4", "away": "2", "compareCode": 1}, {"name": "Return games played", "home": "10", "away": "10", "compareCode": 3}]}, {"groupName": "Points", "statisticsItems": [{"name": "Service points won", "home": "44", "away": "33", "compareCode": 1}, {"name": "Receiver points won", "home": "24", "away": "30", "compareCode": 2}, {"name": "Total points won", "home": "68", "away": "63", "compareCode": 1}, {"name": "Max points in a row", "home": "6", "away": "6", "compareCode": 3}]}]}, {"period": "1ST", "groups": [{"groupName": "Service", "statisticsItems": [{"name": "Aces", "home": "0", "away": "0", "compareCode": 3}, {"name": "Double faults", "home": "0", "away": "0", "compareCode": 3}, {"name": "First serve", "home": "26/32 (81%)", "away": "25/28 (89%)", "compareCode": 2}, {"name": "Second serve", "home": "6/6 (100%)", "away": "3/3 (100%)", "compareCode": 3}, {"name": "First serve points", "home": "17/26 (65%)", "away": "14/25 (56%)", "compareCode": 1}, {"name": "Second serve points", "home": "3/6 (50%)", "away": "2/3 (67%)", "compareCode": 1}, {"name": "Break points saved", "home": "2/3 (66%)", "away": "0/2 (0%)", "compareCode": 2}, {"name": "Service games played", "home": "5", "away": "5", "compareCode": 3}]}, {"groupName": "Return", "statisticsItems": [{"name": "First serve return points", "home": "11/25 (44%)", "away": "9/26 (34%)", "compareCode": 1}, {"name": "Second serve return points", "home": "1/3 (33%)", "away": "3/6 (50%)", "compareCode": 1}, {"name": "Break points converted", "home": "2", "away": "1", "compareCode": 1}, {"name": "Return games played", "home": "5", "away": "5", "compareCode": 3}]}, {"groupName": "Points", "statisticsItems": [{"name": "Service points won", "home": "20", "away": "16", "compareCode": 1}, {"name": "Receiver points won", "home": "12", "away": "12", "compareCode": 3}, {"name": "Total points won", "home": "32", "away": "28", "compareCode": 1}, {"name": "Max points in a row", "home": "6", "away": "4", "compareCode": 1}]}]}, {"period": "2ND", "groups": [{"groupName": "Service", "statisticsItems": [{"name": "Aces", "home": "0", "away": "0", "compareCode": 3}, {"name": "Double faults", "home": "1", "away": "0", "compareCode": 1}, {"name": "First serve", "home": "35/42 (83%)", "away": "26/29 (90%)", "compareCode": 2}, {"name": "Second serve", "home": "6/7 (86%)", "away": "3/3 (100%)", "compareCode": 2}, {"name": "First serve points", "home": "22/35 (63%)", "away": "15/26 (58%)", "compareCode": 1}, {"name": "Second serve points", "home": "2/7 (29%)", "away": "2/3 (67%)", "compareCode": 3}, {"name": "Break points saved", "home": "3/4 (75%)", "away": "1/3 (33%)", "compareCode": 2}, {"name": "Service games played", "home": "5", "away": "5", "compareCode": 3}]}, {"groupName": "Return", "statisticsItems": [{"name": "First serve return points", "home": "11/26 (42%)", "away": "13/35 (37%)", "compareCode": 1}, {"name": "Second serve return points", "home": "1/3 (33%)", "away": "5/7 (71%)", "compareCode": 1}, {"name": "Break points converted", "home": "2", "away": "1", "compareCode": 1}, {"name": "Return games played", "home": "5", "away": "5", "compareCode": 3}]}, {"groupName": "Points", "statisticsItems": [{"name": "Service points won", "home": "24", "away": "17", "compareCode": 1}, {"name": "Receiver points won", "home": "12", "away": "18", "compareCode": 2}, {"name": "Total points won", "home": "36", "away": "35", "compareCode": 1}, {"name": "Max points in a row", "home": "6", "away": "6", "compareCode": 3}]}]}]}