{"statistics": [{"period": "ALL", "groups": [{"groupName": "Service", "statisticsItems": [{"name": "Aces", "home": "0", "away": "0", "compareCode": 3}, {"name": "Double faults", "home": "2", "away": "0", "compareCode": 1}, {"name": "First serve", "home": "69/80 (86%)", "away": "63/70 (90%)", "compareCode": 2}, {"name": "Second serve", "home": "9/11 (82%)", "away": "7/7 (100%)", "compareCode": 2}, {"name": "First serve points", "home": "37/69 (54%)", "away": "28/63 (44%)", "compareCode": 1}, {"name": "Second serve points", "home": "5/11 (45%)", "away": "4/7 (57%)", "compareCode": 1}, {"name": "Break points saved", "home": "5/9 (55%)", "away": "6/11 (54%)", "compareCode": 1}, {"name": "Service games played", "home": "10", "away": "10", "compareCode": 3}]}, {"groupName": "Return", "statisticsItems": [{"name": "First serve return points", "home": "35/63 (55%)", "away": "32/69 (46%)", "compareCode": 1}, {"name": "Second serve return points", "home": "3/7 (42%)", "away": "6/11 (54%)", "compareCode": 1}, {"name": "Break points converted", "home": "5", "away": "4", "compareCode": 1}, {"name": "Return games played", "home": "10", "away": "10", "compareCode": 3}]}, {"groupName": "Points", "statisticsItems": [{"name": "Service points won", "home": "42", "away": "32", "compareCode": 1}, {"name": "Receiver points won", "home": "38", "away": "38", "compareCode": 3}, {"name": "Total points won", "home": "80", "away": "70", "compareCode": 1}, {"name": "Max points in a row", "home": "6", "away": "5", "compareCode": 1}]}]}, {"period": "1ST", "groups": [{"groupName": "Service", "statisticsItems": [{"name": "Aces", "home": "0", "away": "0", "compareCode": 3}, {"name": "Double faults", "home": "2", "away": "0", "compareCode": 1}, {"name": "First serve", "home": "39/46 (85%)", "away": "28/33 (85%)", "compareCode": 3}, {"name": "Second serve", "home": "5/7 (71%)", "away": "5/5 (100%)", "compareCode": 2}, {"name": "First serve points", "home": "20/39 (51%)", "away": "15/28 (54%)", "compareCode": 1}, {"name": "Second serve points", "home": "3/7 (43%)", "away": "3/5 (60%)", "compareCode": 3}, {"name": "Break points saved", "home": "3/6 (50%)", "away": "2/4 (50%)", "compareCode": 2}, {"name": "Service games played", "home": "6", "away": "6", "compareCode": 3}]}, {"groupName": "Return", "statisticsItems": [{"name": "First serve return points", "home": "13/28 (46%)", "away": "19/39 (48%)", "compareCode": 1}, {"name": "Second serve return points", "home": "2/5 (40%)", "away": "4/7 (57%)", "compareCode": 1}, {"name": "Break points converted", "home": "2", "away": "3", "compareCode": 2}, {"name": "Return games played", "home": "6", "away": "6", "compareCode": 3}]}, {"groupName": "Points", "statisticsItems": [{"name": "Service points won", "home": "23", "away": "18", "compareCode": 1}, {"name": "Receiver points won", "home": "15", "away": "23", "compareCode": 2}, {"name": "Total points won", "home": "38", "away": "41", "compareCode": 2}, {"name": "Max points in a row", "home": "6", "away": "5", "compareCode": 1}]}]}, {"period": "2ND", "groups": [{"groupName": "Service", "statisticsItems": [{"name": "Aces", "home": "0", "away": "0", "compareCode": 3}, {"name": "Double faults", "home": "0", "away": "0", "compareCode": 3}, {"name": "First serve", "home": "22/26 (85%)", "away": "28/29 (97%)", "compareCode": 2}, {"name": "Second serve", "home": "4/4 (100%)", "away": "1/1 (100%)", "compareCode": 3}, {"name": "First serve points", "home": "13/22 (59%)", "away": "12/28 (43%)", "compareCode": 1}, {"name": "Second serve points", "home": "2/4 (50%)", "away": "0/1 (0%)", "compareCode": 1}, {"name": "Break points saved", "home": "2/3 (66%)", "away": "4/7 (57%)", "compareCode": 1}, {"name": "Service games played", "home": "4", "away": "4", "compareCode": 3}]}, {"groupName": "Return", "statisticsItems": [{"name": "First serve return points", "home": "16/28 (57%)", "away": "9/22 (40%)", "compareCode": 2}, {"name": "Second serve return points", "home": "1/1 (100%)", "away": "2/4 (50%)", "compareCode": 1}, {"name": "Break points converted", "home": "3", "away": "1", "compareCode": 1}, {"name": "Return games played", "home": "4", "away": "4", "compareCode": 3}]}, {"groupName": "Points", "statisticsItems": [{"name": "Service points won", "home": "15", "away": "12", "compareCode": 1}, {"name": "Receiver points won", "home": "17", "away": "11", "compareCode": 1}, {"name": "Total points won", "home": "32", "away": "23", "compareCode": 1}, {"name": "Max points in a row", "home": "5", "away": "3", "compareCode": 1}]}]}, {"period": "3RD", "groups": [{"groupName": "Service", "statisticsItems": [{"name": "Aces", "home": "0", "away": "0", "compareCode": 3}, {"name": "Double faults", "home": "0", "away": "0", "compareCode": 3}, {"name": "First serve", "home": "8/8 (100%)", "away": "7/8 (88%)", "compareCode": 1}, {"name": "Second serve", "home": "0/0 (0%)", "away": "1/1 (100%)", "compareCode": 2}, {"name": "First serve points", "home": "4/8 (50%)", "away": "1/7 (14%)", "compareCode": 1}, {"name": "Second serve points", "home": "0/0 (0%)", "away": "1/1 (100%)", "compareCode": 2}, {"name": "Break points saved", "home": "0/0 (0%)", "away": "0/0 (0%)", "compareCode": 3}, {"name": "Service games played", "home": "0", "away": "0", "compareCode": 3}]}, {"groupName": "Return", "statisticsItems": [{"name": "First serve return points", "home": "6/7 (85%)", "away": "4/8 (50%)", "compareCode": 3}, {"name": "Second serve return points", "home": "0/1 (0%)", "away": "0/0 (0%)", "compareCode": 2}, {"name": "Break points converted", "home": "0", "away": "0", "compareCode": 3}, {"name": "Return games played", "home": "0", "away": "0", "compareCode": 3}]}, {"groupName": "Points", "statisticsItems": [{"name": "Service points won", "home": "4", "away": "2", "compareCode": 1}, {"name": "Receiver points won", "home": "6", "away": "4", "compareCode": 1}, {"name": "Total points won", "home": "10", "away": "6", "compareCode": 1}, {"name": "Max points in a row", "home": "6", "away": "3", "compareCode": 1}]}]}]}