{"statistics": [{"period": "ALL", "groups": [{"groupName": "Service", "statisticsItems": [{"name": "Aces", "home": "0", "away": "0", "compareCode": 3}, {"name": "Double faults", "home": "1", "away": "0", "compareCode": 1}, {"name": "First serve", "home": "61/64 (95%)", "away": "57/61 (93%)", "compareCode": 1}, {"name": "Second serve", "home": "2/3 (67%)", "away": "4/4 (100%)", "compareCode": 2}, {"name": "First serve points", "home": "37/61 (61%)", "away": "25/57 (44%)", "compareCode": 1}, {"name": "Second serve points", "home": "2/3 (67%)", "away": "3/4 (75%)", "compareCode": 2}, {"name": "Break points saved", "home": "4/7 (57%)", "away": "5/10 (50%)", "compareCode": 1}, {"name": "Service games played", "home": "10", "away": "9", "compareCode": 1}]}, {"groupName": "Return", "statisticsItems": [{"name": "First serve return points", "home": "32/57 (56%)", "away": "24/61 (39%)", "compareCode": 1}, {"name": "Second serve return points", "home": "1/4 (25%)", "away": "1/3 (33%)", "compareCode": 2}, {"name": "Break points converted", "home": "5", "away": "3", "compareCode": 1}, {"name": "Return games played", "home": "9", "away": "10", "compareCode": 1}]}, {"groupName": "Points", "statisticsItems": [{"name": "Service points won", "home": "39", "away": "28", "compareCode": 1}, {"name": "Receiver points won", "home": "33", "away": "25", "compareCode": 1}, {"name": "Total points won", "home": "72", "away": "53", "compareCode": 1}, {"name": "Max points in a row", "home": "10", "away": "5", "compareCode": 1}]}]}, {"period": "1ST", "groups": [{"groupName": "Service", "statisticsItems": [{"name": "Aces", "home": "0", "away": "0", "compareCode": 3}, {"name": "Double faults", "home": "0", "away": "0", "compareCode": 3}, {"name": "First serve", "home": "40/40 (100%)", "away": "40/40 (100%)", "compareCode": 3}, {"name": "Second serve", "home": "0/0 (0%)", "away": "0/0 (0%)", "compareCode": 3}, {"name": "First serve points", "home": "22/40 (55%)", "away": "18/40 (45%)", "compareCode": 1}, {"name": "Second serve points", "home": "0/0 (0%)", "away": "0/0 (0%)", "compareCode": 3}, {"name": "Break points saved", "home": "4/6 (66%)", "away": "4/7 (57%)", "compareCode": 1}, {"name": "Service games played", "home": "5", "away": "5", "compareCode": 3}]}, {"groupName": "Return", "statisticsItems": [{"name": "First serve return points", "home": "22/40 (55%)", "away": "18/40 (45%)", "compareCode": 3}, {"name": "Second serve return points", "home": "0/0 (0%)", "away": "0/0 (0%)", "compareCode": 3}, {"name": "Break points converted", "home": "3", "away": "2", "compareCode": 1}, {"name": "Return games played", "home": "5", "away": "5", "compareCode": 3}]}, {"groupName": "Points", "statisticsItems": [{"name": "Service points won", "home": "22", "away": "18", "compareCode": 1}, {"name": "Receiver points won", "home": "22", "away": "18", "compareCode": 1}, {"name": "Total points won", "home": "44", "away": "36", "compareCode": 1}, {"name": "Max points in a row", "home": "4", "away": "5", "compareCode": 2}]}]}, {"period": "2ND", "groups": [{"groupName": "Service", "statisticsItems": [{"name": "Aces", "home": "0", "away": "0", "compareCode": 3}, {"name": "Double faults", "home": "1", "away": "0", "compareCode": 1}, {"name": "First serve", "home": "21/24 (88%)", "away": "17/21 (81%)", "compareCode": 1}, {"name": "Second serve", "home": "2/3 (67%)", "away": "4/4 (100%)", "compareCode": 2}, {"name": "First serve points", "home": "15/21 (71%)", "away": "7/17 (41%)", "compareCode": 1}, {"name": "Second serve points", "home": "2/3 (67%)", "away": "3/4 (75%)", "compareCode": 2}, {"name": "Break points saved", "home": "0/1 (0%)", "away": "1/3 (33%)", "compareCode": 1}, {"name": "Service games played", "home": "5", "away": "4", "compareCode": 1}]}, {"groupName": "Return", "statisticsItems": [{"name": "First serve return points", "home": "10/17 (58%)", "away": "6/21 (28%)", "compareCode": 1}, {"name": "Second serve return points", "home": "1/4 (25%)", "away": "1/3 (33%)", "compareCode": 2}, {"name": "Break points converted", "home": "2", "away": "1", "compareCode": 1}, {"name": "Return games played", "home": "4", "away": "5", "compareCode": 1}]}, {"groupName": "Points", "statisticsItems": [{"name": "Service points won", "home": "17", "away": "10", "compareCode": 1}, {"name": "Receiver points won", "home": "11", "away": "7", "compareCode": 1}, {"name": "Total points won", "home": "28", "away": "17", "compareCode": 1}, {"name": "Max points in a row", "home": "10", "away": "4", "compareCode": 1}]}]}]}