{"statistics": [{"period": "ALL", "groups": [{"groupName": "Service", "statisticsItems": [{"name": "Aces", "home": "0", "away": "0", "compareCode": 3}, {"name": "Double faults", "home": "2", "away": "0", "compareCode": 1}, {"name": "First serve", "home": "52/58 (90%)", "away": "40/42 (95%)", "compareCode": 2}, {"name": "Second serve", "home": "4/6 (67%)", "away": "2/2 (100%)", "compareCode": 2}, {"name": "First serve points", "home": "22/52 (42%)", "away": "23/40 (58%)", "compareCode": 2}, {"name": "Second serve points", "home": "1/6 (17%)", "away": "1/2 (50%)", "compareCode": 3}, {"name": "Break points saved", "home": "6/13 (46%)", "away": "3/6 (50%)", "compareCode": 2}, {"name": "Service games played", "home": "9", "away": "8", "compareCode": 1}]}, {"groupName": "Return", "statisticsItems": [{"name": "First serve return points", "home": "17/40 (42%)", "away": "30/52 (57%)", "compareCode": 1}, {"name": "Second serve return points", "home": "1/2 (50%)", "away": "5/6 (83%)", "compareCode": 1}, {"name": "Break points converted", "home": "3", "away": "7", "compareCode": 2}, {"name": "Return games played", "home": "8", "away": "9", "compareCode": 1}]}, {"groupName": "Points", "statisticsItems": [{"name": "Service points won", "home": "23", "away": "24", "compareCode": 2}, {"name": "Receiver points won", "home": "18", "away": "35", "compareCode": 2}, {"name": "Total points won", "home": "41", "away": "59", "compareCode": 2}, {"name": "Max points in a row", "home": "7", "away": "8", "compareCode": 2}]}]}, {"period": "1ST", "groups": [{"groupName": "Service", "statisticsItems": [{"name": "Aces", "home": "0", "away": "0", "compareCode": 3}, {"name": "Double faults", "home": "1", "away": "0", "compareCode": 1}, {"name": "First serve", "home": "22/27 (81%)", "away": "19/19 (100%)", "compareCode": 2}, {"name": "Second serve", "home": "4/5 (80%)", "away": "0/0 (0%)", "compareCode": 1}, {"name": "First serve points", "home": "11/22 (50%)", "away": "13/19 (68%)", "compareCode": 2}, {"name": "Second serve points", "home": "1/5 (20%)", "away": "0/0 (0%)", "compareCode": 1}, {"name": "Break points saved", "home": "2/5 (40%)", "away": "1/2 (50%)", "compareCode": 2}, {"name": "Service games played", "home": "4", "away": "4", "compareCode": 3}]}, {"groupName": "Return", "statisticsItems": [{"name": "First serve return points", "home": "6/19 (31%)", "away": "11/22 (50%)", "compareCode": 1}, {"name": "Second serve return points", "home": "0/0 (0%)", "away": "4/5 (80%)", "compareCode": 1}, {"name": "Break points converted", "home": "1", "away": "3", "compareCode": 2}, {"name": "Return games played", "home": "4", "away": "4", "compareCode": 3}]}, {"groupName": "Points", "statisticsItems": [{"name": "Service points won", "home": "12", "away": "13", "compareCode": 2}, {"name": "Receiver points won", "home": "6", "away": "15", "compareCode": 2}, {"name": "Total points won", "home": "18", "away": "28", "compareCode": 2}, {"name": "Max points in a row", "home": "7", "away": "7", "compareCode": 3}]}]}, {"period": "2ND", "groups": [{"groupName": "Service", "statisticsItems": [{"name": "Aces", "home": "0", "away": "0", "compareCode": 3}, {"name": "Double faults", "home": "1", "away": "0", "compareCode": 1}, {"name": "First serve", "home": "30/31 (97%)", "away": "21/23 (91%)", "compareCode": 1}, {"name": "Second serve", "home": "0/1 (0%)", "away": "2/2 (100%)", "compareCode": 2}, {"name": "First serve points", "home": "11/30 (37%)", "away": "10/21 (48%)", "compareCode": 1}, {"name": "Second serve points", "home": "0/1 (0%)", "away": "1/2 (50%)", "compareCode": 2}, {"name": "Break points saved", "home": "4/8 (50%)", "away": "2/4 (50%)", "compareCode": 2}, {"name": "Service games played", "home": "5", "away": "4", "compareCode": 1}]}, {"groupName": "Return", "statisticsItems": [{"name": "First serve return points", "home": "11/21 (52%)", "away": "19/30 (63%)", "compareCode": 1}, {"name": "Second serve return points", "home": "1/2 (50%)", "away": "1/1 (100%)", "compareCode": 2}, {"name": "Break points converted", "home": "2", "away": "4", "compareCode": 2}, {"name": "Return games played", "home": "4", "away": "5", "compareCode": 1}]}, {"groupName": "Points", "statisticsItems": [{"name": "Service points won", "home": "11", "away": "11", "compareCode": 3}, {"name": "Receiver points won", "home": "12", "away": "20", "compareCode": 2}, {"name": "Total points won", "home": "23", "away": "31", "compareCode": 2}, {"name": "Max points in a row", "home": "4", "away": "5", "compareCode": 2}]}]}]}