{"statistics": [{"period": "ALL", "groups": [{"groupName": "Service", "statisticsItems": [{"name": "Aces", "home": "0", "away": "0", "compareCode": 3}, {"name": "Double faults", "home": "4", "away": "0", "compareCode": 1}, {"name": "First serve", "home": "41/66 (62%)", "away": "65/71 (92%)", "compareCode": 2}, {"name": "Second serve", "home": "21/25 (84%)", "away": "6/6 (100%)", "compareCode": 2}, {"name": "First serve points", "home": "24/41 (59%)", "away": "41/65 (63%)", "compareCode": 2}, {"name": "Second serve points", "home": "11/25 (44%)", "away": "3/6 (50%)", "compareCode": 1}, {"name": "Break points saved", "home": "6/10 (60%)", "away": "4/7 (57%)", "compareCode": 2}, {"name": "Service games played", "home": "10", "away": "11", "compareCode": 2}]}, {"groupName": "Return", "statisticsItems": [{"name": "First serve return points", "home": "24/65 (36%)", "away": "17/41 (41%)", "compareCode": 2}, {"name": "Second serve return points", "home": "3/6 (50%)", "away": "14/25 (56%)", "compareCode": 1}, {"name": "Break points converted", "home": "3", "away": "4", "compareCode": 2}, {"name": "Return games played", "home": "11", "away": "10", "compareCode": 2}]}, {"groupName": "Points", "statisticsItems": [{"name": "Service points won", "home": "35", "away": "44", "compareCode": 2}, {"name": "Receiver points won", "home": "27", "away": "31", "compareCode": 2}, {"name": "Total points won", "home": "62", "away": "75", "compareCode": 2}, {"name": "Max points in a row", "home": "6", "away": "9", "compareCode": 2}]}]}, {"period": "1ST", "groups": [{"groupName": "Service", "statisticsItems": [{"name": "Aces", "home": "0", "away": "0", "compareCode": 3}, {"name": "Double faults", "home": "2", "away": "0", "compareCode": 1}, {"name": "First serve", "home": "24/39 (62%)", "away": "40/44 (91%)", "compareCode": 2}, {"name": "Second serve", "home": "13/15 (87%)", "away": "4/4 (100%)", "compareCode": 2}, {"name": "First serve points", "home": "15/24 (63%)", "away": "24/40 (60%)", "compareCode": 2}, {"name": "Second serve points", "home": "7/15 (47%)", "away": "2/4 (50%)", "compareCode": 1}, {"name": "Break points saved", "home": "2/4 (50%)", "away": "4/6 (66%)", "compareCode": 1}, {"name": "Service games played", "home": "6", "away": "6", "compareCode": 3}]}, {"groupName": "Return", "statisticsItems": [{"name": "First serve return points", "home": "16/40 (40%)", "away": "9/24 (37%)", "compareCode": 2}, {"name": "Second serve return points", "home": "2/4 (50%)", "away": "8/15 (53%)", "compareCode": 1}, {"name": "Break points converted", "home": "2", "away": "2", "compareCode": 3}, {"name": "Return games played", "home": "6", "away": "6", "compareCode": 3}]}, {"groupName": "Points", "statisticsItems": [{"name": "Service points won", "home": "22", "away": "26", "compareCode": 2}, {"name": "Receiver points won", "home": "18", "away": "17", "compareCode": 1}, {"name": "Total points won", "home": "40", "away": "43", "compareCode": 2}, {"name": "Max points in a row", "home": "6", "away": "9", "compareCode": 2}]}]}, {"period": "2ND", "groups": [{"groupName": "Service", "statisticsItems": [{"name": "Aces", "home": "0", "away": "0", "compareCode": 3}, {"name": "Double faults", "home": "2", "away": "0", "compareCode": 1}, {"name": "First serve", "home": "17/27 (63%)", "away": "25/27 (93%)", "compareCode": 2}, {"name": "Second serve", "home": "8/10 (80%)", "away": "2/2 (100%)", "compareCode": 2}, {"name": "First serve points", "home": "9/17 (53%)", "away": "17/25 (68%)", "compareCode": 2}, {"name": "Second serve points", "home": "4/10 (40%)", "away": "1/2 (50%)", "compareCode": 1}, {"name": "Break points saved", "home": "4/6 (66%)", "away": "0/1 (0%)", "compareCode": 2}, {"name": "Service games played", "home": "4", "away": "5", "compareCode": 2}]}, {"groupName": "Return", "statisticsItems": [{"name": "First serve return points", "home": "8/25 (32%)", "away": "8/17 (47%)", "compareCode": 3}, {"name": "Second serve return points", "home": "1/2 (50%)", "away": "6/10 (60%)", "compareCode": 1}, {"name": "Break points converted", "home": "1", "away": "2", "compareCode": 2}, {"name": "Return games played", "home": "5", "away": "4", "compareCode": 2}]}, {"groupName": "Points", "statisticsItems": [{"name": "Service points won", "home": "13", "away": "18", "compareCode": 2}, {"name": "Receiver points won", "home": "9", "away": "14", "compareCode": 2}, {"name": "Total points won", "home": "22", "away": "32", "compareCode": 2}, {"name": "Max points in a row", "home": "5", "away": "5", "compareCode": 3}]}]}]}