{"statistics": [{"period": "ALL", "groups": [{"groupName": "Service", "statisticsItems": [{"name": "Aces", "home": "0", "away": "0", "compareCode": 3}, {"name": "Double faults", "home": "3", "away": "0", "compareCode": 1}, {"name": "First serve", "home": "83/86 (97%)", "away": "111/113 (98%)", "compareCode": 2}, {"name": "Second serve", "home": "0/3 (0%)", "away": "2/2 (100%)", "compareCode": 2}, {"name": "First serve points", "home": "39/83 (47%)", "away": "56/111 (50%)", "compareCode": 2}, {"name": "Second serve points", "home": "0/3 (0%)", "away": "1/2 (50%)", "compareCode": 2}, {"name": "Break points saved", "home": "3/11 (27%)", "away": "9/16 (56%)", "compareCode": 1}, {"name": "Service games played", "home": "12", "away": "12", "compareCode": 3}]}, {"groupName": "Return", "statisticsItems": [{"name": "First serve return points", "home": "55/111 (49%)", "away": "44/83 (53%)", "compareCode": 2}, {"name": "Second serve return points", "home": "1/2 (50%)", "away": "3/3 (100%)", "compareCode": 1}, {"name": "Break points converted", "home": "7", "away": "8", "compareCode": 2}, {"name": "Return games played", "home": "12", "away": "12", "compareCode": 3}]}, {"groupName": "Points", "statisticsItems": [{"name": "Service points won", "home": "39", "away": "57", "compareCode": 2}, {"name": "Receiver points won", "home": "56", "away": "47", "compareCode": 1}, {"name": "Total points won", "home": "95", "away": "104", "compareCode": 2}, {"name": "Max points in a row", "home": "6", "away": "6", "compareCode": 3}]}]}, {"period": "1ST", "groups": [{"groupName": "Service", "statisticsItems": [{"name": "Aces", "home": "0", "away": "0", "compareCode": 3}, {"name": "Double faults", "home": "0", "away": "0", "compareCode": 3}, {"name": "First serve", "home": "29/29 (100%)", "away": "36/37 (97%)", "compareCode": 1}, {"name": "Second serve", "home": "0/0 (0%)", "away": "1/1 (100%)", "compareCode": 2}, {"name": "First serve points", "home": "9/29 (31%)", "away": "16/36 (44%)", "compareCode": 2}, {"name": "Second serve points", "home": "0/0 (0%)", "away": "0/1 (0%)", "compareCode": 3}, {"name": "Break points saved", "home": "0/5 (0%)", "away": "2/6 (33%)", "compareCode": 1}, {"name": "Service games played", "home": "6", "away": "6", "compareCode": 3}]}, {"groupName": "Return", "statisticsItems": [{"name": "First serve return points", "home": "20/36 (55%)", "away": "20/29 (68%)", "compareCode": 2}, {"name": "Second serve return points", "home": "1/1 (100%)", "away": "0/0 (0%)", "compareCode": 2}, {"name": "Break points converted", "home": "4", "away": "5", "compareCode": 2}, {"name": "Return games played", "home": "6", "away": "6", "compareCode": 3}]}, {"groupName": "Points", "statisticsItems": [{"name": "Service points won", "home": "9", "away": "16", "compareCode": 2}, {"name": "Receiver points won", "home": "21", "away": "20", "compareCode": 1}, {"name": "Total points won", "home": "30", "away": "36", "compareCode": 2}, {"name": "Max points in a row", "home": "6", "away": "6", "compareCode": 3}]}]}, {"period": "2ND", "groups": [{"groupName": "Service", "statisticsItems": [{"name": "Aces", "home": "0", "away": "0", "compareCode": 3}, {"name": "Double faults", "home": "3", "away": "0", "compareCode": 1}, {"name": "First serve", "home": "46/49 (94%)", "away": "67/68 (99%)", "compareCode": 2}, {"name": "Second serve", "home": "0/3 (0%)", "away": "1/1 (100%)", "compareCode": 2}, {"name": "First serve points", "home": "25/46 (54%)", "away": "33/67 (49%)", "compareCode": 2}, {"name": "Second serve points", "home": "0/3 (0%)", "away": "1/1 (100%)", "compareCode": 2}, {"name": "Break points saved", "home": "3/6 (50%)", "away": "7/10 (70%)", "compareCode": 1}, {"name": "Service games played", "home": "6", "away": "6", "compareCode": 3}]}, {"groupName": "Return", "statisticsItems": [{"name": "First serve return points", "home": "34/67 (50%)", "away": "21/46 (45%)", "compareCode": 2}, {"name": "Second serve return points", "home": "0/1 (0%)", "away": "3/3 (100%)", "compareCode": 1}, {"name": "Break points converted", "home": "3", "away": "3", "compareCode": 3}, {"name": "Return games played", "home": "6", "away": "6", "compareCode": 3}]}, {"groupName": "Points", "statisticsItems": [{"name": "Service points won", "home": "25", "away": "34", "compareCode": 2}, {"name": "Receiver points won", "home": "34", "away": "24", "compareCode": 1}, {"name": "Total points won", "home": "59", "away": "58", "compareCode": 1}, {"name": "Max points in a row", "home": "4", "away": "4", "compareCode": 3}]}]}, {"period": "3RD", "groups": [{"groupName": "Service", "statisticsItems": [{"name": "Aces", "home": "0", "away": "0", "compareCode": 3}, {"name": "Double faults", "home": "0", "away": "0", "compareCode": 3}, {"name": "First serve", "home": "8/8 (100%)", "away": "8/8 (100%)", "compareCode": 3}, {"name": "Second serve", "home": "0/0 (0%)", "away": "0/0 (0%)", "compareCode": 3}, {"name": "First serve points", "home": "5/8 (63%)", "away": "7/8 (88%)", "compareCode": 2}, {"name": "Second serve points", "home": "0/0 (0%)", "away": "0/0 (0%)", "compareCode": 3}, {"name": "Break points saved", "home": "0/0 (0%)", "away": "0/0 (0%)", "compareCode": 3}, {"name": "Service games played", "home": "0", "away": "0", "compareCode": 3}]}, {"groupName": "Return", "statisticsItems": [{"name": "First serve return points", "home": "1/8 (12%)", "away": "3/8 (37%)", "compareCode": 3}, {"name": "Second serve return points", "home": "0/0 (0%)", "away": "0/0 (0%)", "compareCode": 3}, {"name": "Break points converted", "home": "0", "away": "0", "compareCode": 3}, {"name": "Return games played", "home": "0", "away": "0", "compareCode": 3}]}, {"groupName": "Points", "statisticsItems": [{"name": "Service points won", "home": "5", "away": "7", "compareCode": 2}, {"name": "Receiver points won", "home": "1", "away": "3", "compareCode": 2}, {"name": "Total points won", "home": "6", "away": "10", "compareCode": 2}, {"name": "Max points in a row", "home": "3", "away": "4", "compareCode": 2}]}]}]}