{"statistics": [{"period": "ALL", "groups": [{"groupName": "Service", "statisticsItems": [{"name": "Aces", "home": "0", "away": "0", "compareCode": 3}, {"name": "Double faults", "home": "1", "away": "0", "compareCode": 1}, {"name": "First serve", "home": "54/55 (98%)", "away": "75/77 (97%)", "compareCode": 1}, {"name": "Second serve", "home": "0/1 (0%)", "away": "2/2 (100%)", "compareCode": 2}, {"name": "First serve points", "home": "34/54 (63%)", "away": "36/75 (48%)", "compareCode": 2}, {"name": "Second serve points", "home": "0/1 (0%)", "away": "1/2 (50%)", "compareCode": 2}, {"name": "Break points saved", "home": "3/5 (60%)", "away": "8/13 (61%)", "compareCode": 1}, {"name": "Service games played", "home": "9", "away": "10", "compareCode": 2}]}, {"groupName": "Return", "statisticsItems": [{"name": "First serve return points", "home": "39/75 (52%)", "away": "20/54 (37%)", "compareCode": 2}, {"name": "Second serve return points", "home": "1/2 (50%)", "away": "1/1 (100%)", "compareCode": 2}, {"name": "Break points converted", "home": "5", "away": "2", "compareCode": 1}, {"name": "Return games played", "home": "10", "away": "9", "compareCode": 2}]}, {"groupName": "Points", "statisticsItems": [{"name": "Service points won", "home": "34", "away": "37", "compareCode": 2}, {"name": "Receiver points won", "home": "40", "away": "21", "compareCode": 1}, {"name": "Total points won", "home": "74", "away": "58", "compareCode": 1}, {"name": "Max points in a row", "home": "11", "away": "6", "compareCode": 1}]}]}, {"period": "1ST", "groups": [{"groupName": "Service", "statisticsItems": [{"name": "Aces", "home": "0", "away": "0", "compareCode": 3}, {"name": "Double faults", "home": "0", "away": "0", "compareCode": 3}, {"name": "First serve", "home": "24/24 (100%)", "away": "36/37 (97%)", "compareCode": 1}, {"name": "Second serve", "home": "0/0 (0%)", "away": "1/1 (100%)", "compareCode": 2}, {"name": "First serve points", "home": "15/24 (63%)", "away": "16/36 (44%)", "compareCode": 2}, {"name": "Second serve points", "home": "0/0 (0%)", "away": "0/1 (0%)", "compareCode": 3}, {"name": "Break points saved", "home": "2/3 (66%)", "away": "5/8 (62%)", "compareCode": 1}, {"name": "Service games played", "home": "4", "away": "5", "compareCode": 2}]}, {"groupName": "Return", "statisticsItems": [{"name": "First serve return points", "home": "20/36 (55%)", "away": "9/24 (37%)", "compareCode": 2}, {"name": "Second serve return points", "home": "1/1 (100%)", "away": "0/0 (0%)", "compareCode": 2}, {"name": "Break points converted", "home": "3", "away": "1", "compareCode": 1}, {"name": "Return games played", "home": "5", "away": "4", "compareCode": 2}]}, {"groupName": "Points", "statisticsItems": [{"name": "Service points won", "home": "15", "away": "16", "compareCode": 2}, {"name": "Receiver points won", "home": "21", "away": "9", "compareCode": 1}, {"name": "Total points won", "home": "36", "away": "25", "compareCode": 1}, {"name": "Max points in a row", "home": "11", "away": "5", "compareCode": 1}]}]}, {"period": "2ND", "groups": [{"groupName": "Service", "statisticsItems": [{"name": "Aces", "home": "0", "away": "0", "compareCode": 3}, {"name": "Double faults", "home": "1", "away": "0", "compareCode": 1}, {"name": "First serve", "home": "30/31 (97%)", "away": "39/40 (98%)", "compareCode": 2}, {"name": "Second serve", "home": "0/1 (0%)", "away": "1/1 (100%)", "compareCode": 2}, {"name": "First serve points", "home": "19/30 (63%)", "away": "20/39 (51%)", "compareCode": 2}, {"name": "Second serve points", "home": "0/1 (0%)", "away": "1/1 (100%)", "compareCode": 2}, {"name": "Break points saved", "home": "1/2 (50%)", "away": "3/5 (60%)", "compareCode": 1}, {"name": "Service games played", "home": "5", "away": "5", "compareCode": 3}]}, {"groupName": "Return", "statisticsItems": [{"name": "First serve return points", "home": "19/39 (48%)", "away": "11/30 (36%)", "compareCode": 2}, {"name": "Second serve return points", "home": "0/1 (0%)", "away": "1/1 (100%)", "compareCode": 3}, {"name": "Break points converted", "home": "2", "away": "1", "compareCode": 1}, {"name": "Return games played", "home": "5", "away": "5", "compareCode": 3}]}, {"groupName": "Points", "statisticsItems": [{"name": "Service points won", "home": "19", "away": "21", "compareCode": 2}, {"name": "Receiver points won", "home": "19", "away": "12", "compareCode": 1}, {"name": "Total points won", "home": "38", "away": "33", "compareCode": 1}, {"name": "Max points in a row", "home": "9", "away": "6", "compareCode": 1}]}]}]}