{"statistics": [{"period": "ALL", "groups": [{"groupName": "Service", "statisticsItems": [{"name": "Aces", "home": "0", "away": "0", "compareCode": 3}, {"name": "Double faults", "home": "1", "away": "0", "compareCode": 1}, {"name": "First serve", "home": "40/42 (95%)", "away": "44/45 (98%)", "compareCode": 2}, {"name": "Second serve", "home": "1/2 (50%)", "away": "1/1 (100%)", "compareCode": 2}, {"name": "First serve points", "home": "13/40 (33%)", "away": "26/44 (59%)", "compareCode": 2}, {"name": "Second serve points", "home": "0/2 (0%)", "away": "1/1 (100%)", "compareCode": 2}, {"name": "Break points saved", "home": "5/12 (41%)", "away": "3/5 (60%)", "compareCode": 2}, {"name": "Service games played", "home": "7", "away": "7", "compareCode": 3}]}, {"groupName": "Return", "statisticsItems": [{"name": "First serve return points", "home": "18/44 (40%)", "away": "27/40 (67%)", "compareCode": 2}, {"name": "Second serve return points", "home": "0/1 (0%)", "away": "2/2 (100%)", "compareCode": 1}, {"name": "Break points converted", "home": "2", "away": "7", "compareCode": 2}, {"name": "Return games played", "home": "7", "away": "7", "compareCode": 3}]}, {"groupName": "Points", "statisticsItems": [{"name": "Service points won", "home": "13", "away": "27", "compareCode": 2}, {"name": "Receiver points won", "home": "18", "away": "29", "compareCode": 2}, {"name": "Total points won", "home": "31", "away": "56", "compareCode": 2}, {"name": "Max points in a row", "home": "3", "away": "10", "compareCode": 2}]}]}, {"period": "1ST", "groups": [{"groupName": "Service", "statisticsItems": [{"name": "Aces", "home": "0", "away": "0", "compareCode": 3}, {"name": "Double faults", "home": "1", "away": "0", "compareCode": 1}, {"name": "First serve", "home": "25/26 (96%)", "away": "19/20 (95%)", "compareCode": 1}, {"name": "Second serve", "home": "0/1 (0%)", "away": "1/1 (100%)", "compareCode": 2}, {"name": "First serve points", "home": "9/25 (36%)", "away": "11/19 (58%)", "compareCode": 2}, {"name": "Second serve points", "home": "0/1 (0%)", "away": "1/1 (100%)", "compareCode": 2}, {"name": "Break points saved", "home": "5/9 (55%)", "away": "2/3 (66%)", "compareCode": 2}, {"name": "Service games played", "home": "4", "away": "3", "compareCode": 1}]}, {"groupName": "Return", "statisticsItems": [{"name": "First serve return points", "home": "8/19 (42%)", "away": "16/25 (64%)", "compareCode": 1}, {"name": "Second serve return points", "home": "0/1 (0%)", "away": "1/1 (100%)", "compareCode": 3}, {"name": "Break points converted", "home": "1", "away": "4", "compareCode": 2}, {"name": "Return games played", "home": "3", "away": "4", "compareCode": 1}]}, {"groupName": "Points", "statisticsItems": [{"name": "Service points won", "home": "9", "away": "12", "compareCode": 2}, {"name": "Receiver points won", "home": "8", "away": "17", "compareCode": 2}, {"name": "Total points won", "home": "17", "away": "29", "compareCode": 2}, {"name": "Max points in a row", "home": "2", "away": "5", "compareCode": 2}]}]}, {"period": "2ND", "groups": [{"groupName": "Service", "statisticsItems": [{"name": "Aces", "home": "0", "away": "0", "compareCode": 3}, {"name": "Double faults", "home": "0", "away": "0", "compareCode": 3}, {"name": "First serve", "home": "15/16 (94%)", "away": "25/25 (100%)", "compareCode": 2}, {"name": "Second serve", "home": "1/1 (100%)", "away": "0/0 (0%)", "compareCode": 1}, {"name": "First serve points", "home": "4/15 (27%)", "away": "15/25 (60%)", "compareCode": 2}, {"name": "Second serve points", "home": "0/1 (0%)", "away": "0/0 (0%)", "compareCode": 3}, {"name": "Break points saved", "home": "0/3 (0%)", "away": "1/2 (50%)", "compareCode": 2}, {"name": "Service games played", "home": "3", "away": "4", "compareCode": 2}]}, {"groupName": "Return", "statisticsItems": [{"name": "First serve return points", "home": "10/25 (40%)", "away": "11/15 (73%)", "compareCode": 2}, {"name": "Second serve return points", "home": "0/0 (0%)", "away": "1/1 (100%)", "compareCode": 1}, {"name": "Break points converted", "home": "1", "away": "3", "compareCode": 2}, {"name": "Return games played", "home": "4", "away": "3", "compareCode": 2}]}, {"groupName": "Points", "statisticsItems": [{"name": "Service points won", "home": "4", "away": "15", "compareCode": 2}, {"name": "Receiver points won", "home": "10", "away": "12", "compareCode": 2}, {"name": "Total points won", "home": "14", "away": "27", "compareCode": 2}, {"name": "Max points in a row", "home": "3", "away": "10", "compareCode": 2}]}]}]}