{"statistics": [{"period": "ALL", "groups": [{"groupName": "Service", "statisticsItems": [{"name": "Aces", "home": "1", "away": "1", "compareCode": 3}, {"name": "Double faults", "home": "5", "away": "0", "compareCode": 1}, {"name": "First serve", "home": "51/57 (89%)", "away": "72/73 (99%)", "compareCode": 2}, {"name": "Second serve", "home": "1/6 (17%)", "away": "1/1 (100%)", "compareCode": 2}, {"name": "First serve points", "home": "27/51 (53%)", "away": "39/72 (54%)", "compareCode": 2}, {"name": "Second serve points", "home": "0/6 (0%)", "away": "1/1 (100%)", "compareCode": 2}, {"name": "Break points saved", "home": "4/10 (40%)", "away": "10/13 (76%)", "compareCode": 1}, {"name": "Service games played", "home": "10", "away": "9", "compareCode": 1}]}, {"groupName": "Return", "statisticsItems": [{"name": "First serve return points", "home": "33/72 (45%)", "away": "24/51 (47%)", "compareCode": 2}, {"name": "Second serve return points", "home": "0/1 (0%)", "away": "6/6 (100%)", "compareCode": 1}, {"name": "Break points converted", "home": "3", "away": "6", "compareCode": 2}, {"name": "Return games played", "home": "9", "away": "10", "compareCode": 1}]}, {"groupName": "Points", "statisticsItems": [{"name": "Service points won", "home": "27", "away": "40", "compareCode": 2}, {"name": "Receiver points won", "home": "33", "away": "30", "compareCode": 1}, {"name": "Total points won", "home": "60", "away": "70", "compareCode": 2}, {"name": "Max points in a row", "home": "4", "away": "5", "compareCode": 2}]}]}, {"period": "1ST", "groups": [{"groupName": "Service", "statisticsItems": [{"name": "Aces", "home": "0", "away": "0", "compareCode": 3}, {"name": "Double faults", "home": "1", "away": "0", "compareCode": 1}, {"name": "First serve", "home": "28/30 (93%)", "away": "36/37 (97%)", "compareCode": 2}, {"name": "Second serve", "home": "1/2 (50%)", "away": "1/1 (100%)", "compareCode": 2}, {"name": "First serve points", "home": "14/28 (50%)", "away": "19/36 (53%)", "compareCode": 2}, {"name": "Second serve points", "home": "0/2 (0%)", "away": "1/1 (100%)", "compareCode": 2}, {"name": "Break points saved", "home": "3/6 (50%)", "away": "4/6 (66%)", "compareCode": 3}, {"name": "Service games played", "home": "5", "away": "5", "compareCode": 3}]}, {"groupName": "Return", "statisticsItems": [{"name": "First serve return points", "home": "17/36 (47%)", "away": "14/28 (50%)", "compareCode": 2}, {"name": "Second serve return points", "home": "0/1 (0%)", "away": "2/2 (100%)", "compareCode": 1}, {"name": "Break points converted", "home": "2", "away": "3", "compareCode": 2}, {"name": "Return games played", "home": "5", "away": "5", "compareCode": 3}]}, {"groupName": "Points", "statisticsItems": [{"name": "Service points won", "home": "14", "away": "20", "compareCode": 2}, {"name": "Receiver points won", "home": "17", "away": "16", "compareCode": 1}, {"name": "Total points won", "home": "31", "away": "36", "compareCode": 2}, {"name": "Max points in a row", "home": "4", "away": "5", "compareCode": 2}]}]}, {"period": "2ND", "groups": [{"groupName": "Service", "statisticsItems": [{"name": "Aces", "home": "1", "away": "1", "compareCode": 3}, {"name": "Double faults", "home": "4", "away": "0", "compareCode": 1}, {"name": "First serve", "home": "23/27 (85%)", "away": "36/36 (100%)", "compareCode": 2}, {"name": "Second serve", "home": "0/4 (0%)", "away": "0/0 (0%)", "compareCode": 3}, {"name": "First serve points", "home": "13/23 (57%)", "away": "20/36 (56%)", "compareCode": 2}, {"name": "Second serve points", "home": "0/4 (0%)", "away": "0/0 (0%)", "compareCode": 3}, {"name": "Break points saved", "home": "1/4 (25%)", "away": "6/7 (85%)", "compareCode": 1}, {"name": "Service games played", "home": "5", "away": "4", "compareCode": 1}]}, {"groupName": "Return", "statisticsItems": [{"name": "First serve return points", "home": "16/36 (44%)", "away": "10/23 (43%)", "compareCode": 2}, {"name": "Second serve return points", "home": "0/0 (0%)", "away": "4/4 (100%)", "compareCode": 1}, {"name": "Break points converted", "home": "1", "away": "3", "compareCode": 2}, {"name": "Return games played", "home": "4", "away": "5", "compareCode": 1}]}, {"groupName": "Points", "statisticsItems": [{"name": "Service points won", "home": "13", "away": "20", "compareCode": 2}, {"name": "Receiver points won", "home": "16", "away": "14", "compareCode": 1}, {"name": "Total points won", "home": "29", "away": "34", "compareCode": 2}, {"name": "Max points in a row", "home": "3", "away": "4", "compareCode": 2}]}]}]}