{"statistics": [{"period": "ALL", "groups": [{"groupName": "Service", "statisticsItems": [{"name": "Aces", "home": "2", "away": "0", "compareCode": 1}, {"name": "Double faults", "home": "6", "away": "0", "compareCode": 1}, {"name": "First serve", "home": "78/84 (93%)", "away": "52/52 (100%)", "compareCode": 2}, {"name": "Second serve", "home": "0/6 (0%)", "away": "0/0 (0%)", "compareCode": 3}, {"name": "First serve points", "home": "38/78 (49%)", "away": "28/52 (54%)", "compareCode": 1}, {"name": "Second serve points", "home": "0/6 (0%)", "away": "0/0 (0%)", "compareCode": 3}, {"name": "Break points saved", "home": "7/14 (50%)", "away": "1/5 (20%)", "compareCode": 2}, {"name": "Service games played", "home": "10", "away": "9", "compareCode": 1}]}, {"groupName": "Return", "statisticsItems": [{"name": "First serve return points", "home": "24/52 (46%)", "away": "40/78 (51%)", "compareCode": 1}, {"name": "Second serve return points", "home": "0/0 (0%)", "away": "6/6 (100%)", "compareCode": 1}, {"name": "Break points converted", "home": "4", "away": "7", "compareCode": 2}, {"name": "Return games played", "home": "9", "away": "10", "compareCode": 1}]}, {"groupName": "Points", "statisticsItems": [{"name": "Service points won", "home": "38", "away": "28", "compareCode": 1}, {"name": "Receiver points won", "home": "24", "away": "46", "compareCode": 2}, {"name": "Total points won", "home": "62", "away": "74", "compareCode": 2}, {"name": "Max points in a row", "home": "5", "away": "7", "compareCode": 2}]}]}, {"period": "1ST", "groups": [{"groupName": "Service", "statisticsItems": [{"name": "Aces", "home": "1", "away": "0", "compareCode": 1}, {"name": "Double faults", "home": "4", "away": "0", "compareCode": 1}, {"name": "First serve", "home": "40/44 (91%)", "away": "24/24 (100%)", "compareCode": 2}, {"name": "Second serve", "home": "0/4 (0%)", "away": "0/0 (0%)", "compareCode": 3}, {"name": "First serve points", "home": "19/40 (48%)", "away": "12/24 (50%)", "compareCode": 1}, {"name": "Second serve points", "home": "0/4 (0%)", "away": "0/0 (0%)", "compareCode": 3}, {"name": "Break points saved", "home": "6/10 (60%)", "away": "0/2 (0%)", "compareCode": 2}, {"name": "Service games played", "home": "5", "away": "4", "compareCode": 1}]}, {"groupName": "Return", "statisticsItems": [{"name": "First serve return points", "home": "12/24 (50%)", "away": "21/40 (52%)", "compareCode": 1}, {"name": "Second serve return points", "home": "0/0 (0%)", "away": "4/4 (100%)", "compareCode": 1}, {"name": "Break points converted", "home": "2", "away": "4", "compareCode": 2}, {"name": "Return games played", "home": "4", "away": "5", "compareCode": 1}]}, {"groupName": "Points", "statisticsItems": [{"name": "Service points won", "home": "19", "away": "12", "compareCode": 1}, {"name": "Receiver points won", "home": "12", "away": "25", "compareCode": 2}, {"name": "Total points won", "home": "31", "away": "37", "compareCode": 2}, {"name": "Max points in a row", "home": "4", "away": "4", "compareCode": 3}]}]}, {"period": "2ND", "groups": [{"groupName": "Service", "statisticsItems": [{"name": "Aces", "home": "1", "away": "0", "compareCode": 1}, {"name": "Double faults", "home": "2", "away": "0", "compareCode": 1}, {"name": "First serve", "home": "38/40 (95%)", "away": "28/28 (100%)", "compareCode": 2}, {"name": "Second serve", "home": "0/2 (0%)", "away": "0/0 (0%)", "compareCode": 3}, {"name": "First serve points", "home": "19/38 (50%)", "away": "16/28 (57%)", "compareCode": 1}, {"name": "Second serve points", "home": "0/2 (0%)", "away": "0/0 (0%)", "compareCode": 3}, {"name": "Break points saved", "home": "1/4 (25%)", "away": "1/3 (33%)", "compareCode": 2}, {"name": "Service games played", "home": "5", "away": "5", "compareCode": 3}]}, {"groupName": "Return", "statisticsItems": [{"name": "First serve return points", "home": "12/28 (42%)", "away": "19/38 (50%)", "compareCode": 1}, {"name": "Second serve return points", "home": "0/0 (0%)", "away": "2/2 (100%)", "compareCode": 1}, {"name": "Break points converted", "home": "2", "away": "3", "compareCode": 2}, {"name": "Return games played", "home": "5", "away": "5", "compareCode": 3}]}, {"groupName": "Points", "statisticsItems": [{"name": "Service points won", "home": "19", "away": "16", "compareCode": 1}, {"name": "Receiver points won", "home": "12", "away": "21", "compareCode": 2}, {"name": "Total points won", "home": "31", "away": "37", "compareCode": 2}, {"name": "Max points in a row", "home": "5", "away": "7", "compareCode": 2}]}]}]}