{"statistics": [{"period": "ALL", "groups": [{"groupName": "Service", "statisticsItems": [{"name": "Aces", "home": "0", "away": "2", "compareCode": 2}, {"name": "First serve", "home": "59/59 (100%)", "away": "64/64 (100%)", "compareCode": 3}, {"name": "Second serve", "home": "0/0 (0%)", "away": "0/0 (0%)", "compareCode": 3}, {"name": "First serve points", "home": "27/59 (46%)", "away": "39/64 (61%)", "compareCode": 2}, {"name": "Second serve points", "home": "0/0 (0%)", "away": "0/0 (0%)", "compareCode": 3}, {"name": "Break points saved", "home": "2/7 (28%)", "away": "2/5 (40%)", "compareCode": 2}, {"name": "Service games played", "home": "9", "away": "10", "compareCode": 2}]}, {"groupName": "Return", "statisticsItems": [{"name": "First serve return points", "home": "25/64 (39%)", "away": "32/59 (54%)", "compareCode": 2}, {"name": "Second serve return points", "home": "0/0 (0%)", "away": "0/0 (0%)", "compareCode": 3}, {"name": "Break points converted", "home": "3", "away": "5", "compareCode": 2}, {"name": "Return games played", "home": "10", "away": "9", "compareCode": 2}]}, {"groupName": "Points", "statisticsItems": [{"name": "Service points won", "home": "27", "away": "39", "compareCode": 2}, {"name": "Receiver points won", "home": "25", "away": "32", "compareCode": 2}, {"name": "Total points won", "home": "52", "away": "71", "compareCode": 2}, {"name": "Max points in a row", "home": "4", "away": "10", "compareCode": 2}]}]}, {"period": "1ST", "groups": [{"groupName": "Service", "statisticsItems": [{"name": "Aces", "home": "0", "away": "2", "compareCode": 2}, {"name": "Double faults", "home": "0", "away": "0", "compareCode": 3}, {"name": "First serve", "home": "14/14 (100%)", "away": "26/26 (100%)", "compareCode": 3}, {"name": "Second serve", "home": "0/0 (0%)", "away": "0/0 (0%)", "compareCode": 3}, {"name": "First serve points", "home": "5/14 (36%)", "away": "19/26 (73%)", "compareCode": 2}, {"name": "Second serve points", "home": "0/0 (0%)", "away": "0/0 (0%)", "compareCode": 3}, {"name": "Break points saved", "home": "0/2 (0%)", "away": "1/1 (100%)", "compareCode": 2}, {"name": "Service games played", "home": "3", "away": "4", "compareCode": 2}]}, {"groupName": "Return", "statisticsItems": [{"name": "First serve return points", "home": "7/26 (26%)", "away": "9/14 (64%)", "compareCode": 2}, {"name": "Second serve return points", "home": "0/0 (0%)", "away": "0/0 (0%)", "compareCode": 3}, {"name": "Break points converted", "home": "0", "away": "2", "compareCode": 2}, {"name": "Return games played", "home": "4", "away": "3", "compareCode": 2}]}, {"groupName": "Points", "statisticsItems": [{"name": "Service points won", "home": "5", "away": "19", "compareCode": 2}, {"name": "Receiver points won", "home": "7", "away": "9", "compareCode": 2}, {"name": "Total points won", "home": "12", "away": "28", "compareCode": 2}, {"name": "Max points in a row", "home": "4", "away": "10", "compareCode": 2}]}]}, {"period": "2ND", "groups": [{"groupName": "Service", "statisticsItems": [{"name": "Aces", "home": "0", "away": "0", "compareCode": 3}, {"name": "Double faults", "home": "0", "away": "0", "compareCode": 3}, {"name": "First serve", "home": "45/45 (100%)", "away": "38/38 (100%)", "compareCode": 3}, {"name": "Second serve", "home": "0/0 (0%)", "away": "0/0 (0%)", "compareCode": 3}, {"name": "First serve points", "home": "22/45 (49%)", "away": "20/38 (53%)", "compareCode": 1}, {"name": "Second serve points", "home": "0/0 (0%)", "away": "0/0 (0%)", "compareCode": 3}, {"name": "Break points saved", "home": "2/5 (40%)", "away": "1/4 (25%)", "compareCode": 2}, {"name": "Service games played", "home": "6", "away": "6", "compareCode": 3}]}, {"groupName": "Return", "statisticsItems": [{"name": "First serve return points", "home": "18/38 (47%)", "away": "23/45 (51%)", "compareCode": 1}, {"name": "Second serve return points", "home": "0/0 (0%)", "away": "0/0 (0%)", "compareCode": 3}, {"name": "Break points converted", "home": "3", "away": "3", "compareCode": 3}, {"name": "Return games played", "home": "6", "away": "6", "compareCode": 3}]}, {"groupName": "Points", "statisticsItems": [{"name": "Service points won", "home": "22", "away": "20", "compareCode": 1}, {"name": "Receiver points won", "home": "18", "away": "23", "compareCode": 2}, {"name": "Total points won", "home": "40", "away": "43", "compareCode": 2}, {"name": "Max points in a row", "home": "4", "away": "6", "compareCode": 2}]}]}]}