{"statistics": [{"period": "ALL", "groups": [{"groupName": "Service", "statisticsItems": [{"name": "Aces", "home": "1", "away": "0", "compareCode": 1}, {"name": "Double faults", "home": "3", "away": "0", "compareCode": 1}, {"name": "First serve", "home": "54/57 (95%)", "away": "45/45 (100%)", "compareCode": 2}, {"name": "Second serve", "home": "0/3 (0%)", "away": "0/0 (0%)", "compareCode": 3}, {"name": "First serve points", "home": "20/54 (37%)", "away": "25/45 (56%)", "compareCode": 2}, {"name": "Second serve points", "home": "0/3 (0%)", "away": "0/0 (0%)", "compareCode": 3}, {"name": "Break points saved", "home": "3/10 (30%)", "away": "1/3 (33%)", "compareCode": 2}, {"name": "Service games played", "home": "7", "away": "7", "compareCode": 3}]}, {"groupName": "Return", "statisticsItems": [{"name": "First serve return points", "home": "20/45 (44%)", "away": "34/54 (62%)", "compareCode": 1}, {"name": "Second serve return points", "home": "0/0 (0%)", "away": "3/3 (100%)", "compareCode": 1}, {"name": "Break points converted", "home": "2", "away": "7", "compareCode": 2}, {"name": "Return games played", "home": "7", "away": "7", "compareCode": 3}]}, {"groupName": "Points", "statisticsItems": [{"name": "Service points won", "home": "20", "away": "25", "compareCode": 2}, {"name": "Receiver points won", "home": "20", "away": "37", "compareCode": 2}, {"name": "Total points won", "home": "40", "away": "62", "compareCode": 2}, {"name": "Max points in a row", "home": "5", "away": "6", "compareCode": 2}]}]}, {"period": "1ST", "groups": [{"groupName": "Service", "statisticsItems": [{"name": "Aces", "home": "0", "away": "0", "compareCode": 3}, {"name": "Double faults", "home": "1", "away": "0", "compareCode": 1}, {"name": "First serve", "home": "35/36 (97%)", "away": "23/23 (100%)", "compareCode": 2}, {"name": "Second serve", "home": "0/1 (0%)", "away": "0/0 (0%)", "compareCode": 3}, {"name": "First serve points", "home": "14/35 (40%)", "away": "11/23 (48%)", "compareCode": 1}, {"name": "Second serve points", "home": "0/1 (0%)", "away": "0/0 (0%)", "compareCode": 3}, {"name": "Break points saved", "home": "2/6 (33%)", "away": "0/2 (0%)", "compareCode": 2}, {"name": "Service games played", "home": "4", "away": "4", "compareCode": 3}]}, {"groupName": "Return", "statisticsItems": [{"name": "First serve return points", "home": "12/23 (52%)", "away": "21/35 (60%)", "compareCode": 1}, {"name": "Second serve return points", "home": "0/0 (0%)", "away": "1/1 (100%)", "compareCode": 1}, {"name": "Break points converted", "home": "2", "away": "4", "compareCode": 2}, {"name": "Return games played", "home": "4", "away": "4", "compareCode": 3}]}, {"groupName": "Points", "statisticsItems": [{"name": "Service points won", "home": "14", "away": "11", "compareCode": 1}, {"name": "Receiver points won", "home": "12", "away": "22", "compareCode": 2}, {"name": "Total points won", "home": "26", "away": "33", "compareCode": 2}, {"name": "Max points in a row", "home": "5", "away": "5", "compareCode": 3}]}]}, {"period": "2ND", "groups": [{"groupName": "Service", "statisticsItems": [{"name": "Aces", "home": "1", "away": "0", "compareCode": 1}, {"name": "Double faults", "home": "2", "away": "0", "compareCode": 1}, {"name": "First serve", "home": "19/21 (90%)", "away": "22/22 (100%)", "compareCode": 2}, {"name": "Second serve", "home": "0/2 (0%)", "away": "0/0 (0%)", "compareCode": 3}, {"name": "First serve points", "home": "6/19 (32%)", "away": "14/22 (64%)", "compareCode": 2}, {"name": "Second serve points", "home": "0/2 (0%)", "away": "0/0 (0%)", "compareCode": 3}, {"name": "Break points saved", "home": "1/4 (25%)", "away": "1/1 (100%)", "compareCode": 2}, {"name": "Service games played", "home": "3", "away": "3", "compareCode": 3}]}, {"groupName": "Return", "statisticsItems": [{"name": "First serve return points", "home": "8/22 (36%)", "away": "13/19 (68%)", "compareCode": 2}, {"name": "Second serve return points", "home": "0/0 (0%)", "away": "2/2 (100%)", "compareCode": 1}, {"name": "Break points converted", "home": "0", "away": "3", "compareCode": 2}, {"name": "Return games played", "home": "3", "away": "3", "compareCode": 3}]}, {"groupName": "Points", "statisticsItems": [{"name": "Service points won", "home": "6", "away": "14", "compareCode": 2}, {"name": "Receiver points won", "home": "8", "away": "15", "compareCode": 2}, {"name": "Total points won", "home": "14", "away": "29", "compareCode": 2}, {"name": "Max points in a row", "home": "2", "away": "6", "compareCode": 2}]}]}]}