{"statistics": [{"period": "ALL", "groups": [{"groupName": "Service", "statisticsItems": [{"name": "Aces", "home": "0", "away": "1", "compareCode": 2}, {"name": "Double faults", "home": "6", "away": "0", "compareCode": 1}, {"name": "First serve", "home": "47/53 (89%)", "away": "43/43 (100%)", "compareCode": 2}, {"name": "Second serve", "home": "0/6 (0%)", "away": "0/0 (0%)", "compareCode": 3}, {"name": "First serve points", "home": "25/47 (53%)", "away": "29/43 (67%)", "compareCode": 2}, {"name": "Second serve points", "home": "0/6 (0%)", "away": "0/0 (0%)", "compareCode": 3}, {"name": "Break points saved", "home": "5/10 (50%)", "away": "0/1 (0%)", "compareCode": 2}, {"name": "Service games played", "home": "8", "away": "8", "compareCode": 3}]}, {"groupName": "Return", "statisticsItems": [{"name": "First serve return points", "home": "14/43 (32%)", "away": "22/47 (46%)", "compareCode": 1}, {"name": "Second serve return points", "home": "0/0 (0%)", "away": "6/6 (100%)", "compareCode": 1}, {"name": "Break points converted", "home": "1", "away": "5", "compareCode": 2}, {"name": "Return games played", "home": "8", "away": "8", "compareCode": 3}]}, {"groupName": "Points", "statisticsItems": [{"name": "Service points won", "home": "25", "away": "29", "compareCode": 2}, {"name": "Receiver points won", "home": "14", "away": "28", "compareCode": 2}, {"name": "Total points won", "home": "39", "away": "57", "compareCode": 2}, {"name": "Max points in a row", "home": "7", "away": "5", "compareCode": 1}]}]}, {"period": "1ST", "groups": [{"groupName": "Service", "statisticsItems": [{"name": "Aces", "home": "0", "away": "0", "compareCode": 3}, {"name": "Double faults", "home": "5", "away": "0", "compareCode": 1}, {"name": "First serve", "home": "26/31 (84%)", "away": "21/21 (100%)", "compareCode": 2}, {"name": "Second serve", "home": "0/5 (0%)", "away": "0/0 (0%)", "compareCode": 3}, {"name": "First serve points", "home": "13/26 (50%)", "away": "13/21 (62%)", "compareCode": 3}, {"name": "Second serve points", "home": "0/5 (0%)", "away": "0/0 (0%)", "compareCode": 3}, {"name": "Break points saved", "home": "4/7 (57%)", "away": "0/1 (0%)", "compareCode": 2}, {"name": "Service games played", "home": "4", "away": "4", "compareCode": 3}]}, {"groupName": "Return", "statisticsItems": [{"name": "First serve return points", "home": "8/21 (38%)", "away": "13/26 (50%)", "compareCode": 1}, {"name": "Second serve return points", "home": "0/0 (0%)", "away": "5/5 (100%)", "compareCode": 1}, {"name": "Break points converted", "home": "1", "away": "3", "compareCode": 2}, {"name": "Return games played", "home": "4", "away": "4", "compareCode": 3}]}, {"groupName": "Points", "statisticsItems": [{"name": "Service points won", "home": "13", "away": "13", "compareCode": 3}, {"name": "Receiver points won", "home": "8", "away": "18", "compareCode": 2}, {"name": "Total points won", "home": "21", "away": "31", "compareCode": 2}, {"name": "Max points in a row", "home": "7", "away": "5", "compareCode": 1}]}]}, {"period": "2ND", "groups": [{"groupName": "Service", "statisticsItems": [{"name": "Aces", "home": "0", "away": "1", "compareCode": 2}, {"name": "Double faults", "home": "1", "away": "0", "compareCode": 1}, {"name": "First serve", "home": "21/22 (95%)", "away": "22/22 (100%)", "compareCode": 2}, {"name": "Second serve", "home": "0/1 (0%)", "away": "0/0 (0%)", "compareCode": 3}, {"name": "First serve points", "home": "12/21 (57%)", "away": "16/22 (73%)", "compareCode": 2}, {"name": "Second serve points", "home": "0/1 (0%)", "away": "0/0 (0%)", "compareCode": 3}, {"name": "Break points saved", "home": "1/3 (33%)", "away": "0/0 (0%)", "compareCode": 2}, {"name": "Service games played", "home": "4", "away": "4", "compareCode": 3}]}, {"groupName": "Return", "statisticsItems": [{"name": "First serve return points", "home": "6/22 (27%)", "away": "9/21 (42%)", "compareCode": 3}, {"name": "Second serve return points", "home": "0/0 (0%)", "away": "1/1 (100%)", "compareCode": 1}, {"name": "Break points converted", "home": "0", "away": "2", "compareCode": 2}, {"name": "Return games played", "home": "4", "away": "4", "compareCode": 3}]}, {"groupName": "Points", "statisticsItems": [{"name": "Service points won", "home": "12", "away": "16", "compareCode": 2}, {"name": "Receiver points won", "home": "6", "away": "10", "compareCode": 2}, {"name": "Total points won", "home": "18", "away": "26", "compareCode": 2}, {"name": "Max points in a row", "home": "3", "away": "3", "compareCode": 3}]}]}]}