{"statistics": [{"period": "ALL", "groups": [{"groupName": "Service", "statisticsItems": [{"name": "Aces", "home": "0", "away": "0", "compareCode": 3}, {"name": "Double faults", "home": "5", "away": "2", "compareCode": 1}, {"name": "First serve", "home": "70/76 (92%)", "away": "68/70 (97%)", "compareCode": 2}, {"name": "Second serve", "home": "1/6 (17%)", "away": "0/2 (0%)", "compareCode": 1}, {"name": "First serve points", "home": "45/70 (64%)", "away": "36/68 (53%)", "compareCode": 1}, {"name": "Second serve points", "home": "0/6 (0%)", "away": "0/2 (0%)", "compareCode": 3}, {"name": "Break points saved", "home": "2/5 (40%)", "away": "2/7 (28%)", "compareCode": 1}, {"name": "Service games played", "home": "12", "away": "12", "compareCode": 3}]}, {"groupName": "Return", "statisticsItems": [{"name": "First serve return points", "home": "32/68 (47%)", "away": "25/70 (35%)", "compareCode": 1}, {"name": "Second serve return points", "home": "2/2 (100%)", "away": "6/6 (100%)", "compareCode": 1}, {"name": "Break points converted", "home": "5", "away": "3", "compareCode": 1}, {"name": "Return games played", "home": "12", "away": "12", "compareCode": 3}]}, {"groupName": "Points", "statisticsItems": [{"name": "Service points won", "home": "45", "away": "36", "compareCode": 1}, {"name": "Receiver points won", "home": "34", "away": "31", "compareCode": 1}, {"name": "Total points won", "home": "79", "away": "67", "compareCode": 1}, {"name": "Max points in a row", "home": "7", "away": "5", "compareCode": 1}]}]}, {"period": "1ST", "groups": [{"groupName": "Service", "statisticsItems": [{"name": "Aces", "home": "0", "away": "0", "compareCode": 3}, {"name": "Double faults", "home": "2", "away": "0", "compareCode": 1}, {"name": "First serve", "home": "33/35 (94%)", "away": "36/36 (100%)", "compareCode": 2}, {"name": "Second serve", "home": "0/2 (0%)", "away": "0/0 (0%)", "compareCode": 3}, {"name": "First serve points", "home": "20/33 (61%)", "away": "17/36 (47%)", "compareCode": 1}, {"name": "Second serve points", "home": "0/2 (0%)", "away": "0/0 (0%)", "compareCode": 3}, {"name": "Break points saved", "home": "0/2 (0%)", "away": "2/5 (40%)", "compareCode": 1}, {"name": "Service games played", "home": "6", "away": "6", "compareCode": 3}]}, {"groupName": "Return", "statisticsItems": [{"name": "First serve return points", "home": "19/36 (52%)", "away": "13/33 (39%)", "compareCode": 2}, {"name": "Second serve return points", "home": "0/0 (0%)", "away": "2/2 (100%)", "compareCode": 1}, {"name": "Break points converted", "home": "3", "away": "2", "compareCode": 1}, {"name": "Return games played", "home": "6", "away": "6", "compareCode": 3}]}, {"groupName": "Points", "statisticsItems": [{"name": "Service points won", "home": "20", "away": "17", "compareCode": 1}, {"name": "Receiver points won", "home": "19", "away": "15", "compareCode": 1}, {"name": "Total points won", "home": "39", "away": "32", "compareCode": 1}, {"name": "Max points in a row", "home": "7", "away": "5", "compareCode": 1}]}]}, {"period": "2ND", "groups": [{"groupName": "Service", "statisticsItems": [{"name": "Aces", "home": "0", "away": "0", "compareCode": 3}, {"name": "Double faults", "home": "3", "away": "2", "compareCode": 1}, {"name": "First serve", "home": "37/41 (90%)", "away": "32/34 (94%)", "compareCode": 2}, {"name": "Second serve", "home": "1/4 (25%)", "away": "0/2 (0%)", "compareCode": 1}, {"name": "First serve points", "home": "25/37 (68%)", "away": "19/32 (59%)", "compareCode": 1}, {"name": "Second serve points", "home": "0/4 (0%)", "away": "0/2 (0%)", "compareCode": 3}, {"name": "Break points saved", "home": "2/3 (66%)", "away": "0/2 (0%)", "compareCode": 2}, {"name": "Service games played", "home": "6", "away": "6", "compareCode": 3}]}, {"groupName": "Return", "statisticsItems": [{"name": "First serve return points", "home": "13/32 (40%)", "away": "12/37 (32%)", "compareCode": 1}, {"name": "Second serve return points", "home": "2/2 (100%)", "away": "4/4 (100%)", "compareCode": 1}, {"name": "Break points converted", "home": "2", "away": "1", "compareCode": 1}, {"name": "Return games played", "home": "6", "away": "6", "compareCode": 3}]}, {"groupName": "Points", "statisticsItems": [{"name": "Service points won", "home": "25", "away": "19", "compareCode": 1}, {"name": "Receiver points won", "home": "15", "away": "16", "compareCode": 2}, {"name": "Total points won", "home": "40", "away": "35", "compareCode": 1}, {"name": "Max points in a row", "home": "4", "away": "4", "compareCode": 3}]}]}]}