{"statistics": [{"period": "ALL", "groups": [{"groupName": "Service", "statisticsItems": [{"name": "Aces", "home": "0", "away": "1", "compareCode": 2}, {"name": "Double faults", "home": "2", "away": "6", "compareCode": 2}, {"name": "First serve", "home": "68/70 (97%)", "away": "66/72 (92%)", "compareCode": 1}, {"name": "Second serve", "home": "0/2 (0%)", "away": "0/6 (0%)", "compareCode": 3}, {"name": "First serve points", "home": "41/68 (60%)", "away": "39/66 (59%)", "compareCode": 1}, {"name": "Second serve points", "home": "0/2 (0%)", "away": "0/6 (0%)", "compareCode": 3}, {"name": "Break points saved", "home": "4/8 (50%)", "away": "4/10 (40%)", "compareCode": 1}, {"name": "Service games played", "home": "12", "away": "12", "compareCode": 3}]}, {"groupName": "Return", "statisticsItems": [{"name": "First serve return points", "home": "27/66 (40%)", "away": "27/68 (39%)", "compareCode": 2}, {"name": "Second serve return points", "home": "6/6 (100%)", "away": "2/2 (100%)", "compareCode": 2}, {"name": "Break points converted", "home": "6", "away": "4", "compareCode": 1}, {"name": "Return games played", "home": "12", "away": "12", "compareCode": 3}]}, {"groupName": "Points", "statisticsItems": [{"name": "Service points won", "home": "41", "away": "39", "compareCode": 1}, {"name": "Receiver points won", "home": "33", "away": "29", "compareCode": 1}, {"name": "Total points won", "home": "74", "away": "68", "compareCode": 1}, {"name": "Max points in a row", "home": "5", "away": "7", "compareCode": 2}]}]}, {"period": "1ST", "groups": [{"groupName": "Service", "statisticsItems": [{"name": "Aces", "home": "0", "away": "0", "compareCode": 3}, {"name": "Double faults", "home": "1", "away": "1", "compareCode": 3}, {"name": "First serve", "home": "37/38 (97%)", "away": "38/39 (97%)", "compareCode": 3}, {"name": "Second serve", "home": "0/1 (0%)", "away": "0/1 (0%)", "compareCode": 3}, {"name": "First serve points", "home": "20/37 (54%)", "away": "18/38 (47%)", "compareCode": 1}, {"name": "Second serve points", "home": "0/1 (0%)", "away": "0/1 (0%)", "compareCode": 3}, {"name": "Break points saved", "home": "3/6 (50%)", "away": "3/7 (42%)", "compareCode": 1}, {"name": "Service games played", "home": "6", "away": "6", "compareCode": 3}]}, {"groupName": "Return", "statisticsItems": [{"name": "First serve return points", "home": "20/38 (52%)", "away": "17/37 (45%)", "compareCode": 2}, {"name": "Second serve return points", "home": "1/1 (100%)", "away": "1/1 (100%)", "compareCode": 3}, {"name": "Break points converted", "home": "4", "away": "3", "compareCode": 1}, {"name": "Return games played", "home": "6", "away": "6", "compareCode": 3}]}, {"groupName": "Points", "statisticsItems": [{"name": "Service points won", "home": "20", "away": "18", "compareCode": 1}, {"name": "Receiver points won", "home": "21", "away": "18", "compareCode": 1}, {"name": "Total points won", "home": "41", "away": "36", "compareCode": 1}, {"name": "Max points in a row", "home": "5", "away": "7", "compareCode": 2}]}]}, {"period": "2ND", "groups": [{"groupName": "Service", "statisticsItems": [{"name": "Aces", "home": "0", "away": "1", "compareCode": 2}, {"name": "Double faults", "home": "1", "away": "5", "compareCode": 2}, {"name": "First serve", "home": "31/32 (97%)", "away": "28/33 (85%)", "compareCode": 1}, {"name": "Second serve", "home": "0/1 (0%)", "away": "0/5 (0%)", "compareCode": 3}, {"name": "First serve points", "home": "21/31 (68%)", "away": "21/28 (75%)", "compareCode": 3}, {"name": "Second serve points", "home": "0/1 (0%)", "away": "0/5 (0%)", "compareCode": 3}, {"name": "Break points saved", "home": "1/2 (50%)", "away": "1/3 (33%)", "compareCode": 1}, {"name": "Service games played", "home": "6", "away": "6", "compareCode": 3}]}, {"groupName": "Return", "statisticsItems": [{"name": "First serve return points", "home": "7/28 (25%)", "away": "10/31 (32%)", "compareCode": 2}, {"name": "Second serve return points", "home": "5/5 (100%)", "away": "1/1 (100%)", "compareCode": 2}, {"name": "Break points converted", "home": "2", "away": "1", "compareCode": 1}, {"name": "Return games played", "home": "6", "away": "6", "compareCode": 3}]}, {"groupName": "Points", "statisticsItems": [{"name": "Service points won", "home": "21", "away": "21", "compareCode": 3}, {"name": "Receiver points won", "home": "12", "away": "11", "compareCode": 1}, {"name": "Total points won", "home": "33", "away": "32", "compareCode": 1}, {"name": "Max points in a row", "home": "5", "away": "5", "compareCode": 3}]}]}]}