{"statistics": [{"period": "ALL", "groups": [{"groupName": "Service", "statisticsItems": [{"name": "Aces", "home": "0", "away": "3", "compareCode": 2}, {"name": "Double faults", "home": "0", "away": "7", "compareCode": 2}, {"name": "First serve", "home": "75/75 (100%)", "away": "93/101 (92%)", "compareCode": 1}, {"name": "Second serve", "home": "0/0 (0%)", "away": "1/8 (13%)", "compareCode": 2}, {"name": "First serve points", "home": "41/75 (55%)", "away": "53/93 (57%)", "compareCode": 2}, {"name": "Second serve points", "home": "0/0 (0%)", "away": "1/8 (13%)", "compareCode": 2}, {"name": "Break points saved", "home": "2/5 (40%)", "away": "15/20 (75%)", "compareCode": 1}, {"name": "Service games played", "home": "10", "away": "11", "compareCode": 2}]}, {"groupName": "Return", "statisticsItems": [{"name": "First serve return points", "home": "40/93 (43%)", "away": "34/75 (45%)", "compareCode": 2}, {"name": "Second serve return points", "home": "7/8 (87%)", "away": "0/0 (0%)", "compareCode": 2}, {"name": "Break points converted", "home": "5", "away": "3", "compareCode": 1}, {"name": "Return games played", "home": "11", "away": "10", "compareCode": 2}]}, {"groupName": "Points", "statisticsItems": [{"name": "Service points won", "home": "41", "away": "54", "compareCode": 2}, {"name": "Receiver points won", "home": "47", "away": "34", "compareCode": 1}, {"name": "Total points won", "home": "88", "away": "88", "compareCode": 3}, {"name": "Max points in a row", "home": "6", "away": "6", "compareCode": 3}]}]}, {"period": "1ST", "groups": [{"groupName": "Service", "statisticsItems": [{"name": "Aces", "home": "0", "away": "1", "compareCode": 2}, {"name": "Double faults", "home": "0", "away": "4", "compareCode": 2}, {"name": "First serve", "home": "22/22 (100%)", "away": "46/50 (92%)", "compareCode": 1}, {"name": "Second serve", "home": "0/0 (0%)", "away": "0/4 (0%)", "compareCode": 3}, {"name": "First serve points", "home": "14/22 (64%)", "away": "25/46 (54%)", "compareCode": 2}, {"name": "Second serve points", "home": "0/0 (0%)", "away": "0/4 (0%)", "compareCode": 3}, {"name": "Break points saved", "home": "0/1 (0%)", "away": "13/16 (81%)", "compareCode": 1}, {"name": "Service games played", "home": "4", "away": "5", "compareCode": 2}]}, {"groupName": "Return", "statisticsItems": [{"name": "First serve return points", "home": "21/46 (45%)", "away": "8/22 (36%)", "compareCode": 2}, {"name": "Second serve return points", "home": "4/4 (100%)", "away": "0/0 (0%)", "compareCode": 2}, {"name": "Break points converted", "home": "3", "away": "1", "compareCode": 1}, {"name": "Return games played", "home": "5", "away": "4", "compareCode": 2}]}, {"groupName": "Points", "statisticsItems": [{"name": "Service points won", "home": "14", "away": "25", "compareCode": 2}, {"name": "Receiver points won", "home": "25", "away": "8", "compareCode": 1}, {"name": "Total points won", "home": "39", "away": "33", "compareCode": 1}, {"name": "Max points in a row", "home": "6", "away": "6", "compareCode": 3}]}]}, {"period": "2ND", "groups": [{"groupName": "Service", "statisticsItems": [{"name": "Aces", "home": "0", "away": "2", "compareCode": 2}, {"name": "Double faults", "home": "0", "away": "3", "compareCode": 2}, {"name": "First serve", "home": "44/44 (100%)", "away": "38/42 (90%)", "compareCode": 1}, {"name": "Second serve", "home": "0/0 (0%)", "away": "1/4 (25%)", "compareCode": 2}, {"name": "First serve points", "home": "23/44 (52%)", "away": "23/38 (61%)", "compareCode": 3}, {"name": "Second serve points", "home": "0/0 (0%)", "away": "1/4 (25%)", "compareCode": 2}, {"name": "Break points saved", "home": "2/4 (50%)", "away": "2/4 (50%)", "compareCode": 3}, {"name": "Service games played", "home": "6", "away": "6", "compareCode": 3}]}, {"groupName": "Return", "statisticsItems": [{"name": "First serve return points", "home": "15/38 (39%)", "away": "21/44 (47%)", "compareCode": 1}, {"name": "Second serve return points", "home": "3/4 (75%)", "away": "0/0 (0%)", "compareCode": 2}, {"name": "Break points converted", "home": "2", "away": "2", "compareCode": 3}, {"name": "Return games played", "home": "6", "away": "6", "compareCode": 3}]}, {"groupName": "Points", "statisticsItems": [{"name": "Service points won", "home": "23", "away": "24", "compareCode": 2}, {"name": "Receiver points won", "home": "18", "away": "21", "compareCode": 2}, {"name": "Total points won", "home": "41", "away": "45", "compareCode": 2}, {"name": "Max points in a row", "home": "6", "away": "6", "compareCode": 3}]}]}, {"period": "3RD", "groups": [{"groupName": "Service", "statisticsItems": [{"name": "Aces", "home": "0", "away": "0", "compareCode": 3}, {"name": "Double faults", "home": "0", "away": "0", "compareCode": 3}, {"name": "First serve", "home": "9/9 (100%)", "away": "9/9 (100%)", "compareCode": 3}, {"name": "Second serve", "home": "0/0 (0%)", "away": "0/0 (0%)", "compareCode": 3}, {"name": "First serve points", "home": "4/9 (44%)", "away": "5/9 (56%)", "compareCode": 2}, {"name": "Second serve points", "home": "0/0 (0%)", "away": "0/0 (0%)", "compareCode": 3}, {"name": "Break points saved", "home": "0/0 (0%)", "away": "0/0 (0%)", "compareCode": 3}, {"name": "Service games played", "home": "0", "away": "0", "compareCode": 3}]}, {"groupName": "Return", "statisticsItems": [{"name": "First serve return points", "home": "4/9 (44%)", "away": "5/9 (55%)", "compareCode": 3}, {"name": "Second serve return points", "home": "0/0 (0%)", "away": "0/0 (0%)", "compareCode": 3}, {"name": "Break points converted", "home": "0", "away": "0", "compareCode": 3}, {"name": "Return games played", "home": "0", "away": "0", "compareCode": 3}]}, {"groupName": "Points", "statisticsItems": [{"name": "Service points won", "home": "4", "away": "5", "compareCode": 2}, {"name": "Receiver points won", "home": "4", "away": "5", "compareCode": 2}, {"name": "Total points won", "home": "8", "away": "10", "compareCode": 2}, {"name": "Max points in a row", "home": "3", "away": "3", "compareCode": 3}]}]}]}