{"statistics": [{"period": "ALL", "groups": [{"groupName": "Service", "statisticsItems": [{"name": "Aces", "home": "1", "away": "0", "compareCode": 1}, {"name": "Double faults", "home": "5", "away": "4", "compareCode": 1}, {"name": "First serve", "home": "55/60 (92%)", "away": "56/60 (93%)", "compareCode": 2}, {"name": "Second serve", "home": "0/5 (0%)", "away": "0/4 (0%)", "compareCode": 3}, {"name": "First serve points", "home": "30/55 (55%)", "away": "37/56 (66%)", "compareCode": 2}, {"name": "Second serve points", "home": "0/5 (0%)", "away": "0/4 (0%)", "compareCode": 3}, {"name": "Break points saved", "home": "2/7 (28%)", "away": "3/5 (60%)", "compareCode": 2}, {"name": "Service games played", "home": "9", "away": "9", "compareCode": 3}]}, {"groupName": "Return", "statisticsItems": [{"name": "First serve return points", "home": "19/56 (33%)", "away": "25/55 (45%)", "compareCode": 3}, {"name": "Second serve return points", "home": "4/4 (100%)", "away": "5/5 (100%)", "compareCode": 1}, {"name": "Break points converted", "home": "2", "away": "5", "compareCode": 2}, {"name": "Return games played", "home": "9", "away": "9", "compareCode": 3}]}, {"groupName": "Points", "statisticsItems": [{"name": "Service points won", "home": "30", "away": "37", "compareCode": 2}, {"name": "Receiver points won", "home": "23", "away": "30", "compareCode": 2}, {"name": "Total points won", "home": "53", "away": "67", "compareCode": 2}, {"name": "Max points in a row", "home": "7", "away": "6", "compareCode": 1}]}]}, {"period": "1ST", "groups": [{"groupName": "Service", "statisticsItems": [{"name": "Aces", "home": "0", "away": "0", "compareCode": 3}, {"name": "Double faults", "home": "2", "away": "2", "compareCode": 3}, {"name": "First serve", "home": "33/35 (94%)", "away": "32/34 (94%)", "compareCode": 3}, {"name": "Second serve", "home": "0/2 (0%)", "away": "0/2 (0%)", "compareCode": 3}, {"name": "First serve points", "home": "18/33 (55%)", "away": "19/32 (59%)", "compareCode": 2}, {"name": "Second serve points", "home": "0/2 (0%)", "away": "0/2 (0%)", "compareCode": 3}, {"name": "Break points saved", "home": "2/5 (40%)", "away": "3/5 (60%)", "compareCode": 3}, {"name": "Service games played", "home": "5", "away": "5", "compareCode": 3}]}, {"groupName": "Return", "statisticsItems": [{"name": "First serve return points", "home": "13/32 (40%)", "away": "15/33 (45%)", "compareCode": 1}, {"name": "Second serve return points", "home": "2/2 (100%)", "away": "2/2 (100%)", "compareCode": 3}, {"name": "Break points converted", "home": "2", "away": "3", "compareCode": 2}, {"name": "Return games played", "home": "5", "away": "5", "compareCode": 3}]}, {"groupName": "Points", "statisticsItems": [{"name": "Service points won", "home": "18", "away": "19", "compareCode": 2}, {"name": "Receiver points won", "home": "15", "away": "17", "compareCode": 2}, {"name": "Total points won", "home": "33", "away": "36", "compareCode": 2}, {"name": "Max points in a row", "home": "7", "away": "6", "compareCode": 1}]}]}, {"period": "2ND", "groups": [{"groupName": "Service", "statisticsItems": [{"name": "Aces", "home": "1", "away": "0", "compareCode": 1}, {"name": "Double faults", "home": "3", "away": "2", "compareCode": 1}, {"name": "First serve", "home": "22/25 (88%)", "away": "24/26 (92%)", "compareCode": 2}, {"name": "Second serve", "home": "0/3 (0%)", "away": "0/2 (0%)", "compareCode": 3}, {"name": "First serve points", "home": "12/22 (55%)", "away": "18/24 (75%)", "compareCode": 2}, {"name": "Second serve points", "home": "0/3 (0%)", "away": "0/2 (0%)", "compareCode": 3}, {"name": "Break points saved", "home": "0/2 (0%)", "away": "0/0 (0%)", "compareCode": 2}, {"name": "Service games played", "home": "4", "away": "4", "compareCode": 3}]}, {"groupName": "Return", "statisticsItems": [{"name": "First serve return points", "home": "6/24 (25%)", "away": "10/22 (45%)", "compareCode": 2}, {"name": "Second serve return points", "home": "2/2 (100%)", "away": "3/3 (100%)", "compareCode": 1}, {"name": "Break points converted", "home": "0", "away": "2", "compareCode": 2}, {"name": "Return games played", "home": "4", "away": "4", "compareCode": 3}]}, {"groupName": "Points", "statisticsItems": [{"name": "Service points won", "home": "12", "away": "18", "compareCode": 2}, {"name": "Receiver points won", "home": "8", "away": "13", "compareCode": 2}, {"name": "Total points won", "home": "20", "away": "31", "compareCode": 2}, {"name": "Max points in a row", "home": "2", "away": "5", "compareCode": 2}]}]}]}