{"statistics": [{"period": "ALL", "groups": [{"groupName": "Service", "statisticsItems": [{"name": "Aces", "home": "2", "away": "1", "compareCode": 1}, {"name": "Double faults", "home": "4", "away": "3", "compareCode": 1}, {"name": "First serve", "home": "81/85 (95%)", "away": "60/63 (95%)", "compareCode": 3}, {"name": "Second serve", "home": "0/4 (0%)", "away": "0/3 (0%)", "compareCode": 3}, {"name": "First serve points", "home": "40/81 (49%)", "away": "33/60 (55%)", "compareCode": 1}, {"name": "Second serve points", "home": "0/4 (0%)", "away": "0/3 (0%)", "compareCode": 3}, {"name": "Break points saved", "home": "7/14 (50%)", "away": "3/8 (37%)", "compareCode": 2}, {"name": "Service games played", "home": "11", "away": "11", "compareCode": 3}]}, {"groupName": "Return", "statisticsItems": [{"name": "First serve return points", "home": "27/60 (45%)", "away": "41/81 (50%)", "compareCode": 1}, {"name": "Second serve return points", "home": "3/3 (100%)", "away": "4/4 (100%)", "compareCode": 1}, {"name": "Break points converted", "home": "5", "away": "7", "compareCode": 2}, {"name": "Return games played", "home": "11", "away": "11", "compareCode": 3}]}, {"groupName": "Points", "statisticsItems": [{"name": "Service points won", "home": "40", "away": "33", "compareCode": 1}, {"name": "Receiver points won", "home": "30", "away": "45", "compareCode": 2}, {"name": "Total points won", "home": "70", "away": "78", "compareCode": 2}, {"name": "Max points in a row", "home": "7", "away": "7", "compareCode": 3}]}]}, {"period": "1ST", "groups": [{"groupName": "Service", "statisticsItems": [{"name": "Aces", "home": "1", "away": "0", "compareCode": 1}, {"name": "Double faults", "home": "2", "away": "1", "compareCode": 1}, {"name": "First serve", "home": "40/42 (95%)", "away": "35/36 (97%)", "compareCode": 2}, {"name": "Second serve", "home": "0/2 (0%)", "away": "0/1 (0%)", "compareCode": 3}, {"name": "First serve points", "home": "22/40 (55%)", "away": "21/35 (60%)", "compareCode": 1}, {"name": "Second serve points", "home": "0/2 (0%)", "away": "0/1 (0%)", "compareCode": 3}, {"name": "Break points saved", "home": "2/5 (40%)", "away": "0/2 (0%)", "compareCode": 2}, {"name": "Service games played", "home": "6", "away": "6", "compareCode": 3}]}, {"groupName": "Return", "statisticsItems": [{"name": "First serve return points", "home": "14/35 (40%)", "away": "18/40 (45%)", "compareCode": 1}, {"name": "Second serve return points", "home": "1/1 (100%)", "away": "2/2 (100%)", "compareCode": 1}, {"name": "Break points converted", "home": "2", "away": "3", "compareCode": 2}, {"name": "Return games played", "home": "6", "away": "6", "compareCode": 3}]}, {"groupName": "Points", "statisticsItems": [{"name": "Service points won", "home": "22", "away": "21", "compareCode": 1}, {"name": "Receiver points won", "home": "15", "away": "20", "compareCode": 2}, {"name": "Total points won", "home": "37", "away": "41", "compareCode": 2}, {"name": "Max points in a row", "home": "5", "away": "6", "compareCode": 2}]}]}, {"period": "2ND", "groups": [{"groupName": "Service", "statisticsItems": [{"name": "Aces", "home": "1", "away": "1", "compareCode": 3}, {"name": "Double faults", "home": "2", "away": "2", "compareCode": 3}, {"name": "First serve", "home": "41/43 (95%)", "away": "25/27 (93%)", "compareCode": 1}, {"name": "Second serve", "home": "0/2 (0%)", "away": "0/2 (0%)", "compareCode": 3}, {"name": "First serve points", "home": "18/41 (44%)", "away": "12/25 (48%)", "compareCode": 1}, {"name": "Second serve points", "home": "0/2 (0%)", "away": "0/2 (0%)", "compareCode": 3}, {"name": "Break points saved", "home": "5/9 (55%)", "away": "3/6 (50%)", "compareCode": 2}, {"name": "Service games played", "home": "5", "away": "5", "compareCode": 3}]}, {"groupName": "Return", "statisticsItems": [{"name": "First serve return points", "home": "13/25 (52%)", "away": "23/41 (56%)", "compareCode": 1}, {"name": "Second serve return points", "home": "2/2 (100%)", "away": "2/2 (100%)", "compareCode": 3}, {"name": "Break points converted", "home": "3", "away": "4", "compareCode": 2}, {"name": "Return games played", "home": "5", "away": "5", "compareCode": 3}]}, {"groupName": "Points", "statisticsItems": [{"name": "Service points won", "home": "18", "away": "12", "compareCode": 1}, {"name": "Receiver points won", "home": "15", "away": "25", "compareCode": 2}, {"name": "Total points won", "home": "33", "away": "37", "compareCode": 2}, {"name": "Max points in a row", "home": "7", "away": "7", "compareCode": 3}]}]}]}