{"statistics": [{"period": "ALL", "groups": [{"groupName": "Service", "statisticsItems": [{"name": "Aces", "home": "0", "away": "0", "compareCode": 3}, {"name": "Double faults", "home": "3", "away": "1", "compareCode": 1}, {"name": "First serve", "home": "77/80 (96%)", "away": "83/84 (99%)", "compareCode": 2}, {"name": "Second serve", "home": "0/3 (0%)", "away": "0/1 (0%)", "compareCode": 3}, {"name": "First serve points", "home": "45/77 (58%)", "away": "42/83 (51%)", "compareCode": 1}, {"name": "Second serve points", "home": "0/3 (0%)", "away": "0/1 (0%)", "compareCode": 3}, {"name": "Break points saved", "home": "7/12 (58%)", "away": "6/12 (50%)", "compareCode": 3}, {"name": "Service games played", "home": "11", "away": "11", "compareCode": 3}]}, {"groupName": "Return", "statisticsItems": [{"name": "First serve return points", "home": "41/83 (49%)", "away": "32/77 (41%)", "compareCode": 2}, {"name": "Second serve return points", "home": "1/1 (100%)", "away": "3/3 (100%)", "compareCode": 1}, {"name": "Break points converted", "home": "6", "away": "5", "compareCode": 1}, {"name": "Return games played", "home": "11", "away": "11", "compareCode": 3}]}, {"groupName": "Points", "statisticsItems": [{"name": "Service points won", "home": "45", "away": "42", "compareCode": 1}, {"name": "Receiver points won", "home": "42", "away": "35", "compareCode": 1}, {"name": "Total points won", "home": "87", "away": "77", "compareCode": 1}, {"name": "Max points in a row", "home": "10", "away": "7", "compareCode": 1}]}]}, {"period": "1ST", "groups": [{"groupName": "Service", "statisticsItems": [{"name": "Aces", "home": "0", "away": "0", "compareCode": 3}, {"name": "Double faults", "home": "2", "away": "1", "compareCode": 1}, {"name": "First serve", "home": "29/31 (94%)", "away": "39/40 (98%)", "compareCode": 2}, {"name": "Second serve", "home": "0/2 (0%)", "away": "0/1 (0%)", "compareCode": 3}, {"name": "First serve points", "home": "17/29 (59%)", "away": "19/39 (49%)", "compareCode": 2}, {"name": "Second serve points", "home": "0/2 (0%)", "away": "0/1 (0%)", "compareCode": 3}, {"name": "Break points saved", "home": "5/7 (71%)", "away": "6/9 (66%)", "compareCode": 1}, {"name": "Service games played", "home": "5", "away": "5", "compareCode": 3}]}, {"groupName": "Return", "statisticsItems": [{"name": "First serve return points", "home": "20/39 (51%)", "away": "12/29 (41%)", "compareCode": 2}, {"name": "Second serve return points", "home": "1/1 (100%)", "away": "2/2 (100%)", "compareCode": 1}, {"name": "Break points converted", "home": "3", "away": "2", "compareCode": 1}, {"name": "Return games played", "home": "5", "away": "5", "compareCode": 3}]}, {"groupName": "Points", "statisticsItems": [{"name": "Service points won", "home": "17", "away": "19", "compareCode": 2}, {"name": "Receiver points won", "home": "21", "away": "14", "compareCode": 1}, {"name": "Total points won", "home": "38", "away": "33", "compareCode": 1}, {"name": "Max points in a row", "home": "8", "away": "7", "compareCode": 1}]}]}, {"period": "2ND", "groups": [{"groupName": "Service", "statisticsItems": [{"name": "Aces", "home": "0", "away": "0", "compareCode": 3}, {"name": "Double faults", "home": "1", "away": "0", "compareCode": 1}, {"name": "First serve", "home": "41/42 (98%)", "away": "37/37 (100%)", "compareCode": 2}, {"name": "Second serve", "home": "0/1 (0%)", "away": "0/0 (0%)", "compareCode": 3}, {"name": "First serve points", "home": "22/41 (54%)", "away": "20/37 (54%)", "compareCode": 1}, {"name": "Second serve points", "home": "0/1 (0%)", "away": "0/0 (0%)", "compareCode": 3}, {"name": "Break points saved", "home": "2/5 (40%)", "away": "0/3 (0%)", "compareCode": 2}, {"name": "Service games played", "home": "6", "away": "6", "compareCode": 3}]}, {"groupName": "Return", "statisticsItems": [{"name": "First serve return points", "home": "17/37 (45%)", "away": "19/41 (46%)", "compareCode": 1}, {"name": "Second serve return points", "home": "0/0 (0%)", "away": "1/1 (100%)", "compareCode": 1}, {"name": "Break points converted", "home": "3", "away": "3", "compareCode": 3}, {"name": "Return games played", "home": "6", "away": "6", "compareCode": 3}]}, {"groupName": "Points", "statisticsItems": [{"name": "Service points won", "home": "22", "away": "20", "compareCode": 1}, {"name": "Receiver points won", "home": "17", "away": "20", "compareCode": 2}, {"name": "Total points won", "home": "39", "away": "40", "compareCode": 2}, {"name": "Max points in a row", "home": "8", "away": "7", "compareCode": 1}]}]}, {"period": "3RD", "groups": [{"groupName": "Service", "statisticsItems": [{"name": "Aces", "home": "0", "away": "0", "compareCode": 3}, {"name": "Double faults", "home": "0", "away": "0", "compareCode": 3}, {"name": "First serve", "home": "7/7 (100%)", "away": "7/7 (100%)", "compareCode": 3}, {"name": "Second serve", "home": "0/0 (0%)", "away": "0/0 (0%)", "compareCode": 3}, {"name": "First serve points", "home": "6/7 (86%)", "away": "3/7 (43%)", "compareCode": 1}, {"name": "Second serve points", "home": "0/0 (0%)", "away": "0/0 (0%)", "compareCode": 3}, {"name": "Break points saved", "home": "0/0 (0%)", "away": "0/0 (0%)", "compareCode": 3}, {"name": "Service games played", "home": "0", "away": "0", "compareCode": 3}]}, {"groupName": "Return", "statisticsItems": [{"name": "First serve return points", "home": "4/7 (57%)", "away": "1/7 (14%)", "compareCode": 3}, {"name": "Second serve return points", "home": "0/0 (0%)", "away": "0/0 (0%)", "compareCode": 3}, {"name": "Break points converted", "home": "0", "away": "0", "compareCode": 3}, {"name": "Return games played", "home": "0", "away": "0", "compareCode": 3}]}, {"groupName": "Points", "statisticsItems": [{"name": "Service points won", "home": "6", "away": "3", "compareCode": 1}, {"name": "Receiver points won", "home": "4", "away": "1", "compareCode": 1}, {"name": "Total points won", "home": "10", "away": "4", "compareCode": 1}, {"name": "Max points in a row", "home": "7", "away": "2", "compareCode": 1}]}]}]}