{"statistics": [{"period": "ALL", "groups": [{"groupName": "Service", "statisticsItems": [{"name": "Aces", "home": "2", "away": "0", "compareCode": 1}, {"name": "Double faults", "home": "1", "away": "2", "compareCode": 2}, {"name": "First serve", "home": "96/98 (98%)", "away": "59/61 (97%)", "compareCode": 1}, {"name": "Second serve", "home": "1/2 (50%)", "away": "0/2 (0%)", "compareCode": 1}, {"name": "First serve points", "home": "54/96 (56%)", "away": "28/59 (47%)", "compareCode": 1}, {"name": "Second serve points", "home": "1/2 (50%)", "away": "0/2 (0%)", "compareCode": 1}, {"name": "Break points saved", "home": "15/19 (78%)", "away": "1/7 (14%)", "compareCode": 2}, {"name": "Service games played", "home": "12", "away": "12", "compareCode": 3}]}, {"groupName": "Return", "statisticsItems": [{"name": "First serve return points", "home": "31/59 (52%)", "away": "42/96 (43%)", "compareCode": 1}, {"name": "Second serve return points", "home": "2/2 (100%)", "away": "1/2 (50%)", "compareCode": 3}, {"name": "Break points converted", "home": "6", "away": "4", "compareCode": 1}, {"name": "Return games played", "home": "12", "away": "12", "compareCode": 3}]}, {"groupName": "Points", "statisticsItems": [{"name": "Service points won", "home": "55", "away": "28", "compareCode": 1}, {"name": "Receiver points won", "home": "33", "away": "43", "compareCode": 2}, {"name": "Total points won", "home": "88", "away": "71", "compareCode": 1}, {"name": "Max points in a row", "home": "9", "away": "5", "compareCode": 1}]}]}, {"period": "1ST", "groups": [{"groupName": "Service", "statisticsItems": [{"name": "Aces", "home": "1", "away": "0", "compareCode": 1}, {"name": "Double faults", "home": "1", "away": "2", "compareCode": 2}, {"name": "First serve", "home": "61/62 (98%)", "away": "29/31 (94%)", "compareCode": 1}, {"name": "Second serve", "home": "0/1 (0%)", "away": "0/2 (0%)", "compareCode": 3}, {"name": "First serve points", "home": "34/61 (56%)", "away": "14/29 (48%)", "compareCode": 1}, {"name": "Second serve points", "home": "0/1 (0%)", "away": "0/2 (0%)", "compareCode": 3}, {"name": "Break points saved", "home": "12/14 (85%)", "away": "1/4 (25%)", "compareCode": 2}, {"name": "Service games played", "home": "6", "away": "6", "compareCode": 3}]}, {"groupName": "Return", "statisticsItems": [{"name": "First serve return points", "home": "15/29 (51%)", "away": "27/61 (44%)", "compareCode": 1}, {"name": "Second serve return points", "home": "2/2 (100%)", "away": "1/1 (100%)", "compareCode": 2}, {"name": "Break points converted", "home": "3", "away": "2", "compareCode": 1}, {"name": "Return games played", "home": "6", "away": "6", "compareCode": 3}]}, {"groupName": "Points", "statisticsItems": [{"name": "Service points won", "home": "34", "away": "14", "compareCode": 1}, {"name": "Receiver points won", "home": "17", "away": "28", "compareCode": 2}, {"name": "Total points won", "home": "51", "away": "42", "compareCode": 1}, {"name": "Max points in a row", "home": "9", "away": "5", "compareCode": 1}]}]}, {"period": "2ND", "groups": [{"groupName": "Service", "statisticsItems": [{"name": "Aces", "home": "1", "away": "0", "compareCode": 1}, {"name": "Double faults", "home": "0", "away": "0", "compareCode": 3}, {"name": "First serve", "home": "35/36 (97%)", "away": "30/30 (100%)", "compareCode": 2}, {"name": "Second serve", "home": "1/1 (100%)", "away": "0/0 (0%)", "compareCode": 1}, {"name": "First serve points", "home": "20/35 (57%)", "away": "14/30 (47%)", "compareCode": 1}, {"name": "Second serve points", "home": "1/1 (100%)", "away": "0/0 (0%)", "compareCode": 1}, {"name": "Break points saved", "home": "3/5 (60%)", "away": "0/3 (0%)", "compareCode": 2}, {"name": "Service games played", "home": "6", "away": "6", "compareCode": 3}]}, {"groupName": "Return", "statisticsItems": [{"name": "First serve return points", "home": "16/30 (53%)", "away": "15/35 (42%)", "compareCode": 1}, {"name": "Second serve return points", "home": "0/0 (0%)", "away": "0/1 (0%)", "compareCode": 1}, {"name": "Break points converted", "home": "3", "away": "2", "compareCode": 1}, {"name": "Return games played", "home": "6", "away": "6", "compareCode": 3}]}, {"groupName": "Points", "statisticsItems": [{"name": "Service points won", "home": "21", "away": "14", "compareCode": 1}, {"name": "Receiver points won", "home": "16", "away": "15", "compareCode": 1}, {"name": "Total points won", "home": "37", "away": "29", "compareCode": 1}, {"name": "Max points in a row", "home": "5", "away": "4", "compareCode": 1}]}]}]}