{"statistics": [{"period": "ALL", "groups": [{"groupName": "Service", "statisticsItems": [{"name": "Aces", "home": "0", "away": "0", "compareCode": 3}, {"name": "Double faults", "home": "0", "away": "5", "compareCode": 2}, {"name": "First serve", "home": "63/63 (100%)", "away": "47/52 (90%)", "compareCode": 1}, {"name": "Second serve", "home": "0/0 (0%)", "away": "0/5 (0%)", "compareCode": 3}, {"name": "First serve points", "home": "38/63 (60%)", "away": "26/47 (55%)", "compareCode": 1}, {"name": "Second serve points", "home": "0/0 (0%)", "away": "0/5 (0%)", "compareCode": 3}, {"name": "Break points saved", "home": "7/9 (77%)", "away": "4/9 (44%)", "compareCode": 3}, {"name": "Service games played", "home": "9", "away": "9", "compareCode": 3}]}, {"groupName": "Return", "statisticsItems": [{"name": "First serve return points", "home": "21/47 (44%)", "away": "25/63 (39%)", "compareCode": 1}, {"name": "Second serve return points", "home": "5/5 (100%)", "away": "0/0 (0%)", "compareCode": 2}, {"name": "Break points converted", "home": "5", "away": "2", "compareCode": 1}, {"name": "Return games played", "home": "9", "away": "9", "compareCode": 3}]}, {"groupName": "Points", "statisticsItems": [{"name": "Service points won", "home": "38", "away": "26", "compareCode": 1}, {"name": "Receiver points won", "home": "26", "away": "25", "compareCode": 1}, {"name": "Total points won", "home": "64", "away": "51", "compareCode": 1}, {"name": "Max points in a row", "home": "7", "away": "10", "compareCode": 2}]}]}, {"period": "1ST", "groups": [{"groupName": "Service", "statisticsItems": [{"name": "Aces", "home": "0", "away": "0", "compareCode": 3}, {"name": "Double faults", "home": "0", "away": "4", "compareCode": 2}, {"name": "First serve", "home": "40/40 (100%)", "away": "24/28 (86%)", "compareCode": 1}, {"name": "Second serve", "home": "0/0 (0%)", "away": "0/4 (0%)", "compareCode": 3}, {"name": "First serve points", "home": "22/40 (55%)", "away": "13/24 (54%)", "compareCode": 1}, {"name": "Second serve points", "home": "0/0 (0%)", "away": "0/4 (0%)", "compareCode": 3}, {"name": "Break points saved", "home": "7/8 (87%)", "away": "2/5 (40%)", "compareCode": 2}, {"name": "Service games played", "home": "4", "away": "5", "compareCode": 2}]}, {"groupName": "Return", "statisticsItems": [{"name": "First serve return points", "home": "11/24 (45%)", "away": "18/40 (45%)", "compareCode": 1}, {"name": "Second serve return points", "home": "4/4 (100%)", "away": "0/0 (0%)", "compareCode": 2}, {"name": "Break points converted", "home": "3", "away": "1", "compareCode": 1}, {"name": "Return games played", "home": "5", "away": "4", "compareCode": 2}]}, {"groupName": "Points", "statisticsItems": [{"name": "Service points won", "home": "22", "away": "13", "compareCode": 1}, {"name": "Receiver points won", "home": "15", "away": "18", "compareCode": 2}, {"name": "Total points won", "home": "37", "away": "31", "compareCode": 1}, {"name": "Max points in a row", "home": "5", "away": "10", "compareCode": 2}]}]}, {"period": "2ND", "groups": [{"groupName": "Service", "statisticsItems": [{"name": "Aces", "home": "0", "away": "0", "compareCode": 3}, {"name": "Double faults", "home": "0", "away": "1", "compareCode": 2}, {"name": "First serve", "home": "23/23 (100%)", "away": "23/24 (96%)", "compareCode": 1}, {"name": "Second serve", "home": "0/0 (0%)", "away": "0/1 (0%)", "compareCode": 3}, {"name": "First serve points", "home": "16/23 (70%)", "away": "13/23 (57%)", "compareCode": 1}, {"name": "Second serve points", "home": "0/0 (0%)", "away": "0/1 (0%)", "compareCode": 3}, {"name": "Break points saved", "home": "0/1 (0%)", "away": "2/4 (50%)", "compareCode": 1}, {"name": "Service games played", "home": "5", "away": "4", "compareCode": 1}]}, {"groupName": "Return", "statisticsItems": [{"name": "First serve return points", "home": "10/23 (43%)", "away": "7/23 (30%)", "compareCode": 2}, {"name": "Second serve return points", "home": "1/1 (100%)", "away": "0/0 (0%)", "compareCode": 2}, {"name": "Break points converted", "home": "2", "away": "1", "compareCode": 1}, {"name": "Return games played", "home": "4", "away": "5", "compareCode": 1}]}, {"groupName": "Points", "statisticsItems": [{"name": "Service points won", "home": "16", "away": "13", "compareCode": 1}, {"name": "Receiver points won", "home": "11", "away": "7", "compareCode": 1}, {"name": "Total points won", "home": "27", "away": "20", "compareCode": 1}, {"name": "Max points in a row", "home": "5", "away": "8", "compareCode": 2}]}]}]}