{"statistics": [{"period": "ALL", "groups": [{"groupName": "Service", "statisticsItems": [{"name": "Aces", "home": "0", "away": "0", "compareCode": 3}, {"name": "Double faults", "home": "2", "away": "1", "compareCode": 1}, {"name": "First serve", "home": "95/97 (98%)", "away": "92/93 (99%)", "compareCode": 2}, {"name": "Second serve", "home": "0/2 (0%)", "away": "0/1 (0%)", "compareCode": 3}, {"name": "First serve points", "home": "53/95 (56%)", "away": "55/92 (60%)", "compareCode": 2}, {"name": "Second serve points", "home": "0/2 (0%)", "away": "0/1 (0%)", "compareCode": 3}, {"name": "Break points saved", "home": "8/13 (61%)", "away": "5/10 (50%)", "compareCode": 2}, {"name": "Service games played", "home": "12", "away": "12", "compareCode": 3}]}, {"groupName": "Return", "statisticsItems": [{"name": "First serve return points", "home": "37/92 (40%)", "away": "42/95 (44%)", "compareCode": 1}, {"name": "Second serve return points", "home": "1/1 (100%)", "away": "2/2 (100%)", "compareCode": 1}, {"name": "Break points converted", "home": "5", "away": "5", "compareCode": 3}, {"name": "Return games played", "home": "12", "away": "12", "compareCode": 3}]}, {"groupName": "Points", "statisticsItems": [{"name": "Service points won", "home": "53", "away": "55", "compareCode": 2}, {"name": "Receiver points won", "home": "38", "away": "44", "compareCode": 2}, {"name": "Total points won", "home": "91", "away": "99", "compareCode": 2}, {"name": "Max points in a row", "home": "6", "away": "8", "compareCode": 2}]}]}, {"period": "1ST", "groups": [{"groupName": "Service", "statisticsItems": [{"name": "Aces", "home": "0", "away": "0", "compareCode": 3}, {"name": "Double faults", "home": "0", "away": "0", "compareCode": 3}, {"name": "Break points saved", "home": "0/0 (0%)", "away": "0/0 (0%)", "compareCode": 3}]}, {"groupName": "Return", "statisticsItems": [{"name": "Break points converted", "home": "0", "away": "0", "compareCode": 3}]}, {"groupName": "Points", "statisticsItems": [{"name": "Max points in a row", "home": "6", "away": "8", "compareCode": 2}]}]}, {"period": "2ND", "groups": [{"groupName": "Service", "statisticsItems": [{"name": "Aces", "home": "0", "away": "0", "compareCode": 3}, {"name": "Double faults", "home": "1", "away": "1", "compareCode": 3}, {"name": "Break points saved", "home": "3/5 (60%)", "away": "2/4 (50%)", "compareCode": 2}]}, {"groupName": "Return", "statisticsItems": [{"name": "Break points converted", "home": "2", "away": "2", "compareCode": 3}]}]}]}